"scenario","replicate","global_reject","holm_fwer","by_fdp"
"independent_balanced",1,FALSE,FALSE,0
"independent_balanced",2,FALSE,FALSE,0
"independent_balanced",3,FALSE,FALSE,0
"independent_balanced",4,FALSE,FALSE,0
"independent_balanced",5,FALSE,FALSE,0
"independent_balanced",6,FALSE,FALSE,0
"independent_balanced",7,FALSE,FALSE,0
"independent_balanced",8,FALSE,FALSE,0
"independent_balanced",9,FALSE,FALSE,0
"independent_balanced",10,FALSE,FALSE,0
"independent_balanced",11,FALSE,FALSE,0
"independent_balanced",12,FALSE,FALSE,0
"independent_balanced",13,FALSE,FALSE,0
"independent_balanced",14,FALSE,FALSE,0
"independent_balanced",15,FALSE,FALSE,0
"independent_balanced",16,FALSE,FALSE,0
"independent_balanced",17,FALSE,FALSE,0
"independent_balanced",18,FALSE,FALSE,0
"independent_balanced",19,FALSE,FALSE,0
"independent_balanced",20,FALSE,FALSE,0
"independent_balanced",21,FALSE,FALSE,0
"independent_balanced",22,FALSE,FALSE,0
"independent_balanced",23,FALSE,FALSE,0
"independent_balanced",24,FALSE,FALSE,0
"independent_balanced",25,TRUE,FALSE,0
"independent_balanced",26,FALSE,FALSE,0
"independent_balanced",27,FALSE,FALSE,0
"independent_balanced",28,FALSE,FALSE,0
"independent_balanced",29,FALSE,FALSE,0
"independent_balanced",30,FALSE,FALSE,0
"independent_balanced",31,FALSE,FALSE,0
"independent_balanced",32,FALSE,FALSE,0
"independent_balanced",33,FALSE,FALSE,0
"independent_balanced",34,FALSE,FALSE,0
"independent_balanced",35,FALSE,FALSE,0
"independent_balanced",36,FALSE,FALSE,0
"independent_balanced",37,FALSE,FALSE,0
"independent_balanced",38,FALSE,FALSE,0
"independent_balanced",39,FALSE,FALSE,0
"independent_balanced",40,FALSE,FALSE,0
"independent_balanced",41,FALSE,FALSE,0
"independent_balanced",42,FALSE,TRUE,0
"independent_balanced",43,FALSE,FALSE,0
"independent_balanced",44,FALSE,FALSE,0
"independent_balanced",45,FALSE,FALSE,0
"independent_balanced",46,FALSE,FALSE,0
"independent_balanced",47,TRUE,FALSE,0
"independent_balanced",48,FALSE,FALSE,0
"independent_balanced",49,FALSE,FALSE,0
"independent_balanced",50,FALSE,FALSE,0
"independent_balanced",51,FALSE,FALSE,0
"independent_balanced",52,FALSE,FALSE,0
"independent_balanced",53,FALSE,FALSE,0
"independent_balanced",54,FALSE,FALSE,0
"independent_balanced",55,FALSE,FALSE,0
"independent_balanced",56,FALSE,FALSE,0
"independent_balanced",57,FALSE,FALSE,0
"independent_balanced",58,FALSE,FALSE,0
"independent_balanced",59,TRUE,FALSE,0
"independent_balanced",60,FALSE,FALSE,0
"independent_balanced",61,FALSE,FALSE,0
"independent_balanced",62,FALSE,FALSE,0
"independent_balanced",63,FALSE,FALSE,0
"independent_balanced",64,FALSE,FALSE,0
"independent_balanced",65,FALSE,FALSE,0
"independent_balanced",66,FALSE,FALSE,0
"independent_balanced",67,FALSE,FALSE,0
"independent_balanced",68,FALSE,FALSE,0
"independent_balanced",69,FALSE,FALSE,0
"independent_balanced",70,FALSE,FALSE,0
"independent_balanced",71,FALSE,FALSE,0
"independent_balanced",72,TRUE,FALSE,0
"independent_balanced",73,FALSE,FALSE,0
"independent_balanced",74,FALSE,FALSE,0
"independent_balanced",75,FALSE,FALSE,0
"independent_balanced",76,FALSE,FALSE,0
"independent_balanced",77,FALSE,FALSE,0
"independent_balanced",78,TRUE,FALSE,0
"independent_balanced",79,FALSE,FALSE,0
"independent_balanced",80,FALSE,FALSE,0
"independent_balanced",81,FALSE,FALSE,0
"independent_balanced",82,TRUE,TRUE,1
"independent_balanced",83,FALSE,FALSE,0
"independent_balanced",84,FALSE,FALSE,0
"independent_balanced",85,TRUE,FALSE,0
"independent_balanced",86,TRUE,FALSE,0
"independent_balanced",87,FALSE,FALSE,0
"independent_balanced",88,FALSE,FALSE,0
"independent_balanced",89,FALSE,FALSE,0
"independent_balanced",90,FALSE,FALSE,0
"independent_balanced",91,FALSE,FALSE,0
"independent_balanced",92,FALSE,FALSE,0
"independent_balanced",93,FALSE,FALSE,0
"independent_balanced",94,FALSE,FALSE,0
"independent_balanced",95,FALSE,FALSE,0
"independent_balanced",96,FALSE,FALSE,0
"independent_balanced",97,FALSE,FALSE,0
"independent_balanced",98,FALSE,FALSE,0
"independent_balanced",99,FALSE,FALSE,0
"independent_balanced",100,FALSE,FALSE,0
"independent_balanced",101,FALSE,FALSE,0
"independent_balanced",102,FALSE,FALSE,0
"independent_balanced",103,FALSE,FALSE,0
"independent_balanced",104,FALSE,FALSE,0
"independent_balanced",105,FALSE,FALSE,0
"independent_balanced",106,FALSE,FALSE,0
"independent_balanced",107,FALSE,FALSE,0
"independent_balanced",108,FALSE,FALSE,0
"independent_balanced",109,FALSE,FALSE,0
"independent_balanced",110,FALSE,FALSE,0
"independent_balanced",111,FALSE,FALSE,0
"independent_balanced",112,FALSE,FALSE,0
"independent_balanced",113,FALSE,FALSE,0
"independent_balanced",114,FALSE,FALSE,0
"independent_balanced",115,FALSE,FALSE,0
"independent_balanced",116,FALSE,FALSE,0
"independent_balanced",117,FALSE,FALSE,0
"independent_balanced",118,FALSE,FALSE,0
"independent_balanced",119,FALSE,FALSE,0
"independent_balanced",120,FALSE,FALSE,0
"independent_balanced",121,FALSE,FALSE,0
"independent_balanced",122,TRUE,FALSE,0
"independent_balanced",123,FALSE,FALSE,0
"independent_balanced",124,FALSE,FALSE,0
"independent_balanced",125,FALSE,FALSE,0
"independent_balanced",126,FALSE,FALSE,0
"independent_balanced",127,FALSE,FALSE,0
"independent_balanced",128,FALSE,FALSE,0
"independent_balanced",129,FALSE,FALSE,0
"independent_balanced",130,FALSE,FALSE,0
"independent_balanced",131,FALSE,FALSE,0
"independent_balanced",132,FALSE,FALSE,0
"independent_balanced",133,FALSE,FALSE,0
"independent_balanced",134,FALSE,FALSE,0
"independent_balanced",135,FALSE,FALSE,0
"independent_balanced",136,FALSE,FALSE,0
"independent_balanced",137,FALSE,FALSE,0
"independent_balanced",138,FALSE,FALSE,0
"independent_balanced",139,FALSE,FALSE,0
"independent_balanced",140,TRUE,FALSE,0
"independent_balanced",141,FALSE,FALSE,0
"independent_balanced",142,FALSE,FALSE,0
"independent_balanced",143,FALSE,FALSE,0
"independent_balanced",144,FALSE,FALSE,0
"independent_balanced",145,FALSE,FALSE,0
"independent_balanced",146,FALSE,FALSE,0
"independent_balanced",147,FALSE,FALSE,0
"independent_balanced",148,FALSE,FALSE,0
"independent_balanced",149,FALSE,FALSE,0
"independent_balanced",150,FALSE,FALSE,0
"independent_balanced",151,FALSE,FALSE,0
"independent_balanced",152,FALSE,FALSE,0
"independent_balanced",153,FALSE,FALSE,0
"independent_balanced",154,FALSE,FALSE,0
"independent_balanced",155,FALSE,FALSE,0
"independent_balanced",156,FALSE,FALSE,0
"independent_balanced",157,FALSE,FALSE,0
"independent_balanced",158,FALSE,FALSE,0
"independent_balanced",159,FALSE,FALSE,0
"independent_balanced",160,FALSE,FALSE,0
"independent_balanced",161,FALSE,FALSE,0
"independent_balanced",162,FALSE,FALSE,0
"independent_balanced",163,FALSE,FALSE,0
"independent_balanced",164,FALSE,FALSE,0
"independent_balanced",165,FALSE,FALSE,0
"independent_balanced",166,FALSE,FALSE,0
"independent_balanced",167,FALSE,FALSE,0
"independent_balanced",168,FALSE,FALSE,0
"independent_balanced",169,FALSE,FALSE,0
"independent_balanced",170,FALSE,FALSE,0
"independent_balanced",171,FALSE,FALSE,0
"independent_balanced",172,FALSE,FALSE,0
"independent_balanced",173,FALSE,FALSE,0
"independent_balanced",174,FALSE,FALSE,0
"independent_balanced",175,FALSE,FALSE,0
"independent_balanced",176,FALSE,FALSE,0
"independent_balanced",177,FALSE,FALSE,0
"independent_balanced",178,FALSE,FALSE,0
"independent_balanced",179,FALSE,FALSE,0
"independent_balanced",180,TRUE,FALSE,0
"independent_balanced",181,FALSE,FALSE,0
"independent_balanced",182,FALSE,FALSE,0
"independent_balanced",183,FALSE,FALSE,0
"independent_balanced",184,FALSE,FALSE,0
"independent_balanced",185,FALSE,FALSE,0
"independent_balanced",186,FALSE,FALSE,0
"independent_balanced",187,FALSE,FALSE,0
"independent_balanced",188,FALSE,FALSE,0
"independent_balanced",189,FALSE,FALSE,0
"independent_balanced",190,FALSE,FALSE,0
"independent_balanced",191,FALSE,FALSE,0
"independent_balanced",192,FALSE,FALSE,0
"independent_balanced",193,FALSE,FALSE,0
"independent_balanced",194,FALSE,FALSE,0
"independent_balanced",195,FALSE,FALSE,0
"independent_balanced",196,FALSE,FALSE,0
"independent_balanced",197,FALSE,FALSE,0
"independent_balanced",198,FALSE,FALSE,0
"independent_balanced",199,FALSE,FALSE,0
"independent_balanced",200,FALSE,FALSE,0
"independent_balanced",201,FALSE,FALSE,0
"independent_balanced",202,FALSE,FALSE,0
"independent_balanced",203,FALSE,FALSE,0
"independent_balanced",204,FALSE,FALSE,0
"independent_balanced",205,FALSE,FALSE,0
"independent_balanced",206,FALSE,FALSE,0
"independent_balanced",207,FALSE,FALSE,0
"independent_balanced",208,FALSE,FALSE,0
"independent_balanced",209,FALSE,FALSE,0
"independent_balanced",210,FALSE,FALSE,0
"independent_balanced",211,FALSE,FALSE,0
"independent_balanced",212,FALSE,FALSE,0
"independent_balanced",213,TRUE,FALSE,0
"independent_balanced",214,FALSE,FALSE,0
"independent_balanced",215,FALSE,FALSE,0
"independent_balanced",216,FALSE,FALSE,0
"independent_balanced",217,FALSE,FALSE,0
"independent_balanced",218,FALSE,FALSE,0
"independent_balanced",219,FALSE,FALSE,0
"independent_balanced",220,FALSE,FALSE,0
"independent_balanced",221,FALSE,FALSE,0
"independent_balanced",222,FALSE,FALSE,0
"independent_balanced",223,FALSE,FALSE,0
"independent_balanced",224,FALSE,FALSE,0
"independent_balanced",225,FALSE,FALSE,0
"independent_balanced",226,FALSE,FALSE,0
"independent_balanced",227,FALSE,FALSE,0
"independent_balanced",228,FALSE,FALSE,0
"independent_balanced",229,FALSE,FALSE,0
"independent_balanced",230,FALSE,FALSE,0
"independent_balanced",231,FALSE,FALSE,0
"independent_balanced",232,FALSE,FALSE,0
"independent_balanced",233,FALSE,FALSE,0
"independent_balanced",234,FALSE,FALSE,0
"independent_balanced",235,FALSE,FALSE,0
"independent_balanced",236,FALSE,FALSE,0
"independent_balanced",237,FALSE,FALSE,0
"independent_balanced",238,FALSE,FALSE,0
"independent_balanced",239,FALSE,FALSE,0
"independent_balanced",240,FALSE,FALSE,0
"independent_balanced",241,FALSE,FALSE,0
"independent_balanced",242,FALSE,FALSE,0
"independent_balanced",243,FALSE,FALSE,0
"independent_balanced",244,FALSE,FALSE,0
"independent_balanced",245,FALSE,FALSE,0
"independent_balanced",246,FALSE,FALSE,0
"independent_balanced",247,FALSE,FALSE,0
"independent_balanced",248,FALSE,FALSE,0
"independent_balanced",249,FALSE,FALSE,0
"independent_balanced",250,FALSE,FALSE,0
"independent_balanced",251,FALSE,FALSE,0
"independent_balanced",252,FALSE,FALSE,0
"independent_balanced",253,FALSE,FALSE,0
"independent_balanced",254,FALSE,FALSE,0
"independent_balanced",255,FALSE,FALSE,0
"independent_balanced",256,FALSE,FALSE,0
"independent_balanced",257,FALSE,FALSE,0
"independent_balanced",258,FALSE,FALSE,0
"independent_balanced",259,FALSE,FALSE,0
"independent_balanced",260,FALSE,FALSE,0
"independent_balanced",261,FALSE,FALSE,0
"independent_balanced",262,FALSE,FALSE,0
"independent_balanced",263,FALSE,FALSE,0
"independent_balanced",264,FALSE,FALSE,0
"independent_balanced",265,FALSE,FALSE,0
"independent_balanced",266,FALSE,FALSE,0
"independent_balanced",267,FALSE,FALSE,0
"independent_balanced",268,FALSE,FALSE,0
"independent_balanced",269,FALSE,FALSE,0
"independent_balanced",270,FALSE,FALSE,0
"independent_balanced",271,FALSE,FALSE,0
"independent_balanced",272,FALSE,FALSE,0
"independent_balanced",273,FALSE,FALSE,0
"independent_balanced",274,FALSE,FALSE,0
"independent_balanced",275,FALSE,FALSE,0
"independent_balanced",276,FALSE,FALSE,0
"independent_balanced",277,FALSE,FALSE,0
"independent_balanced",278,FALSE,FALSE,0
"independent_balanced",279,FALSE,FALSE,0
"independent_balanced",280,FALSE,FALSE,0
"independent_balanced",281,FALSE,FALSE,0
"independent_balanced",282,TRUE,TRUE,0
"independent_balanced",283,TRUE,FALSE,0
"independent_balanced",284,FALSE,FALSE,0
"independent_balanced",285,FALSE,FALSE,0
"independent_balanced",286,FALSE,FALSE,0
"independent_balanced",287,FALSE,FALSE,0
"independent_balanced",288,FALSE,FALSE,0
"independent_balanced",289,FALSE,FALSE,0
"independent_balanced",290,FALSE,FALSE,0
"independent_balanced",291,FALSE,FALSE,0
"independent_balanced",292,FALSE,FALSE,0
"independent_balanced",293,FALSE,FALSE,0
"independent_balanced",294,FALSE,FALSE,0
"independent_balanced",295,FALSE,FALSE,0
"independent_balanced",296,FALSE,FALSE,0
"independent_balanced",297,FALSE,FALSE,0
"independent_balanced",298,FALSE,FALSE,0
"independent_balanced",299,TRUE,FALSE,0
"independent_balanced",300,FALSE,FALSE,0
"independent_balanced",301,FALSE,FALSE,0
"independent_balanced",302,FALSE,FALSE,0
"independent_balanced",303,FALSE,FALSE,0
"independent_balanced",304,FALSE,FALSE,0
"independent_balanced",305,FALSE,FALSE,0
"independent_balanced",306,FALSE,FALSE,0
"independent_balanced",307,FALSE,FALSE,0
"independent_balanced",308,FALSE,FALSE,0
"independent_balanced",309,FALSE,FALSE,0
"independent_balanced",310,FALSE,FALSE,0
"independent_balanced",311,FALSE,FALSE,0
"independent_balanced",312,TRUE,FALSE,0
"independent_balanced",313,FALSE,FALSE,0
"independent_balanced",314,FALSE,FALSE,0
"independent_balanced",315,FALSE,FALSE,0
"independent_balanced",316,FALSE,FALSE,0
"independent_balanced",317,FALSE,FALSE,0
"independent_balanced",318,TRUE,FALSE,0
"independent_balanced",319,FALSE,FALSE,0
"independent_balanced",320,FALSE,FALSE,0
"independent_balanced",321,FALSE,FALSE,0
"independent_balanced",322,FALSE,FALSE,0
"independent_balanced",323,TRUE,FALSE,0
"independent_balanced",324,FALSE,FALSE,0
"independent_balanced",325,FALSE,FALSE,0
"independent_balanced",326,FALSE,TRUE,0
"independent_balanced",327,FALSE,FALSE,0
"independent_balanced",328,FALSE,FALSE,0
"independent_balanced",329,FALSE,FALSE,0
"independent_balanced",330,FALSE,FALSE,0
"independent_balanced",331,FALSE,FALSE,0
"independent_balanced",332,TRUE,FALSE,0
"independent_balanced",333,FALSE,FALSE,0
"independent_balanced",334,FALSE,FALSE,0
"independent_balanced",335,FALSE,FALSE,0
"independent_balanced",336,FALSE,FALSE,0
"independent_balanced",337,FALSE,FALSE,0
"independent_balanced",338,FALSE,FALSE,0
"independent_balanced",339,FALSE,FALSE,0
"independent_balanced",340,FALSE,FALSE,0
"independent_balanced",341,FALSE,FALSE,0
"independent_balanced",342,FALSE,FALSE,0
"independent_balanced",343,FALSE,FALSE,0
"independent_balanced",344,FALSE,FALSE,0
"independent_balanced",345,FALSE,FALSE,0
"independent_balanced",346,FALSE,FALSE,0
"independent_balanced",347,FALSE,FALSE,0
"independent_balanced",348,FALSE,FALSE,0
"independent_balanced",349,FALSE,FALSE,0
"independent_balanced",350,FALSE,FALSE,0
"independent_balanced",351,FALSE,FALSE,0
"independent_balanced",352,FALSE,FALSE,0
"independent_balanced",353,FALSE,FALSE,0
"independent_balanced",354,FALSE,FALSE,0
"independent_balanced",355,FALSE,FALSE,0
"independent_balanced",356,FALSE,FALSE,0
"independent_balanced",357,FALSE,FALSE,0
"independent_balanced",358,FALSE,FALSE,0
"independent_balanced",359,FALSE,FALSE,0
"independent_balanced",360,FALSE,FALSE,0
"independent_balanced",361,FALSE,FALSE,0
"independent_balanced",362,FALSE,FALSE,0
"independent_balanced",363,FALSE,FALSE,0
"independent_balanced",364,FALSE,FALSE,0
"independent_balanced",365,FALSE,FALSE,0
"independent_balanced",366,FALSE,FALSE,0
"independent_balanced",367,TRUE,FALSE,0
"independent_balanced",368,FALSE,FALSE,0
"independent_balanced",369,FALSE,FALSE,0
"independent_balanced",370,FALSE,FALSE,0
"independent_balanced",371,FALSE,FALSE,0
"independent_balanced",372,FALSE,FALSE,0
"independent_balanced",373,FALSE,FALSE,0
"independent_balanced",374,FALSE,FALSE,0
"independent_balanced",375,FALSE,FALSE,0
"independent_balanced",376,FALSE,FALSE,0
"independent_balanced",377,FALSE,FALSE,0
"independent_balanced",378,TRUE,FALSE,0
"independent_balanced",379,FALSE,FALSE,0
"independent_balanced",380,FALSE,FALSE,0
"independent_balanced",381,FALSE,FALSE,0
"independent_balanced",382,FALSE,FALSE,0
"independent_balanced",383,TRUE,TRUE,0
"independent_balanced",384,FALSE,FALSE,0
"independent_balanced",385,FALSE,FALSE,0
"independent_balanced",386,FALSE,FALSE,0
"independent_balanced",387,FALSE,FALSE,0
"independent_balanced",388,FALSE,FALSE,0
"independent_balanced",389,FALSE,FALSE,0
"independent_balanced",390,FALSE,FALSE,0
"independent_balanced",391,FALSE,FALSE,0
"independent_balanced",392,FALSE,FALSE,0
"independent_balanced",393,FALSE,FALSE,0
"independent_balanced",394,FALSE,FALSE,0
"independent_balanced",395,FALSE,FALSE,0
"independent_balanced",396,FALSE,FALSE,0
"independent_balanced",397,FALSE,FALSE,0
"independent_balanced",398,FALSE,FALSE,0
"independent_balanced",399,FALSE,FALSE,0
"independent_balanced",400,FALSE,FALSE,0
"independent_balanced",401,FALSE,FALSE,0
"independent_balanced",402,FALSE,FALSE,0
"independent_balanced",403,FALSE,FALSE,0
"independent_balanced",404,FALSE,FALSE,0
"independent_balanced",405,TRUE,FALSE,0
"independent_balanced",406,FALSE,FALSE,0
"independent_balanced",407,FALSE,FALSE,0
"independent_balanced",408,FALSE,FALSE,0
"independent_balanced",409,FALSE,FALSE,0
"independent_balanced",410,FALSE,FALSE,0
"independent_balanced",411,FALSE,FALSE,0
"independent_balanced",412,TRUE,FALSE,0
"independent_balanced",413,FALSE,FALSE,0
"independent_balanced",414,FALSE,FALSE,0
"independent_balanced",415,FALSE,FALSE,0
"independent_balanced",416,FALSE,FALSE,0
"independent_balanced",417,FALSE,FALSE,0
"independent_balanced",418,FALSE,FALSE,0
"independent_balanced",419,FALSE,FALSE,0
"independent_balanced",420,FALSE,FALSE,0
"independent_balanced",421,FALSE,FALSE,0
"independent_balanced",422,FALSE,FALSE,0
"independent_balanced",423,FALSE,FALSE,0
"independent_balanced",424,FALSE,FALSE,0
"independent_balanced",425,FALSE,FALSE,0
"independent_balanced",426,FALSE,FALSE,0
"independent_balanced",427,FALSE,FALSE,0
"independent_balanced",428,FALSE,FALSE,0
"independent_balanced",429,FALSE,FALSE,0
"independent_balanced",430,FALSE,FALSE,0
"independent_balanced",431,FALSE,FALSE,0
"independent_balanced",432,FALSE,FALSE,0
"independent_balanced",433,TRUE,FALSE,0
"independent_balanced",434,FALSE,FALSE,0
"independent_balanced",435,FALSE,FALSE,0
"independent_balanced",436,FALSE,FALSE,0
"independent_balanced",437,FALSE,FALSE,0
"independent_balanced",438,FALSE,FALSE,0
"independent_balanced",439,FALSE,FALSE,0
"independent_balanced",440,FALSE,FALSE,0
"independent_balanced",441,FALSE,FALSE,0
"independent_balanced",442,FALSE,FALSE,0
"independent_balanced",443,FALSE,FALSE,0
"independent_balanced",444,FALSE,FALSE,0
"independent_balanced",445,FALSE,FALSE,0
"independent_balanced",446,FALSE,FALSE,0
"independent_balanced",447,TRUE,FALSE,0
"independent_balanced",448,FALSE,FALSE,0
"independent_balanced",449,FALSE,FALSE,0
"independent_balanced",450,FALSE,FALSE,0
"independent_balanced",451,FALSE,FALSE,0
"independent_balanced",452,FALSE,FALSE,0
"independent_balanced",453,FALSE,FALSE,0
"independent_balanced",454,TRUE,FALSE,0
"independent_balanced",455,FALSE,FALSE,0
"independent_balanced",456,TRUE,FALSE,0
"independent_balanced",457,FALSE,FALSE,0
"independent_balanced",458,FALSE,FALSE,0
"independent_balanced",459,FALSE,FALSE,0
"independent_balanced",460,FALSE,FALSE,0
"independent_balanced",461,FALSE,FALSE,0
"independent_balanced",462,FALSE,FALSE,0
"independent_balanced",463,FALSE,FALSE,0
"independent_balanced",464,FALSE,FALSE,0
"independent_balanced",465,FALSE,FALSE,0
"independent_balanced",466,FALSE,FALSE,0
"independent_balanced",467,FALSE,FALSE,0
"independent_balanced",468,FALSE,FALSE,0
"independent_balanced",469,FALSE,FALSE,0
"independent_balanced",470,FALSE,FALSE,0
"independent_balanced",471,FALSE,FALSE,0
"independent_balanced",472,FALSE,FALSE,0
"independent_balanced",473,FALSE,FALSE,0
"independent_balanced",474,FALSE,FALSE,0
"independent_balanced",475,FALSE,FALSE,0
"independent_balanced",476,FALSE,FALSE,0
"independent_balanced",477,FALSE,FALSE,0
"independent_balanced",478,FALSE,FALSE,0
"independent_balanced",479,FALSE,FALSE,0
"independent_balanced",480,FALSE,FALSE,0
"independent_balanced",481,FALSE,FALSE,0
"independent_balanced",482,FALSE,FALSE,0
"independent_balanced",483,FALSE,FALSE,0
"independent_balanced",484,FALSE,FALSE,0
"independent_balanced",485,FALSE,FALSE,0
"independent_balanced",486,FALSE,FALSE,0
"independent_balanced",487,FALSE,FALSE,0
"independent_balanced",488,FALSE,FALSE,0
"independent_balanced",489,FALSE,FALSE,0
"independent_balanced",490,FALSE,FALSE,0
"independent_balanced",491,FALSE,FALSE,0
"independent_balanced",492,FALSE,FALSE,0
"independent_balanced",493,FALSE,FALSE,0
"independent_balanced",494,FALSE,FALSE,0
"independent_balanced",495,FALSE,FALSE,0
"independent_balanced",496,FALSE,FALSE,0
"independent_balanced",497,FALSE,FALSE,0
"independent_balanced",498,FALSE,FALSE,0
"independent_balanced",499,FALSE,FALSE,0
"independent_balanced",500,FALSE,FALSE,0
"independent_balanced",501,FALSE,FALSE,0
"independent_balanced",502,FALSE,FALSE,0
"independent_balanced",503,FALSE,FALSE,0
"independent_balanced",504,FALSE,FALSE,0
"independent_balanced",505,FALSE,FALSE,0
"independent_balanced",506,FALSE,FALSE,0
"independent_balanced",507,TRUE,FALSE,0
"independent_balanced",508,FALSE,FALSE,0
"independent_balanced",509,FALSE,FALSE,0
"independent_balanced",510,FALSE,FALSE,0
"independent_balanced",511,FALSE,FALSE,0
"independent_balanced",512,FALSE,FALSE,0
"independent_balanced",513,FALSE,FALSE,0
"independent_balanced",514,FALSE,FALSE,0
"independent_balanced",515,FALSE,FALSE,0
"independent_balanced",516,FALSE,FALSE,0
"independent_balanced",517,FALSE,FALSE,0
"independent_balanced",518,FALSE,FALSE,0
"independent_balanced",519,FALSE,FALSE,0
"independent_balanced",520,FALSE,FALSE,0
"independent_balanced",521,FALSE,FALSE,0
"independent_balanced",522,FALSE,FALSE,0
"independent_balanced",523,FALSE,FALSE,0
"independent_balanced",524,FALSE,FALSE,0
"independent_balanced",525,FALSE,FALSE,0
"independent_balanced",526,FALSE,FALSE,0
"independent_balanced",527,FALSE,FALSE,0
"independent_balanced",528,FALSE,FALSE,0
"independent_balanced",529,FALSE,FALSE,0
"independent_balanced",530,FALSE,FALSE,0
"independent_balanced",531,FALSE,FALSE,0
"independent_balanced",532,FALSE,FALSE,0
"independent_balanced",533,TRUE,FALSE,0
"independent_balanced",534,FALSE,FALSE,0
"independent_balanced",535,FALSE,FALSE,0
"independent_balanced",536,FALSE,FALSE,0
"independent_balanced",537,FALSE,FALSE,0
"independent_balanced",538,FALSE,FALSE,0
"independent_balanced",539,FALSE,FALSE,0
"independent_balanced",540,FALSE,FALSE,0
"independent_balanced",541,FALSE,FALSE,0
"independent_balanced",542,FALSE,FALSE,0
"independent_balanced",543,FALSE,FALSE,0
"independent_balanced",544,FALSE,FALSE,0
"independent_balanced",545,FALSE,FALSE,0
"independent_balanced",546,FALSE,FALSE,0
"independent_balanced",547,FALSE,FALSE,0
"independent_balanced",548,FALSE,FALSE,0
"independent_balanced",549,FALSE,FALSE,0
"independent_balanced",550,FALSE,FALSE,0
"independent_balanced",551,FALSE,FALSE,0
"independent_balanced",552,FALSE,FALSE,0
"independent_balanced",553,FALSE,FALSE,0
"independent_balanced",554,FALSE,FALSE,0
"independent_balanced",555,FALSE,FALSE,0
"independent_balanced",556,FALSE,FALSE,0
"independent_balanced",557,FALSE,FALSE,0
"independent_balanced",558,FALSE,FALSE,0
"independent_balanced",559,FALSE,FALSE,0
"independent_balanced",560,FALSE,FALSE,0
"independent_balanced",561,FALSE,FALSE,0
"independent_balanced",562,FALSE,FALSE,0
"independent_balanced",563,FALSE,FALSE,0
"independent_balanced",564,FALSE,FALSE,0
"independent_balanced",565,FALSE,FALSE,0
"independent_balanced",566,FALSE,FALSE,0
"independent_balanced",567,FALSE,FALSE,0
"independent_balanced",568,FALSE,FALSE,0
"independent_balanced",569,FALSE,FALSE,0
"independent_balanced",570,FALSE,FALSE,0
"independent_balanced",571,FALSE,FALSE,0
"independent_balanced",572,FALSE,FALSE,0
"independent_balanced",573,FALSE,FALSE,0
"independent_balanced",574,FALSE,FALSE,0
"independent_balanced",575,FALSE,FALSE,0
"independent_balanced",576,FALSE,FALSE,0
"independent_balanced",577,FALSE,FALSE,0
"independent_balanced",578,FALSE,FALSE,0
"independent_balanced",579,FALSE,FALSE,0
"independent_balanced",580,FALSE,FALSE,0
"independent_balanced",581,FALSE,FALSE,0
"independent_balanced",582,FALSE,FALSE,0
"independent_balanced",583,FALSE,FALSE,0
"independent_balanced",584,FALSE,FALSE,0
"independent_balanced",585,FALSE,FALSE,0
"independent_balanced",586,FALSE,FALSE,0
"independent_balanced",587,FALSE,FALSE,0
"independent_balanced",588,FALSE,FALSE,0
"independent_balanced",589,FALSE,FALSE,0
"independent_balanced",590,TRUE,FALSE,0
"independent_balanced",591,FALSE,FALSE,0
"independent_balanced",592,FALSE,FALSE,0
"independent_balanced",593,FALSE,FALSE,0
"independent_balanced",594,FALSE,FALSE,0
"independent_balanced",595,FALSE,FALSE,0
"independent_balanced",596,FALSE,FALSE,0
"independent_balanced",597,FALSE,FALSE,0
"independent_balanced",598,FALSE,FALSE,0
"independent_balanced",599,FALSE,FALSE,0
"independent_balanced",600,FALSE,FALSE,0
"independent_balanced",601,FALSE,FALSE,0
"independent_balanced",602,FALSE,FALSE,0
"independent_balanced",603,FALSE,FALSE,0
"independent_balanced",604,FALSE,FALSE,0
"independent_balanced",605,FALSE,FALSE,0
"independent_balanced",606,FALSE,FALSE,0
"independent_balanced",607,FALSE,FALSE,0
"independent_balanced",608,FALSE,FALSE,0
"independent_balanced",609,FALSE,FALSE,0
"independent_balanced",610,FALSE,FALSE,0
"independent_balanced",611,FALSE,FALSE,0
"independent_balanced",612,FALSE,FALSE,0
"independent_balanced",613,FALSE,FALSE,0
"independent_balanced",614,FALSE,FALSE,0
"independent_balanced",615,FALSE,FALSE,0
"independent_balanced",616,FALSE,FALSE,0
"independent_balanced",617,FALSE,FALSE,0
"independent_balanced",618,FALSE,FALSE,0
"independent_balanced",619,FALSE,FALSE,0
"independent_balanced",620,FALSE,FALSE,0
"independent_balanced",621,FALSE,FALSE,0
"independent_balanced",622,FALSE,FALSE,0
"independent_balanced",623,FALSE,FALSE,0
"independent_balanced",624,FALSE,FALSE,0
"independent_balanced",625,FALSE,FALSE,0
"independent_balanced",626,FALSE,FALSE,0
"independent_balanced",627,FALSE,FALSE,0
"independent_balanced",628,FALSE,FALSE,0
"independent_balanced",629,FALSE,FALSE,0
"independent_balanced",630,FALSE,FALSE,0
"independent_balanced",631,FALSE,FALSE,0
"independent_balanced",632,FALSE,FALSE,0
"independent_balanced",633,FALSE,FALSE,0
"independent_balanced",634,FALSE,FALSE,0
"independent_balanced",635,FALSE,FALSE,0
"independent_balanced",636,FALSE,FALSE,0
"independent_balanced",637,FALSE,FALSE,0
"independent_balanced",638,TRUE,FALSE,0
"independent_balanced",639,FALSE,FALSE,0
"independent_balanced",640,FALSE,FALSE,0
"independent_balanced",641,TRUE,FALSE,0
"independent_balanced",642,FALSE,FALSE,0
"independent_balanced",643,FALSE,FALSE,0
"independent_balanced",644,FALSE,FALSE,0
"independent_balanced",645,FALSE,FALSE,0
"independent_balanced",646,FALSE,FALSE,0
"independent_balanced",647,FALSE,FALSE,0
"independent_balanced",648,FALSE,FALSE,0
"independent_balanced",649,FALSE,FALSE,0
"independent_balanced",650,FALSE,FALSE,0
"independent_balanced",651,FALSE,FALSE,0
"independent_balanced",652,FALSE,FALSE,0
"independent_balanced",653,FALSE,FALSE,0
"independent_balanced",654,FALSE,FALSE,0
"independent_balanced",655,FALSE,FALSE,0
"independent_balanced",656,FALSE,FALSE,0
"independent_balanced",657,FALSE,FALSE,0
"independent_balanced",658,FALSE,FALSE,0
"independent_balanced",659,FALSE,FALSE,0
"independent_balanced",660,FALSE,FALSE,0
"independent_balanced",661,FALSE,FALSE,0
"independent_balanced",662,FALSE,FALSE,0
"independent_balanced",663,FALSE,FALSE,0
"independent_balanced",664,FALSE,FALSE,0
"independent_balanced",665,FALSE,FALSE,0
"independent_balanced",666,FALSE,FALSE,0
"independent_balanced",667,FALSE,FALSE,0
"independent_balanced",668,FALSE,FALSE,0
"independent_balanced",669,FALSE,FALSE,0
"independent_balanced",670,FALSE,FALSE,0
"independent_balanced",671,TRUE,FALSE,0
"independent_balanced",672,FALSE,FALSE,0
"independent_balanced",673,FALSE,FALSE,0
"independent_balanced",674,FALSE,FALSE,0
"independent_balanced",675,FALSE,FALSE,0
"independent_balanced",676,FALSE,FALSE,0
"independent_balanced",677,FALSE,FALSE,0
"independent_balanced",678,FALSE,FALSE,0
"independent_balanced",679,FALSE,FALSE,0
"independent_balanced",680,FALSE,FALSE,0
"independent_balanced",681,FALSE,FALSE,0
"independent_balanced",682,FALSE,FALSE,0
"independent_balanced",683,FALSE,FALSE,0
"independent_balanced",684,FALSE,FALSE,0
"independent_balanced",685,FALSE,FALSE,0
"independent_balanced",686,FALSE,FALSE,0
"independent_balanced",687,TRUE,FALSE,0
"independent_balanced",688,FALSE,FALSE,0
"independent_balanced",689,FALSE,FALSE,0
"independent_balanced",690,TRUE,FALSE,0
"independent_balanced",691,TRUE,FALSE,0
"independent_balanced",692,FALSE,FALSE,0
"independent_balanced",693,FALSE,FALSE,0
"independent_balanced",694,FALSE,FALSE,0
"independent_balanced",695,FALSE,FALSE,0
"independent_balanced",696,FALSE,FALSE,0
"independent_balanced",697,TRUE,FALSE,0
"independent_balanced",698,FALSE,FALSE,0
"independent_balanced",699,TRUE,FALSE,0
"independent_balanced",700,FALSE,FALSE,0
"independent_balanced",701,FALSE,FALSE,0
"independent_balanced",702,FALSE,FALSE,0
"independent_balanced",703,FALSE,FALSE,0
"independent_balanced",704,FALSE,FALSE,0
"independent_balanced",705,FALSE,FALSE,0
"independent_balanced",706,FALSE,FALSE,0
"independent_balanced",707,FALSE,FALSE,0
"independent_balanced",708,FALSE,FALSE,0
"independent_balanced",709,FALSE,TRUE,0
"independent_balanced",710,FALSE,FALSE,0
"independent_balanced",711,FALSE,FALSE,0
"independent_balanced",712,FALSE,FALSE,0
"independent_balanced",713,TRUE,FALSE,0
"independent_balanced",714,FALSE,FALSE,0
"independent_balanced",715,FALSE,FALSE,0
"independent_balanced",716,FALSE,FALSE,0
"independent_balanced",717,FALSE,FALSE,0
"independent_balanced",718,FALSE,FALSE,0
"independent_balanced",719,FALSE,FALSE,0
"independent_balanced",720,FALSE,FALSE,0
"independent_balanced",721,FALSE,FALSE,0
"independent_balanced",722,FALSE,FALSE,0
"independent_balanced",723,FALSE,FALSE,0
"independent_balanced",724,FALSE,FALSE,0
"independent_balanced",725,FALSE,FALSE,0
"independent_balanced",726,FALSE,FALSE,0
"independent_balanced",727,FALSE,FALSE,0
"independent_balanced",728,FALSE,FALSE,0
"independent_balanced",729,FALSE,FALSE,0
"independent_balanced",730,FALSE,FALSE,0
"independent_balanced",731,FALSE,FALSE,0
"independent_balanced",732,FALSE,FALSE,0
"independent_balanced",733,FALSE,FALSE,0
"independent_balanced",734,FALSE,FALSE,0
"independent_balanced",735,FALSE,FALSE,0
"independent_balanced",736,FALSE,FALSE,0
"independent_balanced",737,FALSE,FALSE,0
"independent_balanced",738,FALSE,FALSE,0
"independent_balanced",739,FALSE,FALSE,0
"independent_balanced",740,FALSE,FALSE,0
"independent_balanced",741,FALSE,FALSE,0
"independent_balanced",742,FALSE,FALSE,0
"independent_balanced",743,FALSE,FALSE,0
"independent_balanced",744,FALSE,FALSE,0
"independent_balanced",745,FALSE,FALSE,0
"independent_balanced",746,FALSE,FALSE,0
"independent_balanced",747,FALSE,FALSE,0
"independent_balanced",748,FALSE,FALSE,0
"independent_balanced",749,FALSE,FALSE,0
"independent_balanced",750,FALSE,FALSE,0
"independent_balanced",751,FALSE,FALSE,0
"independent_balanced",752,FALSE,FALSE,0
"independent_balanced",753,FALSE,FALSE,0
"independent_balanced",754,FALSE,FALSE,0
"independent_balanced",755,FALSE,FALSE,0
"independent_balanced",756,FALSE,TRUE,0
"independent_balanced",757,FALSE,FALSE,0
"independent_balanced",758,FALSE,FALSE,0
"independent_balanced",759,FALSE,FALSE,0
"independent_balanced",760,FALSE,FALSE,0
"independent_balanced",761,FALSE,FALSE,0
"independent_balanced",762,FALSE,FALSE,0
"independent_balanced",763,FALSE,FALSE,0
"independent_balanced",764,FALSE,FALSE,0
"independent_balanced",765,FALSE,FALSE,0
"independent_balanced",766,FALSE,FALSE,0
"independent_balanced",767,FALSE,TRUE,0
"independent_balanced",768,FALSE,FALSE,0
"independent_balanced",769,FALSE,FALSE,0
"independent_balanced",770,FALSE,FALSE,0
"independent_balanced",771,FALSE,FALSE,0
"independent_balanced",772,FALSE,FALSE,0
"independent_balanced",773,FALSE,FALSE,0
"independent_balanced",774,FALSE,FALSE,0
"independent_balanced",775,FALSE,FALSE,0
"independent_balanced",776,FALSE,FALSE,0
"independent_balanced",777,FALSE,FALSE,0
"independent_balanced",778,FALSE,FALSE,0
"independent_balanced",779,FALSE,FALSE,0
"independent_balanced",780,FALSE,FALSE,0
"independent_balanced",781,FALSE,FALSE,0
"independent_balanced",782,FALSE,FALSE,0
"independent_balanced",783,FALSE,FALSE,0
"independent_balanced",784,FALSE,FALSE,0
"independent_balanced",785,FALSE,FALSE,0
"independent_balanced",786,FALSE,FALSE,0
"independent_balanced",787,FALSE,FALSE,0
"independent_balanced",788,FALSE,FALSE,0
"independent_balanced",789,FALSE,FALSE,0
"independent_balanced",790,FALSE,FALSE,0
"independent_balanced",791,FALSE,FALSE,0
"independent_balanced",792,FALSE,FALSE,0
"independent_balanced",793,FALSE,FALSE,0
"independent_balanced",794,FALSE,FALSE,0
"independent_balanced",795,FALSE,FALSE,0
"independent_balanced",796,FALSE,FALSE,0
"independent_balanced",797,FALSE,FALSE,0
"independent_balanced",798,FALSE,FALSE,0
"independent_balanced",799,FALSE,FALSE,0
"independent_balanced",800,FALSE,FALSE,0
"independent_balanced",801,FALSE,FALSE,0
"independent_balanced",802,FALSE,FALSE,0
"independent_balanced",803,FALSE,FALSE,0
"independent_balanced",804,FALSE,FALSE,0
"independent_balanced",805,FALSE,FALSE,0
"independent_balanced",806,FALSE,FALSE,0
"independent_balanced",807,FALSE,FALSE,0
"independent_balanced",808,FALSE,FALSE,0
"independent_balanced",809,FALSE,FALSE,0
"independent_balanced",810,FALSE,FALSE,0
"independent_balanced",811,FALSE,FALSE,0
"independent_balanced",812,FALSE,FALSE,0
"independent_balanced",813,FALSE,FALSE,0
"independent_balanced",814,FALSE,FALSE,0
"independent_balanced",815,FALSE,FALSE,0
"independent_balanced",816,FALSE,FALSE,0
"independent_balanced",817,FALSE,FALSE,0
"independent_balanced",818,TRUE,FALSE,0
"independent_balanced",819,FALSE,FALSE,0
"independent_balanced",820,FALSE,FALSE,0
"independent_balanced",821,FALSE,FALSE,0
"independent_balanced",822,FALSE,FALSE,0
"independent_balanced",823,FALSE,FALSE,0
"independent_balanced",824,FALSE,FALSE,0
"independent_balanced",825,FALSE,FALSE,0
"independent_balanced",826,FALSE,FALSE,0
"independent_balanced",827,FALSE,FALSE,0
"independent_balanced",828,FALSE,FALSE,0
"independent_balanced",829,FALSE,FALSE,0
"independent_balanced",830,FALSE,FALSE,0
"independent_balanced",831,FALSE,FALSE,0
"independent_balanced",832,FALSE,FALSE,0
"independent_balanced",833,FALSE,FALSE,0
"independent_balanced",834,FALSE,FALSE,0
"independent_balanced",835,FALSE,FALSE,0
"independent_balanced",836,FALSE,FALSE,0
"independent_balanced",837,FALSE,FALSE,0
"independent_balanced",838,FALSE,FALSE,0
"independent_balanced",839,FALSE,FALSE,0
"independent_balanced",840,FALSE,FALSE,0
"independent_balanced",841,FALSE,FALSE,0
"independent_balanced",842,FALSE,FALSE,0
"independent_balanced",843,FALSE,FALSE,0
"independent_balanced",844,FALSE,FALSE,0
"independent_balanced",845,FALSE,FALSE,0
"independent_balanced",846,FALSE,FALSE,0
"independent_balanced",847,FALSE,FALSE,0
"independent_balanced",848,FALSE,FALSE,0
"independent_balanced",849,TRUE,FALSE,0
"independent_balanced",850,FALSE,FALSE,0
"independent_balanced",851,FALSE,FALSE,0
"independent_balanced",852,FALSE,FALSE,0
"independent_balanced",853,FALSE,FALSE,0
"independent_balanced",854,FALSE,FALSE,0
"independent_balanced",855,TRUE,FALSE,0
"independent_balanced",856,TRUE,FALSE,0
"independent_balanced",857,FALSE,FALSE,0
"independent_balanced",858,FALSE,FALSE,0
"independent_balanced",859,FALSE,FALSE,0
"independent_balanced",860,FALSE,FALSE,0
"independent_balanced",861,FALSE,FALSE,0
"independent_balanced",862,FALSE,FALSE,0
"independent_balanced",863,FALSE,FALSE,0
"independent_balanced",864,FALSE,FALSE,0
"independent_balanced",865,FALSE,FALSE,0
"independent_balanced",866,FALSE,FALSE,0
"independent_balanced",867,FALSE,FALSE,0
"independent_balanced",868,FALSE,FALSE,0
"independent_balanced",869,TRUE,FALSE,0
"independent_balanced",870,FALSE,FALSE,0
"independent_balanced",871,FALSE,FALSE,0
"independent_balanced",872,FALSE,FALSE,0
"independent_balanced",873,FALSE,FALSE,0
"independent_balanced",874,FALSE,FALSE,0
"independent_balanced",875,FALSE,FALSE,0
"independent_balanced",876,FALSE,FALSE,0
"independent_balanced",877,FALSE,FALSE,0
"independent_balanced",878,FALSE,FALSE,0
"independent_balanced",879,FALSE,FALSE,0
"independent_balanced",880,FALSE,FALSE,0
"independent_balanced",881,FALSE,FALSE,0
"independent_balanced",882,FALSE,FALSE,0
"independent_balanced",883,FALSE,FALSE,0
"independent_balanced",884,FALSE,FALSE,0
"independent_balanced",885,FALSE,FALSE,0
"independent_balanced",886,FALSE,FALSE,0
"independent_balanced",887,FALSE,FALSE,0
"independent_balanced",888,FALSE,FALSE,0
"independent_balanced",889,FALSE,FALSE,0
"independent_balanced",890,FALSE,FALSE,0
"independent_balanced",891,FALSE,FALSE,0
"independent_balanced",892,FALSE,FALSE,0
"independent_balanced",893,FALSE,FALSE,0
"independent_balanced",894,FALSE,FALSE,0
"independent_balanced",895,FALSE,FALSE,0
"independent_balanced",896,FALSE,FALSE,0
"independent_balanced",897,FALSE,FALSE,0
"independent_balanced",898,FALSE,FALSE,0
"independent_balanced",899,FALSE,FALSE,0
"independent_balanced",900,FALSE,FALSE,0
"independent_balanced",901,FALSE,FALSE,0
"independent_balanced",902,FALSE,FALSE,0
"independent_balanced",903,FALSE,FALSE,0
"independent_balanced",904,FALSE,FALSE,0
"independent_balanced",905,FALSE,FALSE,0
"independent_balanced",906,FALSE,FALSE,0
"independent_balanced",907,FALSE,FALSE,0
"independent_balanced",908,FALSE,FALSE,0
"independent_balanced",909,FALSE,FALSE,0
"independent_balanced",910,FALSE,FALSE,0
"independent_balanced",911,FALSE,FALSE,0
"independent_balanced",912,FALSE,FALSE,0
"independent_balanced",913,TRUE,TRUE,0
"independent_balanced",914,FALSE,FALSE,0
"independent_balanced",915,FALSE,FALSE,0
"independent_balanced",916,FALSE,FALSE,0
"independent_balanced",917,FALSE,FALSE,0
"independent_balanced",918,FALSE,FALSE,0
"independent_balanced",919,FALSE,FALSE,0
"independent_balanced",920,FALSE,FALSE,0
"independent_balanced",921,FALSE,FALSE,0
"independent_balanced",922,FALSE,FALSE,0
"independent_balanced",923,FALSE,FALSE,0
"independent_balanced",924,FALSE,FALSE,0
"independent_balanced",925,FALSE,FALSE,0
"independent_balanced",926,FALSE,FALSE,0
"independent_balanced",927,FALSE,FALSE,0
"independent_balanced",928,FALSE,FALSE,0
"independent_balanced",929,FALSE,FALSE,0
"independent_balanced",930,FALSE,FALSE,0
"independent_balanced",931,FALSE,FALSE,0
"independent_balanced",932,FALSE,FALSE,0
"independent_balanced",933,FALSE,FALSE,0
"independent_balanced",934,FALSE,FALSE,0
"independent_balanced",935,FALSE,FALSE,0
"independent_balanced",936,FALSE,FALSE,0
"independent_balanced",937,TRUE,FALSE,0
"independent_balanced",938,FALSE,FALSE,0
"independent_balanced",939,FALSE,FALSE,0
"independent_balanced",940,FALSE,FALSE,0
"independent_balanced",941,FALSE,FALSE,0
"independent_balanced",942,FALSE,FALSE,0
"independent_balanced",943,FALSE,FALSE,0
"independent_balanced",944,FALSE,FALSE,0
"independent_balanced",945,FALSE,FALSE,0
"independent_balanced",946,FALSE,FALSE,0
"independent_balanced",947,FALSE,FALSE,0
"independent_balanced",948,FALSE,FALSE,0
"independent_balanced",949,FALSE,FALSE,0
"independent_balanced",950,FALSE,FALSE,0
"independent_balanced",951,FALSE,FALSE,0
"independent_balanced",952,FALSE,FALSE,0
"independent_balanced",953,FALSE,FALSE,0
"independent_balanced",954,FALSE,FALSE,0
"independent_balanced",955,FALSE,FALSE,0
"independent_balanced",956,FALSE,FALSE,0
"independent_balanced",957,FALSE,FALSE,0
"independent_balanced",958,TRUE,FALSE,0
"independent_balanced",959,FALSE,FALSE,0
"independent_balanced",960,FALSE,FALSE,0
"independent_balanced",961,FALSE,FALSE,0
"independent_balanced",962,FALSE,FALSE,0
"independent_balanced",963,FALSE,FALSE,0
"independent_balanced",964,FALSE,FALSE,0
"independent_balanced",965,FALSE,FALSE,0
"independent_balanced",966,FALSE,FALSE,0
"independent_balanced",967,FALSE,FALSE,0
"independent_balanced",968,FALSE,FALSE,0
"independent_balanced",969,FALSE,FALSE,0
"independent_balanced",970,FALSE,FALSE,0
"independent_balanced",971,FALSE,FALSE,0
"independent_balanced",972,FALSE,FALSE,0
"independent_balanced",973,FALSE,FALSE,0
"independent_balanced",974,FALSE,FALSE,0
"independent_balanced",975,FALSE,FALSE,0
"independent_balanced",976,FALSE,FALSE,0
"independent_balanced",977,FALSE,FALSE,0
"independent_balanced",978,FALSE,FALSE,0
"independent_balanced",979,FALSE,FALSE,0
"independent_balanced",980,FALSE,FALSE,0
"independent_balanced",981,FALSE,FALSE,0
"independent_balanced",982,FALSE,FALSE,0
"independent_balanced",983,FALSE,FALSE,0
"independent_balanced",984,FALSE,FALSE,0
"independent_balanced",985,FALSE,FALSE,0
"independent_balanced",986,FALSE,FALSE,0
"independent_balanced",987,FALSE,FALSE,0
"independent_balanced",988,FALSE,FALSE,0
"independent_balanced",989,FALSE,FALSE,0
"independent_balanced",990,FALSE,FALSE,0
"independent_balanced",991,FALSE,FALSE,0
"independent_balanced",992,FALSE,FALSE,0
"independent_balanced",993,FALSE,FALSE,0
"independent_balanced",994,FALSE,FALSE,0
"independent_balanced",995,FALSE,FALSE,0
"independent_balanced",996,FALSE,FALSE,0
"independent_balanced",997,FALSE,FALSE,0
"independent_balanced",998,FALSE,FALSE,0
"independent_balanced",999,FALSE,FALSE,0
"independent_balanced",1000,FALSE,FALSE,0
"independent_balanced",1001,FALSE,FALSE,0
"independent_balanced",1002,FALSE,FALSE,0
"independent_balanced",1003,FALSE,FALSE,0
"independent_balanced",1004,FALSE,FALSE,0
"independent_balanced",1005,FALSE,FALSE,0
"independent_balanced",1006,FALSE,FALSE,0
"independent_balanced",1007,FALSE,FALSE,0
"independent_balanced",1008,FALSE,FALSE,0
"independent_balanced",1009,FALSE,FALSE,0
"independent_balanced",1010,FALSE,FALSE,0
"independent_balanced",1011,FALSE,FALSE,0
"independent_balanced",1012,FALSE,FALSE,0
"independent_balanced",1013,FALSE,FALSE,0
"independent_balanced",1014,FALSE,FALSE,0
"independent_balanced",1015,FALSE,FALSE,0
"independent_balanced",1016,FALSE,FALSE,0
"independent_balanced",1017,FALSE,FALSE,0
"independent_balanced",1018,FALSE,FALSE,0
"independent_balanced",1019,FALSE,FALSE,0
"independent_balanced",1020,FALSE,FALSE,0
"independent_balanced",1021,FALSE,FALSE,0
"independent_balanced",1022,FALSE,FALSE,0
"independent_balanced",1023,FALSE,FALSE,0
"independent_balanced",1024,FALSE,FALSE,0
"independent_balanced",1025,FALSE,FALSE,0
"independent_balanced",1026,FALSE,FALSE,0
"independent_balanced",1027,FALSE,FALSE,0
"independent_balanced",1028,FALSE,FALSE,0
"independent_balanced",1029,FALSE,FALSE,0
"independent_balanced",1030,FALSE,FALSE,0
"independent_balanced",1031,FALSE,FALSE,0
"independent_balanced",1032,FALSE,FALSE,0
"independent_balanced",1033,FALSE,FALSE,0
"independent_balanced",1034,FALSE,FALSE,0
"independent_balanced",1035,FALSE,FALSE,0
"independent_balanced",1036,FALSE,FALSE,0
"independent_balanced",1037,FALSE,FALSE,0
"independent_balanced",1038,FALSE,FALSE,0
"independent_balanced",1039,FALSE,FALSE,0
"independent_balanced",1040,FALSE,FALSE,0
"independent_balanced",1041,FALSE,FALSE,0
"independent_balanced",1042,FALSE,FALSE,0
"independent_balanced",1043,FALSE,FALSE,0
"independent_balanced",1044,FALSE,FALSE,0
"independent_balanced",1045,FALSE,FALSE,0
"independent_balanced",1046,FALSE,FALSE,0
"independent_balanced",1047,FALSE,FALSE,0
"independent_balanced",1048,FALSE,FALSE,0
"independent_balanced",1049,FALSE,FALSE,0
"independent_balanced",1050,FALSE,FALSE,0
"independent_balanced",1051,FALSE,FALSE,0
"independent_balanced",1052,FALSE,FALSE,0
"independent_balanced",1053,FALSE,FALSE,0
"independent_balanced",1054,TRUE,TRUE,1
"independent_balanced",1055,FALSE,FALSE,0
"independent_balanced",1056,FALSE,FALSE,0
"independent_balanced",1057,FALSE,FALSE,0
"independent_balanced",1058,FALSE,FALSE,0
"independent_balanced",1059,TRUE,FALSE,0
"independent_balanced",1060,FALSE,FALSE,0
"independent_balanced",1061,FALSE,FALSE,0
"independent_balanced",1062,FALSE,FALSE,0
"independent_balanced",1063,FALSE,FALSE,0
"independent_balanced",1064,FALSE,FALSE,0
"independent_balanced",1065,FALSE,FALSE,0
"independent_balanced",1066,FALSE,FALSE,0
"independent_balanced",1067,FALSE,FALSE,0
"independent_balanced",1068,FALSE,FALSE,0
"independent_balanced",1069,FALSE,FALSE,0
"independent_balanced",1070,FALSE,FALSE,0
"independent_balanced",1071,FALSE,FALSE,0
"independent_balanced",1072,FALSE,FALSE,0
"independent_balanced",1073,FALSE,FALSE,0
"independent_balanced",1074,FALSE,FALSE,0
"independent_balanced",1075,FALSE,FALSE,0
"independent_balanced",1076,FALSE,FALSE,0
"independent_balanced",1077,FALSE,FALSE,0
"independent_balanced",1078,FALSE,FALSE,0
"independent_balanced",1079,FALSE,FALSE,0
"independent_balanced",1080,FALSE,FALSE,0
"independent_balanced",1081,TRUE,FALSE,0
"independent_balanced",1082,FALSE,FALSE,0
"independent_balanced",1083,FALSE,FALSE,0
"independent_balanced",1084,FALSE,FALSE,0
"independent_balanced",1085,FALSE,FALSE,0
"independent_balanced",1086,FALSE,FALSE,0
"independent_balanced",1087,FALSE,FALSE,0
"independent_balanced",1088,FALSE,FALSE,0
"independent_balanced",1089,FALSE,FALSE,0
"independent_balanced",1090,FALSE,FALSE,0
"independent_balanced",1091,FALSE,FALSE,0
"independent_balanced",1092,FALSE,FALSE,0
"independent_balanced",1093,FALSE,FALSE,0
"independent_balanced",1094,FALSE,FALSE,0
"independent_balanced",1095,FALSE,FALSE,0
"independent_balanced",1096,FALSE,FALSE,0
"independent_balanced",1097,FALSE,FALSE,0
"independent_balanced",1098,FALSE,FALSE,0
"independent_balanced",1099,FALSE,FALSE,0
"independent_balanced",1100,FALSE,FALSE,0
"independent_balanced",1101,FALSE,FALSE,0
"independent_balanced",1102,FALSE,FALSE,0
"independent_balanced",1103,FALSE,FALSE,0
"independent_balanced",1104,FALSE,FALSE,0
"independent_balanced",1105,FALSE,FALSE,0
"independent_balanced",1106,FALSE,FALSE,0
"independent_balanced",1107,FALSE,FALSE,0
"independent_balanced",1108,FALSE,FALSE,0
"independent_balanced",1109,FALSE,FALSE,0
"independent_balanced",1110,FALSE,FALSE,0
"independent_balanced",1111,FALSE,FALSE,0
"independent_balanced",1112,FALSE,FALSE,0
"independent_balanced",1113,TRUE,FALSE,0
"independent_balanced",1114,FALSE,FALSE,0
"independent_balanced",1115,FALSE,FALSE,0
"independent_balanced",1116,FALSE,FALSE,0
"independent_balanced",1117,FALSE,FALSE,0
"independent_balanced",1118,FALSE,FALSE,0
"independent_balanced",1119,FALSE,FALSE,0
"independent_balanced",1120,FALSE,FALSE,0
"independent_balanced",1121,TRUE,TRUE,1
"independent_balanced",1122,TRUE,FALSE,0
"independent_balanced",1123,FALSE,FALSE,0
"independent_balanced",1124,FALSE,FALSE,0
"independent_balanced",1125,FALSE,FALSE,0
"independent_balanced",1126,FALSE,FALSE,0
"independent_balanced",1127,FALSE,FALSE,0
"independent_balanced",1128,FALSE,FALSE,0
"independent_balanced",1129,FALSE,FALSE,0
"independent_balanced",1130,FALSE,FALSE,0
"independent_balanced",1131,FALSE,FALSE,0
"independent_balanced",1132,FALSE,FALSE,0
"independent_balanced",1133,FALSE,FALSE,0
"independent_balanced",1134,FALSE,FALSE,0
"independent_balanced",1135,FALSE,FALSE,0
"independent_balanced",1136,FALSE,FALSE,0
"independent_balanced",1137,FALSE,FALSE,0
"independent_balanced",1138,FALSE,FALSE,0
"independent_balanced",1139,FALSE,FALSE,0
"independent_balanced",1140,FALSE,FALSE,0
"independent_balanced",1141,FALSE,FALSE,0
"independent_balanced",1142,TRUE,FALSE,0
"independent_balanced",1143,FALSE,FALSE,0
"independent_balanced",1144,FALSE,FALSE,0
"independent_balanced",1145,FALSE,FALSE,0
"independent_balanced",1146,FALSE,FALSE,0
"independent_balanced",1147,FALSE,FALSE,0
"independent_balanced",1148,FALSE,FALSE,0
"independent_balanced",1149,FALSE,FALSE,0
"independent_balanced",1150,FALSE,FALSE,0
"independent_balanced",1151,FALSE,FALSE,0
"independent_balanced",1152,FALSE,FALSE,0
"independent_balanced",1153,FALSE,FALSE,0
"independent_balanced",1154,TRUE,FALSE,0
"independent_balanced",1155,FALSE,FALSE,0
"independent_balanced",1156,FALSE,FALSE,0
"independent_balanced",1157,FALSE,FALSE,0
"independent_balanced",1158,FALSE,FALSE,0
"independent_balanced",1159,FALSE,FALSE,0
"independent_balanced",1160,TRUE,FALSE,0
"independent_balanced",1161,TRUE,TRUE,0
"independent_balanced",1162,FALSE,FALSE,0
"independent_balanced",1163,FALSE,FALSE,0
"independent_balanced",1164,FALSE,FALSE,0
"independent_balanced",1165,FALSE,FALSE,0
"independent_balanced",1166,FALSE,FALSE,0
"independent_balanced",1167,FALSE,FALSE,0
"independent_balanced",1168,FALSE,FALSE,0
"independent_balanced",1169,FALSE,FALSE,0
"independent_balanced",1170,FALSE,FALSE,0
"independent_balanced",1171,FALSE,FALSE,0
"independent_balanced",1172,FALSE,FALSE,0
"independent_balanced",1173,FALSE,FALSE,0
"independent_balanced",1174,FALSE,FALSE,0
"independent_balanced",1175,FALSE,FALSE,0
"independent_balanced",1176,FALSE,FALSE,0
"independent_balanced",1177,FALSE,FALSE,0
"independent_balanced",1178,FALSE,FALSE,0
"independent_balanced",1179,FALSE,FALSE,0
"independent_balanced",1180,FALSE,FALSE,0
"independent_balanced",1181,FALSE,FALSE,0
"independent_balanced",1182,FALSE,FALSE,0
"independent_balanced",1183,FALSE,FALSE,0
"independent_balanced",1184,FALSE,FALSE,0
"independent_balanced",1185,TRUE,TRUE,0
"independent_balanced",1186,FALSE,FALSE,0
"independent_balanced",1187,FALSE,FALSE,0
"independent_balanced",1188,FALSE,FALSE,0
"independent_balanced",1189,FALSE,FALSE,0
"independent_balanced",1190,FALSE,FALSE,0
"independent_balanced",1191,FALSE,FALSE,0
"independent_balanced",1192,FALSE,FALSE,0
"independent_balanced",1193,FALSE,FALSE,0
"independent_balanced",1194,FALSE,FALSE,0
"independent_balanced",1195,FALSE,FALSE,0
"independent_balanced",1196,FALSE,FALSE,0
"independent_balanced",1197,FALSE,FALSE,0
"independent_balanced",1198,FALSE,FALSE,0
"independent_balanced",1199,FALSE,FALSE,0
"independent_balanced",1200,FALSE,FALSE,0
"independent_balanced",1201,FALSE,FALSE,0
"independent_balanced",1202,FALSE,FALSE,0
"independent_balanced",1203,FALSE,FALSE,0
"independent_balanced",1204,FALSE,FALSE,0
"independent_balanced",1205,FALSE,FALSE,0
"independent_balanced",1206,FALSE,FALSE,0
"independent_balanced",1207,FALSE,FALSE,0
"independent_balanced",1208,FALSE,FALSE,0
"independent_balanced",1209,FALSE,FALSE,0
"independent_balanced",1210,FALSE,FALSE,0
"independent_balanced",1211,FALSE,FALSE,0
"independent_balanced",1212,FALSE,FALSE,0
"independent_balanced",1213,FALSE,FALSE,0
"independent_balanced",1214,FALSE,FALSE,0
"independent_balanced",1215,FALSE,FALSE,0
"independent_balanced",1216,FALSE,FALSE,0
"independent_balanced",1217,FALSE,FALSE,0
"independent_balanced",1218,FALSE,FALSE,0
"independent_balanced",1219,FALSE,FALSE,0
"independent_balanced",1220,FALSE,FALSE,0
"independent_balanced",1221,FALSE,FALSE,0
"independent_balanced",1222,FALSE,FALSE,0
"independent_balanced",1223,FALSE,FALSE,0
"independent_balanced",1224,FALSE,FALSE,0
"independent_balanced",1225,FALSE,FALSE,0
"independent_balanced",1226,FALSE,FALSE,0
"independent_balanced",1227,FALSE,FALSE,0
"independent_balanced",1228,FALSE,FALSE,0
"independent_balanced",1229,FALSE,FALSE,0
"independent_balanced",1230,FALSE,FALSE,0
"independent_balanced",1231,FALSE,FALSE,0
"independent_balanced",1232,FALSE,FALSE,0
"independent_balanced",1233,FALSE,FALSE,0
"independent_balanced",1234,FALSE,FALSE,0
"independent_balanced",1235,FALSE,FALSE,0
"independent_balanced",1236,FALSE,FALSE,0
"independent_balanced",1237,FALSE,FALSE,0
"independent_balanced",1238,FALSE,FALSE,0
"independent_balanced",1239,FALSE,TRUE,0
"independent_balanced",1240,FALSE,FALSE,0
"independent_balanced",1241,FALSE,FALSE,0
"independent_balanced",1242,FALSE,FALSE,0
"independent_balanced",1243,FALSE,FALSE,0
"independent_balanced",1244,FALSE,FALSE,0
"independent_balanced",1245,FALSE,FALSE,0
"independent_balanced",1246,FALSE,FALSE,0
"independent_balanced",1247,FALSE,FALSE,0
"independent_balanced",1248,FALSE,FALSE,0
"independent_balanced",1249,FALSE,FALSE,0
"independent_balanced",1250,FALSE,FALSE,0
"independent_balanced",1251,FALSE,FALSE,0
"independent_balanced",1252,FALSE,FALSE,0
"independent_balanced",1253,FALSE,FALSE,0
"independent_balanced",1254,FALSE,FALSE,0
"independent_balanced",1255,FALSE,FALSE,0
"independent_balanced",1256,FALSE,FALSE,0
"independent_balanced",1257,FALSE,FALSE,0
"independent_balanced",1258,FALSE,FALSE,0
"independent_balanced",1259,FALSE,FALSE,0
"independent_balanced",1260,FALSE,FALSE,0
"independent_balanced",1261,FALSE,FALSE,0
"independent_balanced",1262,FALSE,FALSE,0
"independent_balanced",1263,FALSE,FALSE,0
"independent_balanced",1264,FALSE,FALSE,0
"independent_balanced",1265,FALSE,FALSE,0
"independent_balanced",1266,FALSE,FALSE,0
"independent_balanced",1267,FALSE,FALSE,0
"independent_balanced",1268,FALSE,FALSE,0
"independent_balanced",1269,FALSE,FALSE,0
"independent_balanced",1270,FALSE,FALSE,0
"independent_balanced",1271,FALSE,FALSE,0
"independent_balanced",1272,FALSE,FALSE,0
"independent_balanced",1273,FALSE,FALSE,0
"independent_balanced",1274,FALSE,FALSE,0
"independent_balanced",1275,FALSE,FALSE,0
"independent_balanced",1276,FALSE,FALSE,0
"independent_balanced",1277,FALSE,FALSE,0
"independent_balanced",1278,FALSE,FALSE,0
"independent_balanced",1279,FALSE,FALSE,0
"independent_balanced",1280,FALSE,FALSE,0
"independent_balanced",1281,FALSE,FALSE,0
"independent_balanced",1282,FALSE,FALSE,0
"independent_balanced",1283,FALSE,FALSE,0
"independent_balanced",1284,FALSE,FALSE,0
"independent_balanced",1285,FALSE,FALSE,0
"independent_balanced",1286,FALSE,FALSE,0
"independent_balanced",1287,FALSE,FALSE,0
"independent_balanced",1288,FALSE,FALSE,0
"independent_balanced",1289,TRUE,FALSE,0
"independent_balanced",1290,FALSE,FALSE,0
"independent_balanced",1291,FALSE,FALSE,0
"independent_balanced",1292,FALSE,FALSE,0
"independent_balanced",1293,FALSE,FALSE,0
"independent_balanced",1294,FALSE,FALSE,0
"independent_balanced",1295,FALSE,FALSE,0
"independent_balanced",1296,FALSE,FALSE,0
"independent_balanced",1297,FALSE,FALSE,0
"independent_balanced",1298,FALSE,FALSE,0
"independent_balanced",1299,FALSE,FALSE,0
"independent_balanced",1300,FALSE,FALSE,0
"independent_balanced",1301,FALSE,FALSE,0
"independent_balanced",1302,TRUE,FALSE,0
"independent_balanced",1303,FALSE,FALSE,0
"independent_balanced",1304,FALSE,FALSE,0
"independent_balanced",1305,FALSE,FALSE,0
"independent_balanced",1306,FALSE,FALSE,0
"independent_balanced",1307,FALSE,FALSE,0
"independent_balanced",1308,FALSE,FALSE,0
"independent_balanced",1309,FALSE,FALSE,0
"independent_balanced",1310,FALSE,FALSE,0
"independent_balanced",1311,FALSE,FALSE,0
"independent_balanced",1312,FALSE,FALSE,0
"independent_balanced",1313,FALSE,FALSE,0
"independent_balanced",1314,TRUE,FALSE,0
"independent_balanced",1315,FALSE,FALSE,0
"independent_balanced",1316,FALSE,FALSE,0
"independent_balanced",1317,FALSE,FALSE,0
"independent_balanced",1318,FALSE,FALSE,0
"independent_balanced",1319,FALSE,FALSE,0
"independent_balanced",1320,FALSE,FALSE,0
"independent_balanced",1321,FALSE,FALSE,0
"independent_balanced",1322,FALSE,FALSE,0
"independent_balanced",1323,FALSE,FALSE,0
"independent_balanced",1324,FALSE,FALSE,0
"independent_balanced",1325,FALSE,FALSE,0
"independent_balanced",1326,FALSE,FALSE,0
"independent_balanced",1327,FALSE,FALSE,0
"independent_balanced",1328,TRUE,FALSE,0
"independent_balanced",1329,FALSE,FALSE,0
"independent_balanced",1330,FALSE,FALSE,0
"independent_balanced",1331,FALSE,FALSE,0
"independent_balanced",1332,FALSE,FALSE,0
"independent_balanced",1333,FALSE,FALSE,0
"independent_balanced",1334,FALSE,FALSE,0
"independent_balanced",1335,TRUE,FALSE,0
"independent_balanced",1336,FALSE,FALSE,0
"independent_balanced",1337,FALSE,FALSE,0
"independent_balanced",1338,FALSE,FALSE,0
"independent_balanced",1339,FALSE,FALSE,0
"independent_balanced",1340,FALSE,FALSE,0
"independent_balanced",1341,FALSE,FALSE,0
"independent_balanced",1342,FALSE,FALSE,0
"independent_balanced",1343,FALSE,FALSE,0
"independent_balanced",1344,FALSE,FALSE,0
"independent_balanced",1345,FALSE,FALSE,0
"independent_balanced",1346,FALSE,FALSE,0
"independent_balanced",1347,TRUE,FALSE,0
"independent_balanced",1348,FALSE,FALSE,0
"independent_balanced",1349,FALSE,FALSE,0
"independent_balanced",1350,FALSE,FALSE,0
"independent_balanced",1351,FALSE,FALSE,0
"independent_balanced",1352,FALSE,FALSE,0
"independent_balanced",1353,FALSE,FALSE,0
"independent_balanced",1354,FALSE,FALSE,0
"independent_balanced",1355,FALSE,FALSE,0
"independent_balanced",1356,FALSE,FALSE,0
"independent_balanced",1357,FALSE,FALSE,0
"independent_balanced",1358,FALSE,FALSE,0
"independent_balanced",1359,FALSE,FALSE,0
"independent_balanced",1360,FALSE,FALSE,0
"independent_balanced",1361,FALSE,FALSE,0
"independent_balanced",1362,FALSE,FALSE,0
"independent_balanced",1363,FALSE,FALSE,0
"independent_balanced",1364,FALSE,FALSE,0
"independent_balanced",1365,FALSE,FALSE,0
"independent_balanced",1366,FALSE,FALSE,0
"independent_balanced",1367,FALSE,FALSE,0
"independent_balanced",1368,FALSE,FALSE,0
"independent_balanced",1369,FALSE,FALSE,0
"independent_balanced",1370,FALSE,FALSE,0
"independent_balanced",1371,FALSE,FALSE,0
"independent_balanced",1372,FALSE,FALSE,0
"independent_balanced",1373,FALSE,FALSE,0
"independent_balanced",1374,FALSE,FALSE,0
"independent_balanced",1375,FALSE,FALSE,0
"independent_balanced",1376,FALSE,FALSE,0
"independent_balanced",1377,FALSE,FALSE,0
"independent_balanced",1378,FALSE,FALSE,0
"independent_balanced",1379,FALSE,FALSE,0
"independent_balanced",1380,FALSE,FALSE,0
"independent_balanced",1381,FALSE,FALSE,0
"independent_balanced",1382,FALSE,FALSE,0
"independent_balanced",1383,FALSE,FALSE,0
"independent_balanced",1384,FALSE,FALSE,0
"independent_balanced",1385,FALSE,FALSE,0
"independent_balanced",1386,FALSE,FALSE,0
"independent_balanced",1387,FALSE,FALSE,0
"independent_balanced",1388,FALSE,FALSE,0
"independent_balanced",1389,FALSE,FALSE,0
"independent_balanced",1390,FALSE,FALSE,0
"independent_balanced",1391,FALSE,FALSE,0
"independent_balanced",1392,FALSE,FALSE,0
"independent_balanced",1393,TRUE,FALSE,0
"independent_balanced",1394,FALSE,FALSE,0
"independent_balanced",1395,FALSE,FALSE,0
"independent_balanced",1396,FALSE,FALSE,0
"independent_balanced",1397,FALSE,FALSE,0
"independent_balanced",1398,FALSE,FALSE,0
"independent_balanced",1399,FALSE,FALSE,0
"independent_balanced",1400,FALSE,FALSE,0
"independent_balanced",1401,FALSE,FALSE,0
"independent_balanced",1402,FALSE,FALSE,0
"independent_balanced",1403,TRUE,FALSE,0
"independent_balanced",1404,FALSE,FALSE,0
"independent_balanced",1405,FALSE,FALSE,0
"independent_balanced",1406,FALSE,FALSE,0
"independent_balanced",1407,FALSE,FALSE,0
"independent_balanced",1408,TRUE,FALSE,0
"independent_balanced",1409,TRUE,FALSE,0
"independent_balanced",1410,FALSE,FALSE,0
"independent_balanced",1411,FALSE,FALSE,0
"independent_balanced",1412,FALSE,FALSE,0
"independent_balanced",1413,FALSE,FALSE,0
"independent_balanced",1414,FALSE,FALSE,0
"independent_balanced",1415,FALSE,FALSE,0
"independent_balanced",1416,FALSE,FALSE,0
"independent_balanced",1417,FALSE,FALSE,0
"independent_balanced",1418,FALSE,FALSE,0
"independent_balanced",1419,FALSE,FALSE,0
"independent_balanced",1420,FALSE,FALSE,0
"independent_balanced",1421,FALSE,FALSE,0
"independent_balanced",1422,FALSE,FALSE,0
"independent_balanced",1423,FALSE,FALSE,0
"independent_balanced",1424,FALSE,FALSE,0
"independent_balanced",1425,FALSE,FALSE,0
"independent_balanced",1426,FALSE,FALSE,0
"independent_balanced",1427,FALSE,FALSE,0
"independent_balanced",1428,FALSE,FALSE,0
"independent_balanced",1429,FALSE,FALSE,0
"independent_balanced",1430,FALSE,FALSE,0
"independent_balanced",1431,FALSE,FALSE,0
"independent_balanced",1432,FALSE,FALSE,0
"independent_balanced",1433,FALSE,FALSE,0
"independent_balanced",1434,FALSE,FALSE,0
"independent_balanced",1435,FALSE,FALSE,0
"independent_balanced",1436,FALSE,FALSE,0
"independent_balanced",1437,FALSE,FALSE,0
"independent_balanced",1438,FALSE,FALSE,0
"independent_balanced",1439,FALSE,FALSE,0
"independent_balanced",1440,FALSE,FALSE,0
"independent_balanced",1441,FALSE,FALSE,0
"independent_balanced",1442,FALSE,FALSE,0
"independent_balanced",1443,FALSE,FALSE,0
"independent_balanced",1444,FALSE,FALSE,0
"independent_balanced",1445,FALSE,FALSE,0
"independent_balanced",1446,FALSE,FALSE,0
"independent_balanced",1447,FALSE,FALSE,0
"independent_balanced",1448,FALSE,FALSE,0
"independent_balanced",1449,FALSE,FALSE,0
"independent_balanced",1450,FALSE,FALSE,0
"independent_balanced",1451,FALSE,FALSE,0
"independent_balanced",1452,FALSE,FALSE,0
"independent_balanced",1453,FALSE,FALSE,0
"independent_balanced",1454,FALSE,FALSE,0
"independent_balanced",1455,FALSE,FALSE,0
"independent_balanced",1456,FALSE,FALSE,0
"independent_balanced",1457,FALSE,FALSE,0
"independent_balanced",1458,FALSE,FALSE,0
"independent_balanced",1459,FALSE,FALSE,0
"independent_balanced",1460,FALSE,FALSE,0
"independent_balanced",1461,FALSE,FALSE,0
"independent_balanced",1462,FALSE,FALSE,0
"independent_balanced",1463,FALSE,FALSE,0
"independent_balanced",1464,FALSE,FALSE,0
"independent_balanced",1465,FALSE,FALSE,0
"independent_balanced",1466,FALSE,FALSE,0
"independent_balanced",1467,FALSE,FALSE,0
"independent_balanced",1468,FALSE,FALSE,0
"independent_balanced",1469,FALSE,FALSE,0
"independent_balanced",1470,FALSE,FALSE,0
"independent_balanced",1471,FALSE,FALSE,0
"independent_balanced",1472,FALSE,FALSE,0
"independent_balanced",1473,FALSE,FALSE,0
"independent_balanced",1474,FALSE,FALSE,0
"independent_balanced",1475,FALSE,FALSE,0
"independent_balanced",1476,FALSE,FALSE,0
"independent_balanced",1477,FALSE,FALSE,0
"independent_balanced",1478,FALSE,FALSE,0
"independent_balanced",1479,TRUE,FALSE,0
"independent_balanced",1480,FALSE,FALSE,0
"independent_balanced",1481,FALSE,FALSE,0
"independent_balanced",1482,FALSE,FALSE,0
"independent_balanced",1483,FALSE,FALSE,0
"independent_balanced",1484,FALSE,FALSE,0
"independent_balanced",1485,FALSE,FALSE,0
"independent_balanced",1486,FALSE,FALSE,0
"independent_balanced",1487,FALSE,FALSE,0
"independent_balanced",1488,FALSE,FALSE,0
"independent_balanced",1489,FALSE,FALSE,0
"independent_balanced",1490,FALSE,FALSE,0
"independent_balanced",1491,FALSE,FALSE,0
"independent_balanced",1492,FALSE,FALSE,0
"independent_balanced",1493,FALSE,FALSE,0
"independent_balanced",1494,FALSE,FALSE,0
"independent_balanced",1495,FALSE,FALSE,0
"independent_balanced",1496,FALSE,FALSE,0
"independent_balanced",1497,FALSE,FALSE,0
"independent_balanced",1498,FALSE,FALSE,0
"independent_balanced",1499,FALSE,FALSE,0
"independent_balanced",1500,FALSE,FALSE,0
"independent_balanced",1501,FALSE,FALSE,0
"independent_balanced",1502,FALSE,FALSE,0
"independent_balanced",1503,FALSE,FALSE,0
"independent_balanced",1504,FALSE,FALSE,0
"independent_balanced",1505,FALSE,FALSE,0
"independent_balanced",1506,FALSE,FALSE,0
"independent_balanced",1507,FALSE,FALSE,0
"independent_balanced",1508,FALSE,FALSE,0
"independent_balanced",1509,FALSE,FALSE,0
"independent_balanced",1510,FALSE,FALSE,0
"independent_balanced",1511,FALSE,FALSE,0
"independent_balanced",1512,FALSE,FALSE,0
"independent_balanced",1513,FALSE,FALSE,0
"independent_balanced",1514,TRUE,TRUE,0
"independent_balanced",1515,FALSE,FALSE,0
"independent_balanced",1516,FALSE,FALSE,0
"independent_balanced",1517,FALSE,FALSE,0
"independent_balanced",1518,FALSE,FALSE,0
"independent_balanced",1519,FALSE,FALSE,0
"independent_balanced",1520,FALSE,FALSE,0
"independent_balanced",1521,FALSE,FALSE,0
"independent_balanced",1522,FALSE,FALSE,0
"independent_balanced",1523,FALSE,FALSE,0
"independent_balanced",1524,FALSE,FALSE,0
"independent_balanced",1525,TRUE,FALSE,0
"independent_balanced",1526,FALSE,FALSE,0
"independent_balanced",1527,FALSE,FALSE,0
"independent_balanced",1528,FALSE,FALSE,0
"independent_balanced",1529,FALSE,FALSE,0
"independent_balanced",1530,FALSE,FALSE,0
"independent_balanced",1531,FALSE,FALSE,0
"independent_balanced",1532,FALSE,FALSE,0
"independent_balanced",1533,FALSE,FALSE,0
"independent_balanced",1534,FALSE,FALSE,0
"independent_balanced",1535,FALSE,FALSE,0
"independent_balanced",1536,FALSE,FALSE,0
"independent_balanced",1537,FALSE,FALSE,0
"independent_balanced",1538,FALSE,FALSE,0
"independent_balanced",1539,FALSE,FALSE,0
"independent_balanced",1540,FALSE,FALSE,0
"independent_balanced",1541,FALSE,FALSE,0
"independent_balanced",1542,FALSE,FALSE,0
"independent_balanced",1543,FALSE,FALSE,0
"independent_balanced",1544,FALSE,FALSE,0
"independent_balanced",1545,FALSE,FALSE,0
"independent_balanced",1546,FALSE,FALSE,0
"independent_balanced",1547,FALSE,FALSE,0
"independent_balanced",1548,FALSE,FALSE,0
"independent_balanced",1549,FALSE,FALSE,0
"independent_balanced",1550,FALSE,FALSE,0
"independent_balanced",1551,FALSE,FALSE,0
"independent_balanced",1552,FALSE,FALSE,0
"independent_balanced",1553,FALSE,FALSE,0
"independent_balanced",1554,FALSE,FALSE,0
"independent_balanced",1555,TRUE,TRUE,0
"independent_balanced",1556,FALSE,FALSE,0
"independent_balanced",1557,FALSE,FALSE,0
"independent_balanced",1558,FALSE,FALSE,0
"independent_balanced",1559,TRUE,FALSE,0
"independent_balanced",1560,FALSE,FALSE,0
"independent_balanced",1561,FALSE,FALSE,0
"independent_balanced",1562,FALSE,FALSE,0
"independent_balanced",1563,FALSE,FALSE,0
"independent_balanced",1564,FALSE,FALSE,0
"independent_balanced",1565,FALSE,FALSE,0
"independent_balanced",1566,FALSE,FALSE,0
"independent_balanced",1567,FALSE,FALSE,0
"independent_balanced",1568,FALSE,FALSE,0
"independent_balanced",1569,FALSE,FALSE,0
"independent_balanced",1570,FALSE,FALSE,0
"independent_balanced",1571,FALSE,FALSE,0
"independent_balanced",1572,FALSE,FALSE,0
"independent_balanced",1573,FALSE,FALSE,0
"independent_balanced",1574,FALSE,FALSE,0
"independent_balanced",1575,FALSE,FALSE,0
"independent_balanced",1576,FALSE,FALSE,0
"independent_balanced",1577,FALSE,FALSE,0
"independent_balanced",1578,FALSE,FALSE,0
"independent_balanced",1579,FALSE,FALSE,0
"independent_balanced",1580,FALSE,FALSE,0
"independent_balanced",1581,FALSE,FALSE,0
"independent_balanced",1582,FALSE,FALSE,0
"independent_balanced",1583,FALSE,FALSE,0
"independent_balanced",1584,FALSE,FALSE,0
"independent_balanced",1585,FALSE,FALSE,0
"independent_balanced",1586,FALSE,FALSE,0
"independent_balanced",1587,TRUE,FALSE,0
"independent_balanced",1588,FALSE,FALSE,0
"independent_balanced",1589,FALSE,FALSE,0
"independent_balanced",1590,FALSE,FALSE,0
"independent_balanced",1591,FALSE,FALSE,0
"independent_balanced",1592,FALSE,FALSE,0
"independent_balanced",1593,FALSE,FALSE,0
"independent_balanced",1594,FALSE,FALSE,0
"independent_balanced",1595,FALSE,FALSE,0
"independent_balanced",1596,FALSE,FALSE,0
"independent_balanced",1597,FALSE,FALSE,0
"independent_balanced",1598,FALSE,FALSE,0
"independent_balanced",1599,FALSE,FALSE,0
"independent_balanced",1600,FALSE,FALSE,0
"independent_balanced",1601,FALSE,FALSE,0
"independent_balanced",1602,FALSE,FALSE,0
"independent_balanced",1603,FALSE,FALSE,0
"independent_balanced",1604,TRUE,FALSE,0
"independent_balanced",1605,FALSE,FALSE,0
"independent_balanced",1606,FALSE,FALSE,0
"independent_balanced",1607,FALSE,FALSE,0
"independent_balanced",1608,FALSE,FALSE,0
"independent_balanced",1609,FALSE,FALSE,0
"independent_balanced",1610,FALSE,FALSE,0
"independent_balanced",1611,FALSE,FALSE,0
"independent_balanced",1612,FALSE,FALSE,0
"independent_balanced",1613,FALSE,FALSE,0
"independent_balanced",1614,FALSE,FALSE,0
"independent_balanced",1615,FALSE,FALSE,0
"independent_balanced",1616,FALSE,FALSE,0
"independent_balanced",1617,FALSE,FALSE,0
"independent_balanced",1618,FALSE,FALSE,0
"independent_balanced",1619,FALSE,FALSE,0
"independent_balanced",1620,FALSE,FALSE,0
"independent_balanced",1621,FALSE,FALSE,0
"independent_balanced",1622,FALSE,FALSE,0
"independent_balanced",1623,FALSE,FALSE,0
"independent_balanced",1624,FALSE,TRUE,0
"independent_balanced",1625,FALSE,FALSE,0
"independent_balanced",1626,FALSE,FALSE,0
"independent_balanced",1627,FALSE,FALSE,0
"independent_balanced",1628,FALSE,FALSE,0
"independent_balanced",1629,FALSE,FALSE,0
"independent_balanced",1630,FALSE,FALSE,0
"independent_balanced",1631,FALSE,FALSE,0
"independent_balanced",1632,FALSE,FALSE,0
"independent_balanced",1633,FALSE,FALSE,0
"independent_balanced",1634,FALSE,FALSE,0
"independent_balanced",1635,FALSE,FALSE,0
"independent_balanced",1636,FALSE,FALSE,0
"independent_balanced",1637,FALSE,FALSE,0
"independent_balanced",1638,FALSE,FALSE,0
"independent_balanced",1639,FALSE,FALSE,0
"independent_balanced",1640,FALSE,FALSE,0
"independent_balanced",1641,FALSE,FALSE,0
"independent_balanced",1642,FALSE,FALSE,0
"independent_balanced",1643,FALSE,FALSE,0
"independent_balanced",1644,FALSE,FALSE,0
"independent_balanced",1645,FALSE,FALSE,0
"independent_balanced",1646,FALSE,FALSE,0
"independent_balanced",1647,FALSE,FALSE,0
"independent_balanced",1648,FALSE,FALSE,0
"independent_balanced",1649,FALSE,FALSE,0
"independent_balanced",1650,FALSE,FALSE,0
"independent_balanced",1651,FALSE,FALSE,0
"independent_balanced",1652,FALSE,FALSE,0
"independent_balanced",1653,FALSE,FALSE,0
"independent_balanced",1654,FALSE,FALSE,0
"independent_balanced",1655,FALSE,FALSE,0
"independent_balanced",1656,FALSE,FALSE,0
"independent_balanced",1657,FALSE,FALSE,0
"independent_balanced",1658,FALSE,FALSE,0
"independent_balanced",1659,FALSE,FALSE,0
"independent_balanced",1660,FALSE,FALSE,0
"independent_balanced",1661,FALSE,FALSE,0
"independent_balanced",1662,FALSE,FALSE,0
"independent_balanced",1663,FALSE,FALSE,0
"independent_balanced",1664,FALSE,FALSE,0
"independent_balanced",1665,FALSE,FALSE,0
"independent_balanced",1666,FALSE,FALSE,0
"independent_balanced",1667,FALSE,FALSE,0
"independent_balanced",1668,TRUE,FALSE,0
"independent_balanced",1669,FALSE,FALSE,0
"independent_balanced",1670,FALSE,FALSE,0
"independent_balanced",1671,FALSE,FALSE,0
"independent_balanced",1672,FALSE,FALSE,0
"independent_balanced",1673,FALSE,FALSE,0
"independent_balanced",1674,FALSE,FALSE,0
"independent_balanced",1675,FALSE,FALSE,0
"independent_balanced",1676,FALSE,FALSE,0
"independent_balanced",1677,FALSE,FALSE,0
"independent_balanced",1678,FALSE,FALSE,0
"independent_balanced",1679,FALSE,FALSE,0
"independent_balanced",1680,FALSE,FALSE,0
"independent_balanced",1681,FALSE,FALSE,0
"independent_balanced",1682,FALSE,FALSE,0
"independent_balanced",1683,FALSE,FALSE,0
"independent_balanced",1684,FALSE,FALSE,0
"independent_balanced",1685,FALSE,FALSE,0
"independent_balanced",1686,FALSE,FALSE,0
"independent_balanced",1687,FALSE,FALSE,0
"independent_balanced",1688,FALSE,FALSE,0
"independent_balanced",1689,TRUE,FALSE,0
"independent_balanced",1690,FALSE,FALSE,0
"independent_balanced",1691,FALSE,FALSE,0
"independent_balanced",1692,FALSE,FALSE,0
"independent_balanced",1693,FALSE,FALSE,0
"independent_balanced",1694,FALSE,FALSE,0
"independent_balanced",1695,FALSE,FALSE,0
"independent_balanced",1696,FALSE,FALSE,0
"independent_balanced",1697,FALSE,FALSE,0
"independent_balanced",1698,FALSE,FALSE,0
"independent_balanced",1699,FALSE,FALSE,0
"independent_balanced",1700,FALSE,FALSE,0
"independent_balanced",1701,FALSE,FALSE,0
"independent_balanced",1702,FALSE,FALSE,0
"independent_balanced",1703,FALSE,FALSE,0
"independent_balanced",1704,FALSE,FALSE,0
"independent_balanced",1705,FALSE,FALSE,0
"independent_balanced",1706,FALSE,FALSE,0
"independent_balanced",1707,FALSE,FALSE,0
"independent_balanced",1708,FALSE,FALSE,0
"independent_balanced",1709,FALSE,FALSE,0
"independent_balanced",1710,FALSE,FALSE,0
"independent_balanced",1711,FALSE,FALSE,0
"independent_balanced",1712,TRUE,FALSE,0
"independent_balanced",1713,FALSE,FALSE,0
"independent_balanced",1714,FALSE,FALSE,0
"independent_balanced",1715,FALSE,FALSE,0
"independent_balanced",1716,FALSE,FALSE,0
"independent_balanced",1717,FALSE,FALSE,0
"independent_balanced",1718,FALSE,FALSE,0
"independent_balanced",1719,FALSE,FALSE,0
"independent_balanced",1720,FALSE,FALSE,0
"independent_balanced",1721,TRUE,FALSE,0
"independent_balanced",1722,FALSE,FALSE,0
"independent_balanced",1723,FALSE,FALSE,0
"independent_balanced",1724,TRUE,FALSE,0
"independent_balanced",1725,TRUE,FALSE,0
"independent_balanced",1726,FALSE,FALSE,0
"independent_balanced",1727,FALSE,FALSE,0
"independent_balanced",1728,FALSE,FALSE,0
"independent_balanced",1729,FALSE,FALSE,0
"independent_balanced",1730,FALSE,FALSE,0
"independent_balanced",1731,FALSE,FALSE,0
"independent_balanced",1732,FALSE,FALSE,0
"independent_balanced",1733,FALSE,FALSE,0
"independent_balanced",1734,FALSE,FALSE,0
"independent_balanced",1735,FALSE,FALSE,0
"independent_balanced",1736,FALSE,FALSE,0
"independent_balanced",1737,FALSE,FALSE,0
"independent_balanced",1738,FALSE,FALSE,0
"independent_balanced",1739,FALSE,FALSE,0
"independent_balanced",1740,FALSE,FALSE,0
"independent_balanced",1741,FALSE,FALSE,0
"independent_balanced",1742,FALSE,FALSE,0
"independent_balanced",1743,FALSE,FALSE,0
"independent_balanced",1744,FALSE,FALSE,0
"independent_balanced",1745,FALSE,FALSE,0
"independent_balanced",1746,FALSE,FALSE,0
"independent_balanced",1747,FALSE,FALSE,0
"independent_balanced",1748,FALSE,FALSE,0
"independent_balanced",1749,FALSE,FALSE,0
"independent_balanced",1750,FALSE,FALSE,0
"independent_balanced",1751,FALSE,FALSE,0
"independent_balanced",1752,FALSE,FALSE,0
"independent_balanced",1753,FALSE,FALSE,0
"independent_balanced",1754,FALSE,FALSE,0
"independent_balanced",1755,FALSE,FALSE,0
"independent_balanced",1756,TRUE,FALSE,0
"independent_balanced",1757,FALSE,FALSE,0
"independent_balanced",1758,FALSE,FALSE,0
"independent_balanced",1759,FALSE,FALSE,0
"independent_balanced",1760,FALSE,FALSE,0
"independent_balanced",1761,FALSE,FALSE,0
"independent_balanced",1762,FALSE,FALSE,0
"independent_balanced",1763,FALSE,FALSE,0
"independent_balanced",1764,FALSE,FALSE,0
"independent_balanced",1765,FALSE,FALSE,0
"independent_balanced",1766,FALSE,FALSE,0
"independent_balanced",1767,FALSE,FALSE,0
"independent_balanced",1768,FALSE,FALSE,0
"independent_balanced",1769,FALSE,FALSE,0
"independent_balanced",1770,FALSE,FALSE,0
"independent_balanced",1771,FALSE,FALSE,0
"independent_balanced",1772,FALSE,FALSE,0
"independent_balanced",1773,FALSE,FALSE,0
"independent_balanced",1774,FALSE,FALSE,0
"independent_balanced",1775,FALSE,FALSE,0
"independent_balanced",1776,FALSE,FALSE,0
"independent_balanced",1777,FALSE,FALSE,0
"independent_balanced",1778,FALSE,FALSE,0
"independent_balanced",1779,FALSE,FALSE,0
"independent_balanced",1780,FALSE,FALSE,0
"independent_balanced",1781,FALSE,FALSE,0
"independent_balanced",1782,FALSE,FALSE,0
"independent_balanced",1783,FALSE,FALSE,0
"independent_balanced",1784,FALSE,FALSE,0
"independent_balanced",1785,FALSE,FALSE,0
"independent_balanced",1786,FALSE,FALSE,0
"independent_balanced",1787,FALSE,FALSE,0
"independent_balanced",1788,FALSE,FALSE,0
"independent_balanced",1789,FALSE,FALSE,0
"independent_balanced",1790,FALSE,FALSE,0
"independent_balanced",1791,FALSE,FALSE,0
"independent_balanced",1792,FALSE,FALSE,0
"independent_balanced",1793,FALSE,FALSE,0
"independent_balanced",1794,FALSE,FALSE,0
"independent_balanced",1795,FALSE,FALSE,0
"independent_balanced",1796,FALSE,FALSE,0
"independent_balanced",1797,TRUE,FALSE,0
"independent_balanced",1798,FALSE,FALSE,0
"independent_balanced",1799,FALSE,FALSE,0
"independent_balanced",1800,FALSE,FALSE,0
"independent_balanced",1801,FALSE,FALSE,0
"independent_balanced",1802,FALSE,FALSE,0
"independent_balanced",1803,FALSE,FALSE,0
"independent_balanced",1804,FALSE,FALSE,0
"independent_balanced",1805,FALSE,FALSE,0
"independent_balanced",1806,FALSE,FALSE,0
"independent_balanced",1807,FALSE,FALSE,0
"independent_balanced",1808,FALSE,FALSE,0
"independent_balanced",1809,FALSE,FALSE,0
"independent_balanced",1810,FALSE,FALSE,0
"independent_balanced",1811,FALSE,FALSE,0
"independent_balanced",1812,FALSE,FALSE,0
"independent_balanced",1813,FALSE,FALSE,0
"independent_balanced",1814,FALSE,FALSE,0
"independent_balanced",1815,FALSE,FALSE,0
"independent_balanced",1816,FALSE,FALSE,0
"independent_balanced",1817,TRUE,TRUE,1
"independent_balanced",1818,FALSE,FALSE,0
"independent_balanced",1819,FALSE,FALSE,0
"independent_balanced",1820,FALSE,FALSE,0
"independent_balanced",1821,FALSE,FALSE,0
"independent_balanced",1822,TRUE,FALSE,0
"independent_balanced",1823,FALSE,FALSE,0
"independent_balanced",1824,FALSE,FALSE,0
"independent_balanced",1825,FALSE,FALSE,0
"independent_balanced",1826,FALSE,FALSE,0
"independent_balanced",1827,FALSE,FALSE,0
"independent_balanced",1828,FALSE,FALSE,0
"independent_balanced",1829,FALSE,FALSE,0
"independent_balanced",1830,TRUE,FALSE,0
"independent_balanced",1831,FALSE,FALSE,0
"independent_balanced",1832,FALSE,FALSE,0
"independent_balanced",1833,FALSE,FALSE,0
"independent_balanced",1834,FALSE,FALSE,0
"independent_balanced",1835,FALSE,FALSE,0
"independent_balanced",1836,FALSE,FALSE,0
"independent_balanced",1837,FALSE,FALSE,0
"independent_balanced",1838,FALSE,FALSE,0
"independent_balanced",1839,FALSE,FALSE,0
"independent_balanced",1840,FALSE,FALSE,0
"independent_balanced",1841,FALSE,FALSE,0
"independent_balanced",1842,FALSE,FALSE,0
"independent_balanced",1843,FALSE,FALSE,0
"independent_balanced",1844,FALSE,FALSE,0
"independent_balanced",1845,FALSE,FALSE,0
"independent_balanced",1846,FALSE,FALSE,0
"independent_balanced",1847,FALSE,FALSE,0
"independent_balanced",1848,FALSE,FALSE,0
"independent_balanced",1849,FALSE,FALSE,0
"independent_balanced",1850,FALSE,FALSE,0
"independent_balanced",1851,FALSE,FALSE,0
"independent_balanced",1852,FALSE,FALSE,0
"independent_balanced",1853,FALSE,FALSE,0
"independent_balanced",1854,FALSE,FALSE,0
"independent_balanced",1855,FALSE,FALSE,0
"independent_balanced",1856,FALSE,FALSE,0
"independent_balanced",1857,FALSE,FALSE,0
"independent_balanced",1858,FALSE,FALSE,0
"independent_balanced",1859,FALSE,FALSE,0
"independent_balanced",1860,FALSE,FALSE,0
"independent_balanced",1861,FALSE,FALSE,0
"independent_balanced",1862,FALSE,FALSE,0
"independent_balanced",1863,FALSE,FALSE,0
"independent_balanced",1864,FALSE,FALSE,0
"independent_balanced",1865,FALSE,FALSE,0
"independent_balanced",1866,FALSE,FALSE,0
"independent_balanced",1867,FALSE,FALSE,0
"independent_balanced",1868,FALSE,FALSE,0
"independent_balanced",1869,FALSE,FALSE,0
"independent_balanced",1870,FALSE,FALSE,0
"independent_balanced",1871,FALSE,FALSE,0
"independent_balanced",1872,FALSE,FALSE,0
"independent_balanced",1873,FALSE,FALSE,0
"independent_balanced",1874,FALSE,FALSE,0
"independent_balanced",1875,FALSE,FALSE,0
"independent_balanced",1876,FALSE,FALSE,0
"independent_balanced",1877,FALSE,FALSE,0
"independent_balanced",1878,FALSE,FALSE,0
"independent_balanced",1879,FALSE,FALSE,0
"independent_balanced",1880,FALSE,FALSE,0
"independent_balanced",1881,FALSE,FALSE,0
"independent_balanced",1882,FALSE,FALSE,0
"independent_balanced",1883,FALSE,FALSE,0
"independent_balanced",1884,FALSE,FALSE,0
"independent_balanced",1885,FALSE,FALSE,0
"independent_balanced",1886,FALSE,FALSE,0
"independent_balanced",1887,FALSE,FALSE,0
"independent_balanced",1888,FALSE,FALSE,0
"independent_balanced",1889,FALSE,FALSE,0
"independent_balanced",1890,FALSE,FALSE,0
"independent_balanced",1891,FALSE,FALSE,0
"independent_balanced",1892,FALSE,FALSE,0
"independent_balanced",1893,FALSE,FALSE,0
"independent_balanced",1894,FALSE,FALSE,0
"independent_balanced",1895,FALSE,FALSE,0
"independent_balanced",1896,FALSE,FALSE,0
"independent_balanced",1897,TRUE,FALSE,0
"independent_balanced",1898,FALSE,FALSE,0
"independent_balanced",1899,FALSE,FALSE,0
"independent_balanced",1900,FALSE,FALSE,0
"independent_balanced",1901,FALSE,FALSE,0
"independent_balanced",1902,FALSE,FALSE,0
"independent_balanced",1903,FALSE,FALSE,0
"independent_balanced",1904,FALSE,FALSE,0
"independent_balanced",1905,FALSE,FALSE,0
"independent_balanced",1906,FALSE,FALSE,0
"independent_balanced",1907,FALSE,FALSE,0
"independent_balanced",1908,FALSE,FALSE,0
"independent_balanced",1909,FALSE,FALSE,0
"independent_balanced",1910,FALSE,FALSE,0
"independent_balanced",1911,FALSE,FALSE,0
"independent_balanced",1912,FALSE,FALSE,0
"independent_balanced",1913,FALSE,FALSE,0
"independent_balanced",1914,FALSE,FALSE,0
"independent_balanced",1915,FALSE,FALSE,0
"independent_balanced",1916,FALSE,FALSE,0
"independent_balanced",1917,FALSE,FALSE,0
"independent_balanced",1918,FALSE,FALSE,0
"independent_balanced",1919,FALSE,FALSE,0
"independent_balanced",1920,FALSE,FALSE,0
"independent_balanced",1921,FALSE,FALSE,0
"independent_balanced",1922,FALSE,FALSE,0
"independent_balanced",1923,FALSE,FALSE,0
"independent_balanced",1924,FALSE,FALSE,0
"independent_balanced",1925,FALSE,FALSE,0
"independent_balanced",1926,FALSE,FALSE,0
"independent_balanced",1927,FALSE,FALSE,0
"independent_balanced",1928,FALSE,FALSE,0
"independent_balanced",1929,FALSE,FALSE,0
"independent_balanced",1930,FALSE,FALSE,0
"independent_balanced",1931,FALSE,FALSE,0
"independent_balanced",1932,FALSE,FALSE,0
"independent_balanced",1933,FALSE,FALSE,0
"independent_balanced",1934,FALSE,FALSE,0
"independent_balanced",1935,FALSE,FALSE,0
"independent_balanced",1936,FALSE,FALSE,0
"independent_balanced",1937,FALSE,FALSE,0
"independent_balanced",1938,FALSE,FALSE,0
"independent_balanced",1939,FALSE,FALSE,0
"independent_balanced",1940,FALSE,FALSE,0
"independent_balanced",1941,FALSE,FALSE,0
"independent_balanced",1942,FALSE,FALSE,0
"independent_balanced",1943,FALSE,FALSE,0
"independent_balanced",1944,FALSE,FALSE,0
"independent_balanced",1945,FALSE,FALSE,0
"independent_balanced",1946,FALSE,FALSE,0
"independent_balanced",1947,FALSE,FALSE,0
"independent_balanced",1948,FALSE,FALSE,0
"independent_balanced",1949,FALSE,FALSE,0
"independent_balanced",1950,FALSE,FALSE,0
"independent_balanced",1951,TRUE,FALSE,0
"independent_balanced",1952,FALSE,FALSE,0
"independent_balanced",1953,FALSE,FALSE,0
"independent_balanced",1954,FALSE,FALSE,0
"independent_balanced",1955,FALSE,FALSE,0
"independent_balanced",1956,FALSE,FALSE,0
"independent_balanced",1957,FALSE,FALSE,0
"independent_balanced",1958,FALSE,FALSE,0
"independent_balanced",1959,FALSE,FALSE,0
"independent_balanced",1960,FALSE,FALSE,0
"independent_balanced",1961,FALSE,FALSE,0
"independent_balanced",1962,FALSE,FALSE,0
"independent_balanced",1963,FALSE,FALSE,0
"independent_balanced",1964,FALSE,FALSE,0
"independent_balanced",1965,FALSE,FALSE,0
"independent_balanced",1966,FALSE,FALSE,0
"independent_balanced",1967,FALSE,FALSE,0
"independent_balanced",1968,TRUE,TRUE,0
"independent_balanced",1969,TRUE,FALSE,0
"independent_balanced",1970,FALSE,FALSE,0
"independent_balanced",1971,FALSE,FALSE,0
"independent_balanced",1972,FALSE,FALSE,0
"independent_balanced",1973,FALSE,FALSE,0
"independent_balanced",1974,FALSE,FALSE,0
"independent_balanced",1975,FALSE,FALSE,0
"independent_balanced",1976,FALSE,FALSE,0
"independent_balanced",1977,FALSE,FALSE,0
"independent_balanced",1978,FALSE,FALSE,0
"independent_balanced",1979,FALSE,FALSE,0
"independent_balanced",1980,FALSE,FALSE,0
"independent_balanced",1981,FALSE,FALSE,0
"independent_balanced",1982,FALSE,FALSE,0
"independent_balanced",1983,FALSE,FALSE,0
"independent_balanced",1984,FALSE,FALSE,0
"independent_balanced",1985,FALSE,FALSE,0
"independent_balanced",1986,FALSE,FALSE,0
"independent_balanced",1987,FALSE,FALSE,0
"independent_balanced",1988,FALSE,FALSE,0
"independent_balanced",1989,FALSE,FALSE,0
"independent_balanced",1990,FALSE,FALSE,0
"independent_balanced",1991,FALSE,FALSE,0
"independent_balanced",1992,FALSE,FALSE,0
"independent_balanced",1993,FALSE,FALSE,0
"independent_balanced",1994,FALSE,FALSE,0
"independent_balanced",1995,FALSE,FALSE,0
"independent_balanced",1996,FALSE,FALSE,0
"independent_balanced",1997,FALSE,FALSE,0
"independent_balanced",1998,FALSE,FALSE,0
"independent_balanced",1999,FALSE,FALSE,0
"independent_balanced",2000,FALSE,FALSE,0
"independent_unbalanced",1,TRUE,TRUE,1
"independent_unbalanced",2,FALSE,FALSE,0
"independent_unbalanced",3,FALSE,FALSE,0
"independent_unbalanced",4,FALSE,FALSE,0
"independent_unbalanced",5,FALSE,FALSE,0
"independent_unbalanced",6,FALSE,FALSE,0
"independent_unbalanced",7,FALSE,FALSE,0
"independent_unbalanced",8,FALSE,FALSE,0
"independent_unbalanced",9,FALSE,FALSE,0
"independent_unbalanced",10,FALSE,FALSE,0
"independent_unbalanced",11,FALSE,FALSE,0
"independent_unbalanced",12,FALSE,FALSE,0
"independent_unbalanced",13,FALSE,FALSE,0
"independent_unbalanced",14,FALSE,FALSE,0
"independent_unbalanced",15,FALSE,FALSE,0
"independent_unbalanced",16,FALSE,FALSE,0
"independent_unbalanced",17,FALSE,FALSE,0
"independent_unbalanced",18,FALSE,FALSE,0
"independent_unbalanced",19,FALSE,FALSE,0
"independent_unbalanced",20,FALSE,FALSE,0
"independent_unbalanced",21,FALSE,FALSE,0
"independent_unbalanced",22,FALSE,FALSE,0
"independent_unbalanced",23,FALSE,FALSE,0
"independent_unbalanced",24,TRUE,FALSE,0
"independent_unbalanced",25,FALSE,FALSE,0
"independent_unbalanced",26,FALSE,FALSE,0
"independent_unbalanced",27,FALSE,FALSE,0
"independent_unbalanced",28,FALSE,FALSE,0
"independent_unbalanced",29,FALSE,FALSE,0
"independent_unbalanced",30,FALSE,FALSE,0
"independent_unbalanced",31,FALSE,FALSE,0
"independent_unbalanced",32,FALSE,FALSE,0
"independent_unbalanced",33,FALSE,FALSE,0
"independent_unbalanced",34,FALSE,FALSE,0
"independent_unbalanced",35,FALSE,FALSE,0
"independent_unbalanced",36,FALSE,FALSE,0
"independent_unbalanced",37,FALSE,FALSE,0
"independent_unbalanced",38,FALSE,FALSE,0
"independent_unbalanced",39,FALSE,FALSE,0
"independent_unbalanced",40,FALSE,FALSE,0
"independent_unbalanced",41,FALSE,FALSE,0
"independent_unbalanced",42,FALSE,FALSE,0
"independent_unbalanced",43,TRUE,FALSE,0
"independent_unbalanced",44,TRUE,FALSE,0
"independent_unbalanced",45,FALSE,FALSE,0
"independent_unbalanced",46,FALSE,FALSE,0
"independent_unbalanced",47,FALSE,FALSE,0
"independent_unbalanced",48,FALSE,FALSE,0
"independent_unbalanced",49,FALSE,FALSE,0
"independent_unbalanced",50,FALSE,FALSE,0
"independent_unbalanced",51,FALSE,FALSE,0
"independent_unbalanced",52,FALSE,FALSE,0
"independent_unbalanced",53,FALSE,FALSE,0
"independent_unbalanced",54,FALSE,FALSE,0
"independent_unbalanced",55,FALSE,FALSE,0
"independent_unbalanced",56,FALSE,FALSE,0
"independent_unbalanced",57,FALSE,FALSE,0
"independent_unbalanced",58,FALSE,FALSE,0
"independent_unbalanced",59,FALSE,FALSE,0
"independent_unbalanced",60,FALSE,FALSE,0
"independent_unbalanced",61,FALSE,FALSE,0
"independent_unbalanced",62,FALSE,FALSE,0
"independent_unbalanced",63,TRUE,TRUE,0
"independent_unbalanced",64,FALSE,FALSE,0
"independent_unbalanced",65,FALSE,FALSE,0
"independent_unbalanced",66,FALSE,FALSE,0
"independent_unbalanced",67,FALSE,FALSE,0
"independent_unbalanced",68,TRUE,FALSE,0
"independent_unbalanced",69,FALSE,FALSE,0
"independent_unbalanced",70,FALSE,FALSE,0
"independent_unbalanced",71,FALSE,FALSE,0
"independent_unbalanced",72,FALSE,FALSE,0
"independent_unbalanced",73,FALSE,FALSE,0
"independent_unbalanced",74,FALSE,FALSE,0
"independent_unbalanced",75,FALSE,FALSE,0
"independent_unbalanced",76,FALSE,FALSE,0
"independent_unbalanced",77,FALSE,FALSE,0
"independent_unbalanced",78,TRUE,FALSE,0
"independent_unbalanced",79,FALSE,FALSE,0
"independent_unbalanced",80,FALSE,FALSE,0
"independent_unbalanced",81,FALSE,FALSE,0
"independent_unbalanced",82,FALSE,FALSE,0
"independent_unbalanced",83,FALSE,FALSE,0
"independent_unbalanced",84,FALSE,FALSE,0
"independent_unbalanced",85,FALSE,FALSE,0
"independent_unbalanced",86,FALSE,FALSE,0
"independent_unbalanced",87,FALSE,FALSE,0
"independent_unbalanced",88,FALSE,FALSE,0
"independent_unbalanced",89,FALSE,FALSE,0
"independent_unbalanced",90,FALSE,FALSE,0
"independent_unbalanced",91,FALSE,FALSE,0
"independent_unbalanced",92,FALSE,FALSE,0
"independent_unbalanced",93,FALSE,FALSE,0
"independent_unbalanced",94,TRUE,FALSE,0
"independent_unbalanced",95,FALSE,FALSE,0
"independent_unbalanced",96,FALSE,TRUE,0
"independent_unbalanced",97,FALSE,FALSE,0
"independent_unbalanced",98,FALSE,FALSE,0
"independent_unbalanced",99,FALSE,FALSE,0
"independent_unbalanced",100,FALSE,FALSE,0
"independent_unbalanced",101,FALSE,FALSE,0
"independent_unbalanced",102,FALSE,FALSE,0
"independent_unbalanced",103,FALSE,FALSE,0
"independent_unbalanced",104,FALSE,FALSE,0
"independent_unbalanced",105,FALSE,FALSE,0
"independent_unbalanced",106,FALSE,FALSE,0
"independent_unbalanced",107,FALSE,FALSE,0
"independent_unbalanced",108,FALSE,FALSE,0
"independent_unbalanced",109,FALSE,FALSE,0
"independent_unbalanced",110,FALSE,FALSE,0
"independent_unbalanced",111,FALSE,FALSE,0
"independent_unbalanced",112,FALSE,FALSE,0
"independent_unbalanced",113,FALSE,FALSE,0
"independent_unbalanced",114,FALSE,FALSE,0
"independent_unbalanced",115,FALSE,FALSE,0
"independent_unbalanced",116,FALSE,FALSE,0
"independent_unbalanced",117,FALSE,FALSE,0
"independent_unbalanced",118,FALSE,FALSE,0
"independent_unbalanced",119,FALSE,FALSE,0
"independent_unbalanced",120,FALSE,FALSE,0
"independent_unbalanced",121,FALSE,FALSE,0
"independent_unbalanced",122,FALSE,FALSE,0
"independent_unbalanced",123,FALSE,FALSE,0
"independent_unbalanced",124,FALSE,FALSE,0
"independent_unbalanced",125,FALSE,FALSE,0
"independent_unbalanced",126,FALSE,FALSE,0
"independent_unbalanced",127,FALSE,TRUE,0
"independent_unbalanced",128,FALSE,FALSE,0
"independent_unbalanced",129,FALSE,FALSE,0
"independent_unbalanced",130,FALSE,FALSE,0
"independent_unbalanced",131,FALSE,FALSE,0
"independent_unbalanced",132,FALSE,FALSE,0
"independent_unbalanced",133,FALSE,FALSE,0
"independent_unbalanced",134,FALSE,FALSE,0
"independent_unbalanced",135,FALSE,FALSE,0
"independent_unbalanced",136,FALSE,TRUE,0
"independent_unbalanced",137,FALSE,FALSE,0
"independent_unbalanced",138,FALSE,FALSE,0
"independent_unbalanced",139,FALSE,FALSE,0
"independent_unbalanced",140,TRUE,FALSE,0
"independent_unbalanced",141,FALSE,FALSE,0
"independent_unbalanced",142,FALSE,FALSE,0
"independent_unbalanced",143,FALSE,FALSE,0
"independent_unbalanced",144,FALSE,FALSE,0
"independent_unbalanced",145,FALSE,FALSE,0
"independent_unbalanced",146,FALSE,FALSE,0
"independent_unbalanced",147,FALSE,FALSE,0
"independent_unbalanced",148,FALSE,FALSE,0
"independent_unbalanced",149,FALSE,FALSE,0
"independent_unbalanced",150,FALSE,FALSE,0
"independent_unbalanced",151,FALSE,FALSE,0
"independent_unbalanced",152,FALSE,FALSE,0
"independent_unbalanced",153,FALSE,FALSE,0
"independent_unbalanced",154,FALSE,FALSE,0
"independent_unbalanced",155,FALSE,FALSE,0
"independent_unbalanced",156,FALSE,FALSE,0
"independent_unbalanced",157,FALSE,FALSE,0
"independent_unbalanced",158,FALSE,FALSE,0
"independent_unbalanced",159,FALSE,FALSE,0
"independent_unbalanced",160,FALSE,FALSE,0
"independent_unbalanced",161,FALSE,FALSE,0
"independent_unbalanced",162,FALSE,FALSE,0
"independent_unbalanced",163,FALSE,FALSE,0
"independent_unbalanced",164,FALSE,FALSE,0
"independent_unbalanced",165,FALSE,FALSE,0
"independent_unbalanced",166,FALSE,FALSE,0
"independent_unbalanced",167,FALSE,FALSE,0
"independent_unbalanced",168,FALSE,FALSE,0
"independent_unbalanced",169,FALSE,FALSE,0
"independent_unbalanced",170,FALSE,FALSE,0
"independent_unbalanced",171,FALSE,FALSE,0
"independent_unbalanced",172,FALSE,FALSE,0
"independent_unbalanced",173,FALSE,FALSE,0
"independent_unbalanced",174,FALSE,FALSE,0
"independent_unbalanced",175,FALSE,FALSE,0
"independent_unbalanced",176,FALSE,FALSE,0
"independent_unbalanced",177,TRUE,FALSE,0
"independent_unbalanced",178,TRUE,FALSE,0
"independent_unbalanced",179,FALSE,FALSE,0
"independent_unbalanced",180,FALSE,FALSE,0
"independent_unbalanced",181,FALSE,FALSE,0
"independent_unbalanced",182,FALSE,FALSE,0
"independent_unbalanced",183,FALSE,FALSE,0
"independent_unbalanced",184,FALSE,FALSE,0
"independent_unbalanced",185,FALSE,FALSE,0
"independent_unbalanced",186,FALSE,FALSE,0
"independent_unbalanced",187,FALSE,FALSE,0
"independent_unbalanced",188,FALSE,FALSE,0
"independent_unbalanced",189,FALSE,FALSE,0
"independent_unbalanced",190,FALSE,FALSE,0
"independent_unbalanced",191,TRUE,FALSE,0
"independent_unbalanced",192,FALSE,FALSE,0
"independent_unbalanced",193,FALSE,FALSE,0
"independent_unbalanced",194,FALSE,FALSE,0
"independent_unbalanced",195,FALSE,FALSE,0
"independent_unbalanced",196,FALSE,FALSE,0
"independent_unbalanced",197,FALSE,FALSE,0
"independent_unbalanced",198,FALSE,FALSE,0
"independent_unbalanced",199,FALSE,FALSE,0
"independent_unbalanced",200,FALSE,FALSE,0
"independent_unbalanced",201,FALSE,FALSE,0
"independent_unbalanced",202,FALSE,FALSE,0
"independent_unbalanced",203,FALSE,FALSE,0
"independent_unbalanced",204,FALSE,FALSE,0
"independent_unbalanced",205,FALSE,FALSE,0
"independent_unbalanced",206,FALSE,FALSE,0
"independent_unbalanced",207,TRUE,FALSE,0
"independent_unbalanced",208,FALSE,FALSE,0
"independent_unbalanced",209,FALSE,FALSE,0
"independent_unbalanced",210,FALSE,FALSE,0
"independent_unbalanced",211,FALSE,FALSE,0
"independent_unbalanced",212,FALSE,FALSE,0
"independent_unbalanced",213,FALSE,FALSE,0
"independent_unbalanced",214,FALSE,FALSE,0
"independent_unbalanced",215,FALSE,FALSE,0
"independent_unbalanced",216,FALSE,FALSE,0
"independent_unbalanced",217,FALSE,FALSE,0
"independent_unbalanced",218,FALSE,FALSE,0
"independent_unbalanced",219,FALSE,FALSE,0
"independent_unbalanced",220,FALSE,FALSE,0
"independent_unbalanced",221,FALSE,FALSE,0
"independent_unbalanced",222,FALSE,FALSE,0
"independent_unbalanced",223,FALSE,FALSE,0
"independent_unbalanced",224,FALSE,FALSE,0
"independent_unbalanced",225,FALSE,FALSE,0
"independent_unbalanced",226,FALSE,FALSE,0
"independent_unbalanced",227,FALSE,FALSE,0
"independent_unbalanced",228,FALSE,FALSE,0
"independent_unbalanced",229,FALSE,FALSE,0
"independent_unbalanced",230,TRUE,FALSE,0
"independent_unbalanced",231,FALSE,FALSE,0
"independent_unbalanced",232,FALSE,FALSE,0
"independent_unbalanced",233,FALSE,FALSE,0
"independent_unbalanced",234,FALSE,FALSE,0
"independent_unbalanced",235,FALSE,FALSE,0
"independent_unbalanced",236,FALSE,FALSE,0
"independent_unbalanced",237,FALSE,FALSE,0
"independent_unbalanced",238,FALSE,FALSE,0
"independent_unbalanced",239,FALSE,FALSE,0
"independent_unbalanced",240,FALSE,FALSE,0
"independent_unbalanced",241,FALSE,FALSE,0
"independent_unbalanced",242,FALSE,FALSE,0
"independent_unbalanced",243,FALSE,FALSE,0
"independent_unbalanced",244,FALSE,FALSE,0
"independent_unbalanced",245,FALSE,FALSE,0
"independent_unbalanced",246,FALSE,FALSE,0
"independent_unbalanced",247,FALSE,FALSE,0
"independent_unbalanced",248,FALSE,FALSE,0
"independent_unbalanced",249,FALSE,FALSE,0
"independent_unbalanced",250,FALSE,FALSE,0
"independent_unbalanced",251,FALSE,FALSE,0
"independent_unbalanced",252,FALSE,FALSE,0
"independent_unbalanced",253,FALSE,FALSE,0
"independent_unbalanced",254,FALSE,FALSE,0
"independent_unbalanced",255,FALSE,FALSE,0
"independent_unbalanced",256,FALSE,FALSE,0
"independent_unbalanced",257,TRUE,FALSE,0
"independent_unbalanced",258,FALSE,FALSE,0
"independent_unbalanced",259,FALSE,FALSE,0
"independent_unbalanced",260,FALSE,FALSE,0
"independent_unbalanced",261,FALSE,FALSE,0
"independent_unbalanced",262,FALSE,FALSE,0
"independent_unbalanced",263,FALSE,FALSE,0
"independent_unbalanced",264,FALSE,FALSE,0
"independent_unbalanced",265,FALSE,FALSE,0
"independent_unbalanced",266,FALSE,FALSE,0
"independent_unbalanced",267,FALSE,FALSE,0
"independent_unbalanced",268,FALSE,FALSE,0
"independent_unbalanced",269,FALSE,FALSE,0
"independent_unbalanced",270,TRUE,FALSE,0
"independent_unbalanced",271,FALSE,FALSE,0
"independent_unbalanced",272,FALSE,FALSE,0
"independent_unbalanced",273,FALSE,FALSE,0
"independent_unbalanced",274,FALSE,FALSE,0
"independent_unbalanced",275,FALSE,FALSE,0
"independent_unbalanced",276,FALSE,FALSE,0
"independent_unbalanced",277,FALSE,FALSE,0
"independent_unbalanced",278,FALSE,FALSE,0
"independent_unbalanced",279,FALSE,FALSE,0
"independent_unbalanced",280,FALSE,FALSE,0
"independent_unbalanced",281,FALSE,FALSE,0
"independent_unbalanced",282,FALSE,FALSE,0
"independent_unbalanced",283,FALSE,FALSE,0
"independent_unbalanced",284,FALSE,FALSE,0
"independent_unbalanced",285,FALSE,FALSE,0
"independent_unbalanced",286,FALSE,FALSE,0
"independent_unbalanced",287,FALSE,FALSE,0
"independent_unbalanced",288,FALSE,FALSE,0
"independent_unbalanced",289,FALSE,FALSE,0
"independent_unbalanced",290,FALSE,FALSE,0
"independent_unbalanced",291,FALSE,FALSE,0
"independent_unbalanced",292,FALSE,FALSE,0
"independent_unbalanced",293,FALSE,FALSE,0
"independent_unbalanced",294,FALSE,FALSE,0
"independent_unbalanced",295,FALSE,FALSE,0
"independent_unbalanced",296,FALSE,FALSE,0
"independent_unbalanced",297,FALSE,FALSE,0
"independent_unbalanced",298,FALSE,FALSE,0
"independent_unbalanced",299,FALSE,FALSE,0
"independent_unbalanced",300,FALSE,FALSE,0
"independent_unbalanced",301,FALSE,FALSE,0
"independent_unbalanced",302,FALSE,FALSE,0
"independent_unbalanced",303,FALSE,FALSE,0
"independent_unbalanced",304,FALSE,FALSE,0
"independent_unbalanced",305,FALSE,FALSE,0
"independent_unbalanced",306,FALSE,FALSE,0
"independent_unbalanced",307,FALSE,FALSE,0
"independent_unbalanced",308,FALSE,FALSE,0
"independent_unbalanced",309,FALSE,FALSE,0
"independent_unbalanced",310,FALSE,FALSE,0
"independent_unbalanced",311,FALSE,FALSE,0
"independent_unbalanced",312,FALSE,FALSE,0
"independent_unbalanced",313,FALSE,FALSE,0
"independent_unbalanced",314,FALSE,FALSE,0
"independent_unbalanced",315,FALSE,FALSE,0
"independent_unbalanced",316,FALSE,FALSE,0
"independent_unbalanced",317,FALSE,FALSE,0
"independent_unbalanced",318,FALSE,FALSE,0
"independent_unbalanced",319,FALSE,FALSE,0
"independent_unbalanced",320,FALSE,FALSE,0
"independent_unbalanced",321,FALSE,FALSE,0
"independent_unbalanced",322,FALSE,FALSE,0
"independent_unbalanced",323,FALSE,FALSE,0
"independent_unbalanced",324,FALSE,FALSE,0
"independent_unbalanced",325,FALSE,FALSE,0
"independent_unbalanced",326,FALSE,FALSE,0
"independent_unbalanced",327,FALSE,FALSE,0
"independent_unbalanced",328,FALSE,FALSE,0
"independent_unbalanced",329,FALSE,FALSE,0
"independent_unbalanced",330,FALSE,FALSE,0
"independent_unbalanced",331,FALSE,FALSE,0
"independent_unbalanced",332,TRUE,FALSE,0
"independent_unbalanced",333,FALSE,FALSE,0
"independent_unbalanced",334,FALSE,FALSE,0
"independent_unbalanced",335,FALSE,FALSE,0
"independent_unbalanced",336,FALSE,FALSE,0
"independent_unbalanced",337,FALSE,FALSE,0
"independent_unbalanced",338,FALSE,FALSE,0
"independent_unbalanced",339,FALSE,FALSE,0
"independent_unbalanced",340,FALSE,FALSE,0
"independent_unbalanced",341,FALSE,FALSE,0
"independent_unbalanced",342,FALSE,FALSE,0
"independent_unbalanced",343,FALSE,FALSE,0
"independent_unbalanced",344,FALSE,FALSE,0
"independent_unbalanced",345,FALSE,FALSE,0
"independent_unbalanced",346,FALSE,FALSE,0
"independent_unbalanced",347,FALSE,FALSE,0
"independent_unbalanced",348,FALSE,FALSE,0
"independent_unbalanced",349,FALSE,FALSE,0
"independent_unbalanced",350,FALSE,FALSE,0
"independent_unbalanced",351,FALSE,FALSE,0
"independent_unbalanced",352,FALSE,FALSE,0
"independent_unbalanced",353,FALSE,FALSE,0
"independent_unbalanced",354,FALSE,FALSE,0
"independent_unbalanced",355,FALSE,FALSE,0
"independent_unbalanced",356,FALSE,FALSE,0
"independent_unbalanced",357,FALSE,FALSE,0
"independent_unbalanced",358,FALSE,FALSE,0
"independent_unbalanced",359,FALSE,FALSE,0
"independent_unbalanced",360,FALSE,FALSE,0
"independent_unbalanced",361,FALSE,FALSE,0
"independent_unbalanced",362,FALSE,FALSE,0
"independent_unbalanced",363,FALSE,FALSE,0
"independent_unbalanced",364,FALSE,FALSE,0
"independent_unbalanced",365,FALSE,FALSE,0
"independent_unbalanced",366,FALSE,FALSE,0
"independent_unbalanced",367,FALSE,FALSE,0
"independent_unbalanced",368,FALSE,FALSE,0
"independent_unbalanced",369,TRUE,FALSE,0
"independent_unbalanced",370,FALSE,FALSE,0
"independent_unbalanced",371,FALSE,FALSE,0
"independent_unbalanced",372,FALSE,FALSE,0
"independent_unbalanced",373,FALSE,FALSE,0
"independent_unbalanced",374,TRUE,FALSE,0
"independent_unbalanced",375,FALSE,FALSE,0
"independent_unbalanced",376,FALSE,FALSE,0
"independent_unbalanced",377,FALSE,FALSE,0
"independent_unbalanced",378,FALSE,FALSE,0
"independent_unbalanced",379,FALSE,FALSE,0
"independent_unbalanced",380,FALSE,FALSE,0
"independent_unbalanced",381,FALSE,FALSE,0
"independent_unbalanced",382,FALSE,FALSE,0
"independent_unbalanced",383,FALSE,FALSE,0
"independent_unbalanced",384,FALSE,FALSE,0
"independent_unbalanced",385,FALSE,FALSE,0
"independent_unbalanced",386,FALSE,FALSE,0
"independent_unbalanced",387,FALSE,FALSE,0
"independent_unbalanced",388,FALSE,FALSE,0
"independent_unbalanced",389,FALSE,FALSE,0
"independent_unbalanced",390,FALSE,FALSE,0
"independent_unbalanced",391,FALSE,FALSE,0
"independent_unbalanced",392,FALSE,FALSE,0
"independent_unbalanced",393,FALSE,FALSE,0
"independent_unbalanced",394,FALSE,FALSE,0
"independent_unbalanced",395,FALSE,FALSE,0
"independent_unbalanced",396,FALSE,FALSE,0
"independent_unbalanced",397,FALSE,FALSE,0
"independent_unbalanced",398,FALSE,FALSE,0
"independent_unbalanced",399,FALSE,FALSE,0
"independent_unbalanced",400,FALSE,FALSE,0
"independent_unbalanced",401,FALSE,FALSE,0
"independent_unbalanced",402,FALSE,FALSE,0
"independent_unbalanced",403,FALSE,FALSE,0
"independent_unbalanced",404,FALSE,FALSE,0
"independent_unbalanced",405,FALSE,FALSE,0
"independent_unbalanced",406,FALSE,FALSE,0
"independent_unbalanced",407,FALSE,FALSE,0
"independent_unbalanced",408,FALSE,FALSE,0
"independent_unbalanced",409,FALSE,FALSE,0
"independent_unbalanced",410,FALSE,FALSE,0
"independent_unbalanced",411,FALSE,FALSE,0
"independent_unbalanced",412,FALSE,FALSE,0
"independent_unbalanced",413,FALSE,FALSE,0
"independent_unbalanced",414,FALSE,FALSE,0
"independent_unbalanced",415,FALSE,FALSE,0
"independent_unbalanced",416,FALSE,FALSE,0
"independent_unbalanced",417,FALSE,FALSE,0
"independent_unbalanced",418,FALSE,FALSE,0
"independent_unbalanced",419,FALSE,FALSE,0
"independent_unbalanced",420,FALSE,FALSE,0
"independent_unbalanced",421,FALSE,FALSE,0
"independent_unbalanced",422,TRUE,FALSE,0
"independent_unbalanced",423,FALSE,FALSE,0
"independent_unbalanced",424,FALSE,FALSE,0
"independent_unbalanced",425,FALSE,FALSE,0
"independent_unbalanced",426,FALSE,FALSE,0
"independent_unbalanced",427,TRUE,TRUE,0
"independent_unbalanced",428,FALSE,FALSE,0
"independent_unbalanced",429,TRUE,FALSE,0
"independent_unbalanced",430,FALSE,FALSE,0
"independent_unbalanced",431,FALSE,FALSE,0
"independent_unbalanced",432,FALSE,FALSE,0
"independent_unbalanced",433,FALSE,FALSE,0
"independent_unbalanced",434,FALSE,FALSE,0
"independent_unbalanced",435,FALSE,FALSE,0
"independent_unbalanced",436,FALSE,FALSE,0
"independent_unbalanced",437,FALSE,FALSE,0
"independent_unbalanced",438,FALSE,FALSE,0
"independent_unbalanced",439,FALSE,FALSE,0
"independent_unbalanced",440,FALSE,FALSE,0
"independent_unbalanced",441,FALSE,FALSE,0
"independent_unbalanced",442,FALSE,FALSE,0
"independent_unbalanced",443,FALSE,FALSE,0
"independent_unbalanced",444,FALSE,FALSE,0
"independent_unbalanced",445,FALSE,FALSE,0
"independent_unbalanced",446,FALSE,FALSE,0
"independent_unbalanced",447,FALSE,FALSE,0
"independent_unbalanced",448,FALSE,FALSE,0
"independent_unbalanced",449,FALSE,FALSE,0
"independent_unbalanced",450,FALSE,FALSE,0
"independent_unbalanced",451,FALSE,FALSE,0
"independent_unbalanced",452,FALSE,FALSE,0
"independent_unbalanced",453,FALSE,FALSE,0
"independent_unbalanced",454,FALSE,FALSE,0
"independent_unbalanced",455,FALSE,FALSE,0
"independent_unbalanced",456,FALSE,FALSE,0
"independent_unbalanced",457,FALSE,FALSE,0
"independent_unbalanced",458,TRUE,FALSE,0
"independent_unbalanced",459,FALSE,FALSE,0
"independent_unbalanced",460,FALSE,TRUE,0
"independent_unbalanced",461,FALSE,FALSE,0
"independent_unbalanced",462,FALSE,FALSE,0
"independent_unbalanced",463,FALSE,FALSE,0
"independent_unbalanced",464,FALSE,FALSE,0
"independent_unbalanced",465,FALSE,FALSE,0
"independent_unbalanced",466,FALSE,FALSE,0
"independent_unbalanced",467,FALSE,FALSE,0
"independent_unbalanced",468,FALSE,FALSE,0
"independent_unbalanced",469,FALSE,FALSE,0
"independent_unbalanced",470,FALSE,FALSE,0
"independent_unbalanced",471,FALSE,FALSE,0
"independent_unbalanced",472,FALSE,FALSE,0
"independent_unbalanced",473,FALSE,FALSE,0
"independent_unbalanced",474,FALSE,FALSE,0
"independent_unbalanced",475,FALSE,FALSE,0
"independent_unbalanced",476,FALSE,FALSE,0
"independent_unbalanced",477,FALSE,FALSE,0
"independent_unbalanced",478,FALSE,FALSE,0
"independent_unbalanced",479,FALSE,FALSE,0
"independent_unbalanced",480,FALSE,FALSE,0
"independent_unbalanced",481,FALSE,FALSE,0
"independent_unbalanced",482,FALSE,FALSE,0
"independent_unbalanced",483,FALSE,FALSE,0
"independent_unbalanced",484,FALSE,FALSE,0
"independent_unbalanced",485,FALSE,FALSE,0
"independent_unbalanced",486,FALSE,FALSE,0
"independent_unbalanced",487,FALSE,TRUE,0
"independent_unbalanced",488,FALSE,FALSE,0
"independent_unbalanced",489,FALSE,FALSE,0
"independent_unbalanced",490,FALSE,FALSE,0
"independent_unbalanced",491,FALSE,FALSE,0
"independent_unbalanced",492,FALSE,FALSE,0
"independent_unbalanced",493,FALSE,FALSE,0
"independent_unbalanced",494,FALSE,FALSE,0
"independent_unbalanced",495,FALSE,FALSE,0
"independent_unbalanced",496,FALSE,FALSE,0
"independent_unbalanced",497,FALSE,FALSE,0
"independent_unbalanced",498,FALSE,FALSE,0
"independent_unbalanced",499,FALSE,FALSE,0
"independent_unbalanced",500,FALSE,FALSE,0
"independent_unbalanced",501,FALSE,FALSE,0
"independent_unbalanced",502,FALSE,FALSE,0
"independent_unbalanced",503,FALSE,FALSE,0
"independent_unbalanced",504,FALSE,FALSE,0
"independent_unbalanced",505,FALSE,FALSE,0
"independent_unbalanced",506,TRUE,FALSE,0
"independent_unbalanced",507,FALSE,FALSE,0
"independent_unbalanced",508,FALSE,FALSE,0
"independent_unbalanced",509,FALSE,FALSE,0
"independent_unbalanced",510,FALSE,FALSE,0
"independent_unbalanced",511,FALSE,FALSE,0
"independent_unbalanced",512,FALSE,FALSE,0
"independent_unbalanced",513,FALSE,FALSE,0
"independent_unbalanced",514,FALSE,FALSE,0
"independent_unbalanced",515,FALSE,FALSE,0
"independent_unbalanced",516,FALSE,FALSE,0
"independent_unbalanced",517,FALSE,FALSE,0
"independent_unbalanced",518,FALSE,FALSE,0
"independent_unbalanced",519,FALSE,FALSE,0
"independent_unbalanced",520,FALSE,FALSE,0
"independent_unbalanced",521,FALSE,FALSE,0
"independent_unbalanced",522,FALSE,FALSE,0
"independent_unbalanced",523,FALSE,FALSE,0
"independent_unbalanced",524,FALSE,FALSE,0
"independent_unbalanced",525,FALSE,FALSE,0
"independent_unbalanced",526,FALSE,FALSE,0
"independent_unbalanced",527,FALSE,FALSE,0
"independent_unbalanced",528,FALSE,FALSE,0
"independent_unbalanced",529,FALSE,FALSE,0
"independent_unbalanced",530,FALSE,FALSE,0
"independent_unbalanced",531,FALSE,FALSE,0
"independent_unbalanced",532,FALSE,FALSE,0
"independent_unbalanced",533,FALSE,FALSE,0
"independent_unbalanced",534,FALSE,FALSE,0
"independent_unbalanced",535,FALSE,FALSE,0
"independent_unbalanced",536,FALSE,FALSE,0
"independent_unbalanced",537,FALSE,FALSE,0
"independent_unbalanced",538,FALSE,FALSE,0
"independent_unbalanced",539,FALSE,FALSE,0
"independent_unbalanced",540,FALSE,FALSE,0
"independent_unbalanced",541,FALSE,FALSE,0
"independent_unbalanced",542,FALSE,FALSE,0
"independent_unbalanced",543,FALSE,FALSE,0
"independent_unbalanced",544,FALSE,FALSE,0
"independent_unbalanced",545,FALSE,FALSE,0
"independent_unbalanced",546,FALSE,FALSE,0
"independent_unbalanced",547,FALSE,FALSE,0
"independent_unbalanced",548,FALSE,FALSE,0
"independent_unbalanced",549,FALSE,FALSE,0
"independent_unbalanced",550,FALSE,FALSE,0
"independent_unbalanced",551,TRUE,FALSE,0
"independent_unbalanced",552,FALSE,FALSE,0
"independent_unbalanced",553,FALSE,FALSE,0
"independent_unbalanced",554,FALSE,FALSE,0
"independent_unbalanced",555,FALSE,FALSE,0
"independent_unbalanced",556,FALSE,FALSE,0
"independent_unbalanced",557,FALSE,FALSE,0
"independent_unbalanced",558,FALSE,FALSE,0
"independent_unbalanced",559,FALSE,FALSE,0
"independent_unbalanced",560,FALSE,FALSE,0
"independent_unbalanced",561,FALSE,FALSE,0
"independent_unbalanced",562,FALSE,FALSE,0
"independent_unbalanced",563,FALSE,FALSE,0
"independent_unbalanced",564,FALSE,FALSE,0
"independent_unbalanced",565,FALSE,FALSE,0
"independent_unbalanced",566,FALSE,FALSE,0
"independent_unbalanced",567,FALSE,FALSE,0
"independent_unbalanced",568,FALSE,FALSE,0
"independent_unbalanced",569,FALSE,FALSE,0
"independent_unbalanced",570,FALSE,FALSE,0
"independent_unbalanced",571,FALSE,FALSE,0
"independent_unbalanced",572,FALSE,FALSE,0
"independent_unbalanced",573,FALSE,FALSE,0
"independent_unbalanced",574,FALSE,FALSE,0
"independent_unbalanced",575,FALSE,FALSE,0
"independent_unbalanced",576,FALSE,FALSE,0
"independent_unbalanced",577,FALSE,FALSE,0
"independent_unbalanced",578,FALSE,FALSE,0
"independent_unbalanced",579,FALSE,FALSE,0
"independent_unbalanced",580,FALSE,FALSE,0
"independent_unbalanced",581,FALSE,FALSE,0
"independent_unbalanced",582,FALSE,FALSE,0
"independent_unbalanced",583,FALSE,FALSE,0
"independent_unbalanced",584,FALSE,FALSE,0
"independent_unbalanced",585,FALSE,FALSE,0
"independent_unbalanced",586,FALSE,FALSE,0
"independent_unbalanced",587,FALSE,FALSE,0
"independent_unbalanced",588,FALSE,FALSE,0
"independent_unbalanced",589,FALSE,FALSE,0
"independent_unbalanced",590,FALSE,FALSE,0
"independent_unbalanced",591,FALSE,FALSE,0
"independent_unbalanced",592,FALSE,FALSE,0
"independent_unbalanced",593,FALSE,FALSE,0
"independent_unbalanced",594,FALSE,FALSE,0
"independent_unbalanced",595,FALSE,FALSE,0
"independent_unbalanced",596,FALSE,FALSE,0
"independent_unbalanced",597,FALSE,FALSE,0
"independent_unbalanced",598,FALSE,FALSE,0
"independent_unbalanced",599,FALSE,FALSE,0
"independent_unbalanced",600,FALSE,FALSE,0
"independent_unbalanced",601,FALSE,FALSE,0
"independent_unbalanced",602,FALSE,FALSE,0
"independent_unbalanced",603,FALSE,FALSE,0
"independent_unbalanced",604,FALSE,FALSE,0
"independent_unbalanced",605,FALSE,FALSE,0
"independent_unbalanced",606,FALSE,FALSE,0
"independent_unbalanced",607,FALSE,FALSE,0
"independent_unbalanced",608,FALSE,FALSE,0
"independent_unbalanced",609,FALSE,FALSE,0
"independent_unbalanced",610,FALSE,FALSE,0
"independent_unbalanced",611,FALSE,FALSE,0
"independent_unbalanced",612,FALSE,FALSE,0
"independent_unbalanced",613,FALSE,FALSE,0
"independent_unbalanced",614,FALSE,FALSE,0
"independent_unbalanced",615,FALSE,FALSE,0
"independent_unbalanced",616,FALSE,FALSE,0
"independent_unbalanced",617,FALSE,FALSE,0
"independent_unbalanced",618,FALSE,FALSE,0
"independent_unbalanced",619,FALSE,FALSE,0
"independent_unbalanced",620,TRUE,FALSE,0
"independent_unbalanced",621,FALSE,FALSE,0
"independent_unbalanced",622,FALSE,FALSE,0
"independent_unbalanced",623,FALSE,FALSE,0
"independent_unbalanced",624,FALSE,FALSE,0
"independent_unbalanced",625,TRUE,FALSE,0
"independent_unbalanced",626,FALSE,FALSE,0
"independent_unbalanced",627,FALSE,FALSE,0
"independent_unbalanced",628,FALSE,FALSE,0
"independent_unbalanced",629,FALSE,FALSE,0
"independent_unbalanced",630,FALSE,FALSE,0
"independent_unbalanced",631,FALSE,FALSE,0
"independent_unbalanced",632,FALSE,FALSE,0
"independent_unbalanced",633,FALSE,FALSE,0
"independent_unbalanced",634,FALSE,FALSE,0
"independent_unbalanced",635,FALSE,FALSE,0
"independent_unbalanced",636,FALSE,FALSE,0
"independent_unbalanced",637,FALSE,FALSE,0
"independent_unbalanced",638,FALSE,FALSE,0
"independent_unbalanced",639,FALSE,FALSE,0
"independent_unbalanced",640,FALSE,FALSE,0
"independent_unbalanced",641,FALSE,FALSE,0
"independent_unbalanced",642,FALSE,FALSE,0
"independent_unbalanced",643,FALSE,FALSE,0
"independent_unbalanced",644,FALSE,FALSE,0
"independent_unbalanced",645,FALSE,FALSE,0
"independent_unbalanced",646,FALSE,FALSE,0
"independent_unbalanced",647,FALSE,FALSE,0
"independent_unbalanced",648,FALSE,FALSE,0
"independent_unbalanced",649,FALSE,FALSE,0
"independent_unbalanced",650,FALSE,FALSE,0
"independent_unbalanced",651,FALSE,FALSE,0
"independent_unbalanced",652,FALSE,FALSE,0
"independent_unbalanced",653,FALSE,FALSE,0
"independent_unbalanced",654,FALSE,FALSE,0
"independent_unbalanced",655,FALSE,FALSE,0
"independent_unbalanced",656,FALSE,FALSE,0
"independent_unbalanced",657,FALSE,FALSE,0
"independent_unbalanced",658,FALSE,FALSE,0
"independent_unbalanced",659,FALSE,FALSE,0
"independent_unbalanced",660,FALSE,FALSE,0
"independent_unbalanced",661,FALSE,FALSE,0
"independent_unbalanced",662,FALSE,FALSE,0
"independent_unbalanced",663,FALSE,FALSE,0
"independent_unbalanced",664,FALSE,FALSE,0
"independent_unbalanced",665,FALSE,FALSE,0
"independent_unbalanced",666,FALSE,FALSE,0
"independent_unbalanced",667,FALSE,FALSE,0
"independent_unbalanced",668,FALSE,FALSE,0
"independent_unbalanced",669,FALSE,FALSE,0
"independent_unbalanced",670,FALSE,FALSE,0
"independent_unbalanced",671,FALSE,FALSE,0
"independent_unbalanced",672,FALSE,FALSE,0
"independent_unbalanced",673,FALSE,FALSE,0
"independent_unbalanced",674,FALSE,FALSE,0
"independent_unbalanced",675,FALSE,FALSE,0
"independent_unbalanced",676,TRUE,TRUE,1
"independent_unbalanced",677,FALSE,FALSE,0
"independent_unbalanced",678,FALSE,FALSE,0
"independent_unbalanced",679,FALSE,FALSE,0
"independent_unbalanced",680,FALSE,FALSE,0
"independent_unbalanced",681,FALSE,FALSE,0
"independent_unbalanced",682,FALSE,FALSE,0
"independent_unbalanced",683,TRUE,TRUE,0
"independent_unbalanced",684,FALSE,FALSE,0
"independent_unbalanced",685,FALSE,FALSE,0
"independent_unbalanced",686,FALSE,FALSE,0
"independent_unbalanced",687,FALSE,FALSE,0
"independent_unbalanced",688,TRUE,TRUE,0
"independent_unbalanced",689,FALSE,FALSE,0
"independent_unbalanced",690,FALSE,FALSE,0
"independent_unbalanced",691,FALSE,FALSE,0
"independent_unbalanced",692,FALSE,FALSE,0
"independent_unbalanced",693,FALSE,FALSE,0
"independent_unbalanced",694,FALSE,FALSE,0
"independent_unbalanced",695,FALSE,FALSE,0
"independent_unbalanced",696,FALSE,FALSE,0
"independent_unbalanced",697,FALSE,FALSE,0
"independent_unbalanced",698,FALSE,FALSE,0
"independent_unbalanced",699,FALSE,FALSE,0
"independent_unbalanced",700,FALSE,FALSE,0
"independent_unbalanced",701,FALSE,FALSE,0
"independent_unbalanced",702,FALSE,FALSE,0
"independent_unbalanced",703,FALSE,FALSE,0
"independent_unbalanced",704,FALSE,FALSE,0
"independent_unbalanced",705,FALSE,FALSE,0
"independent_unbalanced",706,FALSE,FALSE,0
"independent_unbalanced",707,FALSE,FALSE,0
"independent_unbalanced",708,FALSE,FALSE,0
"independent_unbalanced",709,FALSE,FALSE,0
"independent_unbalanced",710,FALSE,FALSE,0
"independent_unbalanced",711,FALSE,FALSE,0
"independent_unbalanced",712,FALSE,FALSE,0
"independent_unbalanced",713,FALSE,FALSE,0
"independent_unbalanced",714,FALSE,FALSE,0
"independent_unbalanced",715,FALSE,FALSE,0
"independent_unbalanced",716,FALSE,FALSE,0
"independent_unbalanced",717,FALSE,FALSE,0
"independent_unbalanced",718,FALSE,FALSE,0
"independent_unbalanced",719,FALSE,FALSE,0
"independent_unbalanced",720,FALSE,FALSE,0
"independent_unbalanced",721,FALSE,FALSE,0
"independent_unbalanced",722,FALSE,FALSE,0
"independent_unbalanced",723,FALSE,FALSE,0
"independent_unbalanced",724,FALSE,FALSE,0
"independent_unbalanced",725,FALSE,FALSE,0
"independent_unbalanced",726,FALSE,FALSE,0
"independent_unbalanced",727,FALSE,FALSE,0
"independent_unbalanced",728,FALSE,FALSE,0
"independent_unbalanced",729,FALSE,FALSE,0
"independent_unbalanced",730,FALSE,FALSE,0
"independent_unbalanced",731,FALSE,FALSE,0
"independent_unbalanced",732,FALSE,FALSE,0
"independent_unbalanced",733,FALSE,FALSE,0
"independent_unbalanced",734,FALSE,FALSE,0
"independent_unbalanced",735,FALSE,FALSE,0
"independent_unbalanced",736,FALSE,FALSE,0
"independent_unbalanced",737,FALSE,FALSE,0
"independent_unbalanced",738,FALSE,FALSE,0
"independent_unbalanced",739,FALSE,FALSE,0
"independent_unbalanced",740,FALSE,FALSE,0
"independent_unbalanced",741,FALSE,FALSE,0
"independent_unbalanced",742,FALSE,FALSE,0
"independent_unbalanced",743,FALSE,FALSE,0
"independent_unbalanced",744,FALSE,FALSE,0
"independent_unbalanced",745,FALSE,FALSE,0
"independent_unbalanced",746,FALSE,FALSE,0
"independent_unbalanced",747,FALSE,FALSE,0
"independent_unbalanced",748,FALSE,FALSE,0
"independent_unbalanced",749,FALSE,FALSE,0
"independent_unbalanced",750,FALSE,FALSE,0
"independent_unbalanced",751,FALSE,FALSE,0
"independent_unbalanced",752,FALSE,FALSE,0
"independent_unbalanced",753,FALSE,FALSE,0
"independent_unbalanced",754,FALSE,FALSE,0
"independent_unbalanced",755,FALSE,FALSE,0
"independent_unbalanced",756,FALSE,FALSE,0
"independent_unbalanced",757,FALSE,FALSE,0
"independent_unbalanced",758,FALSE,FALSE,0
"independent_unbalanced",759,TRUE,FALSE,0
"independent_unbalanced",760,FALSE,FALSE,0
"independent_unbalanced",761,FALSE,FALSE,0
"independent_unbalanced",762,FALSE,FALSE,0
"independent_unbalanced",763,FALSE,FALSE,0
"independent_unbalanced",764,FALSE,FALSE,0
"independent_unbalanced",765,FALSE,FALSE,0
"independent_unbalanced",766,TRUE,FALSE,0
"independent_unbalanced",767,FALSE,FALSE,0
"independent_unbalanced",768,FALSE,FALSE,0
"independent_unbalanced",769,TRUE,FALSE,0
"independent_unbalanced",770,FALSE,FALSE,0
"independent_unbalanced",771,FALSE,FALSE,0
"independent_unbalanced",772,FALSE,FALSE,0
"independent_unbalanced",773,FALSE,FALSE,0
"independent_unbalanced",774,FALSE,FALSE,0
"independent_unbalanced",775,FALSE,FALSE,0
"independent_unbalanced",776,TRUE,FALSE,0
"independent_unbalanced",777,FALSE,FALSE,0
"independent_unbalanced",778,FALSE,FALSE,0
"independent_unbalanced",779,FALSE,FALSE,0
"independent_unbalanced",780,TRUE,FALSE,0
"independent_unbalanced",781,FALSE,FALSE,0
"independent_unbalanced",782,FALSE,FALSE,0
"independent_unbalanced",783,FALSE,FALSE,0
"independent_unbalanced",784,FALSE,FALSE,0
"independent_unbalanced",785,TRUE,FALSE,0
"independent_unbalanced",786,FALSE,FALSE,0
"independent_unbalanced",787,TRUE,FALSE,0
"independent_unbalanced",788,FALSE,FALSE,0
"independent_unbalanced",789,FALSE,FALSE,0
"independent_unbalanced",790,FALSE,FALSE,0
"independent_unbalanced",791,FALSE,FALSE,0
"independent_unbalanced",792,FALSE,FALSE,0
"independent_unbalanced",793,FALSE,FALSE,0
"independent_unbalanced",794,FALSE,FALSE,0
"independent_unbalanced",795,TRUE,TRUE,1
"independent_unbalanced",796,FALSE,FALSE,0
"independent_unbalanced",797,FALSE,FALSE,0
"independent_unbalanced",798,FALSE,FALSE,0
"independent_unbalanced",799,TRUE,FALSE,0
"independent_unbalanced",800,FALSE,FALSE,0
"independent_unbalanced",801,FALSE,TRUE,0
"independent_unbalanced",802,FALSE,FALSE,0
"independent_unbalanced",803,FALSE,FALSE,0
"independent_unbalanced",804,FALSE,FALSE,0
"independent_unbalanced",805,FALSE,FALSE,0
"independent_unbalanced",806,FALSE,FALSE,0
"independent_unbalanced",807,FALSE,FALSE,0
"independent_unbalanced",808,FALSE,FALSE,0
"independent_unbalanced",809,FALSE,FALSE,0
"independent_unbalanced",810,FALSE,FALSE,0
"independent_unbalanced",811,FALSE,FALSE,0
"independent_unbalanced",812,FALSE,FALSE,0
"independent_unbalanced",813,FALSE,FALSE,0
"independent_unbalanced",814,FALSE,FALSE,0
"independent_unbalanced",815,FALSE,FALSE,0
"independent_unbalanced",816,FALSE,FALSE,0
"independent_unbalanced",817,FALSE,FALSE,0
"independent_unbalanced",818,FALSE,FALSE,0
"independent_unbalanced",819,FALSE,FALSE,0
"independent_unbalanced",820,FALSE,FALSE,0
"independent_unbalanced",821,TRUE,FALSE,0
"independent_unbalanced",822,FALSE,FALSE,0
"independent_unbalanced",823,FALSE,FALSE,0
"independent_unbalanced",824,FALSE,FALSE,0
"independent_unbalanced",825,FALSE,FALSE,0
"independent_unbalanced",826,TRUE,FALSE,0
"independent_unbalanced",827,FALSE,FALSE,0
"independent_unbalanced",828,FALSE,FALSE,0
"independent_unbalanced",829,FALSE,FALSE,0
"independent_unbalanced",830,FALSE,FALSE,0
"independent_unbalanced",831,FALSE,FALSE,0
"independent_unbalanced",832,FALSE,FALSE,0
"independent_unbalanced",833,FALSE,FALSE,0
"independent_unbalanced",834,FALSE,FALSE,0
"independent_unbalanced",835,FALSE,FALSE,0
"independent_unbalanced",836,FALSE,FALSE,0
"independent_unbalanced",837,FALSE,FALSE,0
"independent_unbalanced",838,FALSE,FALSE,0
"independent_unbalanced",839,FALSE,FALSE,0
"independent_unbalanced",840,FALSE,FALSE,0
"independent_unbalanced",841,FALSE,FALSE,0
"independent_unbalanced",842,FALSE,FALSE,0
"independent_unbalanced",843,FALSE,FALSE,0
"independent_unbalanced",844,FALSE,FALSE,0
"independent_unbalanced",845,FALSE,FALSE,0
"independent_unbalanced",846,FALSE,FALSE,0
"independent_unbalanced",847,FALSE,FALSE,0
"independent_unbalanced",848,FALSE,FALSE,0
"independent_unbalanced",849,FALSE,FALSE,0
"independent_unbalanced",850,FALSE,FALSE,0
"independent_unbalanced",851,FALSE,FALSE,0
"independent_unbalanced",852,FALSE,FALSE,0
"independent_unbalanced",853,FALSE,FALSE,0
"independent_unbalanced",854,FALSE,FALSE,0
"independent_unbalanced",855,FALSE,FALSE,0
"independent_unbalanced",856,FALSE,FALSE,0
"independent_unbalanced",857,FALSE,FALSE,0
"independent_unbalanced",858,FALSE,FALSE,0
"independent_unbalanced",859,TRUE,FALSE,0
"independent_unbalanced",860,FALSE,FALSE,0
"independent_unbalanced",861,TRUE,FALSE,0
"independent_unbalanced",862,FALSE,FALSE,0
"independent_unbalanced",863,FALSE,FALSE,0
"independent_unbalanced",864,TRUE,FALSE,0
"independent_unbalanced",865,FALSE,FALSE,0
"independent_unbalanced",866,FALSE,FALSE,0
"independent_unbalanced",867,TRUE,FALSE,0
"independent_unbalanced",868,FALSE,FALSE,0
"independent_unbalanced",869,FALSE,FALSE,0
"independent_unbalanced",870,FALSE,FALSE,0
"independent_unbalanced",871,FALSE,FALSE,0
"independent_unbalanced",872,FALSE,FALSE,0
"independent_unbalanced",873,FALSE,FALSE,0
"independent_unbalanced",874,FALSE,FALSE,0
"independent_unbalanced",875,FALSE,FALSE,0
"independent_unbalanced",876,FALSE,FALSE,0
"independent_unbalanced",877,FALSE,FALSE,0
"independent_unbalanced",878,FALSE,FALSE,0
"independent_unbalanced",879,FALSE,FALSE,0
"independent_unbalanced",880,FALSE,FALSE,0
"independent_unbalanced",881,TRUE,FALSE,0
"independent_unbalanced",882,FALSE,FALSE,0
"independent_unbalanced",883,FALSE,FALSE,0
"independent_unbalanced",884,FALSE,FALSE,0
"independent_unbalanced",885,FALSE,FALSE,0
"independent_unbalanced",886,FALSE,FALSE,0
"independent_unbalanced",887,FALSE,FALSE,0
"independent_unbalanced",888,FALSE,FALSE,0
"independent_unbalanced",889,FALSE,FALSE,0
"independent_unbalanced",890,FALSE,FALSE,0
"independent_unbalanced",891,FALSE,FALSE,0
"independent_unbalanced",892,FALSE,FALSE,0
"independent_unbalanced",893,FALSE,FALSE,0
"independent_unbalanced",894,FALSE,FALSE,0
"independent_unbalanced",895,TRUE,FALSE,0
"independent_unbalanced",896,FALSE,FALSE,0
"independent_unbalanced",897,FALSE,TRUE,0
"independent_unbalanced",898,FALSE,FALSE,0
"independent_unbalanced",899,FALSE,FALSE,0
"independent_unbalanced",900,FALSE,FALSE,0
"independent_unbalanced",901,FALSE,FALSE,0
"independent_unbalanced",902,FALSE,FALSE,0
"independent_unbalanced",903,FALSE,FALSE,0
"independent_unbalanced",904,FALSE,FALSE,0
"independent_unbalanced",905,FALSE,FALSE,0
"independent_unbalanced",906,FALSE,FALSE,0
"independent_unbalanced",907,FALSE,FALSE,0
"independent_unbalanced",908,FALSE,FALSE,0
"independent_unbalanced",909,FALSE,FALSE,0
"independent_unbalanced",910,FALSE,FALSE,0
"independent_unbalanced",911,FALSE,FALSE,0
"independent_unbalanced",912,FALSE,FALSE,0
"independent_unbalanced",913,FALSE,FALSE,0
"independent_unbalanced",914,FALSE,FALSE,0
"independent_unbalanced",915,FALSE,FALSE,0
"independent_unbalanced",916,FALSE,FALSE,0
"independent_unbalanced",917,FALSE,FALSE,0
"independent_unbalanced",918,FALSE,FALSE,0
"independent_unbalanced",919,FALSE,FALSE,0
"independent_unbalanced",920,TRUE,FALSE,0
"independent_unbalanced",921,FALSE,FALSE,0
"independent_unbalanced",922,FALSE,FALSE,0
"independent_unbalanced",923,FALSE,FALSE,0
"independent_unbalanced",924,FALSE,FALSE,0
"independent_unbalanced",925,FALSE,FALSE,0
"independent_unbalanced",926,FALSE,FALSE,0
"independent_unbalanced",927,FALSE,FALSE,0
"independent_unbalanced",928,FALSE,FALSE,0
"independent_unbalanced",929,FALSE,FALSE,0
"independent_unbalanced",930,FALSE,FALSE,0
"independent_unbalanced",931,FALSE,FALSE,0
"independent_unbalanced",932,FALSE,FALSE,0
"independent_unbalanced",933,FALSE,FALSE,0
"independent_unbalanced",934,FALSE,FALSE,0
"independent_unbalanced",935,FALSE,FALSE,0
"independent_unbalanced",936,FALSE,FALSE,0
"independent_unbalanced",937,FALSE,FALSE,0
"independent_unbalanced",938,FALSE,TRUE,1
"independent_unbalanced",939,FALSE,FALSE,0
"independent_unbalanced",940,TRUE,FALSE,0
"independent_unbalanced",941,FALSE,FALSE,0
"independent_unbalanced",942,TRUE,FALSE,0
"independent_unbalanced",943,FALSE,FALSE,0
"independent_unbalanced",944,FALSE,FALSE,0
"independent_unbalanced",945,FALSE,FALSE,0
"independent_unbalanced",946,FALSE,FALSE,0
"independent_unbalanced",947,FALSE,FALSE,0
"independent_unbalanced",948,FALSE,FALSE,0
"independent_unbalanced",949,FALSE,FALSE,0
"independent_unbalanced",950,TRUE,FALSE,0
"independent_unbalanced",951,FALSE,FALSE,0
"independent_unbalanced",952,FALSE,FALSE,0
"independent_unbalanced",953,FALSE,FALSE,0
"independent_unbalanced",954,FALSE,FALSE,0
"independent_unbalanced",955,FALSE,FALSE,0
"independent_unbalanced",956,FALSE,FALSE,0
"independent_unbalanced",957,FALSE,FALSE,0
"independent_unbalanced",958,FALSE,FALSE,0
"independent_unbalanced",959,FALSE,FALSE,0
"independent_unbalanced",960,FALSE,FALSE,0
"independent_unbalanced",961,FALSE,FALSE,0
"independent_unbalanced",962,FALSE,FALSE,0
"independent_unbalanced",963,FALSE,FALSE,0
"independent_unbalanced",964,FALSE,FALSE,0
"independent_unbalanced",965,FALSE,FALSE,0
"independent_unbalanced",966,FALSE,FALSE,0
"independent_unbalanced",967,TRUE,FALSE,0
"independent_unbalanced",968,FALSE,FALSE,0
"independent_unbalanced",969,FALSE,FALSE,0
"independent_unbalanced",970,FALSE,FALSE,0
"independent_unbalanced",971,FALSE,FALSE,0
"independent_unbalanced",972,FALSE,FALSE,0
"independent_unbalanced",973,FALSE,FALSE,0
"independent_unbalanced",974,FALSE,FALSE,0
"independent_unbalanced",975,FALSE,FALSE,0
"independent_unbalanced",976,FALSE,FALSE,0
"independent_unbalanced",977,FALSE,FALSE,0
"independent_unbalanced",978,FALSE,FALSE,0
"independent_unbalanced",979,FALSE,FALSE,0
"independent_unbalanced",980,FALSE,FALSE,0
"independent_unbalanced",981,FALSE,FALSE,0
"independent_unbalanced",982,FALSE,FALSE,0
"independent_unbalanced",983,TRUE,FALSE,0
"independent_unbalanced",984,FALSE,FALSE,0
"independent_unbalanced",985,FALSE,FALSE,0
"independent_unbalanced",986,FALSE,FALSE,0
"independent_unbalanced",987,TRUE,FALSE,0
"independent_unbalanced",988,FALSE,FALSE,0
"independent_unbalanced",989,FALSE,FALSE,0
"independent_unbalanced",990,FALSE,FALSE,0
"independent_unbalanced",991,FALSE,FALSE,0
"independent_unbalanced",992,FALSE,FALSE,0
"independent_unbalanced",993,FALSE,FALSE,0
"independent_unbalanced",994,FALSE,FALSE,0
"independent_unbalanced",995,FALSE,FALSE,0
"independent_unbalanced",996,FALSE,FALSE,0
"independent_unbalanced",997,FALSE,FALSE,0
"independent_unbalanced",998,TRUE,FALSE,0
"independent_unbalanced",999,FALSE,FALSE,0
"independent_unbalanced",1000,FALSE,FALSE,0
"independent_unbalanced",1001,FALSE,FALSE,0
"independent_unbalanced",1002,FALSE,FALSE,0
"independent_unbalanced",1003,FALSE,FALSE,0
"independent_unbalanced",1004,FALSE,FALSE,0
"independent_unbalanced",1005,FALSE,FALSE,0
"independent_unbalanced",1006,FALSE,FALSE,0
"independent_unbalanced",1007,FALSE,FALSE,0
"independent_unbalanced",1008,FALSE,FALSE,0
"independent_unbalanced",1009,FALSE,FALSE,0
"independent_unbalanced",1010,FALSE,FALSE,0
"independent_unbalanced",1011,FALSE,FALSE,0
"independent_unbalanced",1012,FALSE,FALSE,0
"independent_unbalanced",1013,FALSE,FALSE,0
"independent_unbalanced",1014,FALSE,FALSE,0
"independent_unbalanced",1015,FALSE,FALSE,0
"independent_unbalanced",1016,FALSE,FALSE,0
"independent_unbalanced",1017,FALSE,FALSE,0
"independent_unbalanced",1018,FALSE,FALSE,0
"independent_unbalanced",1019,TRUE,FALSE,0
"independent_unbalanced",1020,FALSE,FALSE,0
"independent_unbalanced",1021,FALSE,FALSE,0
"independent_unbalanced",1022,FALSE,FALSE,0
"independent_unbalanced",1023,FALSE,FALSE,0
"independent_unbalanced",1024,FALSE,FALSE,0
"independent_unbalanced",1025,FALSE,FALSE,0
"independent_unbalanced",1026,TRUE,FALSE,0
"independent_unbalanced",1027,FALSE,FALSE,0
"independent_unbalanced",1028,FALSE,FALSE,0
"independent_unbalanced",1029,FALSE,FALSE,0
"independent_unbalanced",1030,FALSE,FALSE,0
"independent_unbalanced",1031,FALSE,FALSE,0
"independent_unbalanced",1032,FALSE,TRUE,0
"independent_unbalanced",1033,FALSE,FALSE,0
"independent_unbalanced",1034,FALSE,FALSE,0
"independent_unbalanced",1035,FALSE,FALSE,0
"independent_unbalanced",1036,FALSE,FALSE,0
"independent_unbalanced",1037,FALSE,FALSE,0
"independent_unbalanced",1038,FALSE,FALSE,0
"independent_unbalanced",1039,FALSE,FALSE,0
"independent_unbalanced",1040,FALSE,FALSE,0
"independent_unbalanced",1041,FALSE,FALSE,0
"independent_unbalanced",1042,FALSE,FALSE,0
"independent_unbalanced",1043,FALSE,FALSE,0
"independent_unbalanced",1044,FALSE,FALSE,0
"independent_unbalanced",1045,FALSE,FALSE,0
"independent_unbalanced",1046,FALSE,FALSE,0
"independent_unbalanced",1047,FALSE,FALSE,0
"independent_unbalanced",1048,TRUE,FALSE,0
"independent_unbalanced",1049,FALSE,FALSE,0
"independent_unbalanced",1050,FALSE,FALSE,0
"independent_unbalanced",1051,FALSE,FALSE,0
"independent_unbalanced",1052,FALSE,FALSE,0
"independent_unbalanced",1053,FALSE,FALSE,0
"independent_unbalanced",1054,TRUE,FALSE,0
"independent_unbalanced",1055,FALSE,FALSE,0
"independent_unbalanced",1056,FALSE,FALSE,0
"independent_unbalanced",1057,FALSE,FALSE,0
"independent_unbalanced",1058,FALSE,FALSE,0
"independent_unbalanced",1059,FALSE,FALSE,0
"independent_unbalanced",1060,FALSE,FALSE,0
"independent_unbalanced",1061,FALSE,FALSE,0
"independent_unbalanced",1062,FALSE,FALSE,0
"independent_unbalanced",1063,FALSE,FALSE,0
"independent_unbalanced",1064,FALSE,FALSE,0
"independent_unbalanced",1065,FALSE,FALSE,0
"independent_unbalanced",1066,FALSE,FALSE,0
"independent_unbalanced",1067,FALSE,FALSE,0
"independent_unbalanced",1068,FALSE,FALSE,0
"independent_unbalanced",1069,FALSE,FALSE,0
"independent_unbalanced",1070,FALSE,FALSE,0
"independent_unbalanced",1071,FALSE,FALSE,0
"independent_unbalanced",1072,FALSE,FALSE,0
"independent_unbalanced",1073,FALSE,FALSE,0
"independent_unbalanced",1074,FALSE,FALSE,0
"independent_unbalanced",1075,FALSE,FALSE,0
"independent_unbalanced",1076,FALSE,FALSE,0
"independent_unbalanced",1077,FALSE,FALSE,0
"independent_unbalanced",1078,FALSE,FALSE,0
"independent_unbalanced",1079,FALSE,FALSE,0
"independent_unbalanced",1080,FALSE,FALSE,0
"independent_unbalanced",1081,FALSE,FALSE,0
"independent_unbalanced",1082,FALSE,FALSE,0
"independent_unbalanced",1083,FALSE,FALSE,0
"independent_unbalanced",1084,FALSE,FALSE,0
"independent_unbalanced",1085,FALSE,FALSE,0
"independent_unbalanced",1086,FALSE,FALSE,0
"independent_unbalanced",1087,FALSE,FALSE,0
"independent_unbalanced",1088,FALSE,FALSE,0
"independent_unbalanced",1089,FALSE,FALSE,0
"independent_unbalanced",1090,FALSE,FALSE,0
"independent_unbalanced",1091,FALSE,FALSE,0
"independent_unbalanced",1092,FALSE,FALSE,0
"independent_unbalanced",1093,FALSE,FALSE,0
"independent_unbalanced",1094,FALSE,FALSE,0
"independent_unbalanced",1095,FALSE,FALSE,0
"independent_unbalanced",1096,FALSE,FALSE,0
"independent_unbalanced",1097,TRUE,FALSE,0
"independent_unbalanced",1098,FALSE,FALSE,0
"independent_unbalanced",1099,FALSE,FALSE,0
"independent_unbalanced",1100,FALSE,FALSE,0
"independent_unbalanced",1101,FALSE,FALSE,0
"independent_unbalanced",1102,FALSE,FALSE,0
"independent_unbalanced",1103,FALSE,FALSE,0
"independent_unbalanced",1104,TRUE,FALSE,0
"independent_unbalanced",1105,FALSE,FALSE,0
"independent_unbalanced",1106,FALSE,FALSE,0
"independent_unbalanced",1107,FALSE,FALSE,0
"independent_unbalanced",1108,FALSE,FALSE,0
"independent_unbalanced",1109,FALSE,FALSE,0
"independent_unbalanced",1110,FALSE,FALSE,0
"independent_unbalanced",1111,FALSE,FALSE,0
"independent_unbalanced",1112,FALSE,FALSE,0
"independent_unbalanced",1113,FALSE,FALSE,0
"independent_unbalanced",1114,FALSE,FALSE,0
"independent_unbalanced",1115,FALSE,FALSE,0
"independent_unbalanced",1116,FALSE,FALSE,0
"independent_unbalanced",1117,FALSE,FALSE,0
"independent_unbalanced",1118,FALSE,FALSE,0
"independent_unbalanced",1119,FALSE,FALSE,0
"independent_unbalanced",1120,FALSE,FALSE,0
"independent_unbalanced",1121,FALSE,FALSE,0
"independent_unbalanced",1122,FALSE,FALSE,0
"independent_unbalanced",1123,FALSE,FALSE,0
"independent_unbalanced",1124,FALSE,FALSE,0
"independent_unbalanced",1125,FALSE,FALSE,0
"independent_unbalanced",1126,TRUE,FALSE,0
"independent_unbalanced",1127,FALSE,FALSE,0
"independent_unbalanced",1128,FALSE,FALSE,0
"independent_unbalanced",1129,FALSE,FALSE,0
"independent_unbalanced",1130,FALSE,FALSE,0
"independent_unbalanced",1131,FALSE,FALSE,0
"independent_unbalanced",1132,FALSE,FALSE,0
"independent_unbalanced",1133,FALSE,FALSE,0
"independent_unbalanced",1134,FALSE,FALSE,0
"independent_unbalanced",1135,FALSE,FALSE,0
"independent_unbalanced",1136,FALSE,FALSE,0
"independent_unbalanced",1137,FALSE,FALSE,0
"independent_unbalanced",1138,FALSE,FALSE,0
"independent_unbalanced",1139,FALSE,FALSE,0
"independent_unbalanced",1140,FALSE,FALSE,0
"independent_unbalanced",1141,FALSE,FALSE,0
"independent_unbalanced",1142,FALSE,FALSE,0
"independent_unbalanced",1143,FALSE,FALSE,0
"independent_unbalanced",1144,FALSE,FALSE,0
"independent_unbalanced",1145,FALSE,FALSE,0
"independent_unbalanced",1146,FALSE,FALSE,0
"independent_unbalanced",1147,FALSE,FALSE,0
"independent_unbalanced",1148,FALSE,FALSE,0
"independent_unbalanced",1149,FALSE,FALSE,0
"independent_unbalanced",1150,FALSE,FALSE,0
"independent_unbalanced",1151,FALSE,FALSE,0
"independent_unbalanced",1152,FALSE,FALSE,0
"independent_unbalanced",1153,TRUE,FALSE,0
"independent_unbalanced",1154,FALSE,FALSE,0
"independent_unbalanced",1155,FALSE,FALSE,0
"independent_unbalanced",1156,FALSE,FALSE,0
"independent_unbalanced",1157,FALSE,FALSE,0
"independent_unbalanced",1158,FALSE,FALSE,0
"independent_unbalanced",1159,FALSE,FALSE,0
"independent_unbalanced",1160,FALSE,FALSE,0
"independent_unbalanced",1161,FALSE,FALSE,0
"independent_unbalanced",1162,FALSE,FALSE,0
"independent_unbalanced",1163,TRUE,TRUE,0
"independent_unbalanced",1164,FALSE,FALSE,0
"independent_unbalanced",1165,FALSE,FALSE,0
"independent_unbalanced",1166,FALSE,FALSE,0
"independent_unbalanced",1167,FALSE,FALSE,0
"independent_unbalanced",1168,FALSE,FALSE,0
"independent_unbalanced",1169,FALSE,FALSE,0
"independent_unbalanced",1170,FALSE,TRUE,0
"independent_unbalanced",1171,FALSE,FALSE,0
"independent_unbalanced",1172,FALSE,FALSE,0
"independent_unbalanced",1173,FALSE,FALSE,0
"independent_unbalanced",1174,FALSE,FALSE,0
"independent_unbalanced",1175,FALSE,FALSE,0
"independent_unbalanced",1176,FALSE,FALSE,0
"independent_unbalanced",1177,FALSE,FALSE,0
"independent_unbalanced",1178,FALSE,FALSE,0
"independent_unbalanced",1179,FALSE,FALSE,0
"independent_unbalanced",1180,FALSE,FALSE,0
"independent_unbalanced",1181,FALSE,FALSE,0
"independent_unbalanced",1182,FALSE,FALSE,0
"independent_unbalanced",1183,FALSE,FALSE,0
"independent_unbalanced",1184,FALSE,FALSE,0
"independent_unbalanced",1185,FALSE,FALSE,0
"independent_unbalanced",1186,FALSE,FALSE,0
"independent_unbalanced",1187,FALSE,FALSE,0
"independent_unbalanced",1188,FALSE,FALSE,0
"independent_unbalanced",1189,FALSE,FALSE,0
"independent_unbalanced",1190,FALSE,FALSE,0
"independent_unbalanced",1191,FALSE,FALSE,0
"independent_unbalanced",1192,FALSE,FALSE,0
"independent_unbalanced",1193,FALSE,FALSE,0
"independent_unbalanced",1194,FALSE,FALSE,0
"independent_unbalanced",1195,FALSE,FALSE,0
"independent_unbalanced",1196,FALSE,FALSE,0
"independent_unbalanced",1197,FALSE,FALSE,0
"independent_unbalanced",1198,FALSE,FALSE,0
"independent_unbalanced",1199,FALSE,FALSE,0
"independent_unbalanced",1200,FALSE,FALSE,0
"independent_unbalanced",1201,FALSE,FALSE,0
"independent_unbalanced",1202,FALSE,FALSE,0
"independent_unbalanced",1203,FALSE,FALSE,0
"independent_unbalanced",1204,FALSE,FALSE,0
"independent_unbalanced",1205,FALSE,FALSE,0
"independent_unbalanced",1206,FALSE,FALSE,0
"independent_unbalanced",1207,FALSE,FALSE,0
"independent_unbalanced",1208,FALSE,FALSE,0
"independent_unbalanced",1209,TRUE,FALSE,0
"independent_unbalanced",1210,FALSE,FALSE,0
"independent_unbalanced",1211,FALSE,FALSE,0
"independent_unbalanced",1212,TRUE,FALSE,0
"independent_unbalanced",1213,FALSE,FALSE,0
"independent_unbalanced",1214,FALSE,FALSE,0
"independent_unbalanced",1215,FALSE,FALSE,0
"independent_unbalanced",1216,FALSE,FALSE,0
"independent_unbalanced",1217,FALSE,FALSE,0
"independent_unbalanced",1218,FALSE,FALSE,0
"independent_unbalanced",1219,FALSE,FALSE,0
"independent_unbalanced",1220,FALSE,TRUE,0
"independent_unbalanced",1221,FALSE,FALSE,0
"independent_unbalanced",1222,FALSE,FALSE,0
"independent_unbalanced",1223,FALSE,FALSE,0
"independent_unbalanced",1224,FALSE,FALSE,0
"independent_unbalanced",1225,FALSE,FALSE,0
"independent_unbalanced",1226,FALSE,FALSE,0
"independent_unbalanced",1227,FALSE,FALSE,0
"independent_unbalanced",1228,FALSE,FALSE,0
"independent_unbalanced",1229,FALSE,FALSE,0
"independent_unbalanced",1230,FALSE,FALSE,0
"independent_unbalanced",1231,FALSE,FALSE,0
"independent_unbalanced",1232,FALSE,FALSE,0
"independent_unbalanced",1233,FALSE,FALSE,0
"independent_unbalanced",1234,FALSE,FALSE,0
"independent_unbalanced",1235,FALSE,FALSE,0
"independent_unbalanced",1236,FALSE,FALSE,0
"independent_unbalanced",1237,FALSE,FALSE,0
"independent_unbalanced",1238,FALSE,FALSE,0
"independent_unbalanced",1239,FALSE,FALSE,0
"independent_unbalanced",1240,FALSE,FALSE,0
"independent_unbalanced",1241,FALSE,FALSE,0
"independent_unbalanced",1242,FALSE,FALSE,0
"independent_unbalanced",1243,FALSE,FALSE,0
"independent_unbalanced",1244,FALSE,FALSE,0
"independent_unbalanced",1245,FALSE,FALSE,0
"independent_unbalanced",1246,FALSE,FALSE,0
"independent_unbalanced",1247,FALSE,FALSE,0
"independent_unbalanced",1248,FALSE,FALSE,0
"independent_unbalanced",1249,FALSE,FALSE,0
"independent_unbalanced",1250,FALSE,FALSE,0
"independent_unbalanced",1251,FALSE,FALSE,0
"independent_unbalanced",1252,FALSE,FALSE,0
"independent_unbalanced",1253,FALSE,FALSE,0
"independent_unbalanced",1254,FALSE,FALSE,0
"independent_unbalanced",1255,FALSE,FALSE,0
"independent_unbalanced",1256,FALSE,FALSE,0
"independent_unbalanced",1257,FALSE,FALSE,0
"independent_unbalanced",1258,FALSE,FALSE,0
"independent_unbalanced",1259,TRUE,FALSE,0
"independent_unbalanced",1260,TRUE,FALSE,0
"independent_unbalanced",1261,FALSE,FALSE,0
"independent_unbalanced",1262,FALSE,FALSE,0
"independent_unbalanced",1263,FALSE,FALSE,0
"independent_unbalanced",1264,FALSE,FALSE,0
"independent_unbalanced",1265,FALSE,FALSE,0
"independent_unbalanced",1266,FALSE,FALSE,0
"independent_unbalanced",1267,FALSE,FALSE,0
"independent_unbalanced",1268,FALSE,FALSE,0
"independent_unbalanced",1269,TRUE,FALSE,0
"independent_unbalanced",1270,FALSE,FALSE,0
"independent_unbalanced",1271,FALSE,FALSE,0
"independent_unbalanced",1272,FALSE,FALSE,0
"independent_unbalanced",1273,TRUE,FALSE,0
"independent_unbalanced",1274,TRUE,FALSE,0
"independent_unbalanced",1275,FALSE,FALSE,0
"independent_unbalanced",1276,FALSE,FALSE,0
"independent_unbalanced",1277,FALSE,FALSE,0
"independent_unbalanced",1278,FALSE,FALSE,0
"independent_unbalanced",1279,FALSE,FALSE,0
"independent_unbalanced",1280,FALSE,FALSE,0
"independent_unbalanced",1281,FALSE,FALSE,0
"independent_unbalanced",1282,FALSE,FALSE,0
"independent_unbalanced",1283,FALSE,FALSE,0
"independent_unbalanced",1284,FALSE,TRUE,1
"independent_unbalanced",1285,FALSE,FALSE,0
"independent_unbalanced",1286,FALSE,FALSE,0
"independent_unbalanced",1287,FALSE,FALSE,0
"independent_unbalanced",1288,FALSE,FALSE,0
"independent_unbalanced",1289,FALSE,FALSE,0
"independent_unbalanced",1290,FALSE,FALSE,0
"independent_unbalanced",1291,FALSE,FALSE,0
"independent_unbalanced",1292,FALSE,FALSE,0
"independent_unbalanced",1293,FALSE,FALSE,0
"independent_unbalanced",1294,FALSE,FALSE,0
"independent_unbalanced",1295,FALSE,FALSE,0
"independent_unbalanced",1296,FALSE,FALSE,0
"independent_unbalanced",1297,FALSE,FALSE,0
"independent_unbalanced",1298,FALSE,FALSE,0
"independent_unbalanced",1299,FALSE,FALSE,0
"independent_unbalanced",1300,FALSE,FALSE,0
"independent_unbalanced",1301,FALSE,FALSE,0
"independent_unbalanced",1302,FALSE,FALSE,0
"independent_unbalanced",1303,FALSE,FALSE,0
"independent_unbalanced",1304,FALSE,FALSE,0
"independent_unbalanced",1305,FALSE,FALSE,0
"independent_unbalanced",1306,FALSE,FALSE,0
"independent_unbalanced",1307,FALSE,FALSE,0
"independent_unbalanced",1308,FALSE,FALSE,0
"independent_unbalanced",1309,FALSE,FALSE,0
"independent_unbalanced",1310,FALSE,FALSE,0
"independent_unbalanced",1311,FALSE,FALSE,0
"independent_unbalanced",1312,FALSE,FALSE,0
"independent_unbalanced",1313,FALSE,FALSE,0
"independent_unbalanced",1314,FALSE,FALSE,0
"independent_unbalanced",1315,TRUE,FALSE,0
"independent_unbalanced",1316,FALSE,FALSE,0
"independent_unbalanced",1317,FALSE,FALSE,0
"independent_unbalanced",1318,FALSE,FALSE,0
"independent_unbalanced",1319,FALSE,FALSE,0
"independent_unbalanced",1320,FALSE,FALSE,0
"independent_unbalanced",1321,FALSE,FALSE,0
"independent_unbalanced",1322,FALSE,FALSE,0
"independent_unbalanced",1323,FALSE,FALSE,0
"independent_unbalanced",1324,FALSE,FALSE,0
"independent_unbalanced",1325,FALSE,FALSE,0
"independent_unbalanced",1326,FALSE,FALSE,0
"independent_unbalanced",1327,FALSE,FALSE,0
"independent_unbalanced",1328,FALSE,FALSE,0
"independent_unbalanced",1329,FALSE,FALSE,0
"independent_unbalanced",1330,FALSE,FALSE,0
"independent_unbalanced",1331,FALSE,FALSE,0
"independent_unbalanced",1332,FALSE,FALSE,0
"independent_unbalanced",1333,FALSE,FALSE,0
"independent_unbalanced",1334,FALSE,FALSE,0
"independent_unbalanced",1335,FALSE,FALSE,0
"independent_unbalanced",1336,FALSE,FALSE,0
"independent_unbalanced",1337,FALSE,FALSE,0
"independent_unbalanced",1338,FALSE,FALSE,0
"independent_unbalanced",1339,TRUE,FALSE,0
"independent_unbalanced",1340,FALSE,FALSE,0
"independent_unbalanced",1341,FALSE,FALSE,0
"independent_unbalanced",1342,FALSE,FALSE,0
"independent_unbalanced",1343,FALSE,FALSE,0
"independent_unbalanced",1344,FALSE,FALSE,0
"independent_unbalanced",1345,FALSE,FALSE,0
"independent_unbalanced",1346,FALSE,FALSE,0
"independent_unbalanced",1347,FALSE,FALSE,0
"independent_unbalanced",1348,FALSE,FALSE,0
"independent_unbalanced",1349,FALSE,FALSE,0
"independent_unbalanced",1350,FALSE,FALSE,0
"independent_unbalanced",1351,FALSE,FALSE,0
"independent_unbalanced",1352,FALSE,FALSE,0
"independent_unbalanced",1353,FALSE,FALSE,0
"independent_unbalanced",1354,FALSE,FALSE,0
"independent_unbalanced",1355,FALSE,FALSE,0
"independent_unbalanced",1356,FALSE,FALSE,0
"independent_unbalanced",1357,FALSE,FALSE,0
"independent_unbalanced",1358,FALSE,FALSE,0
"independent_unbalanced",1359,FALSE,FALSE,0
"independent_unbalanced",1360,FALSE,TRUE,1
"independent_unbalanced",1361,FALSE,FALSE,0
"independent_unbalanced",1362,FALSE,FALSE,0
"independent_unbalanced",1363,FALSE,FALSE,0
"independent_unbalanced",1364,FALSE,FALSE,0
"independent_unbalanced",1365,FALSE,FALSE,0
"independent_unbalanced",1366,FALSE,FALSE,0
"independent_unbalanced",1367,FALSE,FALSE,0
"independent_unbalanced",1368,FALSE,FALSE,0
"independent_unbalanced",1369,FALSE,FALSE,0
"independent_unbalanced",1370,FALSE,FALSE,0
"independent_unbalanced",1371,FALSE,FALSE,0
"independent_unbalanced",1372,FALSE,FALSE,0
"independent_unbalanced",1373,FALSE,FALSE,0
"independent_unbalanced",1374,FALSE,FALSE,0
"independent_unbalanced",1375,FALSE,FALSE,0
"independent_unbalanced",1376,FALSE,FALSE,0
"independent_unbalanced",1377,FALSE,FALSE,0
"independent_unbalanced",1378,FALSE,FALSE,0
"independent_unbalanced",1379,FALSE,FALSE,0
"independent_unbalanced",1380,FALSE,FALSE,0
"independent_unbalanced",1381,TRUE,FALSE,0
"independent_unbalanced",1382,FALSE,FALSE,0
"independent_unbalanced",1383,FALSE,FALSE,0
"independent_unbalanced",1384,FALSE,FALSE,0
"independent_unbalanced",1385,FALSE,FALSE,0
"independent_unbalanced",1386,FALSE,FALSE,0
"independent_unbalanced",1387,FALSE,FALSE,0
"independent_unbalanced",1388,FALSE,FALSE,0
"independent_unbalanced",1389,FALSE,FALSE,0
"independent_unbalanced",1390,FALSE,FALSE,0
"independent_unbalanced",1391,FALSE,FALSE,0
"independent_unbalanced",1392,FALSE,FALSE,0
"independent_unbalanced",1393,FALSE,FALSE,0
"independent_unbalanced",1394,FALSE,FALSE,0
"independent_unbalanced",1395,FALSE,FALSE,0
"independent_unbalanced",1396,FALSE,FALSE,0
"independent_unbalanced",1397,FALSE,FALSE,0
"independent_unbalanced",1398,FALSE,FALSE,0
"independent_unbalanced",1399,FALSE,FALSE,0
"independent_unbalanced",1400,FALSE,FALSE,0
"independent_unbalanced",1401,FALSE,FALSE,0
"independent_unbalanced",1402,FALSE,FALSE,0
"independent_unbalanced",1403,FALSE,FALSE,0
"independent_unbalanced",1404,FALSE,FALSE,0
"independent_unbalanced",1405,FALSE,FALSE,0
"independent_unbalanced",1406,FALSE,FALSE,0
"independent_unbalanced",1407,FALSE,FALSE,0
"independent_unbalanced",1408,FALSE,FALSE,0
"independent_unbalanced",1409,FALSE,FALSE,0
"independent_unbalanced",1410,FALSE,FALSE,0
"independent_unbalanced",1411,FALSE,FALSE,0
"independent_unbalanced",1412,FALSE,FALSE,0
"independent_unbalanced",1413,FALSE,FALSE,0
"independent_unbalanced",1414,FALSE,FALSE,0
"independent_unbalanced",1415,FALSE,FALSE,0
"independent_unbalanced",1416,FALSE,FALSE,0
"independent_unbalanced",1417,FALSE,FALSE,0
"independent_unbalanced",1418,FALSE,FALSE,0
"independent_unbalanced",1419,FALSE,FALSE,0
"independent_unbalanced",1420,FALSE,FALSE,0
"independent_unbalanced",1421,FALSE,FALSE,0
"independent_unbalanced",1422,FALSE,FALSE,0
"independent_unbalanced",1423,FALSE,FALSE,0
"independent_unbalanced",1424,FALSE,FALSE,0
"independent_unbalanced",1425,FALSE,FALSE,0
"independent_unbalanced",1426,FALSE,FALSE,0
"independent_unbalanced",1427,FALSE,FALSE,0
"independent_unbalanced",1428,FALSE,FALSE,0
"independent_unbalanced",1429,FALSE,FALSE,0
"independent_unbalanced",1430,FALSE,FALSE,0
"independent_unbalanced",1431,FALSE,FALSE,0
"independent_unbalanced",1432,FALSE,FALSE,0
"independent_unbalanced",1433,FALSE,FALSE,0
"independent_unbalanced",1434,FALSE,FALSE,0
"independent_unbalanced",1435,FALSE,FALSE,0
"independent_unbalanced",1436,FALSE,FALSE,0
"independent_unbalanced",1437,FALSE,FALSE,0
"independent_unbalanced",1438,FALSE,FALSE,0
"independent_unbalanced",1439,FALSE,FALSE,0
"independent_unbalanced",1440,FALSE,FALSE,0
"independent_unbalanced",1441,TRUE,FALSE,0
"independent_unbalanced",1442,FALSE,FALSE,0
"independent_unbalanced",1443,FALSE,FALSE,0
"independent_unbalanced",1444,FALSE,FALSE,0
"independent_unbalanced",1445,FALSE,FALSE,0
"independent_unbalanced",1446,FALSE,FALSE,0
"independent_unbalanced",1447,FALSE,FALSE,0
"independent_unbalanced",1448,FALSE,FALSE,0
"independent_unbalanced",1449,FALSE,FALSE,0
"independent_unbalanced",1450,FALSE,FALSE,0
"independent_unbalanced",1451,FALSE,FALSE,0
"independent_unbalanced",1452,FALSE,FALSE,0
"independent_unbalanced",1453,FALSE,FALSE,0
"independent_unbalanced",1454,FALSE,FALSE,0
"independent_unbalanced",1455,FALSE,FALSE,0
"independent_unbalanced",1456,FALSE,TRUE,0
"independent_unbalanced",1457,FALSE,FALSE,0
"independent_unbalanced",1458,FALSE,FALSE,0
"independent_unbalanced",1459,FALSE,FALSE,0
"independent_unbalanced",1460,FALSE,FALSE,0
"independent_unbalanced",1461,FALSE,FALSE,0
"independent_unbalanced",1462,FALSE,FALSE,0
"independent_unbalanced",1463,FALSE,FALSE,0
"independent_unbalanced",1464,FALSE,FALSE,0
"independent_unbalanced",1465,FALSE,FALSE,0
"independent_unbalanced",1466,FALSE,FALSE,0
"independent_unbalanced",1467,FALSE,FALSE,0
"independent_unbalanced",1468,FALSE,FALSE,0
"independent_unbalanced",1469,FALSE,FALSE,0
"independent_unbalanced",1470,FALSE,FALSE,0
"independent_unbalanced",1471,FALSE,FALSE,0
"independent_unbalanced",1472,FALSE,FALSE,0
"independent_unbalanced",1473,FALSE,FALSE,0
"independent_unbalanced",1474,FALSE,FALSE,0
"independent_unbalanced",1475,FALSE,FALSE,0
"independent_unbalanced",1476,FALSE,FALSE,0
"independent_unbalanced",1477,FALSE,FALSE,0
"independent_unbalanced",1478,FALSE,FALSE,0
"independent_unbalanced",1479,FALSE,FALSE,0
"independent_unbalanced",1480,FALSE,FALSE,0
"independent_unbalanced",1481,FALSE,FALSE,0
"independent_unbalanced",1482,FALSE,FALSE,0
"independent_unbalanced",1483,FALSE,FALSE,0
"independent_unbalanced",1484,FALSE,FALSE,0
"independent_unbalanced",1485,FALSE,FALSE,0
"independent_unbalanced",1486,FALSE,FALSE,0
"independent_unbalanced",1487,TRUE,FALSE,0
"independent_unbalanced",1488,FALSE,FALSE,0
"independent_unbalanced",1489,FALSE,FALSE,0
"independent_unbalanced",1490,FALSE,FALSE,0
"independent_unbalanced",1491,FALSE,FALSE,0
"independent_unbalanced",1492,FALSE,FALSE,0
"independent_unbalanced",1493,FALSE,FALSE,0
"independent_unbalanced",1494,FALSE,FALSE,0
"independent_unbalanced",1495,FALSE,FALSE,0
"independent_unbalanced",1496,FALSE,FALSE,0
"independent_unbalanced",1497,TRUE,FALSE,0
"independent_unbalanced",1498,FALSE,FALSE,0
"independent_unbalanced",1499,FALSE,FALSE,0
"independent_unbalanced",1500,FALSE,FALSE,0
"independent_unbalanced",1501,FALSE,FALSE,0
"independent_unbalanced",1502,FALSE,FALSE,0
"independent_unbalanced",1503,FALSE,FALSE,0
"independent_unbalanced",1504,FALSE,FALSE,0
"independent_unbalanced",1505,FALSE,FALSE,0
"independent_unbalanced",1506,FALSE,FALSE,0
"independent_unbalanced",1507,FALSE,FALSE,0
"independent_unbalanced",1508,FALSE,FALSE,0
"independent_unbalanced",1509,TRUE,FALSE,0
"independent_unbalanced",1510,FALSE,FALSE,0
"independent_unbalanced",1511,FALSE,FALSE,0
"independent_unbalanced",1512,FALSE,FALSE,0
"independent_unbalanced",1513,FALSE,FALSE,0
"independent_unbalanced",1514,FALSE,FALSE,0
"independent_unbalanced",1515,FALSE,FALSE,0
"independent_unbalanced",1516,TRUE,FALSE,0
"independent_unbalanced",1517,FALSE,FALSE,0
"independent_unbalanced",1518,FALSE,FALSE,0
"independent_unbalanced",1519,FALSE,FALSE,0
"independent_unbalanced",1520,FALSE,FALSE,0
"independent_unbalanced",1521,FALSE,FALSE,0
"independent_unbalanced",1522,FALSE,FALSE,0
"independent_unbalanced",1523,FALSE,FALSE,0
"independent_unbalanced",1524,FALSE,FALSE,0
"independent_unbalanced",1525,FALSE,FALSE,0
"independent_unbalanced",1526,FALSE,FALSE,0
"independent_unbalanced",1527,FALSE,FALSE,0
"independent_unbalanced",1528,FALSE,FALSE,0
"independent_unbalanced",1529,FALSE,FALSE,0
"independent_unbalanced",1530,FALSE,FALSE,0
"independent_unbalanced",1531,FALSE,FALSE,0
"independent_unbalanced",1532,FALSE,TRUE,0
"independent_unbalanced",1533,FALSE,FALSE,0
"independent_unbalanced",1534,FALSE,FALSE,0
"independent_unbalanced",1535,FALSE,FALSE,0
"independent_unbalanced",1536,FALSE,FALSE,0
"independent_unbalanced",1537,FALSE,FALSE,0
"independent_unbalanced",1538,FALSE,FALSE,0
"independent_unbalanced",1539,TRUE,FALSE,0
"independent_unbalanced",1540,TRUE,FALSE,0
"independent_unbalanced",1541,FALSE,FALSE,0
"independent_unbalanced",1542,FALSE,FALSE,0
"independent_unbalanced",1543,FALSE,FALSE,0
"independent_unbalanced",1544,FALSE,FALSE,0
"independent_unbalanced",1545,FALSE,FALSE,0
"independent_unbalanced",1546,FALSE,FALSE,0
"independent_unbalanced",1547,FALSE,FALSE,0
"independent_unbalanced",1548,FALSE,FALSE,0
"independent_unbalanced",1549,FALSE,FALSE,0
"independent_unbalanced",1550,FALSE,FALSE,0
"independent_unbalanced",1551,FALSE,FALSE,0
"independent_unbalanced",1552,TRUE,FALSE,0
"independent_unbalanced",1553,FALSE,FALSE,0
"independent_unbalanced",1554,FALSE,FALSE,0
"independent_unbalanced",1555,FALSE,FALSE,0
"independent_unbalanced",1556,FALSE,FALSE,0
"independent_unbalanced",1557,FALSE,FALSE,0
"independent_unbalanced",1558,FALSE,FALSE,0
"independent_unbalanced",1559,FALSE,FALSE,0
"independent_unbalanced",1560,FALSE,FALSE,0
"independent_unbalanced",1561,FALSE,FALSE,0
"independent_unbalanced",1562,FALSE,FALSE,0
"independent_unbalanced",1563,FALSE,FALSE,0
"independent_unbalanced",1564,FALSE,FALSE,0
"independent_unbalanced",1565,FALSE,FALSE,0
"independent_unbalanced",1566,FALSE,FALSE,0
"independent_unbalanced",1567,FALSE,FALSE,0
"independent_unbalanced",1568,TRUE,FALSE,0
"independent_unbalanced",1569,FALSE,FALSE,0
"independent_unbalanced",1570,FALSE,FALSE,0
"independent_unbalanced",1571,FALSE,FALSE,0
"independent_unbalanced",1572,FALSE,FALSE,0
"independent_unbalanced",1573,FALSE,FALSE,0
"independent_unbalanced",1574,FALSE,FALSE,0
"independent_unbalanced",1575,FALSE,FALSE,0
"independent_unbalanced",1576,FALSE,FALSE,0
"independent_unbalanced",1577,FALSE,FALSE,0
"independent_unbalanced",1578,FALSE,FALSE,0
"independent_unbalanced",1579,FALSE,FALSE,0
"independent_unbalanced",1580,FALSE,FALSE,0
"independent_unbalanced",1581,FALSE,FALSE,0
"independent_unbalanced",1582,FALSE,FALSE,0
"independent_unbalanced",1583,FALSE,FALSE,0
"independent_unbalanced",1584,FALSE,FALSE,0
"independent_unbalanced",1585,FALSE,TRUE,0
"independent_unbalanced",1586,FALSE,FALSE,0
"independent_unbalanced",1587,FALSE,FALSE,0
"independent_unbalanced",1588,FALSE,FALSE,0
"independent_unbalanced",1589,FALSE,FALSE,0
"independent_unbalanced",1590,FALSE,FALSE,0
"independent_unbalanced",1591,FALSE,FALSE,0
"independent_unbalanced",1592,FALSE,FALSE,0
"independent_unbalanced",1593,FALSE,FALSE,0
"independent_unbalanced",1594,FALSE,FALSE,0
"independent_unbalanced",1595,FALSE,FALSE,0
"independent_unbalanced",1596,TRUE,FALSE,0
"independent_unbalanced",1597,FALSE,FALSE,0
"independent_unbalanced",1598,FALSE,FALSE,0
"independent_unbalanced",1599,FALSE,FALSE,0
"independent_unbalanced",1600,FALSE,FALSE,0
"independent_unbalanced",1601,FALSE,FALSE,0
"independent_unbalanced",1602,FALSE,FALSE,0
"independent_unbalanced",1603,FALSE,FALSE,0
"independent_unbalanced",1604,FALSE,FALSE,0
"independent_unbalanced",1605,FALSE,FALSE,0
"independent_unbalanced",1606,FALSE,FALSE,0
"independent_unbalanced",1607,FALSE,FALSE,0
"independent_unbalanced",1608,FALSE,FALSE,0
"independent_unbalanced",1609,FALSE,FALSE,0
"independent_unbalanced",1610,FALSE,FALSE,0
"independent_unbalanced",1611,FALSE,FALSE,0
"independent_unbalanced",1612,FALSE,FALSE,0
"independent_unbalanced",1613,FALSE,FALSE,0
"independent_unbalanced",1614,FALSE,FALSE,0
"independent_unbalanced",1615,FALSE,FALSE,0
"independent_unbalanced",1616,FALSE,FALSE,0
"independent_unbalanced",1617,FALSE,FALSE,0
"independent_unbalanced",1618,FALSE,FALSE,0
"independent_unbalanced",1619,FALSE,FALSE,0
"independent_unbalanced",1620,FALSE,FALSE,0
"independent_unbalanced",1621,FALSE,FALSE,0
"independent_unbalanced",1622,TRUE,FALSE,0
"independent_unbalanced",1623,FALSE,FALSE,0
"independent_unbalanced",1624,FALSE,FALSE,0
"independent_unbalanced",1625,TRUE,FALSE,0
"independent_unbalanced",1626,FALSE,FALSE,0
"independent_unbalanced",1627,FALSE,FALSE,0
"independent_unbalanced",1628,FALSE,FALSE,0
"independent_unbalanced",1629,FALSE,FALSE,0
"independent_unbalanced",1630,FALSE,FALSE,0
"independent_unbalanced",1631,FALSE,FALSE,0
"independent_unbalanced",1632,FALSE,FALSE,0
"independent_unbalanced",1633,FALSE,FALSE,0
"independent_unbalanced",1634,FALSE,FALSE,0
"independent_unbalanced",1635,FALSE,FALSE,0
"independent_unbalanced",1636,FALSE,FALSE,0
"independent_unbalanced",1637,FALSE,FALSE,0
"independent_unbalanced",1638,FALSE,FALSE,0
"independent_unbalanced",1639,FALSE,FALSE,0
"independent_unbalanced",1640,FALSE,FALSE,0
"independent_unbalanced",1641,FALSE,FALSE,0
"independent_unbalanced",1642,FALSE,FALSE,0
"independent_unbalanced",1643,FALSE,FALSE,0
"independent_unbalanced",1644,FALSE,FALSE,0
"independent_unbalanced",1645,FALSE,FALSE,0
"independent_unbalanced",1646,FALSE,FALSE,0
"independent_unbalanced",1647,FALSE,FALSE,0
"independent_unbalanced",1648,FALSE,FALSE,0
"independent_unbalanced",1649,FALSE,FALSE,0
"independent_unbalanced",1650,FALSE,FALSE,0
"independent_unbalanced",1651,FALSE,FALSE,0
"independent_unbalanced",1652,FALSE,FALSE,0
"independent_unbalanced",1653,FALSE,FALSE,0
"independent_unbalanced",1654,FALSE,FALSE,0
"independent_unbalanced",1655,FALSE,FALSE,0
"independent_unbalanced",1656,FALSE,FALSE,0
"independent_unbalanced",1657,FALSE,FALSE,0
"independent_unbalanced",1658,FALSE,FALSE,0
"independent_unbalanced",1659,FALSE,FALSE,0
"independent_unbalanced",1660,TRUE,FALSE,0
"independent_unbalanced",1661,FALSE,FALSE,0
"independent_unbalanced",1662,FALSE,FALSE,0
"independent_unbalanced",1663,FALSE,FALSE,0
"independent_unbalanced",1664,FALSE,FALSE,0
"independent_unbalanced",1665,FALSE,FALSE,0
"independent_unbalanced",1666,FALSE,FALSE,0
"independent_unbalanced",1667,FALSE,FALSE,0
"independent_unbalanced",1668,FALSE,FALSE,0
"independent_unbalanced",1669,FALSE,FALSE,0
"independent_unbalanced",1670,FALSE,FALSE,0
"independent_unbalanced",1671,FALSE,FALSE,0
"independent_unbalanced",1672,FALSE,FALSE,0
"independent_unbalanced",1673,FALSE,FALSE,0
"independent_unbalanced",1674,FALSE,FALSE,0
"independent_unbalanced",1675,TRUE,FALSE,0
"independent_unbalanced",1676,FALSE,FALSE,0
"independent_unbalanced",1677,FALSE,FALSE,0
"independent_unbalanced",1678,FALSE,FALSE,0
"independent_unbalanced",1679,FALSE,FALSE,0
"independent_unbalanced",1680,FALSE,FALSE,0
"independent_unbalanced",1681,FALSE,FALSE,0
"independent_unbalanced",1682,FALSE,FALSE,0
"independent_unbalanced",1683,FALSE,FALSE,0
"independent_unbalanced",1684,FALSE,FALSE,0
"independent_unbalanced",1685,FALSE,FALSE,0
"independent_unbalanced",1686,FALSE,FALSE,0
"independent_unbalanced",1687,FALSE,FALSE,0
"independent_unbalanced",1688,FALSE,FALSE,0
"independent_unbalanced",1689,TRUE,TRUE,0
"independent_unbalanced",1690,FALSE,FALSE,0
"independent_unbalanced",1691,FALSE,FALSE,0
"independent_unbalanced",1692,FALSE,FALSE,0
"independent_unbalanced",1693,FALSE,FALSE,0
"independent_unbalanced",1694,FALSE,FALSE,0
"independent_unbalanced",1695,FALSE,FALSE,0
"independent_unbalanced",1696,FALSE,FALSE,0
"independent_unbalanced",1697,TRUE,FALSE,0
"independent_unbalanced",1698,FALSE,FALSE,0
"independent_unbalanced",1699,FALSE,FALSE,0
"independent_unbalanced",1700,FALSE,FALSE,0
"independent_unbalanced",1701,FALSE,FALSE,0
"independent_unbalanced",1702,FALSE,FALSE,0
"independent_unbalanced",1703,FALSE,FALSE,0
"independent_unbalanced",1704,FALSE,FALSE,0
"independent_unbalanced",1705,FALSE,FALSE,0
"independent_unbalanced",1706,FALSE,FALSE,0
"independent_unbalanced",1707,FALSE,FALSE,0
"independent_unbalanced",1708,FALSE,FALSE,0
"independent_unbalanced",1709,FALSE,FALSE,0
"independent_unbalanced",1710,FALSE,FALSE,0
"independent_unbalanced",1711,FALSE,FALSE,0
"independent_unbalanced",1712,FALSE,FALSE,0
"independent_unbalanced",1713,FALSE,FALSE,0
"independent_unbalanced",1714,FALSE,FALSE,0
"independent_unbalanced",1715,FALSE,FALSE,0
"independent_unbalanced",1716,FALSE,FALSE,0
"independent_unbalanced",1717,FALSE,FALSE,0
"independent_unbalanced",1718,FALSE,FALSE,0
"independent_unbalanced",1719,FALSE,FALSE,0
"independent_unbalanced",1720,FALSE,FALSE,0
"independent_unbalanced",1721,FALSE,FALSE,0
"independent_unbalanced",1722,FALSE,FALSE,0
"independent_unbalanced",1723,FALSE,FALSE,0
"independent_unbalanced",1724,FALSE,FALSE,0
"independent_unbalanced",1725,FALSE,FALSE,0
"independent_unbalanced",1726,FALSE,TRUE,0
"independent_unbalanced",1727,FALSE,FALSE,0
"independent_unbalanced",1728,FALSE,FALSE,0
"independent_unbalanced",1729,FALSE,FALSE,0
"independent_unbalanced",1730,FALSE,FALSE,0
"independent_unbalanced",1731,FALSE,FALSE,0
"independent_unbalanced",1732,FALSE,FALSE,0
"independent_unbalanced",1733,FALSE,TRUE,0
"independent_unbalanced",1734,FALSE,FALSE,0
"independent_unbalanced",1735,FALSE,FALSE,0
"independent_unbalanced",1736,FALSE,FALSE,0
"independent_unbalanced",1737,FALSE,FALSE,0
"independent_unbalanced",1738,FALSE,FALSE,0
"independent_unbalanced",1739,FALSE,FALSE,0
"independent_unbalanced",1740,FALSE,FALSE,0
"independent_unbalanced",1741,FALSE,FALSE,0
"independent_unbalanced",1742,FALSE,FALSE,0
"independent_unbalanced",1743,FALSE,FALSE,0
"independent_unbalanced",1744,FALSE,FALSE,0
"independent_unbalanced",1745,FALSE,FALSE,0
"independent_unbalanced",1746,FALSE,FALSE,0
"independent_unbalanced",1747,FALSE,FALSE,0
"independent_unbalanced",1748,FALSE,FALSE,0
"independent_unbalanced",1749,FALSE,FALSE,0
"independent_unbalanced",1750,TRUE,FALSE,0
"independent_unbalanced",1751,FALSE,FALSE,0
"independent_unbalanced",1752,FALSE,FALSE,0
"independent_unbalanced",1753,FALSE,FALSE,0
"independent_unbalanced",1754,FALSE,FALSE,0
"independent_unbalanced",1755,FALSE,FALSE,0
"independent_unbalanced",1756,TRUE,FALSE,0
"independent_unbalanced",1757,FALSE,FALSE,0
"independent_unbalanced",1758,FALSE,FALSE,0
"independent_unbalanced",1759,FALSE,FALSE,0
"independent_unbalanced",1760,FALSE,FALSE,0
"independent_unbalanced",1761,FALSE,FALSE,0
"independent_unbalanced",1762,FALSE,FALSE,0
"independent_unbalanced",1763,FALSE,FALSE,0
"independent_unbalanced",1764,TRUE,FALSE,0
"independent_unbalanced",1765,FALSE,FALSE,0
"independent_unbalanced",1766,FALSE,FALSE,0
"independent_unbalanced",1767,TRUE,TRUE,0
"independent_unbalanced",1768,FALSE,FALSE,0
"independent_unbalanced",1769,FALSE,FALSE,0
"independent_unbalanced",1770,FALSE,FALSE,0
"independent_unbalanced",1771,FALSE,FALSE,0
"independent_unbalanced",1772,FALSE,FALSE,0
"independent_unbalanced",1773,FALSE,FALSE,0
"independent_unbalanced",1774,FALSE,FALSE,0
"independent_unbalanced",1775,FALSE,FALSE,0
"independent_unbalanced",1776,FALSE,FALSE,0
"independent_unbalanced",1777,FALSE,FALSE,0
"independent_unbalanced",1778,FALSE,FALSE,0
"independent_unbalanced",1779,FALSE,FALSE,0
"independent_unbalanced",1780,FALSE,FALSE,0
"independent_unbalanced",1781,FALSE,FALSE,0
"independent_unbalanced",1782,FALSE,FALSE,0
"independent_unbalanced",1783,FALSE,FALSE,0
"independent_unbalanced",1784,FALSE,FALSE,0
"independent_unbalanced",1785,FALSE,FALSE,0
"independent_unbalanced",1786,FALSE,FALSE,0
"independent_unbalanced",1787,FALSE,FALSE,0
"independent_unbalanced",1788,FALSE,FALSE,0
"independent_unbalanced",1789,FALSE,FALSE,0
"independent_unbalanced",1790,FALSE,FALSE,0
"independent_unbalanced",1791,FALSE,FALSE,0
"independent_unbalanced",1792,FALSE,FALSE,0
"independent_unbalanced",1793,FALSE,FALSE,0
"independent_unbalanced",1794,FALSE,FALSE,0
"independent_unbalanced",1795,FALSE,FALSE,0
"independent_unbalanced",1796,FALSE,FALSE,0
"independent_unbalanced",1797,FALSE,FALSE,0
"independent_unbalanced",1798,FALSE,FALSE,0
"independent_unbalanced",1799,FALSE,FALSE,0
"independent_unbalanced",1800,FALSE,FALSE,0
"independent_unbalanced",1801,FALSE,FALSE,0
"independent_unbalanced",1802,TRUE,FALSE,0
"independent_unbalanced",1803,FALSE,FALSE,0
"independent_unbalanced",1804,FALSE,FALSE,0
"independent_unbalanced",1805,FALSE,FALSE,0
"independent_unbalanced",1806,FALSE,FALSE,0
"independent_unbalanced",1807,FALSE,FALSE,0
"independent_unbalanced",1808,FALSE,FALSE,0
"independent_unbalanced",1809,FALSE,FALSE,0
"independent_unbalanced",1810,FALSE,FALSE,0
"independent_unbalanced",1811,FALSE,FALSE,0
"independent_unbalanced",1812,FALSE,FALSE,0
"independent_unbalanced",1813,FALSE,FALSE,0
"independent_unbalanced",1814,FALSE,FALSE,0
"independent_unbalanced",1815,FALSE,FALSE,0
"independent_unbalanced",1816,FALSE,FALSE,0
"independent_unbalanced",1817,FALSE,FALSE,0
"independent_unbalanced",1818,FALSE,FALSE,0
"independent_unbalanced",1819,FALSE,FALSE,0
"independent_unbalanced",1820,FALSE,FALSE,0
"independent_unbalanced",1821,FALSE,FALSE,0
"independent_unbalanced",1822,FALSE,FALSE,0
"independent_unbalanced",1823,FALSE,FALSE,0
"independent_unbalanced",1824,FALSE,FALSE,0
"independent_unbalanced",1825,FALSE,FALSE,0
"independent_unbalanced",1826,FALSE,FALSE,0
"independent_unbalanced",1827,FALSE,FALSE,0
"independent_unbalanced",1828,FALSE,FALSE,0
"independent_unbalanced",1829,FALSE,FALSE,0
"independent_unbalanced",1830,FALSE,FALSE,0
"independent_unbalanced",1831,FALSE,FALSE,0
"independent_unbalanced",1832,FALSE,FALSE,0
"independent_unbalanced",1833,FALSE,FALSE,0
"independent_unbalanced",1834,FALSE,FALSE,0
"independent_unbalanced",1835,FALSE,FALSE,0
"independent_unbalanced",1836,FALSE,FALSE,0
"independent_unbalanced",1837,FALSE,FALSE,0
"independent_unbalanced",1838,FALSE,FALSE,0
"independent_unbalanced",1839,FALSE,FALSE,0
"independent_unbalanced",1840,FALSE,FALSE,0
"independent_unbalanced",1841,FALSE,FALSE,0
"independent_unbalanced",1842,FALSE,FALSE,0
"independent_unbalanced",1843,FALSE,FALSE,0
"independent_unbalanced",1844,FALSE,FALSE,0
"independent_unbalanced",1845,FALSE,FALSE,0
"independent_unbalanced",1846,FALSE,FALSE,0
"independent_unbalanced",1847,FALSE,FALSE,0
"independent_unbalanced",1848,TRUE,FALSE,0
"independent_unbalanced",1849,FALSE,FALSE,0
"independent_unbalanced",1850,FALSE,FALSE,0
"independent_unbalanced",1851,TRUE,TRUE,0
"independent_unbalanced",1852,FALSE,FALSE,0
"independent_unbalanced",1853,FALSE,FALSE,0
"independent_unbalanced",1854,FALSE,FALSE,0
"independent_unbalanced",1855,FALSE,FALSE,0
"independent_unbalanced",1856,FALSE,FALSE,0
"independent_unbalanced",1857,FALSE,FALSE,0
"independent_unbalanced",1858,FALSE,FALSE,0
"independent_unbalanced",1859,FALSE,FALSE,0
"independent_unbalanced",1860,FALSE,FALSE,0
"independent_unbalanced",1861,FALSE,FALSE,0
"independent_unbalanced",1862,FALSE,FALSE,0
"independent_unbalanced",1863,FALSE,FALSE,0
"independent_unbalanced",1864,FALSE,FALSE,0
"independent_unbalanced",1865,FALSE,FALSE,0
"independent_unbalanced",1866,FALSE,FALSE,0
"independent_unbalanced",1867,FALSE,FALSE,0
"independent_unbalanced",1868,FALSE,FALSE,0
"independent_unbalanced",1869,FALSE,FALSE,0
"independent_unbalanced",1870,FALSE,FALSE,0
"independent_unbalanced",1871,FALSE,FALSE,0
"independent_unbalanced",1872,FALSE,FALSE,0
"independent_unbalanced",1873,FALSE,FALSE,0
"independent_unbalanced",1874,FALSE,FALSE,0
"independent_unbalanced",1875,FALSE,FALSE,0
"independent_unbalanced",1876,FALSE,FALSE,0
"independent_unbalanced",1877,FALSE,FALSE,0
"independent_unbalanced",1878,FALSE,FALSE,0
"independent_unbalanced",1879,FALSE,FALSE,0
"independent_unbalanced",1880,FALSE,FALSE,0
"independent_unbalanced",1881,FALSE,FALSE,0
"independent_unbalanced",1882,FALSE,FALSE,0
"independent_unbalanced",1883,TRUE,FALSE,0
"independent_unbalanced",1884,FALSE,FALSE,0
"independent_unbalanced",1885,FALSE,FALSE,0
"independent_unbalanced",1886,FALSE,FALSE,0
"independent_unbalanced",1887,FALSE,FALSE,0
"independent_unbalanced",1888,FALSE,FALSE,0
"independent_unbalanced",1889,FALSE,FALSE,0
"independent_unbalanced",1890,FALSE,FALSE,0
"independent_unbalanced",1891,FALSE,FALSE,0
"independent_unbalanced",1892,FALSE,FALSE,0
"independent_unbalanced",1893,FALSE,FALSE,0
"independent_unbalanced",1894,FALSE,FALSE,0
"independent_unbalanced",1895,FALSE,FALSE,0
"independent_unbalanced",1896,FALSE,FALSE,0
"independent_unbalanced",1897,FALSE,FALSE,0
"independent_unbalanced",1898,FALSE,FALSE,0
"independent_unbalanced",1899,FALSE,FALSE,0
"independent_unbalanced",1900,FALSE,FALSE,0
"independent_unbalanced",1901,FALSE,FALSE,0
"independent_unbalanced",1902,FALSE,FALSE,0
"independent_unbalanced",1903,FALSE,FALSE,0
"independent_unbalanced",1904,FALSE,FALSE,0
"independent_unbalanced",1905,FALSE,FALSE,0
"independent_unbalanced",1906,FALSE,FALSE,0
"independent_unbalanced",1907,FALSE,FALSE,0
"independent_unbalanced",1908,FALSE,FALSE,0
"independent_unbalanced",1909,FALSE,FALSE,0
"independent_unbalanced",1910,FALSE,FALSE,0
"independent_unbalanced",1911,FALSE,FALSE,0
"independent_unbalanced",1912,FALSE,FALSE,0
"independent_unbalanced",1913,FALSE,FALSE,0
"independent_unbalanced",1914,FALSE,FALSE,0
"independent_unbalanced",1915,FALSE,FALSE,0
"independent_unbalanced",1916,FALSE,FALSE,0
"independent_unbalanced",1917,TRUE,FALSE,0
"independent_unbalanced",1918,TRUE,FALSE,0
"independent_unbalanced",1919,FALSE,FALSE,0
"independent_unbalanced",1920,FALSE,FALSE,0
"independent_unbalanced",1921,FALSE,FALSE,0
"independent_unbalanced",1922,FALSE,FALSE,0
"independent_unbalanced",1923,FALSE,FALSE,0
"independent_unbalanced",1924,FALSE,FALSE,0
"independent_unbalanced",1925,FALSE,FALSE,0
"independent_unbalanced",1926,FALSE,FALSE,0
"independent_unbalanced",1927,FALSE,FALSE,0
"independent_unbalanced",1928,FALSE,FALSE,0
"independent_unbalanced",1929,FALSE,FALSE,0
"independent_unbalanced",1930,FALSE,FALSE,0
"independent_unbalanced",1931,FALSE,FALSE,0
"independent_unbalanced",1932,FALSE,FALSE,0
"independent_unbalanced",1933,FALSE,FALSE,0
"independent_unbalanced",1934,FALSE,FALSE,0
"independent_unbalanced",1935,FALSE,FALSE,0
"independent_unbalanced",1936,FALSE,FALSE,0
"independent_unbalanced",1937,FALSE,FALSE,0
"independent_unbalanced",1938,FALSE,FALSE,0
"independent_unbalanced",1939,FALSE,FALSE,0
"independent_unbalanced",1940,FALSE,FALSE,0
"independent_unbalanced",1941,FALSE,FALSE,0
"independent_unbalanced",1942,FALSE,FALSE,0
"independent_unbalanced",1943,FALSE,FALSE,0
"independent_unbalanced",1944,FALSE,FALSE,0
"independent_unbalanced",1945,FALSE,FALSE,0
"independent_unbalanced",1946,FALSE,FALSE,0
"independent_unbalanced",1947,FALSE,FALSE,0
"independent_unbalanced",1948,FALSE,FALSE,0
"independent_unbalanced",1949,FALSE,FALSE,0
"independent_unbalanced",1950,FALSE,FALSE,0
"independent_unbalanced",1951,FALSE,FALSE,0
"independent_unbalanced",1952,FALSE,FALSE,0
"independent_unbalanced",1953,FALSE,FALSE,0
"independent_unbalanced",1954,FALSE,FALSE,0
"independent_unbalanced",1955,FALSE,FALSE,0
"independent_unbalanced",1956,FALSE,FALSE,0
"independent_unbalanced",1957,TRUE,FALSE,0
"independent_unbalanced",1958,FALSE,FALSE,0
"independent_unbalanced",1959,FALSE,FALSE,0
"independent_unbalanced",1960,FALSE,FALSE,0
"independent_unbalanced",1961,FALSE,FALSE,0
"independent_unbalanced",1962,FALSE,FALSE,0
"independent_unbalanced",1963,FALSE,FALSE,0
"independent_unbalanced",1964,FALSE,FALSE,0
"independent_unbalanced",1965,FALSE,FALSE,0
"independent_unbalanced",1966,FALSE,FALSE,0
"independent_unbalanced",1967,FALSE,FALSE,0
"independent_unbalanced",1968,FALSE,FALSE,0
"independent_unbalanced",1969,FALSE,FALSE,0
"independent_unbalanced",1970,FALSE,FALSE,0
"independent_unbalanced",1971,FALSE,FALSE,0
"independent_unbalanced",1972,FALSE,FALSE,0
"independent_unbalanced",1973,FALSE,FALSE,0
"independent_unbalanced",1974,FALSE,FALSE,0
"independent_unbalanced",1975,FALSE,FALSE,0
"independent_unbalanced",1976,FALSE,FALSE,0
"independent_unbalanced",1977,FALSE,FALSE,0
"independent_unbalanced",1978,FALSE,FALSE,0
"independent_unbalanced",1979,FALSE,FALSE,0
"independent_unbalanced",1980,FALSE,FALSE,0
"independent_unbalanced",1981,FALSE,FALSE,0
"independent_unbalanced",1982,FALSE,FALSE,0
"independent_unbalanced",1983,FALSE,FALSE,0
"independent_unbalanced",1984,FALSE,FALSE,0
"independent_unbalanced",1985,FALSE,FALSE,0
"independent_unbalanced",1986,FALSE,FALSE,0
"independent_unbalanced",1987,FALSE,FALSE,0
"independent_unbalanced",1988,FALSE,FALSE,0
"independent_unbalanced",1989,FALSE,FALSE,0
"independent_unbalanced",1990,FALSE,FALSE,0
"independent_unbalanced",1991,FALSE,FALSE,0
"independent_unbalanced",1992,FALSE,FALSE,0
"independent_unbalanced",1993,FALSE,FALSE,0
"independent_unbalanced",1994,FALSE,FALSE,0
"independent_unbalanced",1995,FALSE,FALSE,0
"independent_unbalanced",1996,FALSE,FALSE,0
"independent_unbalanced",1997,FALSE,FALSE,0
"independent_unbalanced",1998,FALSE,FALSE,0
"independent_unbalanced",1999,FALSE,FALSE,0
"independent_unbalanced",2000,FALSE,FALSE,0
"latent_density",1,FALSE,FALSE,0
"latent_density",2,FALSE,FALSE,0
"latent_density",3,FALSE,FALSE,0
"latent_density",4,FALSE,FALSE,0
"latent_density",5,FALSE,FALSE,0
"latent_density",6,FALSE,FALSE,0
"latent_density",7,FALSE,FALSE,0
"latent_density",8,FALSE,FALSE,0
"latent_density",9,FALSE,FALSE,0
"latent_density",10,FALSE,FALSE,0
"latent_density",11,FALSE,FALSE,0
"latent_density",12,FALSE,FALSE,0
"latent_density",13,FALSE,FALSE,0
"latent_density",14,FALSE,FALSE,0
"latent_density",15,FALSE,FALSE,0
"latent_density",16,FALSE,FALSE,0
"latent_density",17,FALSE,FALSE,0
"latent_density",18,FALSE,FALSE,0
"latent_density",19,FALSE,FALSE,0
"latent_density",20,FALSE,FALSE,0
"latent_density",21,FALSE,FALSE,0
"latent_density",22,FALSE,FALSE,0
"latent_density",23,FALSE,FALSE,0
"latent_density",24,FALSE,FALSE,0
"latent_density",25,FALSE,FALSE,0
"latent_density",26,FALSE,FALSE,0
"latent_density",27,FALSE,FALSE,0
"latent_density",28,FALSE,FALSE,0
"latent_density",29,FALSE,FALSE,0
"latent_density",30,FALSE,FALSE,0
"latent_density",31,FALSE,FALSE,0
"latent_density",32,FALSE,FALSE,0
"latent_density",33,FALSE,FALSE,0
"latent_density",34,FALSE,FALSE,0
"latent_density",35,FALSE,FALSE,0
"latent_density",36,FALSE,FALSE,0
"latent_density",37,TRUE,FALSE,0
"latent_density",38,FALSE,FALSE,0
"latent_density",39,FALSE,FALSE,0
"latent_density",40,FALSE,FALSE,0
"latent_density",41,FALSE,FALSE,0
"latent_density",42,FALSE,FALSE,0
"latent_density",43,FALSE,FALSE,0
"latent_density",44,FALSE,FALSE,0
"latent_density",45,FALSE,FALSE,0
"latent_density",46,FALSE,FALSE,0
"latent_density",47,FALSE,FALSE,0
"latent_density",48,FALSE,FALSE,0
"latent_density",49,FALSE,FALSE,0
"latent_density",50,FALSE,FALSE,0
"latent_density",51,FALSE,FALSE,0
"latent_density",52,FALSE,FALSE,0
"latent_density",53,FALSE,FALSE,0
"latent_density",54,FALSE,FALSE,0
"latent_density",55,FALSE,FALSE,0
"latent_density",56,FALSE,FALSE,0
"latent_density",57,FALSE,FALSE,0
"latent_density",58,FALSE,FALSE,0
"latent_density",59,FALSE,FALSE,0
"latent_density",60,FALSE,FALSE,0
"latent_density",61,FALSE,FALSE,0
"latent_density",62,FALSE,FALSE,0
"latent_density",63,FALSE,FALSE,0
"latent_density",64,FALSE,FALSE,0
"latent_density",65,FALSE,FALSE,0
"latent_density",66,FALSE,FALSE,0
"latent_density",67,FALSE,FALSE,0
"latent_density",68,FALSE,FALSE,0
"latent_density",69,FALSE,FALSE,0
"latent_density",70,FALSE,FALSE,0
"latent_density",71,FALSE,FALSE,0
"latent_density",72,FALSE,FALSE,0
"latent_density",73,FALSE,FALSE,0
"latent_density",74,FALSE,FALSE,0
"latent_density",75,FALSE,FALSE,0
"latent_density",76,FALSE,FALSE,0
"latent_density",77,FALSE,FALSE,0
"latent_density",78,FALSE,FALSE,0
"latent_density",79,FALSE,FALSE,0
"latent_density",80,FALSE,FALSE,0
"latent_density",81,FALSE,FALSE,0
"latent_density",82,FALSE,FALSE,0
"latent_density",83,FALSE,FALSE,0
"latent_density",84,FALSE,FALSE,0
"latent_density",85,FALSE,FALSE,0
"latent_density",86,FALSE,FALSE,0
"latent_density",87,FALSE,FALSE,0
"latent_density",88,FALSE,FALSE,0
"latent_density",89,FALSE,FALSE,0
"latent_density",90,FALSE,FALSE,0
"latent_density",91,FALSE,FALSE,0
"latent_density",92,FALSE,FALSE,0
"latent_density",93,FALSE,FALSE,0
"latent_density",94,FALSE,FALSE,0
"latent_density",95,FALSE,FALSE,0
"latent_density",96,FALSE,FALSE,0
"latent_density",97,TRUE,FALSE,0
"latent_density",98,FALSE,FALSE,0
"latent_density",99,TRUE,FALSE,0
"latent_density",100,FALSE,FALSE,0
"latent_density",101,FALSE,FALSE,0
"latent_density",102,FALSE,FALSE,0
"latent_density",103,FALSE,FALSE,0
"latent_density",104,FALSE,FALSE,0
"latent_density",105,FALSE,FALSE,0
"latent_density",106,FALSE,FALSE,0
"latent_density",107,FALSE,FALSE,0
"latent_density",108,FALSE,FALSE,0
"latent_density",109,FALSE,FALSE,0
"latent_density",110,FALSE,FALSE,0
"latent_density",111,FALSE,FALSE,0
"latent_density",112,FALSE,FALSE,0
"latent_density",113,FALSE,FALSE,0
"latent_density",114,FALSE,FALSE,0
"latent_density",115,FALSE,FALSE,0
"latent_density",116,FALSE,FALSE,0
"latent_density",117,FALSE,FALSE,0
"latent_density",118,FALSE,FALSE,0
"latent_density",119,FALSE,FALSE,0
"latent_density",120,FALSE,FALSE,0
"latent_density",121,FALSE,FALSE,0
"latent_density",122,FALSE,FALSE,0
"latent_density",123,FALSE,FALSE,0
"latent_density",124,FALSE,FALSE,0
"latent_density",125,FALSE,FALSE,0
"latent_density",126,FALSE,FALSE,0
"latent_density",127,FALSE,FALSE,0
"latent_density",128,FALSE,FALSE,0
"latent_density",129,FALSE,FALSE,0
"latent_density",130,FALSE,FALSE,0
"latent_density",131,FALSE,FALSE,0
"latent_density",132,FALSE,FALSE,0
"latent_density",133,FALSE,FALSE,0
"latent_density",134,FALSE,FALSE,0
"latent_density",135,FALSE,FALSE,0
"latent_density",136,FALSE,FALSE,0
"latent_density",137,FALSE,FALSE,0
"latent_density",138,FALSE,FALSE,0
"latent_density",139,FALSE,FALSE,0
"latent_density",140,FALSE,FALSE,0
"latent_density",141,FALSE,FALSE,0
"latent_density",142,FALSE,FALSE,0
"latent_density",143,FALSE,FALSE,0
"latent_density",144,TRUE,FALSE,0
"latent_density",145,FALSE,FALSE,0
"latent_density",146,FALSE,FALSE,0
"latent_density",147,FALSE,FALSE,0
"latent_density",148,FALSE,FALSE,0
"latent_density",149,FALSE,FALSE,0
"latent_density",150,FALSE,FALSE,0
"latent_density",151,FALSE,FALSE,0
"latent_density",152,FALSE,FALSE,0
"latent_density",153,FALSE,FALSE,0
"latent_density",154,FALSE,FALSE,0
"latent_density",155,FALSE,FALSE,0
"latent_density",156,FALSE,FALSE,0
"latent_density",157,FALSE,FALSE,0
"latent_density",158,FALSE,FALSE,0
"latent_density",159,FALSE,FALSE,0
"latent_density",160,FALSE,FALSE,0
"latent_density",161,FALSE,FALSE,0
"latent_density",162,FALSE,FALSE,0
"latent_density",163,FALSE,FALSE,0
"latent_density",164,FALSE,FALSE,0
"latent_density",165,FALSE,FALSE,0
"latent_density",166,FALSE,FALSE,0
"latent_density",167,FALSE,FALSE,0
"latent_density",168,FALSE,FALSE,0
"latent_density",169,FALSE,FALSE,0
"latent_density",170,FALSE,FALSE,0
"latent_density",171,FALSE,FALSE,0
"latent_density",172,FALSE,FALSE,0
"latent_density",173,FALSE,FALSE,0
"latent_density",174,FALSE,FALSE,0
"latent_density",175,FALSE,FALSE,0
"latent_density",176,FALSE,FALSE,0
"latent_density",177,FALSE,FALSE,0
"latent_density",178,FALSE,FALSE,0
"latent_density",179,FALSE,FALSE,0
"latent_density",180,FALSE,FALSE,0
"latent_density",181,FALSE,FALSE,0
"latent_density",182,FALSE,FALSE,0
"latent_density",183,FALSE,FALSE,0
"latent_density",184,FALSE,FALSE,0
"latent_density",185,FALSE,FALSE,0
"latent_density",186,FALSE,FALSE,0
"latent_density",187,FALSE,FALSE,0
"latent_density",188,FALSE,FALSE,0
"latent_density",189,FALSE,FALSE,0
"latent_density",190,FALSE,FALSE,0
"latent_density",191,FALSE,FALSE,0
"latent_density",192,FALSE,FALSE,0
"latent_density",193,FALSE,FALSE,0
"latent_density",194,FALSE,FALSE,0
"latent_density",195,FALSE,FALSE,0
"latent_density",196,FALSE,FALSE,0
"latent_density",197,FALSE,FALSE,0
"latent_density",198,FALSE,FALSE,0
"latent_density",199,FALSE,FALSE,0
"latent_density",200,FALSE,FALSE,0
"latent_density",201,FALSE,FALSE,0
"latent_density",202,FALSE,FALSE,0
"latent_density",203,FALSE,FALSE,0
"latent_density",204,FALSE,FALSE,0
"latent_density",205,FALSE,FALSE,0
"latent_density",206,FALSE,FALSE,0
"latent_density",207,FALSE,FALSE,0
"latent_density",208,FALSE,FALSE,0
"latent_density",209,FALSE,FALSE,0
"latent_density",210,FALSE,FALSE,0
"latent_density",211,FALSE,FALSE,0
"latent_density",212,FALSE,FALSE,0
"latent_density",213,FALSE,FALSE,0
"latent_density",214,FALSE,FALSE,0
"latent_density",215,FALSE,FALSE,0
"latent_density",216,FALSE,FALSE,0
"latent_density",217,FALSE,FALSE,0
"latent_density",218,FALSE,FALSE,0
"latent_density",219,FALSE,FALSE,0
"latent_density",220,FALSE,FALSE,0
"latent_density",221,FALSE,FALSE,0
"latent_density",222,FALSE,FALSE,0
"latent_density",223,FALSE,FALSE,0
"latent_density",224,FALSE,FALSE,0
"latent_density",225,FALSE,FALSE,0
"latent_density",226,FALSE,FALSE,0
"latent_density",227,TRUE,FALSE,0
"latent_density",228,FALSE,FALSE,0
"latent_density",229,FALSE,FALSE,0
"latent_density",230,FALSE,FALSE,0
"latent_density",231,FALSE,FALSE,0
"latent_density",232,FALSE,FALSE,0
"latent_density",233,FALSE,FALSE,0
"latent_density",234,TRUE,FALSE,0
"latent_density",235,FALSE,FALSE,0
"latent_density",236,FALSE,FALSE,0
"latent_density",237,FALSE,FALSE,0
"latent_density",238,FALSE,FALSE,0
"latent_density",239,FALSE,FALSE,0
"latent_density",240,FALSE,FALSE,0
"latent_density",241,FALSE,FALSE,0
"latent_density",242,FALSE,FALSE,0
"latent_density",243,FALSE,FALSE,0
"latent_density",244,FALSE,FALSE,0
"latent_density",245,FALSE,FALSE,0
"latent_density",246,FALSE,FALSE,0
"latent_density",247,FALSE,FALSE,0
"latent_density",248,FALSE,FALSE,0
"latent_density",249,FALSE,FALSE,0
"latent_density",250,FALSE,FALSE,0
"latent_density",251,FALSE,FALSE,0
"latent_density",252,FALSE,FALSE,0
"latent_density",253,FALSE,FALSE,0
"latent_density",254,FALSE,FALSE,0
"latent_density",255,FALSE,FALSE,0
"latent_density",256,FALSE,FALSE,0
"latent_density",257,FALSE,FALSE,0
"latent_density",258,FALSE,FALSE,0
"latent_density",259,FALSE,FALSE,0
"latent_density",260,FALSE,FALSE,0
"latent_density",261,FALSE,FALSE,0
"latent_density",262,FALSE,FALSE,0
"latent_density",263,FALSE,FALSE,0
"latent_density",264,FALSE,FALSE,0
"latent_density",265,FALSE,FALSE,0
"latent_density",266,FALSE,FALSE,0
"latent_density",267,FALSE,FALSE,0
"latent_density",268,FALSE,FALSE,0
"latent_density",269,FALSE,FALSE,0
"latent_density",270,FALSE,FALSE,0
"latent_density",271,FALSE,FALSE,0
"latent_density",272,FALSE,FALSE,0
"latent_density",273,FALSE,FALSE,0
"latent_density",274,FALSE,FALSE,0
"latent_density",275,FALSE,FALSE,0
"latent_density",276,FALSE,FALSE,0
"latent_density",277,FALSE,FALSE,0
"latent_density",278,FALSE,FALSE,0
"latent_density",279,FALSE,FALSE,0
"latent_density",280,FALSE,FALSE,0
"latent_density",281,FALSE,FALSE,0
"latent_density",282,FALSE,FALSE,0
"latent_density",283,FALSE,FALSE,0
"latent_density",284,FALSE,FALSE,0
"latent_density",285,FALSE,FALSE,0
"latent_density",286,FALSE,FALSE,0
"latent_density",287,FALSE,FALSE,0
"latent_density",288,FALSE,FALSE,0
"latent_density",289,TRUE,TRUE,0
"latent_density",290,FALSE,FALSE,0
"latent_density",291,FALSE,FALSE,0
"latent_density",292,FALSE,FALSE,0
"latent_density",293,FALSE,FALSE,0
"latent_density",294,TRUE,FALSE,0
"latent_density",295,FALSE,FALSE,0
"latent_density",296,FALSE,FALSE,0
"latent_density",297,FALSE,FALSE,0
"latent_density",298,FALSE,FALSE,0
"latent_density",299,FALSE,FALSE,0
"latent_density",300,FALSE,FALSE,0
"latent_density",301,FALSE,FALSE,0
"latent_density",302,TRUE,FALSE,0
"latent_density",303,FALSE,FALSE,0
"latent_density",304,FALSE,TRUE,0
"latent_density",305,FALSE,FALSE,0
"latent_density",306,FALSE,FALSE,0
"latent_density",307,FALSE,FALSE,0
"latent_density",308,FALSE,FALSE,0
"latent_density",309,FALSE,FALSE,0
"latent_density",310,FALSE,FALSE,0
"latent_density",311,FALSE,FALSE,0
"latent_density",312,TRUE,FALSE,0
"latent_density",313,FALSE,FALSE,0
"latent_density",314,FALSE,FALSE,0
"latent_density",315,FALSE,FALSE,0
"latent_density",316,FALSE,FALSE,0
"latent_density",317,FALSE,FALSE,0
"latent_density",318,FALSE,FALSE,0
"latent_density",319,TRUE,FALSE,0
"latent_density",320,FALSE,FALSE,0
"latent_density",321,FALSE,FALSE,0
"latent_density",322,FALSE,FALSE,0
"latent_density",323,FALSE,FALSE,0
"latent_density",324,FALSE,FALSE,0
"latent_density",325,FALSE,FALSE,0
"latent_density",326,FALSE,FALSE,0
"latent_density",327,FALSE,FALSE,0
"latent_density",328,FALSE,FALSE,0
"latent_density",329,FALSE,FALSE,0
"latent_density",330,FALSE,FALSE,0
"latent_density",331,FALSE,FALSE,0
"latent_density",332,FALSE,FALSE,0
"latent_density",333,TRUE,FALSE,0
"latent_density",334,FALSE,FALSE,0
"latent_density",335,FALSE,FALSE,0
"latent_density",336,FALSE,FALSE,0
"latent_density",337,FALSE,FALSE,0
"latent_density",338,FALSE,FALSE,0
"latent_density",339,FALSE,FALSE,0
"latent_density",340,FALSE,FALSE,0
"latent_density",341,FALSE,FALSE,0
"latent_density",342,FALSE,FALSE,0
"latent_density",343,FALSE,FALSE,0
"latent_density",344,FALSE,FALSE,0
"latent_density",345,FALSE,FALSE,0
"latent_density",346,FALSE,FALSE,0
"latent_density",347,FALSE,FALSE,0
"latent_density",348,FALSE,FALSE,0
"latent_density",349,FALSE,FALSE,0
"latent_density",350,FALSE,FALSE,0
"latent_density",351,FALSE,FALSE,0
"latent_density",352,FALSE,FALSE,0
"latent_density",353,FALSE,FALSE,0
"latent_density",354,FALSE,FALSE,0
"latent_density",355,FALSE,FALSE,0
"latent_density",356,FALSE,FALSE,0
"latent_density",357,FALSE,FALSE,0
"latent_density",358,FALSE,FALSE,0
"latent_density",359,FALSE,FALSE,0
"latent_density",360,FALSE,FALSE,0
"latent_density",361,FALSE,FALSE,0
"latent_density",362,FALSE,FALSE,0
"latent_density",363,FALSE,FALSE,0
"latent_density",364,FALSE,FALSE,0
"latent_density",365,FALSE,FALSE,0
"latent_density",366,FALSE,FALSE,0
"latent_density",367,FALSE,FALSE,0
"latent_density",368,FALSE,FALSE,0
"latent_density",369,FALSE,FALSE,0
"latent_density",370,FALSE,FALSE,0
"latent_density",371,FALSE,FALSE,0
"latent_density",372,FALSE,FALSE,0
"latent_density",373,FALSE,FALSE,0
"latent_density",374,FALSE,FALSE,0
"latent_density",375,FALSE,FALSE,0
"latent_density",376,FALSE,FALSE,0
"latent_density",377,FALSE,FALSE,0
"latent_density",378,FALSE,FALSE,0
"latent_density",379,TRUE,FALSE,0
"latent_density",380,FALSE,FALSE,0
"latent_density",381,FALSE,FALSE,0
"latent_density",382,FALSE,FALSE,0
"latent_density",383,FALSE,FALSE,0
"latent_density",384,FALSE,FALSE,0
"latent_density",385,FALSE,FALSE,0
"latent_density",386,FALSE,FALSE,0
"latent_density",387,FALSE,FALSE,0
"latent_density",388,FALSE,FALSE,0
"latent_density",389,FALSE,FALSE,0
"latent_density",390,FALSE,FALSE,0
"latent_density",391,FALSE,FALSE,0
"latent_density",392,FALSE,FALSE,0
"latent_density",393,FALSE,FALSE,0
"latent_density",394,FALSE,FALSE,0
"latent_density",395,FALSE,FALSE,0
"latent_density",396,FALSE,FALSE,0
"latent_density",397,FALSE,FALSE,0
"latent_density",398,FALSE,FALSE,0
"latent_density",399,FALSE,FALSE,0
"latent_density",400,FALSE,FALSE,0
"latent_density",401,FALSE,FALSE,0
"latent_density",402,FALSE,FALSE,0
"latent_density",403,FALSE,FALSE,0
"latent_density",404,FALSE,FALSE,0
"latent_density",405,FALSE,FALSE,0
"latent_density",406,FALSE,FALSE,0
"latent_density",407,FALSE,FALSE,0
"latent_density",408,FALSE,FALSE,0
"latent_density",409,FALSE,FALSE,0
"latent_density",410,FALSE,FALSE,0
"latent_density",411,FALSE,FALSE,0
"latent_density",412,FALSE,FALSE,0
"latent_density",413,FALSE,FALSE,0
"latent_density",414,FALSE,FALSE,0
"latent_density",415,FALSE,FALSE,0
"latent_density",416,FALSE,FALSE,0
"latent_density",417,FALSE,FALSE,0
"latent_density",418,FALSE,FALSE,0
"latent_density",419,FALSE,FALSE,0
"latent_density",420,FALSE,FALSE,0
"latent_density",421,FALSE,FALSE,0
"latent_density",422,FALSE,FALSE,0
"latent_density",423,FALSE,FALSE,0
"latent_density",424,FALSE,FALSE,0
"latent_density",425,FALSE,FALSE,0
"latent_density",426,FALSE,FALSE,0
"latent_density",427,FALSE,FALSE,0
"latent_density",428,FALSE,FALSE,0
"latent_density",429,FALSE,FALSE,0
"latent_density",430,FALSE,FALSE,0
"latent_density",431,FALSE,FALSE,0
"latent_density",432,FALSE,FALSE,0
"latent_density",433,FALSE,FALSE,0
"latent_density",434,FALSE,FALSE,0
"latent_density",435,FALSE,FALSE,0
"latent_density",436,FALSE,FALSE,0
"latent_density",437,FALSE,FALSE,0
"latent_density",438,FALSE,FALSE,0
"latent_density",439,FALSE,FALSE,0
"latent_density",440,FALSE,FALSE,0
"latent_density",441,FALSE,FALSE,0
"latent_density",442,FALSE,FALSE,0
"latent_density",443,FALSE,FALSE,0
"latent_density",444,FALSE,FALSE,0
"latent_density",445,TRUE,FALSE,0
"latent_density",446,FALSE,FALSE,0
"latent_density",447,FALSE,FALSE,0
"latent_density",448,FALSE,FALSE,0
"latent_density",449,FALSE,FALSE,0
"latent_density",450,FALSE,FALSE,0
"latent_density",451,FALSE,FALSE,0
"latent_density",452,FALSE,FALSE,0
"latent_density",453,FALSE,FALSE,0
"latent_density",454,FALSE,FALSE,0
"latent_density",455,FALSE,FALSE,0
"latent_density",456,FALSE,FALSE,0
"latent_density",457,FALSE,FALSE,0
"latent_density",458,TRUE,FALSE,0
"latent_density",459,FALSE,FALSE,0
"latent_density",460,FALSE,FALSE,0
"latent_density",461,FALSE,FALSE,0
"latent_density",462,FALSE,FALSE,0
"latent_density",463,FALSE,FALSE,0
"latent_density",464,FALSE,FALSE,0
"latent_density",465,FALSE,FALSE,0
"latent_density",466,FALSE,FALSE,0
"latent_density",467,FALSE,FALSE,0
"latent_density",468,FALSE,FALSE,0
"latent_density",469,FALSE,FALSE,0
"latent_density",470,FALSE,FALSE,0
"latent_density",471,FALSE,FALSE,0
"latent_density",472,FALSE,FALSE,0
"latent_density",473,FALSE,FALSE,0
"latent_density",474,FALSE,FALSE,0
"latent_density",475,FALSE,FALSE,0
"latent_density",476,FALSE,FALSE,0
"latent_density",477,FALSE,FALSE,0
"latent_density",478,FALSE,FALSE,0
"latent_density",479,FALSE,FALSE,0
"latent_density",480,FALSE,FALSE,0
"latent_density",481,FALSE,FALSE,0
"latent_density",482,FALSE,FALSE,0
"latent_density",483,FALSE,FALSE,0
"latent_density",484,FALSE,FALSE,0
"latent_density",485,FALSE,FALSE,0
"latent_density",486,TRUE,FALSE,0
"latent_density",487,FALSE,FALSE,0
"latent_density",488,FALSE,FALSE,0
"latent_density",489,FALSE,FALSE,0
"latent_density",490,FALSE,FALSE,0
"latent_density",491,FALSE,FALSE,0
"latent_density",492,FALSE,FALSE,0
"latent_density",493,FALSE,FALSE,0
"latent_density",494,FALSE,FALSE,0
"latent_density",495,FALSE,FALSE,0
"latent_density",496,FALSE,FALSE,0
"latent_density",497,TRUE,FALSE,0
"latent_density",498,FALSE,FALSE,0
"latent_density",499,FALSE,FALSE,0
"latent_density",500,FALSE,FALSE,0
"latent_density",501,FALSE,FALSE,0
"latent_density",502,FALSE,FALSE,0
"latent_density",503,TRUE,FALSE,0
"latent_density",504,FALSE,FALSE,0
"latent_density",505,FALSE,FALSE,0
"latent_density",506,FALSE,FALSE,0
"latent_density",507,FALSE,FALSE,0
"latent_density",508,FALSE,FALSE,0
"latent_density",509,TRUE,FALSE,0
"latent_density",510,FALSE,FALSE,0
"latent_density",511,FALSE,FALSE,0
"latent_density",512,FALSE,FALSE,0
"latent_density",513,FALSE,FALSE,0
"latent_density",514,FALSE,FALSE,0
"latent_density",515,FALSE,FALSE,0
"latent_density",516,FALSE,FALSE,0
"latent_density",517,FALSE,FALSE,0
"latent_density",518,FALSE,FALSE,0
"latent_density",519,FALSE,FALSE,0
"latent_density",520,FALSE,FALSE,0
"latent_density",521,FALSE,FALSE,0
"latent_density",522,FALSE,FALSE,0
"latent_density",523,FALSE,FALSE,0
"latent_density",524,FALSE,FALSE,0
"latent_density",525,FALSE,FALSE,0
"latent_density",526,FALSE,FALSE,0
"latent_density",527,FALSE,FALSE,0
"latent_density",528,TRUE,FALSE,0
"latent_density",529,FALSE,FALSE,0
"latent_density",530,FALSE,FALSE,0
"latent_density",531,FALSE,FALSE,0
"latent_density",532,FALSE,FALSE,0
"latent_density",533,FALSE,FALSE,0
"latent_density",534,FALSE,FALSE,0
"latent_density",535,FALSE,FALSE,0
"latent_density",536,FALSE,FALSE,0
"latent_density",537,FALSE,FALSE,0
"latent_density",538,FALSE,FALSE,0
"latent_density",539,FALSE,FALSE,0
"latent_density",540,FALSE,FALSE,0
"latent_density",541,FALSE,FALSE,0
"latent_density",542,FALSE,FALSE,0
"latent_density",543,FALSE,FALSE,0
"latent_density",544,FALSE,FALSE,0
"latent_density",545,FALSE,FALSE,0
"latent_density",546,FALSE,FALSE,0
"latent_density",547,FALSE,FALSE,0
"latent_density",548,FALSE,FALSE,0
"latent_density",549,FALSE,FALSE,0
"latent_density",550,FALSE,FALSE,0
"latent_density",551,FALSE,FALSE,0
"latent_density",552,FALSE,FALSE,0
"latent_density",553,FALSE,FALSE,0
"latent_density",554,FALSE,FALSE,0
"latent_density",555,FALSE,FALSE,0
"latent_density",556,FALSE,FALSE,0
"latent_density",557,FALSE,FALSE,0
"latent_density",558,FALSE,FALSE,0
"latent_density",559,FALSE,FALSE,0
"latent_density",560,FALSE,FALSE,0
"latent_density",561,FALSE,FALSE,0
"latent_density",562,FALSE,FALSE,0
"latent_density",563,FALSE,FALSE,0
"latent_density",564,FALSE,FALSE,0
"latent_density",565,FALSE,FALSE,0
"latent_density",566,FALSE,FALSE,0
"latent_density",567,FALSE,FALSE,0
"latent_density",568,FALSE,FALSE,0
"latent_density",569,FALSE,FALSE,0
"latent_density",570,FALSE,FALSE,0
"latent_density",571,FALSE,FALSE,0
"latent_density",572,FALSE,FALSE,0
"latent_density",573,FALSE,FALSE,0
"latent_density",574,FALSE,FALSE,0
"latent_density",575,FALSE,FALSE,0
"latent_density",576,FALSE,FALSE,0
"latent_density",577,FALSE,FALSE,0
"latent_density",578,FALSE,FALSE,0
"latent_density",579,FALSE,FALSE,0
"latent_density",580,FALSE,FALSE,0
"latent_density",581,FALSE,FALSE,0
"latent_density",582,FALSE,FALSE,0
"latent_density",583,FALSE,FALSE,0
"latent_density",584,FALSE,FALSE,0
"latent_density",585,FALSE,FALSE,0
"latent_density",586,FALSE,FALSE,0
"latent_density",587,FALSE,FALSE,0
"latent_density",588,FALSE,FALSE,0
"latent_density",589,FALSE,FALSE,0
"latent_density",590,FALSE,FALSE,0
"latent_density",591,TRUE,FALSE,0
"latent_density",592,FALSE,FALSE,0
"latent_density",593,FALSE,FALSE,0
"latent_density",594,FALSE,FALSE,0
"latent_density",595,FALSE,FALSE,0
"latent_density",596,FALSE,FALSE,0
"latent_density",597,FALSE,FALSE,0
"latent_density",598,FALSE,FALSE,0
"latent_density",599,FALSE,FALSE,0
"latent_density",600,FALSE,FALSE,0
"latent_density",601,FALSE,FALSE,0
"latent_density",602,FALSE,FALSE,0
"latent_density",603,FALSE,FALSE,0
"latent_density",604,FALSE,FALSE,0
"latent_density",605,FALSE,FALSE,0
"latent_density",606,FALSE,FALSE,0
"latent_density",607,FALSE,FALSE,0
"latent_density",608,FALSE,FALSE,0
"latent_density",609,FALSE,FALSE,0
"latent_density",610,FALSE,FALSE,0
"latent_density",611,FALSE,FALSE,0
"latent_density",612,FALSE,FALSE,0
"latent_density",613,FALSE,FALSE,0
"latent_density",614,FALSE,FALSE,0
"latent_density",615,FALSE,FALSE,0
"latent_density",616,FALSE,FALSE,0
"latent_density",617,FALSE,FALSE,0
"latent_density",618,FALSE,FALSE,0
"latent_density",619,FALSE,FALSE,0
"latent_density",620,FALSE,FALSE,0
"latent_density",621,FALSE,FALSE,0
"latent_density",622,FALSE,FALSE,0
"latent_density",623,TRUE,FALSE,0
"latent_density",624,FALSE,FALSE,0
"latent_density",625,FALSE,FALSE,0
"latent_density",626,FALSE,FALSE,0
"latent_density",627,FALSE,FALSE,0
"latent_density",628,FALSE,FALSE,0
"latent_density",629,FALSE,FALSE,0
"latent_density",630,FALSE,FALSE,0
"latent_density",631,FALSE,FALSE,0
"latent_density",632,FALSE,FALSE,0
"latent_density",633,FALSE,FALSE,0
"latent_density",634,TRUE,FALSE,0
"latent_density",635,FALSE,FALSE,0
"latent_density",636,FALSE,FALSE,0
"latent_density",637,FALSE,FALSE,0
"latent_density",638,FALSE,FALSE,0
"latent_density",639,FALSE,FALSE,0
"latent_density",640,FALSE,FALSE,0
"latent_density",641,FALSE,FALSE,0
"latent_density",642,FALSE,FALSE,0
"latent_density",643,FALSE,FALSE,0
"latent_density",644,FALSE,FALSE,0
"latent_density",645,FALSE,FALSE,0
"latent_density",646,FALSE,FALSE,0
"latent_density",647,FALSE,FALSE,0
"latent_density",648,FALSE,FALSE,0
"latent_density",649,FALSE,FALSE,0
"latent_density",650,FALSE,FALSE,0
"latent_density",651,FALSE,FALSE,0
"latent_density",652,FALSE,FALSE,0
"latent_density",653,FALSE,FALSE,0
"latent_density",654,FALSE,FALSE,0
"latent_density",655,FALSE,FALSE,0
"latent_density",656,TRUE,FALSE,0
"latent_density",657,FALSE,FALSE,0
"latent_density",658,FALSE,FALSE,0
"latent_density",659,FALSE,FALSE,0
"latent_density",660,FALSE,FALSE,0
"latent_density",661,FALSE,FALSE,0
"latent_density",662,FALSE,FALSE,0
"latent_density",663,FALSE,FALSE,0
"latent_density",664,FALSE,FALSE,0
"latent_density",665,FALSE,FALSE,0
"latent_density",666,FALSE,FALSE,0
"latent_density",667,FALSE,FALSE,0
"latent_density",668,TRUE,FALSE,0
"latent_density",669,FALSE,FALSE,0
"latent_density",670,FALSE,FALSE,0
"latent_density",671,FALSE,FALSE,0
"latent_density",672,FALSE,FALSE,0
"latent_density",673,FALSE,FALSE,0
"latent_density",674,FALSE,FALSE,0
"latent_density",675,FALSE,FALSE,0
"latent_density",676,FALSE,FALSE,0
"latent_density",677,FALSE,FALSE,0
"latent_density",678,FALSE,FALSE,0
"latent_density",679,FALSE,FALSE,0
"latent_density",680,FALSE,FALSE,0
"latent_density",681,FALSE,FALSE,0
"latent_density",682,FALSE,FALSE,0
"latent_density",683,FALSE,FALSE,0
"latent_density",684,FALSE,FALSE,0
"latent_density",685,FALSE,FALSE,0
"latent_density",686,FALSE,FALSE,0
"latent_density",687,FALSE,FALSE,0
"latent_density",688,FALSE,FALSE,0
"latent_density",689,FALSE,FALSE,0
"latent_density",690,FALSE,FALSE,0
"latent_density",691,FALSE,FALSE,0
"latent_density",692,FALSE,FALSE,0
"latent_density",693,FALSE,FALSE,0
"latent_density",694,FALSE,FALSE,0
"latent_density",695,FALSE,FALSE,0
"latent_density",696,FALSE,FALSE,0
"latent_density",697,FALSE,FALSE,0
"latent_density",698,FALSE,FALSE,0
"latent_density",699,FALSE,FALSE,0
"latent_density",700,FALSE,FALSE,0
"latent_density",701,FALSE,FALSE,0
"latent_density",702,FALSE,FALSE,0
"latent_density",703,FALSE,FALSE,0
"latent_density",704,FALSE,FALSE,0
"latent_density",705,FALSE,FALSE,0
"latent_density",706,FALSE,FALSE,0
"latent_density",707,FALSE,FALSE,0
"latent_density",708,FALSE,FALSE,0
"latent_density",709,FALSE,FALSE,0
"latent_density",710,FALSE,FALSE,0
"latent_density",711,FALSE,FALSE,0
"latent_density",712,FALSE,FALSE,0
"latent_density",713,TRUE,FALSE,0
"latent_density",714,FALSE,FALSE,0
"latent_density",715,FALSE,FALSE,0
"latent_density",716,FALSE,FALSE,0
"latent_density",717,FALSE,FALSE,0
"latent_density",718,FALSE,FALSE,0
"latent_density",719,TRUE,FALSE,0
"latent_density",720,FALSE,FALSE,0
"latent_density",721,FALSE,FALSE,0
"latent_density",722,FALSE,FALSE,0
"latent_density",723,FALSE,FALSE,0
"latent_density",724,FALSE,FALSE,0
"latent_density",725,FALSE,FALSE,0
"latent_density",726,FALSE,FALSE,0
"latent_density",727,FALSE,FALSE,0
"latent_density",728,FALSE,FALSE,0
"latent_density",729,FALSE,FALSE,0
"latent_density",730,FALSE,FALSE,0
"latent_density",731,FALSE,FALSE,0
"latent_density",732,FALSE,FALSE,0
"latent_density",733,FALSE,FALSE,0
"latent_density",734,FALSE,FALSE,0
"latent_density",735,FALSE,FALSE,0
"latent_density",736,FALSE,FALSE,0
"latent_density",737,FALSE,FALSE,0
"latent_density",738,FALSE,FALSE,0
"latent_density",739,FALSE,FALSE,0
"latent_density",740,FALSE,FALSE,0
"latent_density",741,FALSE,FALSE,0
"latent_density",742,FALSE,FALSE,0
"latent_density",743,FALSE,FALSE,0
"latent_density",744,FALSE,FALSE,0
"latent_density",745,FALSE,FALSE,0
"latent_density",746,FALSE,FALSE,0
"latent_density",747,FALSE,FALSE,0
"latent_density",748,FALSE,FALSE,0
"latent_density",749,FALSE,FALSE,0
"latent_density",750,FALSE,FALSE,0
"latent_density",751,FALSE,FALSE,0
"latent_density",752,FALSE,FALSE,0
"latent_density",753,FALSE,FALSE,0
"latent_density",754,FALSE,FALSE,0
"latent_density",755,FALSE,FALSE,0
"latent_density",756,FALSE,FALSE,0
"latent_density",757,FALSE,FALSE,0
"latent_density",758,FALSE,FALSE,0
"latent_density",759,FALSE,FALSE,0
"latent_density",760,FALSE,FALSE,0
"latent_density",761,FALSE,FALSE,0
"latent_density",762,FALSE,FALSE,0
"latent_density",763,FALSE,FALSE,0
"latent_density",764,FALSE,FALSE,0
"latent_density",765,FALSE,FALSE,0
"latent_density",766,FALSE,FALSE,0
"latent_density",767,FALSE,FALSE,0
"latent_density",768,FALSE,FALSE,0
"latent_density",769,TRUE,FALSE,0
"latent_density",770,FALSE,FALSE,0
"latent_density",771,FALSE,FALSE,0
"latent_density",772,FALSE,FALSE,0
"latent_density",773,TRUE,FALSE,0
"latent_density",774,FALSE,FALSE,0
"latent_density",775,FALSE,FALSE,0
"latent_density",776,FALSE,FALSE,0
"latent_density",777,FALSE,FALSE,0
"latent_density",778,FALSE,FALSE,0
"latent_density",779,FALSE,FALSE,0
"latent_density",780,FALSE,FALSE,0
"latent_density",781,FALSE,FALSE,0
"latent_density",782,FALSE,FALSE,0
"latent_density",783,FALSE,FALSE,0
"latent_density",784,FALSE,FALSE,0
"latent_density",785,FALSE,FALSE,0
"latent_density",786,FALSE,FALSE,0
"latent_density",787,FALSE,FALSE,0
"latent_density",788,FALSE,FALSE,0
"latent_density",789,FALSE,FALSE,0
"latent_density",790,FALSE,FALSE,0
"latent_density",791,FALSE,FALSE,0
"latent_density",792,FALSE,FALSE,0
"latent_density",793,FALSE,FALSE,0
"latent_density",794,FALSE,FALSE,0
"latent_density",795,FALSE,FALSE,0
"latent_density",796,FALSE,FALSE,0
"latent_density",797,FALSE,FALSE,0
"latent_density",798,FALSE,FALSE,0
"latent_density",799,FALSE,FALSE,0
"latent_density",800,FALSE,FALSE,0
"latent_density",801,FALSE,FALSE,0
"latent_density",802,FALSE,FALSE,0
"latent_density",803,FALSE,FALSE,0
"latent_density",804,FALSE,FALSE,0
"latent_density",805,FALSE,FALSE,0
"latent_density",806,FALSE,FALSE,0
"latent_density",807,FALSE,FALSE,0
"latent_density",808,TRUE,FALSE,0
"latent_density",809,FALSE,FALSE,0
"latent_density",810,FALSE,FALSE,0
"latent_density",811,FALSE,FALSE,0
"latent_density",812,FALSE,FALSE,0
"latent_density",813,FALSE,FALSE,0
"latent_density",814,FALSE,FALSE,0
"latent_density",815,FALSE,FALSE,0
"latent_density",816,FALSE,FALSE,0
"latent_density",817,FALSE,FALSE,0
"latent_density",818,FALSE,FALSE,0
"latent_density",819,FALSE,FALSE,0
"latent_density",820,FALSE,FALSE,0
"latent_density",821,FALSE,FALSE,0
"latent_density",822,FALSE,FALSE,0
"latent_density",823,FALSE,FALSE,0
"latent_density",824,FALSE,FALSE,0
"latent_density",825,FALSE,FALSE,0
"latent_density",826,FALSE,FALSE,0
"latent_density",827,FALSE,FALSE,0
"latent_density",828,FALSE,FALSE,0
"latent_density",829,FALSE,FALSE,0
"latent_density",830,FALSE,FALSE,0
"latent_density",831,FALSE,FALSE,0
"latent_density",832,FALSE,FALSE,0
"latent_density",833,FALSE,FALSE,0
"latent_density",834,FALSE,FALSE,0
"latent_density",835,FALSE,FALSE,0
"latent_density",836,FALSE,FALSE,0
"latent_density",837,FALSE,FALSE,0
"latent_density",838,FALSE,FALSE,0
"latent_density",839,FALSE,FALSE,0
"latent_density",840,FALSE,FALSE,0
"latent_density",841,FALSE,FALSE,0
"latent_density",842,FALSE,FALSE,0
"latent_density",843,FALSE,FALSE,0
"latent_density",844,FALSE,FALSE,0
"latent_density",845,FALSE,FALSE,0
"latent_density",846,FALSE,FALSE,0
"latent_density",847,FALSE,FALSE,0
"latent_density",848,FALSE,FALSE,0
"latent_density",849,FALSE,FALSE,0
"latent_density",850,FALSE,FALSE,0
"latent_density",851,FALSE,FALSE,0
"latent_density",852,FALSE,FALSE,0
"latent_density",853,FALSE,FALSE,0
"latent_density",854,FALSE,FALSE,0
"latent_density",855,FALSE,FALSE,0
"latent_density",856,FALSE,FALSE,0
"latent_density",857,FALSE,FALSE,0
"latent_density",858,FALSE,FALSE,0
"latent_density",859,FALSE,FALSE,0
"latent_density",860,FALSE,FALSE,0
"latent_density",861,FALSE,FALSE,0
"latent_density",862,FALSE,FALSE,0
"latent_density",863,FALSE,FALSE,0
"latent_density",864,FALSE,FALSE,0
"latent_density",865,FALSE,FALSE,0
"latent_density",866,FALSE,FALSE,0
"latent_density",867,FALSE,FALSE,0
"latent_density",868,TRUE,FALSE,0
"latent_density",869,FALSE,FALSE,0
"latent_density",870,FALSE,FALSE,0
"latent_density",871,FALSE,FALSE,0
"latent_density",872,FALSE,FALSE,0
"latent_density",873,FALSE,FALSE,0
"latent_density",874,FALSE,FALSE,0
"latent_density",875,FALSE,FALSE,0
"latent_density",876,FALSE,FALSE,0
"latent_density",877,FALSE,FALSE,0
"latent_density",878,FALSE,FALSE,0
"latent_density",879,FALSE,FALSE,0
"latent_density",880,FALSE,FALSE,0
"latent_density",881,FALSE,FALSE,0
"latent_density",882,FALSE,FALSE,0
"latent_density",883,FALSE,FALSE,0
"latent_density",884,FALSE,FALSE,0
"latent_density",885,FALSE,FALSE,0
"latent_density",886,FALSE,FALSE,0
"latent_density",887,FALSE,FALSE,0
"latent_density",888,FALSE,FALSE,0
"latent_density",889,FALSE,FALSE,0
"latent_density",890,FALSE,FALSE,0
"latent_density",891,FALSE,FALSE,0
"latent_density",892,TRUE,TRUE,0
"latent_density",893,FALSE,FALSE,0
"latent_density",894,FALSE,FALSE,0
"latent_density",895,FALSE,FALSE,0
"latent_density",896,FALSE,FALSE,0
"latent_density",897,FALSE,FALSE,0
"latent_density",898,FALSE,FALSE,0
"latent_density",899,FALSE,FALSE,0
"latent_density",900,FALSE,FALSE,0
"latent_density",901,FALSE,FALSE,0
"latent_density",902,FALSE,FALSE,0
"latent_density",903,FALSE,FALSE,0
"latent_density",904,FALSE,FALSE,0
"latent_density",905,FALSE,FALSE,0
"latent_density",906,FALSE,FALSE,0
"latent_density",907,FALSE,FALSE,0
"latent_density",908,FALSE,FALSE,0
"latent_density",909,FALSE,FALSE,0
"latent_density",910,FALSE,FALSE,0
"latent_density",911,FALSE,FALSE,0
"latent_density",912,FALSE,FALSE,0
"latent_density",913,FALSE,FALSE,0
"latent_density",914,FALSE,FALSE,0
"latent_density",915,FALSE,FALSE,0
"latent_density",916,FALSE,FALSE,0
"latent_density",917,TRUE,FALSE,0
"latent_density",918,FALSE,TRUE,0
"latent_density",919,FALSE,FALSE,0
"latent_density",920,FALSE,FALSE,0
"latent_density",921,FALSE,FALSE,0
"latent_density",922,FALSE,FALSE,0
"latent_density",923,FALSE,FALSE,0
"latent_density",924,FALSE,FALSE,0
"latent_density",925,FALSE,FALSE,0
"latent_density",926,FALSE,FALSE,0
"latent_density",927,FALSE,FALSE,0
"latent_density",928,FALSE,FALSE,0
"latent_density",929,FALSE,FALSE,0
"latent_density",930,FALSE,FALSE,0
"latent_density",931,FALSE,FALSE,0
"latent_density",932,FALSE,FALSE,0
"latent_density",933,FALSE,FALSE,0
"latent_density",934,FALSE,FALSE,0
"latent_density",935,FALSE,FALSE,0
"latent_density",936,FALSE,FALSE,0
"latent_density",937,FALSE,FALSE,0
"latent_density",938,FALSE,FALSE,0
"latent_density",939,FALSE,FALSE,0
"latent_density",940,FALSE,FALSE,0
"latent_density",941,FALSE,FALSE,0
"latent_density",942,FALSE,FALSE,0
"latent_density",943,FALSE,FALSE,0
"latent_density",944,FALSE,FALSE,0
"latent_density",945,FALSE,FALSE,0
"latent_density",946,FALSE,FALSE,0
"latent_density",947,FALSE,FALSE,0
"latent_density",948,FALSE,FALSE,0
"latent_density",949,FALSE,FALSE,0
"latent_density",950,FALSE,FALSE,0
"latent_density",951,FALSE,FALSE,0
"latent_density",952,FALSE,FALSE,0
"latent_density",953,FALSE,FALSE,0
"latent_density",954,FALSE,FALSE,0
"latent_density",955,FALSE,FALSE,0
"latent_density",956,FALSE,FALSE,0
"latent_density",957,FALSE,FALSE,0
"latent_density",958,FALSE,FALSE,0
"latent_density",959,FALSE,FALSE,0
"latent_density",960,FALSE,FALSE,0
"latent_density",961,FALSE,FALSE,0
"latent_density",962,FALSE,FALSE,0
"latent_density",963,FALSE,FALSE,0
"latent_density",964,FALSE,FALSE,0
"latent_density",965,FALSE,FALSE,0
"latent_density",966,TRUE,FALSE,0
"latent_density",967,FALSE,FALSE,0
"latent_density",968,FALSE,FALSE,0
"latent_density",969,FALSE,FALSE,0
"latent_density",970,FALSE,FALSE,0
"latent_density",971,FALSE,FALSE,0
"latent_density",972,FALSE,FALSE,0
"latent_density",973,FALSE,FALSE,0
"latent_density",974,FALSE,FALSE,0
"latent_density",975,FALSE,FALSE,0
"latent_density",976,FALSE,FALSE,0
"latent_density",977,FALSE,FALSE,0
"latent_density",978,FALSE,FALSE,0
"latent_density",979,FALSE,FALSE,0
"latent_density",980,FALSE,FALSE,0
"latent_density",981,FALSE,FALSE,0
"latent_density",982,FALSE,FALSE,0
"latent_density",983,FALSE,FALSE,0
"latent_density",984,FALSE,FALSE,0
"latent_density",985,FALSE,FALSE,0
"latent_density",986,FALSE,FALSE,0
"latent_density",987,FALSE,FALSE,0
"latent_density",988,FALSE,FALSE,0
"latent_density",989,FALSE,FALSE,0
"latent_density",990,FALSE,FALSE,0
"latent_density",991,FALSE,FALSE,0
"latent_density",992,FALSE,FALSE,0
"latent_density",993,FALSE,FALSE,0
"latent_density",994,FALSE,FALSE,0
"latent_density",995,FALSE,FALSE,0
"latent_density",996,FALSE,FALSE,0
"latent_density",997,FALSE,FALSE,0
"latent_density",998,FALSE,FALSE,0
"latent_density",999,FALSE,FALSE,0
"latent_density",1000,FALSE,FALSE,0
"latent_density",1001,FALSE,FALSE,0
"latent_density",1002,FALSE,FALSE,0
"latent_density",1003,FALSE,FALSE,0
"latent_density",1004,FALSE,FALSE,0
"latent_density",1005,FALSE,FALSE,0
"latent_density",1006,FALSE,FALSE,0
"latent_density",1007,FALSE,FALSE,0
"latent_density",1008,FALSE,FALSE,0
"latent_density",1009,FALSE,FALSE,0
"latent_density",1010,FALSE,FALSE,0
"latent_density",1011,FALSE,FALSE,0
"latent_density",1012,FALSE,FALSE,0
"latent_density",1013,FALSE,FALSE,0
"latent_density",1014,FALSE,FALSE,0
"latent_density",1015,FALSE,FALSE,0
"latent_density",1016,FALSE,FALSE,0
"latent_density",1017,FALSE,FALSE,0
"latent_density",1018,FALSE,FALSE,0
"latent_density",1019,FALSE,FALSE,0
"latent_density",1020,FALSE,FALSE,0
"latent_density",1021,FALSE,FALSE,0
"latent_density",1022,FALSE,FALSE,0
"latent_density",1023,TRUE,FALSE,0
"latent_density",1024,FALSE,FALSE,0
"latent_density",1025,FALSE,FALSE,0
"latent_density",1026,FALSE,FALSE,0
"latent_density",1027,FALSE,FALSE,0
"latent_density",1028,FALSE,FALSE,0
"latent_density",1029,FALSE,FALSE,0
"latent_density",1030,FALSE,FALSE,0
"latent_density",1031,FALSE,FALSE,0
"latent_density",1032,FALSE,FALSE,0
"latent_density",1033,FALSE,FALSE,0
"latent_density",1034,FALSE,FALSE,0
"latent_density",1035,FALSE,FALSE,0
"latent_density",1036,FALSE,FALSE,0
"latent_density",1037,FALSE,FALSE,0
"latent_density",1038,FALSE,FALSE,0
"latent_density",1039,FALSE,FALSE,0
"latent_density",1040,FALSE,FALSE,0
"latent_density",1041,FALSE,FALSE,0
"latent_density",1042,FALSE,FALSE,0
"latent_density",1043,FALSE,FALSE,0
"latent_density",1044,FALSE,FALSE,0
"latent_density",1045,FALSE,FALSE,0
"latent_density",1046,FALSE,FALSE,0
"latent_density",1047,FALSE,FALSE,0
"latent_density",1048,FALSE,FALSE,0
"latent_density",1049,FALSE,FALSE,0
"latent_density",1050,FALSE,FALSE,0
"latent_density",1051,FALSE,FALSE,0
"latent_density",1052,FALSE,FALSE,0
"latent_density",1053,FALSE,FALSE,0
"latent_density",1054,FALSE,FALSE,0
"latent_density",1055,FALSE,FALSE,0
"latent_density",1056,FALSE,FALSE,0
"latent_density",1057,FALSE,FALSE,0
"latent_density",1058,FALSE,FALSE,0
"latent_density",1059,FALSE,FALSE,0
"latent_density",1060,FALSE,FALSE,0
"latent_density",1061,FALSE,FALSE,0
"latent_density",1062,FALSE,FALSE,0
"latent_density",1063,FALSE,FALSE,0
"latent_density",1064,FALSE,FALSE,0
"latent_density",1065,FALSE,FALSE,0
"latent_density",1066,FALSE,FALSE,0
"latent_density",1067,FALSE,FALSE,0
"latent_density",1068,FALSE,FALSE,0
"latent_density",1069,FALSE,FALSE,0
"latent_density",1070,FALSE,FALSE,0
"latent_density",1071,FALSE,FALSE,0
"latent_density",1072,FALSE,FALSE,0
"latent_density",1073,FALSE,FALSE,0
"latent_density",1074,FALSE,FALSE,0
"latent_density",1075,FALSE,FALSE,0
"latent_density",1076,FALSE,FALSE,0
"latent_density",1077,FALSE,FALSE,0
"latent_density",1078,FALSE,FALSE,0
"latent_density",1079,TRUE,FALSE,0
"latent_density",1080,FALSE,FALSE,0
"latent_density",1081,FALSE,FALSE,0
"latent_density",1082,TRUE,FALSE,0
"latent_density",1083,FALSE,FALSE,0
"latent_density",1084,FALSE,FALSE,0
"latent_density",1085,FALSE,FALSE,0
"latent_density",1086,FALSE,FALSE,0
"latent_density",1087,FALSE,FALSE,0
"latent_density",1088,FALSE,FALSE,0
"latent_density",1089,FALSE,FALSE,0
"latent_density",1090,FALSE,FALSE,0
"latent_density",1091,FALSE,FALSE,0
"latent_density",1092,TRUE,FALSE,0
"latent_density",1093,FALSE,FALSE,0
"latent_density",1094,FALSE,FALSE,0
"latent_density",1095,FALSE,FALSE,0
"latent_density",1096,FALSE,FALSE,0
"latent_density",1097,FALSE,FALSE,0
"latent_density",1098,FALSE,FALSE,0
"latent_density",1099,FALSE,FALSE,0
"latent_density",1100,FALSE,FALSE,0
"latent_density",1101,FALSE,FALSE,0
"latent_density",1102,FALSE,FALSE,0
"latent_density",1103,FALSE,FALSE,0
"latent_density",1104,FALSE,FALSE,0
"latent_density",1105,FALSE,FALSE,0
"latent_density",1106,FALSE,FALSE,0
"latent_density",1107,FALSE,FALSE,0
"latent_density",1108,FALSE,FALSE,0
"latent_density",1109,TRUE,TRUE,0
"latent_density",1110,FALSE,FALSE,0
"latent_density",1111,TRUE,FALSE,0
"latent_density",1112,FALSE,FALSE,0
"latent_density",1113,FALSE,FALSE,0
"latent_density",1114,FALSE,FALSE,0
"latent_density",1115,FALSE,FALSE,0
"latent_density",1116,FALSE,FALSE,0
"latent_density",1117,FALSE,FALSE,0
"latent_density",1118,FALSE,FALSE,0
"latent_density",1119,FALSE,FALSE,0
"latent_density",1120,FALSE,FALSE,0
"latent_density",1121,FALSE,FALSE,0
"latent_density",1122,FALSE,FALSE,0
"latent_density",1123,FALSE,FALSE,0
"latent_density",1124,FALSE,FALSE,0
"latent_density",1125,FALSE,FALSE,0
"latent_density",1126,FALSE,FALSE,0
"latent_density",1127,FALSE,FALSE,0
"latent_density",1128,FALSE,FALSE,0
"latent_density",1129,FALSE,FALSE,0
"latent_density",1130,TRUE,FALSE,0
"latent_density",1131,FALSE,FALSE,0
"latent_density",1132,FALSE,FALSE,0
"latent_density",1133,FALSE,FALSE,0
"latent_density",1134,FALSE,FALSE,0
"latent_density",1135,FALSE,FALSE,0
"latent_density",1136,FALSE,FALSE,0
"latent_density",1137,FALSE,FALSE,0
"latent_density",1138,FALSE,FALSE,0
"latent_density",1139,TRUE,FALSE,0
"latent_density",1140,FALSE,FALSE,0
"latent_density",1141,FALSE,FALSE,0
"latent_density",1142,FALSE,FALSE,0
"latent_density",1143,FALSE,FALSE,0
"latent_density",1144,FALSE,FALSE,0
"latent_density",1145,FALSE,FALSE,0
"latent_density",1146,FALSE,FALSE,0
"latent_density",1147,FALSE,FALSE,0
"latent_density",1148,FALSE,FALSE,0
"latent_density",1149,TRUE,FALSE,0
"latent_density",1150,FALSE,FALSE,0
"latent_density",1151,TRUE,FALSE,0
"latent_density",1152,FALSE,FALSE,0
"latent_density",1153,FALSE,FALSE,0
"latent_density",1154,FALSE,FALSE,0
"latent_density",1155,FALSE,FALSE,0
"latent_density",1156,FALSE,FALSE,0
"latent_density",1157,FALSE,FALSE,0
"latent_density",1158,FALSE,FALSE,0
"latent_density",1159,FALSE,FALSE,0
"latent_density",1160,FALSE,FALSE,0
"latent_density",1161,FALSE,FALSE,0
"latent_density",1162,FALSE,FALSE,0
"latent_density",1163,FALSE,FALSE,0
"latent_density",1164,FALSE,FALSE,0
"latent_density",1165,FALSE,FALSE,0
"latent_density",1166,FALSE,FALSE,0
"latent_density",1167,FALSE,FALSE,0
"latent_density",1168,FALSE,FALSE,0
"latent_density",1169,FALSE,FALSE,0
"latent_density",1170,FALSE,FALSE,0
"latent_density",1171,FALSE,FALSE,0
"latent_density",1172,FALSE,FALSE,0
"latent_density",1173,FALSE,FALSE,0
"latent_density",1174,FALSE,FALSE,0
"latent_density",1175,FALSE,FALSE,0
"latent_density",1176,FALSE,FALSE,0
"latent_density",1177,FALSE,FALSE,0
"latent_density",1178,FALSE,FALSE,0
"latent_density",1179,FALSE,FALSE,0
"latent_density",1180,FALSE,FALSE,0
"latent_density",1181,FALSE,FALSE,0
"latent_density",1182,FALSE,FALSE,0
"latent_density",1183,FALSE,FALSE,0
"latent_density",1184,FALSE,FALSE,0
"latent_density",1185,FALSE,FALSE,0
"latent_density",1186,TRUE,FALSE,0
"latent_density",1187,FALSE,FALSE,0
"latent_density",1188,FALSE,FALSE,0
"latent_density",1189,FALSE,FALSE,0
"latent_density",1190,FALSE,FALSE,0
"latent_density",1191,FALSE,FALSE,0
"latent_density",1192,FALSE,FALSE,0
"latent_density",1193,FALSE,FALSE,0
"latent_density",1194,FALSE,FALSE,0
"latent_density",1195,FALSE,FALSE,0
"latent_density",1196,FALSE,FALSE,0
"latent_density",1197,FALSE,FALSE,0
"latent_density",1198,TRUE,FALSE,0
"latent_density",1199,FALSE,FALSE,0
"latent_density",1200,FALSE,FALSE,0
"latent_density",1201,FALSE,FALSE,0
"latent_density",1202,FALSE,FALSE,0
"latent_density",1203,FALSE,FALSE,0
"latent_density",1204,FALSE,FALSE,0
"latent_density",1205,FALSE,FALSE,0
"latent_density",1206,FALSE,FALSE,0
"latent_density",1207,FALSE,FALSE,0
"latent_density",1208,FALSE,FALSE,0
"latent_density",1209,FALSE,FALSE,0
"latent_density",1210,FALSE,FALSE,0
"latent_density",1211,FALSE,FALSE,0
"latent_density",1212,FALSE,FALSE,0
"latent_density",1213,FALSE,FALSE,0
"latent_density",1214,FALSE,FALSE,0
"latent_density",1215,FALSE,FALSE,0
"latent_density",1216,FALSE,FALSE,0
"latent_density",1217,FALSE,FALSE,0
"latent_density",1218,FALSE,FALSE,0
"latent_density",1219,FALSE,FALSE,0
"latent_density",1220,FALSE,FALSE,0
"latent_density",1221,FALSE,FALSE,0
"latent_density",1222,FALSE,FALSE,0
"latent_density",1223,FALSE,FALSE,0
"latent_density",1224,FALSE,FALSE,0
"latent_density",1225,FALSE,FALSE,0
"latent_density",1226,FALSE,FALSE,0
"latent_density",1227,FALSE,FALSE,0
"latent_density",1228,FALSE,FALSE,0
"latent_density",1229,FALSE,FALSE,0
"latent_density",1230,FALSE,FALSE,0
"latent_density",1231,FALSE,FALSE,0
"latent_density",1232,FALSE,FALSE,0
"latent_density",1233,FALSE,FALSE,0
"latent_density",1234,FALSE,FALSE,0
"latent_density",1235,FALSE,FALSE,0
"latent_density",1236,FALSE,FALSE,0
"latent_density",1237,FALSE,FALSE,0
"latent_density",1238,FALSE,FALSE,0
"latent_density",1239,FALSE,FALSE,0
"latent_density",1240,FALSE,FALSE,0
"latent_density",1241,FALSE,FALSE,0
"latent_density",1242,FALSE,FALSE,0
"latent_density",1243,FALSE,FALSE,0
"latent_density",1244,FALSE,FALSE,0
"latent_density",1245,FALSE,FALSE,0
"latent_density",1246,FALSE,FALSE,0
"latent_density",1247,FALSE,FALSE,0
"latent_density",1248,FALSE,FALSE,0
"latent_density",1249,FALSE,FALSE,0
"latent_density",1250,FALSE,FALSE,0
"latent_density",1251,FALSE,FALSE,0
"latent_density",1252,FALSE,FALSE,0
"latent_density",1253,TRUE,FALSE,0
"latent_density",1254,FALSE,FALSE,0
"latent_density",1255,FALSE,FALSE,0
"latent_density",1256,FALSE,FALSE,0
"latent_density",1257,FALSE,FALSE,0
"latent_density",1258,FALSE,FALSE,0
"latent_density",1259,FALSE,FALSE,0
"latent_density",1260,FALSE,FALSE,0
"latent_density",1261,FALSE,FALSE,0
"latent_density",1262,FALSE,FALSE,0
"latent_density",1263,FALSE,FALSE,0
"latent_density",1264,FALSE,FALSE,0
"latent_density",1265,FALSE,FALSE,0
"latent_density",1266,TRUE,FALSE,0
"latent_density",1267,FALSE,FALSE,0
"latent_density",1268,FALSE,FALSE,0
"latent_density",1269,FALSE,FALSE,0
"latent_density",1270,FALSE,FALSE,0
"latent_density",1271,FALSE,FALSE,0
"latent_density",1272,FALSE,FALSE,0
"latent_density",1273,TRUE,FALSE,0
"latent_density",1274,FALSE,FALSE,0
"latent_density",1275,FALSE,FALSE,0
"latent_density",1276,FALSE,FALSE,0
"latent_density",1277,FALSE,FALSE,0
"latent_density",1278,FALSE,FALSE,0
"latent_density",1279,FALSE,FALSE,0
"latent_density",1280,FALSE,FALSE,0
"latent_density",1281,FALSE,FALSE,0
"latent_density",1282,FALSE,FALSE,0
"latent_density",1283,FALSE,FALSE,0
"latent_density",1284,TRUE,FALSE,0
"latent_density",1285,FALSE,FALSE,0
"latent_density",1286,FALSE,FALSE,0
"latent_density",1287,FALSE,FALSE,0
"latent_density",1288,FALSE,FALSE,0
"latent_density",1289,FALSE,FALSE,0
"latent_density",1290,FALSE,FALSE,0
"latent_density",1291,FALSE,FALSE,0
"latent_density",1292,FALSE,FALSE,0
"latent_density",1293,FALSE,FALSE,0
"latent_density",1294,FALSE,FALSE,0
"latent_density",1295,FALSE,FALSE,0
"latent_density",1296,FALSE,FALSE,0
"latent_density",1297,FALSE,FALSE,0
"latent_density",1298,FALSE,FALSE,0
"latent_density",1299,FALSE,FALSE,0
"latent_density",1300,FALSE,FALSE,0
"latent_density",1301,FALSE,FALSE,0
"latent_density",1302,FALSE,FALSE,0
"latent_density",1303,FALSE,FALSE,0
"latent_density",1304,FALSE,FALSE,0
"latent_density",1305,FALSE,FALSE,0
"latent_density",1306,FALSE,FALSE,0
"latent_density",1307,FALSE,FALSE,0
"latent_density",1308,FALSE,FALSE,0
"latent_density",1309,FALSE,FALSE,0
"latent_density",1310,FALSE,FALSE,0
"latent_density",1311,FALSE,FALSE,0
"latent_density",1312,TRUE,FALSE,0
"latent_density",1313,TRUE,FALSE,0
"latent_density",1314,FALSE,FALSE,0
"latent_density",1315,FALSE,FALSE,0
"latent_density",1316,FALSE,FALSE,0
"latent_density",1317,FALSE,FALSE,0
"latent_density",1318,FALSE,FALSE,0
"latent_density",1319,TRUE,TRUE,0
"latent_density",1320,FALSE,FALSE,0
"latent_density",1321,FALSE,FALSE,0
"latent_density",1322,FALSE,FALSE,0
"latent_density",1323,FALSE,FALSE,0
"latent_density",1324,FALSE,FALSE,0
"latent_density",1325,FALSE,FALSE,0
"latent_density",1326,FALSE,FALSE,0
"latent_density",1327,FALSE,FALSE,0
"latent_density",1328,FALSE,FALSE,0
"latent_density",1329,FALSE,FALSE,0
"latent_density",1330,FALSE,FALSE,0
"latent_density",1331,FALSE,FALSE,0
"latent_density",1332,FALSE,FALSE,0
"latent_density",1333,FALSE,FALSE,0
"latent_density",1334,FALSE,FALSE,0
"latent_density",1335,FALSE,FALSE,0
"latent_density",1336,FALSE,FALSE,0
"latent_density",1337,FALSE,FALSE,0
"latent_density",1338,FALSE,FALSE,0
"latent_density",1339,FALSE,FALSE,0
"latent_density",1340,FALSE,FALSE,0
"latent_density",1341,FALSE,FALSE,0
"latent_density",1342,FALSE,FALSE,0
"latent_density",1343,FALSE,FALSE,0
"latent_density",1344,FALSE,FALSE,0
"latent_density",1345,FALSE,FALSE,0
"latent_density",1346,FALSE,FALSE,0
"latent_density",1347,FALSE,FALSE,0
"latent_density",1348,FALSE,TRUE,0
"latent_density",1349,TRUE,FALSE,0
"latent_density",1350,FALSE,FALSE,0
"latent_density",1351,FALSE,FALSE,0
"latent_density",1352,TRUE,FALSE,0
"latent_density",1353,FALSE,FALSE,0
"latent_density",1354,FALSE,FALSE,0
"latent_density",1355,FALSE,FALSE,0
"latent_density",1356,FALSE,FALSE,0
"latent_density",1357,FALSE,FALSE,0
"latent_density",1358,TRUE,FALSE,0
"latent_density",1359,TRUE,FALSE,0
"latent_density",1360,FALSE,FALSE,0
"latent_density",1361,TRUE,FALSE,0
"latent_density",1362,FALSE,FALSE,0
"latent_density",1363,FALSE,FALSE,0
"latent_density",1364,TRUE,FALSE,0
"latent_density",1365,FALSE,FALSE,0
"latent_density",1366,FALSE,FALSE,0
"latent_density",1367,FALSE,FALSE,0
"latent_density",1368,FALSE,FALSE,0
"latent_density",1369,FALSE,FALSE,0
"latent_density",1370,FALSE,FALSE,0
"latent_density",1371,FALSE,FALSE,0
"latent_density",1372,FALSE,FALSE,0
"latent_density",1373,FALSE,FALSE,0
"latent_density",1374,FALSE,FALSE,0
"latent_density",1375,FALSE,FALSE,0
"latent_density",1376,FALSE,FALSE,0
"latent_density",1377,FALSE,FALSE,0
"latent_density",1378,FALSE,FALSE,0
"latent_density",1379,FALSE,FALSE,0
"latent_density",1380,FALSE,FALSE,0
"latent_density",1381,FALSE,FALSE,0
"latent_density",1382,FALSE,FALSE,0
"latent_density",1383,FALSE,FALSE,0
"latent_density",1384,FALSE,FALSE,0
"latent_density",1385,FALSE,FALSE,0
"latent_density",1386,FALSE,FALSE,0
"latent_density",1387,FALSE,FALSE,0
"latent_density",1388,FALSE,FALSE,0
"latent_density",1389,FALSE,FALSE,0
"latent_density",1390,TRUE,TRUE,0
"latent_density",1391,FALSE,FALSE,0
"latent_density",1392,FALSE,FALSE,0
"latent_density",1393,FALSE,FALSE,0
"latent_density",1394,FALSE,FALSE,0
"latent_density",1395,FALSE,FALSE,0
"latent_density",1396,FALSE,FALSE,0
"latent_density",1397,FALSE,FALSE,0
"latent_density",1398,FALSE,FALSE,0
"latent_density",1399,FALSE,FALSE,0
"latent_density",1400,FALSE,FALSE,0
"latent_density",1401,FALSE,FALSE,0
"latent_density",1402,FALSE,FALSE,0
"latent_density",1403,FALSE,FALSE,0
"latent_density",1404,FALSE,FALSE,0
"latent_density",1405,FALSE,FALSE,0
"latent_density",1406,FALSE,FALSE,0
"latent_density",1407,FALSE,FALSE,0
"latent_density",1408,FALSE,FALSE,0
"latent_density",1409,FALSE,FALSE,0
"latent_density",1410,FALSE,FALSE,0
"latent_density",1411,FALSE,FALSE,0
"latent_density",1412,FALSE,FALSE,0
"latent_density",1413,FALSE,FALSE,0
"latent_density",1414,FALSE,FALSE,0
"latent_density",1415,FALSE,FALSE,0
"latent_density",1416,FALSE,FALSE,0
"latent_density",1417,FALSE,FALSE,0
"latent_density",1418,FALSE,FALSE,0
"latent_density",1419,FALSE,FALSE,0
"latent_density",1420,FALSE,FALSE,0
"latent_density",1421,FALSE,FALSE,0
"latent_density",1422,FALSE,FALSE,0
"latent_density",1423,FALSE,FALSE,0
"latent_density",1424,FALSE,FALSE,0
"latent_density",1425,FALSE,FALSE,0
"latent_density",1426,FALSE,FALSE,0
"latent_density",1427,FALSE,FALSE,0
"latent_density",1428,FALSE,FALSE,0
"latent_density",1429,FALSE,FALSE,0
"latent_density",1430,FALSE,FALSE,0
"latent_density",1431,FALSE,FALSE,0
"latent_density",1432,FALSE,FALSE,0
"latent_density",1433,FALSE,FALSE,0
"latent_density",1434,FALSE,FALSE,0
"latent_density",1435,FALSE,FALSE,0
"latent_density",1436,TRUE,FALSE,0
"latent_density",1437,FALSE,FALSE,0
"latent_density",1438,FALSE,FALSE,0
"latent_density",1439,FALSE,FALSE,0
"latent_density",1440,FALSE,FALSE,0
"latent_density",1441,FALSE,FALSE,0
"latent_density",1442,FALSE,FALSE,0
"latent_density",1443,TRUE,FALSE,0
"latent_density",1444,FALSE,FALSE,0
"latent_density",1445,FALSE,FALSE,0
"latent_density",1446,FALSE,FALSE,0
"latent_density",1447,FALSE,FALSE,0
"latent_density",1448,FALSE,FALSE,0
"latent_density",1449,FALSE,FALSE,0
"latent_density",1450,FALSE,FALSE,0
"latent_density",1451,FALSE,FALSE,0
"latent_density",1452,FALSE,FALSE,0
"latent_density",1453,FALSE,FALSE,0
"latent_density",1454,FALSE,FALSE,0
"latent_density",1455,FALSE,FALSE,0
"latent_density",1456,FALSE,FALSE,0
"latent_density",1457,FALSE,FALSE,0
"latent_density",1458,FALSE,FALSE,0
"latent_density",1459,FALSE,FALSE,0
"latent_density",1460,FALSE,FALSE,0
"latent_density",1461,FALSE,FALSE,0
"latent_density",1462,FALSE,FALSE,0
"latent_density",1463,FALSE,FALSE,0
"latent_density",1464,FALSE,FALSE,0
"latent_density",1465,FALSE,FALSE,0
"latent_density",1466,FALSE,FALSE,0
"latent_density",1467,FALSE,FALSE,0
"latent_density",1468,FALSE,FALSE,0
"latent_density",1469,FALSE,FALSE,0
"latent_density",1470,TRUE,FALSE,0
"latent_density",1471,FALSE,FALSE,0
"latent_density",1472,FALSE,FALSE,0
"latent_density",1473,FALSE,FALSE,0
"latent_density",1474,FALSE,FALSE,0
"latent_density",1475,FALSE,FALSE,0
"latent_density",1476,FALSE,FALSE,0
"latent_density",1477,FALSE,FALSE,0
"latent_density",1478,FALSE,FALSE,0
"latent_density",1479,FALSE,FALSE,0
"latent_density",1480,FALSE,FALSE,0
"latent_density",1481,FALSE,FALSE,0
"latent_density",1482,FALSE,FALSE,0
"latent_density",1483,FALSE,FALSE,0
"latent_density",1484,FALSE,FALSE,0
"latent_density",1485,FALSE,FALSE,0
"latent_density",1486,FALSE,FALSE,0
"latent_density",1487,FALSE,FALSE,0
"latent_density",1488,FALSE,FALSE,0
"latent_density",1489,FALSE,FALSE,0
"latent_density",1490,FALSE,FALSE,0
"latent_density",1491,FALSE,FALSE,0
"latent_density",1492,FALSE,FALSE,0
"latent_density",1493,FALSE,FALSE,0
"latent_density",1494,FALSE,FALSE,0
"latent_density",1495,FALSE,FALSE,0
"latent_density",1496,FALSE,FALSE,0
"latent_density",1497,FALSE,FALSE,0
"latent_density",1498,FALSE,FALSE,0
"latent_density",1499,FALSE,FALSE,0
"latent_density",1500,FALSE,FALSE,0
"latent_density",1501,FALSE,FALSE,0
"latent_density",1502,FALSE,FALSE,0
"latent_density",1503,FALSE,FALSE,0
"latent_density",1504,FALSE,FALSE,0
"latent_density",1505,FALSE,FALSE,0
"latent_density",1506,FALSE,FALSE,0
"latent_density",1507,FALSE,FALSE,0
"latent_density",1508,FALSE,FALSE,0
"latent_density",1509,FALSE,FALSE,0
"latent_density",1510,FALSE,FALSE,0
"latent_density",1511,FALSE,FALSE,0
"latent_density",1512,FALSE,FALSE,0
"latent_density",1513,FALSE,FALSE,0
"latent_density",1514,FALSE,FALSE,0
"latent_density",1515,FALSE,FALSE,0
"latent_density",1516,FALSE,FALSE,0
"latent_density",1517,TRUE,FALSE,0
"latent_density",1518,FALSE,FALSE,0
"latent_density",1519,FALSE,FALSE,0
"latent_density",1520,FALSE,FALSE,0
"latent_density",1521,FALSE,FALSE,0
"latent_density",1522,FALSE,FALSE,0
"latent_density",1523,FALSE,FALSE,0
"latent_density",1524,FALSE,FALSE,0
"latent_density",1525,FALSE,FALSE,0
"latent_density",1526,FALSE,FALSE,0
"latent_density",1527,FALSE,FALSE,0
"latent_density",1528,FALSE,FALSE,0
"latent_density",1529,FALSE,FALSE,0
"latent_density",1530,FALSE,FALSE,0
"latent_density",1531,FALSE,FALSE,0
"latent_density",1532,FALSE,FALSE,0
"latent_density",1533,FALSE,FALSE,0
"latent_density",1534,FALSE,FALSE,0
"latent_density",1535,FALSE,FALSE,0
"latent_density",1536,FALSE,FALSE,0
"latent_density",1537,FALSE,FALSE,0
"latent_density",1538,FALSE,FALSE,0
"latent_density",1539,FALSE,FALSE,0
"latent_density",1540,FALSE,FALSE,0
"latent_density",1541,FALSE,FALSE,0
"latent_density",1542,FALSE,FALSE,0
"latent_density",1543,FALSE,FALSE,0
"latent_density",1544,FALSE,FALSE,0
"latent_density",1545,FALSE,FALSE,0
"latent_density",1546,FALSE,FALSE,0
"latent_density",1547,FALSE,FALSE,0
"latent_density",1548,FALSE,FALSE,0
"latent_density",1549,FALSE,FALSE,0
"latent_density",1550,FALSE,FALSE,0
"latent_density",1551,FALSE,FALSE,0
"latent_density",1552,FALSE,FALSE,0
"latent_density",1553,FALSE,FALSE,0
"latent_density",1554,FALSE,FALSE,0
"latent_density",1555,FALSE,FALSE,0
"latent_density",1556,FALSE,FALSE,0
"latent_density",1557,FALSE,FALSE,0
"latent_density",1558,FALSE,FALSE,0
"latent_density",1559,FALSE,FALSE,0
"latent_density",1560,FALSE,FALSE,0
"latent_density",1561,FALSE,FALSE,0
"latent_density",1562,FALSE,FALSE,0
"latent_density",1563,FALSE,FALSE,0
"latent_density",1564,FALSE,FALSE,0
"latent_density",1565,FALSE,FALSE,0
"latent_density",1566,FALSE,FALSE,0
"latent_density",1567,FALSE,FALSE,0
"latent_density",1568,FALSE,FALSE,0
"latent_density",1569,FALSE,FALSE,0
"latent_density",1570,FALSE,FALSE,0
"latent_density",1571,FALSE,FALSE,0
"latent_density",1572,FALSE,FALSE,0
"latent_density",1573,FALSE,FALSE,0
"latent_density",1574,FALSE,FALSE,0
"latent_density",1575,FALSE,FALSE,0
"latent_density",1576,FALSE,FALSE,0
"latent_density",1577,FALSE,FALSE,0
"latent_density",1578,FALSE,FALSE,0
"latent_density",1579,FALSE,FALSE,0
"latent_density",1580,FALSE,FALSE,0
"latent_density",1581,FALSE,FALSE,0
"latent_density",1582,FALSE,FALSE,0
"latent_density",1583,FALSE,FALSE,0
"latent_density",1584,FALSE,FALSE,0
"latent_density",1585,FALSE,FALSE,0
"latent_density",1586,FALSE,FALSE,0
"latent_density",1587,FALSE,FALSE,0
"latent_density",1588,FALSE,FALSE,0
"latent_density",1589,TRUE,TRUE,0
"latent_density",1590,FALSE,FALSE,0
"latent_density",1591,FALSE,FALSE,0
"latent_density",1592,FALSE,FALSE,0
"latent_density",1593,FALSE,FALSE,0
"latent_density",1594,FALSE,FALSE,0
"latent_density",1595,FALSE,FALSE,0
"latent_density",1596,FALSE,FALSE,0
"latent_density",1597,FALSE,FALSE,0
"latent_density",1598,FALSE,FALSE,0
"latent_density",1599,FALSE,FALSE,0
"latent_density",1600,FALSE,FALSE,0
"latent_density",1601,FALSE,FALSE,0
"latent_density",1602,FALSE,FALSE,0
"latent_density",1603,FALSE,FALSE,0
"latent_density",1604,FALSE,FALSE,0
"latent_density",1605,FALSE,FALSE,0
"latent_density",1606,FALSE,FALSE,0
"latent_density",1607,FALSE,FALSE,0
"latent_density",1608,FALSE,FALSE,0
"latent_density",1609,FALSE,FALSE,0
"latent_density",1610,FALSE,FALSE,0
"latent_density",1611,FALSE,FALSE,0
"latent_density",1612,FALSE,FALSE,0
"latent_density",1613,FALSE,FALSE,0
"latent_density",1614,FALSE,FALSE,0
"latent_density",1615,FALSE,FALSE,0
"latent_density",1616,FALSE,FALSE,0
"latent_density",1617,FALSE,FALSE,0
"latent_density",1618,FALSE,FALSE,0
"latent_density",1619,FALSE,FALSE,0
"latent_density",1620,FALSE,FALSE,0
"latent_density",1621,FALSE,FALSE,0
"latent_density",1622,FALSE,FALSE,0
"latent_density",1623,TRUE,FALSE,0
"latent_density",1624,FALSE,FALSE,0
"latent_density",1625,FALSE,FALSE,0
"latent_density",1626,FALSE,FALSE,0
"latent_density",1627,FALSE,FALSE,0
"latent_density",1628,FALSE,FALSE,0
"latent_density",1629,FALSE,FALSE,0
"latent_density",1630,FALSE,FALSE,0
"latent_density",1631,FALSE,FALSE,0
"latent_density",1632,FALSE,FALSE,0
"latent_density",1633,FALSE,FALSE,0
"latent_density",1634,FALSE,FALSE,0
"latent_density",1635,FALSE,FALSE,0
"latent_density",1636,FALSE,FALSE,0
"latent_density",1637,FALSE,FALSE,0
"latent_density",1638,FALSE,FALSE,0
"latent_density",1639,FALSE,FALSE,0
"latent_density",1640,FALSE,FALSE,0
"latent_density",1641,FALSE,FALSE,0
"latent_density",1642,FALSE,FALSE,0
"latent_density",1643,FALSE,FALSE,0
"latent_density",1644,FALSE,FALSE,0
"latent_density",1645,FALSE,FALSE,0
"latent_density",1646,FALSE,FALSE,0
"latent_density",1647,FALSE,FALSE,0
"latent_density",1648,FALSE,FALSE,0
"latent_density",1649,FALSE,FALSE,0
"latent_density",1650,FALSE,FALSE,0
"latent_density",1651,FALSE,FALSE,0
"latent_density",1652,FALSE,FALSE,0
"latent_density",1653,FALSE,FALSE,0
"latent_density",1654,FALSE,FALSE,0
"latent_density",1655,FALSE,FALSE,0
"latent_density",1656,FALSE,FALSE,0
"latent_density",1657,FALSE,FALSE,0
"latent_density",1658,FALSE,FALSE,0
"latent_density",1659,FALSE,FALSE,0
"latent_density",1660,FALSE,FALSE,0
"latent_density",1661,FALSE,FALSE,0
"latent_density",1662,FALSE,FALSE,0
"latent_density",1663,FALSE,FALSE,0
"latent_density",1664,FALSE,FALSE,0
"latent_density",1665,FALSE,FALSE,0
"latent_density",1666,FALSE,FALSE,0
"latent_density",1667,FALSE,FALSE,0
"latent_density",1668,FALSE,FALSE,0
"latent_density",1669,TRUE,FALSE,0
"latent_density",1670,FALSE,FALSE,0
"latent_density",1671,FALSE,FALSE,0
"latent_density",1672,FALSE,FALSE,0
"latent_density",1673,FALSE,FALSE,0
"latent_density",1674,FALSE,FALSE,0
"latent_density",1675,FALSE,FALSE,0
"latent_density",1676,FALSE,FALSE,0
"latent_density",1677,FALSE,FALSE,0
"latent_density",1678,FALSE,FALSE,0
"latent_density",1679,FALSE,FALSE,0
"latent_density",1680,FALSE,FALSE,0
"latent_density",1681,FALSE,FALSE,0
"latent_density",1682,FALSE,FALSE,0
"latent_density",1683,TRUE,FALSE,0
"latent_density",1684,FALSE,FALSE,0
"latent_density",1685,FALSE,FALSE,0
"latent_density",1686,FALSE,FALSE,0
"latent_density",1687,FALSE,FALSE,0
"latent_density",1688,FALSE,FALSE,0
"latent_density",1689,FALSE,FALSE,0
"latent_density",1690,FALSE,FALSE,0
"latent_density",1691,FALSE,FALSE,0
"latent_density",1692,FALSE,FALSE,0
"latent_density",1693,FALSE,FALSE,0
"latent_density",1694,FALSE,FALSE,0
"latent_density",1695,FALSE,FALSE,0
"latent_density",1696,FALSE,FALSE,0
"latent_density",1697,FALSE,FALSE,0
"latent_density",1698,TRUE,FALSE,0
"latent_density",1699,FALSE,FALSE,0
"latent_density",1700,FALSE,FALSE,0
"latent_density",1701,FALSE,FALSE,0
"latent_density",1702,FALSE,FALSE,0
"latent_density",1703,TRUE,FALSE,0
"latent_density",1704,FALSE,FALSE,0
"latent_density",1705,FALSE,FALSE,0
"latent_density",1706,FALSE,FALSE,0
"latent_density",1707,FALSE,FALSE,0
"latent_density",1708,FALSE,FALSE,0
"latent_density",1709,FALSE,FALSE,0
"latent_density",1710,FALSE,FALSE,0
"latent_density",1711,FALSE,FALSE,0
"latent_density",1712,FALSE,FALSE,0
"latent_density",1713,FALSE,FALSE,0
"latent_density",1714,FALSE,FALSE,0
"latent_density",1715,FALSE,FALSE,0
"latent_density",1716,FALSE,FALSE,0
"latent_density",1717,FALSE,FALSE,0
"latent_density",1718,FALSE,FALSE,0
"latent_density",1719,FALSE,FALSE,0
"latent_density",1720,FALSE,FALSE,0
"latent_density",1721,FALSE,FALSE,0
"latent_density",1722,FALSE,FALSE,0
"latent_density",1723,FALSE,FALSE,0
"latent_density",1724,FALSE,FALSE,0
"latent_density",1725,FALSE,FALSE,0
"latent_density",1726,FALSE,FALSE,0
"latent_density",1727,FALSE,FALSE,0
"latent_density",1728,FALSE,FALSE,0
"latent_density",1729,FALSE,FALSE,0
"latent_density",1730,FALSE,TRUE,0
"latent_density",1731,FALSE,FALSE,0
"latent_density",1732,FALSE,FALSE,0
"latent_density",1733,FALSE,FALSE,0
"latent_density",1734,FALSE,TRUE,0
"latent_density",1735,FALSE,FALSE,0
"latent_density",1736,FALSE,FALSE,0
"latent_density",1737,FALSE,FALSE,0
"latent_density",1738,FALSE,FALSE,0
"latent_density",1739,FALSE,FALSE,0
"latent_density",1740,FALSE,FALSE,0
"latent_density",1741,FALSE,FALSE,0
"latent_density",1742,FALSE,FALSE,0
"latent_density",1743,FALSE,FALSE,0
"latent_density",1744,FALSE,FALSE,0
"latent_density",1745,FALSE,FALSE,0
"latent_density",1746,FALSE,FALSE,0
"latent_density",1747,FALSE,FALSE,0
"latent_density",1748,FALSE,FALSE,0
"latent_density",1749,FALSE,FALSE,0
"latent_density",1750,FALSE,FALSE,0
"latent_density",1751,TRUE,FALSE,0
"latent_density",1752,FALSE,FALSE,0
"latent_density",1753,FALSE,FALSE,0
"latent_density",1754,FALSE,FALSE,0
"latent_density",1755,FALSE,FALSE,0
"latent_density",1756,FALSE,FALSE,0
"latent_density",1757,FALSE,FALSE,0
"latent_density",1758,FALSE,FALSE,0
"latent_density",1759,FALSE,FALSE,0
"latent_density",1760,FALSE,FALSE,0
"latent_density",1761,TRUE,FALSE,0
"latent_density",1762,FALSE,FALSE,0
"latent_density",1763,FALSE,FALSE,0
"latent_density",1764,FALSE,FALSE,0
"latent_density",1765,FALSE,FALSE,0
"latent_density",1766,FALSE,FALSE,0
"latent_density",1767,FALSE,FALSE,0
"latent_density",1768,FALSE,FALSE,0
"latent_density",1769,FALSE,FALSE,0
"latent_density",1770,FALSE,FALSE,0
"latent_density",1771,TRUE,FALSE,0
"latent_density",1772,FALSE,FALSE,0
"latent_density",1773,FALSE,FALSE,0
"latent_density",1774,FALSE,FALSE,0
"latent_density",1775,FALSE,FALSE,0
"latent_density",1776,FALSE,FALSE,0
"latent_density",1777,FALSE,FALSE,0
"latent_density",1778,FALSE,FALSE,0
"latent_density",1779,FALSE,FALSE,0
"latent_density",1780,FALSE,FALSE,0
"latent_density",1781,FALSE,FALSE,0
"latent_density",1782,FALSE,FALSE,0
"latent_density",1783,FALSE,FALSE,0
"latent_density",1784,FALSE,FALSE,0
"latent_density",1785,FALSE,FALSE,0
"latent_density",1786,FALSE,FALSE,0
"latent_density",1787,TRUE,FALSE,0
"latent_density",1788,FALSE,FALSE,0
"latent_density",1789,FALSE,FALSE,0
"latent_density",1790,FALSE,FALSE,0
"latent_density",1791,FALSE,FALSE,0
"latent_density",1792,FALSE,FALSE,0
"latent_density",1793,FALSE,FALSE,0
"latent_density",1794,FALSE,FALSE,0
"latent_density",1795,FALSE,FALSE,0
"latent_density",1796,FALSE,FALSE,0
"latent_density",1797,FALSE,FALSE,0
"latent_density",1798,FALSE,FALSE,0
"latent_density",1799,FALSE,FALSE,0
"latent_density",1800,FALSE,FALSE,0
"latent_density",1801,FALSE,FALSE,0
"latent_density",1802,FALSE,FALSE,0
"latent_density",1803,FALSE,FALSE,0
"latent_density",1804,FALSE,FALSE,0
"latent_density",1805,FALSE,FALSE,0
"latent_density",1806,FALSE,FALSE,0
"latent_density",1807,FALSE,FALSE,0
"latent_density",1808,FALSE,FALSE,0
"latent_density",1809,TRUE,FALSE,0
"latent_density",1810,FALSE,FALSE,0
"latent_density",1811,FALSE,FALSE,0
"latent_density",1812,FALSE,FALSE,0
"latent_density",1813,FALSE,FALSE,0
"latent_density",1814,FALSE,FALSE,0
"latent_density",1815,FALSE,FALSE,0
"latent_density",1816,FALSE,FALSE,0
"latent_density",1817,FALSE,FALSE,0
"latent_density",1818,FALSE,FALSE,0
"latent_density",1819,FALSE,FALSE,0
"latent_density",1820,FALSE,FALSE,0
"latent_density",1821,FALSE,FALSE,0
"latent_density",1822,FALSE,FALSE,0
"latent_density",1823,FALSE,FALSE,0
"latent_density",1824,FALSE,FALSE,0
"latent_density",1825,FALSE,FALSE,0
"latent_density",1826,FALSE,FALSE,0
"latent_density",1827,FALSE,FALSE,0
"latent_density",1828,FALSE,FALSE,0
"latent_density",1829,FALSE,FALSE,0
"latent_density",1830,FALSE,FALSE,0
"latent_density",1831,FALSE,FALSE,0
"latent_density",1832,FALSE,FALSE,0
"latent_density",1833,FALSE,FALSE,0
"latent_density",1834,FALSE,FALSE,0
"latent_density",1835,FALSE,FALSE,0
"latent_density",1836,FALSE,FALSE,0
"latent_density",1837,FALSE,FALSE,0
"latent_density",1838,FALSE,FALSE,0
"latent_density",1839,FALSE,FALSE,0
"latent_density",1840,FALSE,FALSE,0
"latent_density",1841,FALSE,FALSE,0
"latent_density",1842,FALSE,FALSE,0
"latent_density",1843,FALSE,FALSE,0
"latent_density",1844,FALSE,FALSE,0
"latent_density",1845,FALSE,FALSE,0
"latent_density",1846,FALSE,FALSE,0
"latent_density",1847,FALSE,FALSE,0
"latent_density",1848,FALSE,FALSE,0
"latent_density",1849,FALSE,FALSE,0
"latent_density",1850,FALSE,FALSE,0
"latent_density",1851,FALSE,FALSE,0
"latent_density",1852,FALSE,FALSE,0
"latent_density",1853,FALSE,FALSE,0
"latent_density",1854,FALSE,FALSE,0
"latent_density",1855,FALSE,FALSE,0
"latent_density",1856,FALSE,FALSE,0
"latent_density",1857,FALSE,FALSE,0
"latent_density",1858,FALSE,FALSE,0
"latent_density",1859,FALSE,FALSE,0
"latent_density",1860,FALSE,FALSE,0
"latent_density",1861,FALSE,FALSE,0
"latent_density",1862,FALSE,FALSE,0
"latent_density",1863,FALSE,FALSE,0
"latent_density",1864,FALSE,FALSE,0
"latent_density",1865,FALSE,FALSE,0
"latent_density",1866,FALSE,FALSE,0
"latent_density",1867,FALSE,FALSE,0
"latent_density",1868,FALSE,FALSE,0
"latent_density",1869,FALSE,FALSE,0
"latent_density",1870,FALSE,FALSE,0
"latent_density",1871,FALSE,FALSE,0
"latent_density",1872,FALSE,FALSE,0
"latent_density",1873,FALSE,FALSE,0
"latent_density",1874,FALSE,FALSE,0
"latent_density",1875,FALSE,FALSE,0
"latent_density",1876,TRUE,FALSE,0
"latent_density",1877,FALSE,FALSE,0
"latent_density",1878,FALSE,FALSE,0
"latent_density",1879,FALSE,FALSE,0
"latent_density",1880,FALSE,FALSE,0
"latent_density",1881,FALSE,FALSE,0
"latent_density",1882,FALSE,FALSE,0
"latent_density",1883,FALSE,FALSE,0
"latent_density",1884,FALSE,FALSE,0
"latent_density",1885,FALSE,FALSE,0
"latent_density",1886,FALSE,FALSE,0
"latent_density",1887,FALSE,FALSE,0
"latent_density",1888,FALSE,FALSE,0
"latent_density",1889,FALSE,FALSE,0
"latent_density",1890,FALSE,FALSE,0
"latent_density",1891,FALSE,FALSE,0
"latent_density",1892,TRUE,FALSE,0
"latent_density",1893,FALSE,FALSE,0
"latent_density",1894,FALSE,FALSE,0
"latent_density",1895,FALSE,FALSE,0
"latent_density",1896,FALSE,FALSE,0
"latent_density",1897,TRUE,FALSE,0
"latent_density",1898,FALSE,FALSE,0
"latent_density",1899,FALSE,FALSE,0
"latent_density",1900,FALSE,FALSE,0
"latent_density",1901,FALSE,FALSE,0
"latent_density",1902,TRUE,FALSE,0
"latent_density",1903,FALSE,FALSE,0
"latent_density",1904,FALSE,FALSE,0
"latent_density",1905,FALSE,FALSE,0
"latent_density",1906,FALSE,FALSE,0
"latent_density",1907,FALSE,FALSE,0
"latent_density",1908,FALSE,FALSE,0
"latent_density",1909,FALSE,FALSE,0
"latent_density",1910,FALSE,FALSE,0
"latent_density",1911,FALSE,FALSE,0
"latent_density",1912,FALSE,FALSE,0
"latent_density",1913,FALSE,FALSE,0
"latent_density",1914,FALSE,FALSE,0
"latent_density",1915,FALSE,FALSE,0
"latent_density",1916,FALSE,FALSE,0
"latent_density",1917,FALSE,FALSE,0
"latent_density",1918,FALSE,FALSE,0
"latent_density",1919,FALSE,FALSE,0
"latent_density",1920,FALSE,FALSE,0
"latent_density",1921,FALSE,FALSE,0
"latent_density",1922,FALSE,FALSE,0
"latent_density",1923,FALSE,FALSE,0
"latent_density",1924,FALSE,FALSE,0
"latent_density",1925,FALSE,FALSE,0
"latent_density",1926,FALSE,FALSE,0
"latent_density",1927,FALSE,FALSE,0
"latent_density",1928,FALSE,FALSE,0
"latent_density",1929,TRUE,TRUE,0
"latent_density",1930,FALSE,FALSE,0
"latent_density",1931,FALSE,FALSE,0
"latent_density",1932,FALSE,FALSE,0
"latent_density",1933,FALSE,FALSE,0
"latent_density",1934,FALSE,FALSE,0
"latent_density",1935,FALSE,FALSE,0
"latent_density",1936,FALSE,FALSE,0
"latent_density",1937,FALSE,FALSE,0
"latent_density",1938,FALSE,FALSE,0
"latent_density",1939,FALSE,FALSE,0
"latent_density",1940,FALSE,FALSE,0
"latent_density",1941,FALSE,FALSE,0
"latent_density",1942,FALSE,FALSE,0
"latent_density",1943,FALSE,FALSE,0
"latent_density",1944,FALSE,FALSE,0
"latent_density",1945,FALSE,FALSE,0
"latent_density",1946,FALSE,FALSE,0
"latent_density",1947,FALSE,FALSE,0
"latent_density",1948,FALSE,FALSE,0
"latent_density",1949,FALSE,FALSE,0
"latent_density",1950,FALSE,FALSE,0
"latent_density",1951,FALSE,FALSE,0
"latent_density",1952,FALSE,FALSE,0
"latent_density",1953,FALSE,FALSE,0
"latent_density",1954,FALSE,FALSE,0
"latent_density",1955,FALSE,FALSE,0
"latent_density",1956,FALSE,FALSE,0
"latent_density",1957,FALSE,FALSE,0
"latent_density",1958,FALSE,FALSE,0
"latent_density",1959,FALSE,FALSE,0
"latent_density",1960,FALSE,FALSE,0
"latent_density",1961,TRUE,TRUE,1
"latent_density",1962,FALSE,FALSE,0
"latent_density",1963,FALSE,FALSE,0
"latent_density",1964,FALSE,FALSE,0
"latent_density",1965,FALSE,FALSE,0
"latent_density",1966,FALSE,FALSE,0
"latent_density",1967,FALSE,FALSE,0
"latent_density",1968,FALSE,FALSE,0
"latent_density",1969,FALSE,FALSE,0
"latent_density",1970,FALSE,FALSE,0
"latent_density",1971,FALSE,FALSE,0
"latent_density",1972,FALSE,FALSE,0
"latent_density",1973,FALSE,FALSE,0
"latent_density",1974,FALSE,FALSE,0
"latent_density",1975,FALSE,FALSE,0
"latent_density",1976,FALSE,FALSE,0
"latent_density",1977,FALSE,FALSE,0
"latent_density",1978,FALSE,FALSE,0
"latent_density",1979,FALSE,FALSE,0
"latent_density",1980,FALSE,FALSE,0
"latent_density",1981,FALSE,FALSE,0
"latent_density",1982,FALSE,FALSE,0
"latent_density",1983,FALSE,FALSE,0
"latent_density",1984,FALSE,FALSE,0
"latent_density",1985,FALSE,FALSE,0
"latent_density",1986,FALSE,FALSE,0
"latent_density",1987,FALSE,FALSE,0
"latent_density",1988,FALSE,FALSE,0
"latent_density",1989,FALSE,FALSE,0
"latent_density",1990,FALSE,FALSE,0
"latent_density",1991,FALSE,FALSE,0
"latent_density",1992,FALSE,FALSE,0
"latent_density",1993,FALSE,FALSE,0
"latent_density",1994,FALSE,FALSE,0
"latent_density",1995,FALSE,FALSE,0
"latent_density",1996,FALSE,FALSE,0
"latent_density",1997,FALSE,FALSE,0
"latent_density",1998,FALSE,FALSE,0
"latent_density",1999,FALSE,FALSE,0
"latent_density",2000,FALSE,FALSE,0
"fixed_density",1,FALSE,FALSE,0
"fixed_density",2,FALSE,FALSE,0
"fixed_density",3,FALSE,FALSE,0
"fixed_density",4,FALSE,FALSE,0
"fixed_density",5,FALSE,FALSE,0
"fixed_density",6,FALSE,FALSE,0
"fixed_density",7,TRUE,FALSE,0
"fixed_density",8,FALSE,FALSE,0
"fixed_density",9,FALSE,FALSE,0
"fixed_density",10,FALSE,FALSE,0
"fixed_density",11,FALSE,FALSE,0
"fixed_density",12,FALSE,FALSE,0
"fixed_density",13,FALSE,FALSE,0
"fixed_density",14,FALSE,FALSE,0
"fixed_density",15,FALSE,FALSE,0
"fixed_density",16,FALSE,FALSE,0
"fixed_density",17,FALSE,FALSE,0
"fixed_density",18,FALSE,FALSE,0
"fixed_density",19,TRUE,TRUE,0
"fixed_density",20,FALSE,FALSE,0
"fixed_density",21,FALSE,FALSE,0
"fixed_density",22,FALSE,FALSE,0
"fixed_density",23,FALSE,FALSE,0
"fixed_density",24,FALSE,FALSE,0
"fixed_density",25,FALSE,FALSE,0
"fixed_density",26,FALSE,FALSE,0
"fixed_density",27,FALSE,FALSE,0
"fixed_density",28,FALSE,FALSE,0
"fixed_density",29,FALSE,FALSE,0
"fixed_density",30,FALSE,FALSE,0
"fixed_density",31,FALSE,FALSE,0
"fixed_density",32,FALSE,FALSE,0
"fixed_density",33,FALSE,FALSE,0
"fixed_density",34,FALSE,FALSE,0
"fixed_density",35,FALSE,FALSE,0
"fixed_density",36,FALSE,FALSE,0
"fixed_density",37,FALSE,FALSE,0
"fixed_density",38,FALSE,FALSE,0
"fixed_density",39,FALSE,FALSE,0
"fixed_density",40,FALSE,FALSE,0
"fixed_density",41,FALSE,FALSE,0
"fixed_density",42,FALSE,FALSE,0
"fixed_density",43,FALSE,FALSE,0
"fixed_density",44,FALSE,FALSE,0
"fixed_density",45,FALSE,FALSE,0
"fixed_density",46,FALSE,FALSE,0
"fixed_density",47,FALSE,FALSE,0
"fixed_density",48,FALSE,FALSE,0
"fixed_density",49,FALSE,FALSE,0
"fixed_density",50,FALSE,FALSE,0
"fixed_density",51,FALSE,FALSE,0
"fixed_density",52,FALSE,FALSE,0
"fixed_density",53,FALSE,FALSE,0
"fixed_density",54,FALSE,FALSE,0
"fixed_density",55,FALSE,FALSE,0
"fixed_density",56,FALSE,FALSE,0
"fixed_density",57,FALSE,FALSE,0
"fixed_density",58,FALSE,FALSE,0
"fixed_density",59,TRUE,TRUE,0
"fixed_density",60,FALSE,FALSE,0
"fixed_density",61,FALSE,FALSE,0
"fixed_density",62,FALSE,FALSE,0
"fixed_density",63,FALSE,FALSE,0
"fixed_density",64,FALSE,FALSE,0
"fixed_density",65,FALSE,FALSE,0
"fixed_density",66,FALSE,FALSE,0
"fixed_density",67,FALSE,FALSE,0
"fixed_density",68,FALSE,FALSE,0
"fixed_density",69,FALSE,FALSE,0
"fixed_density",70,FALSE,FALSE,0
"fixed_density",71,FALSE,FALSE,0
"fixed_density",72,FALSE,FALSE,0
"fixed_density",73,FALSE,FALSE,0
"fixed_density",74,FALSE,FALSE,0
"fixed_density",75,FALSE,FALSE,0
"fixed_density",76,FALSE,FALSE,0
"fixed_density",77,FALSE,FALSE,0
"fixed_density",78,FALSE,FALSE,0
"fixed_density",79,FALSE,FALSE,0
"fixed_density",80,FALSE,FALSE,0
"fixed_density",81,FALSE,FALSE,0
"fixed_density",82,FALSE,FALSE,0
"fixed_density",83,FALSE,FALSE,0
"fixed_density",84,FALSE,FALSE,0
"fixed_density",85,FALSE,FALSE,0
"fixed_density",86,TRUE,FALSE,0
"fixed_density",87,FALSE,FALSE,0
"fixed_density",88,FALSE,FALSE,0
"fixed_density",89,FALSE,FALSE,0
"fixed_density",90,FALSE,FALSE,0
"fixed_density",91,FALSE,FALSE,0
"fixed_density",92,TRUE,FALSE,0
"fixed_density",93,FALSE,FALSE,0
"fixed_density",94,FALSE,FALSE,0
"fixed_density",95,FALSE,FALSE,0
"fixed_density",96,FALSE,FALSE,0
"fixed_density",97,FALSE,FALSE,0
"fixed_density",98,FALSE,FALSE,0
"fixed_density",99,FALSE,FALSE,0
"fixed_density",100,FALSE,FALSE,0
"fixed_density",101,FALSE,FALSE,0
"fixed_density",102,FALSE,FALSE,0
"fixed_density",103,TRUE,FALSE,0
"fixed_density",104,FALSE,FALSE,0
"fixed_density",105,FALSE,FALSE,0
"fixed_density",106,FALSE,FALSE,0
"fixed_density",107,TRUE,FALSE,0
"fixed_density",108,FALSE,FALSE,0
"fixed_density",109,FALSE,FALSE,0
"fixed_density",110,FALSE,FALSE,0
"fixed_density",111,FALSE,FALSE,0
"fixed_density",112,FALSE,FALSE,0
"fixed_density",113,FALSE,FALSE,0
"fixed_density",114,FALSE,FALSE,0
"fixed_density",115,FALSE,FALSE,0
"fixed_density",116,FALSE,FALSE,0
"fixed_density",117,FALSE,FALSE,0
"fixed_density",118,FALSE,FALSE,0
"fixed_density",119,FALSE,FALSE,0
"fixed_density",120,FALSE,FALSE,0
"fixed_density",121,FALSE,FALSE,0
"fixed_density",122,FALSE,FALSE,0
"fixed_density",123,FALSE,FALSE,0
"fixed_density",124,FALSE,FALSE,0
"fixed_density",125,FALSE,FALSE,0
"fixed_density",126,FALSE,FALSE,0
"fixed_density",127,FALSE,FALSE,0
"fixed_density",128,FALSE,FALSE,0
"fixed_density",129,FALSE,FALSE,0
"fixed_density",130,FALSE,FALSE,0
"fixed_density",131,FALSE,FALSE,0
"fixed_density",132,FALSE,FALSE,0
"fixed_density",133,FALSE,FALSE,0
"fixed_density",134,FALSE,FALSE,0
"fixed_density",135,FALSE,FALSE,0
"fixed_density",136,FALSE,FALSE,0
"fixed_density",137,FALSE,FALSE,0
"fixed_density",138,FALSE,FALSE,0
"fixed_density",139,TRUE,FALSE,0
"fixed_density",140,FALSE,FALSE,0
"fixed_density",141,FALSE,FALSE,0
"fixed_density",142,FALSE,FALSE,0
"fixed_density",143,FALSE,TRUE,0
"fixed_density",144,FALSE,FALSE,0
"fixed_density",145,FALSE,FALSE,0
"fixed_density",146,FALSE,FALSE,0
"fixed_density",147,FALSE,FALSE,0
"fixed_density",148,FALSE,FALSE,0
"fixed_density",149,FALSE,FALSE,0
"fixed_density",150,FALSE,FALSE,0
"fixed_density",151,FALSE,FALSE,0
"fixed_density",152,FALSE,FALSE,0
"fixed_density",153,FALSE,FALSE,0
"fixed_density",154,FALSE,FALSE,0
"fixed_density",155,FALSE,FALSE,0
"fixed_density",156,FALSE,FALSE,0
"fixed_density",157,FALSE,FALSE,0
"fixed_density",158,FALSE,FALSE,0
"fixed_density",159,FALSE,FALSE,0
"fixed_density",160,FALSE,FALSE,0
"fixed_density",161,FALSE,FALSE,0
"fixed_density",162,FALSE,FALSE,0
"fixed_density",163,FALSE,FALSE,0
"fixed_density",164,FALSE,FALSE,0
"fixed_density",165,FALSE,FALSE,0
"fixed_density",166,FALSE,FALSE,0
"fixed_density",167,FALSE,FALSE,0
"fixed_density",168,FALSE,FALSE,0
"fixed_density",169,FALSE,FALSE,0
"fixed_density",170,FALSE,FALSE,0
"fixed_density",171,FALSE,FALSE,0
"fixed_density",172,FALSE,FALSE,0
"fixed_density",173,FALSE,FALSE,0
"fixed_density",174,FALSE,FALSE,0
"fixed_density",175,FALSE,FALSE,0
"fixed_density",176,TRUE,FALSE,0
"fixed_density",177,FALSE,FALSE,0
"fixed_density",178,FALSE,FALSE,0
"fixed_density",179,FALSE,FALSE,0
"fixed_density",180,FALSE,FALSE,0
"fixed_density",181,FALSE,FALSE,0
"fixed_density",182,FALSE,FALSE,0
"fixed_density",183,TRUE,FALSE,0
"fixed_density",184,FALSE,FALSE,0
"fixed_density",185,FALSE,FALSE,0
"fixed_density",186,FALSE,FALSE,0
"fixed_density",187,FALSE,FALSE,0
"fixed_density",188,FALSE,FALSE,0
"fixed_density",189,FALSE,FALSE,0
"fixed_density",190,FALSE,FALSE,0
"fixed_density",191,FALSE,FALSE,0
"fixed_density",192,FALSE,FALSE,0
"fixed_density",193,FALSE,FALSE,0
"fixed_density",194,TRUE,FALSE,0
"fixed_density",195,FALSE,FALSE,0
"fixed_density",196,FALSE,FALSE,0
"fixed_density",197,FALSE,FALSE,0
"fixed_density",198,FALSE,FALSE,0
"fixed_density",199,FALSE,FALSE,0
"fixed_density",200,FALSE,FALSE,0
"fixed_density",201,FALSE,FALSE,0
"fixed_density",202,FALSE,FALSE,0
"fixed_density",203,FALSE,FALSE,0
"fixed_density",204,FALSE,FALSE,0
"fixed_density",205,FALSE,FALSE,0
"fixed_density",206,FALSE,FALSE,0
"fixed_density",207,FALSE,FALSE,0
"fixed_density",208,TRUE,FALSE,0
"fixed_density",209,FALSE,FALSE,0
"fixed_density",210,FALSE,FALSE,0
"fixed_density",211,FALSE,FALSE,0
"fixed_density",212,TRUE,FALSE,0
"fixed_density",213,FALSE,FALSE,0
"fixed_density",214,FALSE,FALSE,0
"fixed_density",215,FALSE,FALSE,0
"fixed_density",216,FALSE,FALSE,0
"fixed_density",217,FALSE,FALSE,0
"fixed_density",218,FALSE,FALSE,0
"fixed_density",219,FALSE,FALSE,0
"fixed_density",220,FALSE,FALSE,0
"fixed_density",221,FALSE,FALSE,0
"fixed_density",222,FALSE,FALSE,0
"fixed_density",223,FALSE,FALSE,0
"fixed_density",224,FALSE,FALSE,0
"fixed_density",225,FALSE,FALSE,0
"fixed_density",226,TRUE,FALSE,0
"fixed_density",227,TRUE,FALSE,0
"fixed_density",228,TRUE,FALSE,0
"fixed_density",229,FALSE,FALSE,0
"fixed_density",230,FALSE,FALSE,0
"fixed_density",231,FALSE,FALSE,0
"fixed_density",232,FALSE,FALSE,0
"fixed_density",233,FALSE,FALSE,0
"fixed_density",234,FALSE,FALSE,0
"fixed_density",235,FALSE,FALSE,0
"fixed_density",236,FALSE,FALSE,0
"fixed_density",237,FALSE,FALSE,0
"fixed_density",238,FALSE,FALSE,0
"fixed_density",239,FALSE,FALSE,0
"fixed_density",240,FALSE,FALSE,0
"fixed_density",241,FALSE,FALSE,0
"fixed_density",242,FALSE,FALSE,0
"fixed_density",243,FALSE,FALSE,0
"fixed_density",244,FALSE,FALSE,0
"fixed_density",245,TRUE,FALSE,0
"fixed_density",246,FALSE,FALSE,0
"fixed_density",247,FALSE,FALSE,0
"fixed_density",248,FALSE,FALSE,0
"fixed_density",249,FALSE,FALSE,0
"fixed_density",250,FALSE,FALSE,0
"fixed_density",251,FALSE,FALSE,0
"fixed_density",252,FALSE,FALSE,0
"fixed_density",253,FALSE,FALSE,0
"fixed_density",254,FALSE,FALSE,0
"fixed_density",255,FALSE,FALSE,0
"fixed_density",256,FALSE,FALSE,0
"fixed_density",257,FALSE,FALSE,0
"fixed_density",258,FALSE,FALSE,0
"fixed_density",259,FALSE,FALSE,0
"fixed_density",260,FALSE,FALSE,0
"fixed_density",261,FALSE,FALSE,0
"fixed_density",262,FALSE,FALSE,0
"fixed_density",263,FALSE,FALSE,0
"fixed_density",264,FALSE,FALSE,0
"fixed_density",265,FALSE,FALSE,0
"fixed_density",266,FALSE,FALSE,0
"fixed_density",267,TRUE,FALSE,0
"fixed_density",268,FALSE,FALSE,0
"fixed_density",269,FALSE,FALSE,0
"fixed_density",270,FALSE,FALSE,0
"fixed_density",271,FALSE,FALSE,0
"fixed_density",272,FALSE,FALSE,0
"fixed_density",273,FALSE,FALSE,0
"fixed_density",274,FALSE,FALSE,0
"fixed_density",275,FALSE,FALSE,0
"fixed_density",276,FALSE,FALSE,0
"fixed_density",277,FALSE,FALSE,0
"fixed_density",278,FALSE,FALSE,0
"fixed_density",279,FALSE,FALSE,0
"fixed_density",280,FALSE,FALSE,0
"fixed_density",281,FALSE,FALSE,0
"fixed_density",282,FALSE,FALSE,0
"fixed_density",283,FALSE,FALSE,0
"fixed_density",284,FALSE,FALSE,0
"fixed_density",285,TRUE,FALSE,0
"fixed_density",286,FALSE,FALSE,0
"fixed_density",287,FALSE,FALSE,0
"fixed_density",288,FALSE,FALSE,0
"fixed_density",289,FALSE,FALSE,0
"fixed_density",290,FALSE,FALSE,0
"fixed_density",291,FALSE,FALSE,0
"fixed_density",292,FALSE,FALSE,0
"fixed_density",293,FALSE,FALSE,0
"fixed_density",294,FALSE,FALSE,0
"fixed_density",295,FALSE,FALSE,0
"fixed_density",296,FALSE,TRUE,0
"fixed_density",297,TRUE,TRUE,0
"fixed_density",298,FALSE,FALSE,0
"fixed_density",299,FALSE,FALSE,0
"fixed_density",300,FALSE,FALSE,0
"fixed_density",301,FALSE,FALSE,0
"fixed_density",302,FALSE,FALSE,0
"fixed_density",303,FALSE,FALSE,0
"fixed_density",304,TRUE,FALSE,0
"fixed_density",305,FALSE,FALSE,0
"fixed_density",306,FALSE,FALSE,0
"fixed_density",307,FALSE,FALSE,0
"fixed_density",308,FALSE,FALSE,0
"fixed_density",309,FALSE,FALSE,0
"fixed_density",310,FALSE,FALSE,0
"fixed_density",311,FALSE,FALSE,0
"fixed_density",312,FALSE,FALSE,0
"fixed_density",313,FALSE,FALSE,0
"fixed_density",314,FALSE,FALSE,0
"fixed_density",315,FALSE,FALSE,0
"fixed_density",316,FALSE,FALSE,0
"fixed_density",317,FALSE,FALSE,0
"fixed_density",318,FALSE,FALSE,0
"fixed_density",319,FALSE,FALSE,0
"fixed_density",320,FALSE,FALSE,0
"fixed_density",321,FALSE,FALSE,0
"fixed_density",322,FALSE,FALSE,0
"fixed_density",323,FALSE,FALSE,0
"fixed_density",324,FALSE,FALSE,0
"fixed_density",325,FALSE,FALSE,0
"fixed_density",326,FALSE,FALSE,0
"fixed_density",327,FALSE,FALSE,0
"fixed_density",328,FALSE,FALSE,0
"fixed_density",329,FALSE,FALSE,0
"fixed_density",330,FALSE,FALSE,0
"fixed_density",331,FALSE,FALSE,0
"fixed_density",332,FALSE,FALSE,0
"fixed_density",333,FALSE,FALSE,0
"fixed_density",334,FALSE,FALSE,0
"fixed_density",335,FALSE,FALSE,0
"fixed_density",336,FALSE,FALSE,0
"fixed_density",337,FALSE,FALSE,0
"fixed_density",338,FALSE,FALSE,0
"fixed_density",339,FALSE,FALSE,0
"fixed_density",340,FALSE,FALSE,0
"fixed_density",341,FALSE,FALSE,0
"fixed_density",342,FALSE,FALSE,0
"fixed_density",343,TRUE,TRUE,0
"fixed_density",344,FALSE,FALSE,0
"fixed_density",345,FALSE,FALSE,0
"fixed_density",346,FALSE,FALSE,0
"fixed_density",347,FALSE,FALSE,0
"fixed_density",348,FALSE,FALSE,0
"fixed_density",349,TRUE,TRUE,0
"fixed_density",350,FALSE,FALSE,0
"fixed_density",351,FALSE,FALSE,0
"fixed_density",352,FALSE,FALSE,0
"fixed_density",353,TRUE,FALSE,0
"fixed_density",354,FALSE,FALSE,0
"fixed_density",355,FALSE,FALSE,0
"fixed_density",356,FALSE,FALSE,0
"fixed_density",357,TRUE,FALSE,0
"fixed_density",358,TRUE,FALSE,0
"fixed_density",359,FALSE,FALSE,0
"fixed_density",360,FALSE,FALSE,0
"fixed_density",361,FALSE,FALSE,0
"fixed_density",362,FALSE,FALSE,0
"fixed_density",363,FALSE,FALSE,0
"fixed_density",364,TRUE,FALSE,0
"fixed_density",365,FALSE,FALSE,0
"fixed_density",366,FALSE,FALSE,0
"fixed_density",367,FALSE,FALSE,0
"fixed_density",368,FALSE,FALSE,0
"fixed_density",369,FALSE,FALSE,0
"fixed_density",370,FALSE,FALSE,0
"fixed_density",371,FALSE,FALSE,0
"fixed_density",372,FALSE,FALSE,0
"fixed_density",373,FALSE,FALSE,0
"fixed_density",374,FALSE,FALSE,0
"fixed_density",375,FALSE,FALSE,0
"fixed_density",376,FALSE,FALSE,0
"fixed_density",377,FALSE,FALSE,0
"fixed_density",378,FALSE,FALSE,0
"fixed_density",379,FALSE,FALSE,0
"fixed_density",380,FALSE,FALSE,0
"fixed_density",381,FALSE,FALSE,0
"fixed_density",382,FALSE,FALSE,0
"fixed_density",383,FALSE,FALSE,0
"fixed_density",384,FALSE,FALSE,0
"fixed_density",385,FALSE,FALSE,0
"fixed_density",386,FALSE,FALSE,0
"fixed_density",387,FALSE,FALSE,0
"fixed_density",388,TRUE,FALSE,0
"fixed_density",389,FALSE,FALSE,0
"fixed_density",390,FALSE,FALSE,0
"fixed_density",391,FALSE,FALSE,0
"fixed_density",392,FALSE,FALSE,0
"fixed_density",393,FALSE,FALSE,0
"fixed_density",394,FALSE,FALSE,0
"fixed_density",395,FALSE,FALSE,0
"fixed_density",396,FALSE,FALSE,0
"fixed_density",397,FALSE,FALSE,0
"fixed_density",398,FALSE,FALSE,0
"fixed_density",399,FALSE,FALSE,0
"fixed_density",400,FALSE,FALSE,0
"fixed_density",401,FALSE,FALSE,0
"fixed_density",402,FALSE,FALSE,0
"fixed_density",403,TRUE,FALSE,0
"fixed_density",404,FALSE,FALSE,0
"fixed_density",405,FALSE,FALSE,0
"fixed_density",406,FALSE,FALSE,0
"fixed_density",407,FALSE,FALSE,0
"fixed_density",408,FALSE,FALSE,0
"fixed_density",409,FALSE,FALSE,0
"fixed_density",410,FALSE,FALSE,0
"fixed_density",411,FALSE,FALSE,0
"fixed_density",412,FALSE,FALSE,0
"fixed_density",413,FALSE,FALSE,0
"fixed_density",414,FALSE,FALSE,0
"fixed_density",415,FALSE,FALSE,0
"fixed_density",416,FALSE,FALSE,0
"fixed_density",417,FALSE,TRUE,0
"fixed_density",418,FALSE,FALSE,0
"fixed_density",419,FALSE,FALSE,0
"fixed_density",420,FALSE,FALSE,0
"fixed_density",421,FALSE,FALSE,0
"fixed_density",422,FALSE,FALSE,0
"fixed_density",423,FALSE,FALSE,0
"fixed_density",424,FALSE,FALSE,0
"fixed_density",425,FALSE,FALSE,0
"fixed_density",426,FALSE,FALSE,0
"fixed_density",427,FALSE,FALSE,0
"fixed_density",428,FALSE,FALSE,0
"fixed_density",429,FALSE,FALSE,0
"fixed_density",430,FALSE,FALSE,0
"fixed_density",431,FALSE,FALSE,0
"fixed_density",432,FALSE,FALSE,0
"fixed_density",433,FALSE,FALSE,0
"fixed_density",434,FALSE,FALSE,0
"fixed_density",435,FALSE,FALSE,0
"fixed_density",436,FALSE,FALSE,0
"fixed_density",437,FALSE,FALSE,0
"fixed_density",438,FALSE,FALSE,0
"fixed_density",439,TRUE,FALSE,0
"fixed_density",440,FALSE,FALSE,0
"fixed_density",441,FALSE,FALSE,0
"fixed_density",442,FALSE,FALSE,0
"fixed_density",443,FALSE,FALSE,0
"fixed_density",444,FALSE,FALSE,0
"fixed_density",445,FALSE,FALSE,0
"fixed_density",446,FALSE,FALSE,0
"fixed_density",447,FALSE,FALSE,0
"fixed_density",448,FALSE,FALSE,0
"fixed_density",449,FALSE,FALSE,0
"fixed_density",450,FALSE,FALSE,0
"fixed_density",451,FALSE,FALSE,0
"fixed_density",452,FALSE,FALSE,0
"fixed_density",453,FALSE,FALSE,0
"fixed_density",454,FALSE,FALSE,0
"fixed_density",455,FALSE,FALSE,0
"fixed_density",456,FALSE,FALSE,0
"fixed_density",457,FALSE,FALSE,0
"fixed_density",458,FALSE,FALSE,0
"fixed_density",459,FALSE,FALSE,0
"fixed_density",460,FALSE,FALSE,0
"fixed_density",461,FALSE,FALSE,0
"fixed_density",462,FALSE,FALSE,0
"fixed_density",463,FALSE,FALSE,0
"fixed_density",464,FALSE,FALSE,0
"fixed_density",465,FALSE,FALSE,0
"fixed_density",466,FALSE,FALSE,0
"fixed_density",467,FALSE,FALSE,0
"fixed_density",468,FALSE,FALSE,0
"fixed_density",469,FALSE,FALSE,0
"fixed_density",470,FALSE,FALSE,0
"fixed_density",471,FALSE,FALSE,0
"fixed_density",472,FALSE,FALSE,0
"fixed_density",473,FALSE,FALSE,0
"fixed_density",474,FALSE,FALSE,0
"fixed_density",475,FALSE,FALSE,0
"fixed_density",476,FALSE,FALSE,0
"fixed_density",477,FALSE,FALSE,0
"fixed_density",478,TRUE,FALSE,0
"fixed_density",479,FALSE,FALSE,0
"fixed_density",480,FALSE,FALSE,0
"fixed_density",481,FALSE,FALSE,0
"fixed_density",482,FALSE,FALSE,0
"fixed_density",483,FALSE,FALSE,0
"fixed_density",484,FALSE,FALSE,0
"fixed_density",485,FALSE,FALSE,0
"fixed_density",486,FALSE,FALSE,0
"fixed_density",487,FALSE,FALSE,0
"fixed_density",488,FALSE,FALSE,0
"fixed_density",489,FALSE,FALSE,0
"fixed_density",490,FALSE,FALSE,0
"fixed_density",491,FALSE,FALSE,0
"fixed_density",492,FALSE,FALSE,0
"fixed_density",493,FALSE,FALSE,0
"fixed_density",494,FALSE,FALSE,0
"fixed_density",495,FALSE,FALSE,0
"fixed_density",496,FALSE,FALSE,0
"fixed_density",497,FALSE,FALSE,0
"fixed_density",498,FALSE,FALSE,0
"fixed_density",499,FALSE,FALSE,0
"fixed_density",500,FALSE,FALSE,0
"fixed_density",501,FALSE,FALSE,0
"fixed_density",502,FALSE,FALSE,0
"fixed_density",503,FALSE,FALSE,0
"fixed_density",504,FALSE,FALSE,0
"fixed_density",505,FALSE,FALSE,0
"fixed_density",506,FALSE,FALSE,0
"fixed_density",507,FALSE,FALSE,0
"fixed_density",508,FALSE,FALSE,0
"fixed_density",509,FALSE,FALSE,0
"fixed_density",510,FALSE,FALSE,0
"fixed_density",511,FALSE,FALSE,0
"fixed_density",512,TRUE,TRUE,0
"fixed_density",513,FALSE,FALSE,0
"fixed_density",514,FALSE,FALSE,0
"fixed_density",515,FALSE,FALSE,0
"fixed_density",516,FALSE,FALSE,0
"fixed_density",517,FALSE,FALSE,0
"fixed_density",518,FALSE,FALSE,0
"fixed_density",519,FALSE,FALSE,0
"fixed_density",520,FALSE,FALSE,0
"fixed_density",521,FALSE,FALSE,0
"fixed_density",522,FALSE,FALSE,0
"fixed_density",523,FALSE,FALSE,0
"fixed_density",524,FALSE,FALSE,0
"fixed_density",525,FALSE,FALSE,0
"fixed_density",526,FALSE,FALSE,0
"fixed_density",527,FALSE,FALSE,0
"fixed_density",528,FALSE,FALSE,0
"fixed_density",529,FALSE,FALSE,0
"fixed_density",530,FALSE,FALSE,0
"fixed_density",531,FALSE,FALSE,0
"fixed_density",532,FALSE,FALSE,0
"fixed_density",533,FALSE,FALSE,0
"fixed_density",534,FALSE,FALSE,0
"fixed_density",535,FALSE,FALSE,0
"fixed_density",536,FALSE,FALSE,0
"fixed_density",537,FALSE,FALSE,0
"fixed_density",538,FALSE,FALSE,0
"fixed_density",539,FALSE,FALSE,0
"fixed_density",540,FALSE,FALSE,0
"fixed_density",541,FALSE,FALSE,0
"fixed_density",542,FALSE,FALSE,0
"fixed_density",543,FALSE,FALSE,0
"fixed_density",544,FALSE,FALSE,0
"fixed_density",545,FALSE,FALSE,0
"fixed_density",546,FALSE,FALSE,0
"fixed_density",547,FALSE,FALSE,0
"fixed_density",548,FALSE,FALSE,0
"fixed_density",549,FALSE,FALSE,0
"fixed_density",550,FALSE,FALSE,0
"fixed_density",551,FALSE,FALSE,0
"fixed_density",552,FALSE,FALSE,0
"fixed_density",553,FALSE,FALSE,0
"fixed_density",554,FALSE,FALSE,0
"fixed_density",555,FALSE,FALSE,0
"fixed_density",556,FALSE,FALSE,0
"fixed_density",557,FALSE,FALSE,0
"fixed_density",558,FALSE,FALSE,0
"fixed_density",559,FALSE,FALSE,0
"fixed_density",560,FALSE,FALSE,0
"fixed_density",561,FALSE,FALSE,0
"fixed_density",562,FALSE,FALSE,0
"fixed_density",563,FALSE,FALSE,0
"fixed_density",564,FALSE,FALSE,0
"fixed_density",565,FALSE,FALSE,0
"fixed_density",566,FALSE,FALSE,0
"fixed_density",567,TRUE,FALSE,0
"fixed_density",568,FALSE,FALSE,0
"fixed_density",569,TRUE,FALSE,0
"fixed_density",570,FALSE,FALSE,0
"fixed_density",571,FALSE,FALSE,0
"fixed_density",572,FALSE,FALSE,0
"fixed_density",573,FALSE,FALSE,0
"fixed_density",574,FALSE,FALSE,0
"fixed_density",575,FALSE,FALSE,0
"fixed_density",576,FALSE,FALSE,0
"fixed_density",577,FALSE,FALSE,0
"fixed_density",578,FALSE,FALSE,0
"fixed_density",579,FALSE,FALSE,0
"fixed_density",580,FALSE,FALSE,0
"fixed_density",581,FALSE,FALSE,0
"fixed_density",582,FALSE,FALSE,0
"fixed_density",583,FALSE,FALSE,0
"fixed_density",584,FALSE,FALSE,0
"fixed_density",585,FALSE,FALSE,0
"fixed_density",586,FALSE,FALSE,0
"fixed_density",587,TRUE,FALSE,0
"fixed_density",588,FALSE,FALSE,0
"fixed_density",589,FALSE,FALSE,0
"fixed_density",590,FALSE,FALSE,0
"fixed_density",591,FALSE,FALSE,0
"fixed_density",592,FALSE,FALSE,0
"fixed_density",593,FALSE,FALSE,0
"fixed_density",594,FALSE,FALSE,0
"fixed_density",595,FALSE,FALSE,0
"fixed_density",596,FALSE,FALSE,0
"fixed_density",597,FALSE,FALSE,0
"fixed_density",598,FALSE,FALSE,0
"fixed_density",599,FALSE,FALSE,0
"fixed_density",600,FALSE,FALSE,0
"fixed_density",601,FALSE,FALSE,0
"fixed_density",602,FALSE,FALSE,0
"fixed_density",603,FALSE,FALSE,0
"fixed_density",604,FALSE,FALSE,0
"fixed_density",605,FALSE,FALSE,0
"fixed_density",606,FALSE,FALSE,0
"fixed_density",607,FALSE,FALSE,0
"fixed_density",608,FALSE,FALSE,0
"fixed_density",609,FALSE,FALSE,0
"fixed_density",610,FALSE,FALSE,0
"fixed_density",611,FALSE,FALSE,0
"fixed_density",612,FALSE,FALSE,0
"fixed_density",613,FALSE,FALSE,0
"fixed_density",614,FALSE,FALSE,0
"fixed_density",615,FALSE,FALSE,0
"fixed_density",616,FALSE,FALSE,0
"fixed_density",617,FALSE,FALSE,0
"fixed_density",618,FALSE,FALSE,0
"fixed_density",619,FALSE,FALSE,0
"fixed_density",620,FALSE,FALSE,0
"fixed_density",621,FALSE,FALSE,0
"fixed_density",622,FALSE,FALSE,0
"fixed_density",623,FALSE,FALSE,0
"fixed_density",624,FALSE,FALSE,0
"fixed_density",625,FALSE,FALSE,0
"fixed_density",626,FALSE,FALSE,0
"fixed_density",627,FALSE,FALSE,0
"fixed_density",628,FALSE,FALSE,0
"fixed_density",629,FALSE,FALSE,0
"fixed_density",630,FALSE,FALSE,0
"fixed_density",631,FALSE,FALSE,0
"fixed_density",632,FALSE,FALSE,0
"fixed_density",633,FALSE,FALSE,0
"fixed_density",634,FALSE,FALSE,0
"fixed_density",635,FALSE,FALSE,0
"fixed_density",636,FALSE,FALSE,0
"fixed_density",637,FALSE,FALSE,0
"fixed_density",638,TRUE,FALSE,0
"fixed_density",639,FALSE,FALSE,0
"fixed_density",640,FALSE,FALSE,0
"fixed_density",641,FALSE,FALSE,0
"fixed_density",642,FALSE,FALSE,0
"fixed_density",643,FALSE,FALSE,0
"fixed_density",644,FALSE,FALSE,0
"fixed_density",645,FALSE,FALSE,0
"fixed_density",646,TRUE,FALSE,0
"fixed_density",647,FALSE,FALSE,0
"fixed_density",648,FALSE,FALSE,0
"fixed_density",649,FALSE,FALSE,0
"fixed_density",650,FALSE,FALSE,0
"fixed_density",651,FALSE,FALSE,0
"fixed_density",652,FALSE,FALSE,0
"fixed_density",653,FALSE,FALSE,0
"fixed_density",654,FALSE,TRUE,0
"fixed_density",655,FALSE,FALSE,0
"fixed_density",656,FALSE,FALSE,0
"fixed_density",657,FALSE,FALSE,0
"fixed_density",658,FALSE,FALSE,0
"fixed_density",659,FALSE,FALSE,0
"fixed_density",660,FALSE,FALSE,0
"fixed_density",661,FALSE,FALSE,0
"fixed_density",662,FALSE,FALSE,0
"fixed_density",663,FALSE,FALSE,0
"fixed_density",664,FALSE,FALSE,0
"fixed_density",665,FALSE,FALSE,0
"fixed_density",666,FALSE,FALSE,0
"fixed_density",667,FALSE,FALSE,0
"fixed_density",668,FALSE,FALSE,0
"fixed_density",669,FALSE,FALSE,0
"fixed_density",670,FALSE,FALSE,0
"fixed_density",671,FALSE,FALSE,0
"fixed_density",672,FALSE,FALSE,0
"fixed_density",673,FALSE,FALSE,0
"fixed_density",674,FALSE,FALSE,0
"fixed_density",675,FALSE,FALSE,0
"fixed_density",676,FALSE,FALSE,0
"fixed_density",677,FALSE,FALSE,0
"fixed_density",678,FALSE,FALSE,0
"fixed_density",679,FALSE,FALSE,0
"fixed_density",680,FALSE,FALSE,0
"fixed_density",681,FALSE,FALSE,0
"fixed_density",682,FALSE,FALSE,0
"fixed_density",683,FALSE,FALSE,0
"fixed_density",684,FALSE,FALSE,0
"fixed_density",685,FALSE,FALSE,0
"fixed_density",686,FALSE,FALSE,0
"fixed_density",687,FALSE,FALSE,0
"fixed_density",688,FALSE,FALSE,0
"fixed_density",689,FALSE,FALSE,0
"fixed_density",690,TRUE,FALSE,0
"fixed_density",691,FALSE,FALSE,0
"fixed_density",692,FALSE,FALSE,0
"fixed_density",693,FALSE,FALSE,0
"fixed_density",694,FALSE,FALSE,0
"fixed_density",695,FALSE,FALSE,0
"fixed_density",696,FALSE,FALSE,0
"fixed_density",697,FALSE,FALSE,0
"fixed_density",698,FALSE,FALSE,0
"fixed_density",699,FALSE,FALSE,0
"fixed_density",700,FALSE,FALSE,0
"fixed_density",701,FALSE,FALSE,0
"fixed_density",702,FALSE,FALSE,0
"fixed_density",703,FALSE,FALSE,0
"fixed_density",704,FALSE,FALSE,0
"fixed_density",705,FALSE,FALSE,0
"fixed_density",706,FALSE,FALSE,0
"fixed_density",707,FALSE,FALSE,0
"fixed_density",708,FALSE,FALSE,0
"fixed_density",709,FALSE,FALSE,0
"fixed_density",710,FALSE,FALSE,0
"fixed_density",711,FALSE,FALSE,0
"fixed_density",712,FALSE,FALSE,0
"fixed_density",713,FALSE,FALSE,0
"fixed_density",714,FALSE,FALSE,0
"fixed_density",715,FALSE,FALSE,0
"fixed_density",716,FALSE,FALSE,0
"fixed_density",717,FALSE,FALSE,0
"fixed_density",718,FALSE,FALSE,0
"fixed_density",719,FALSE,FALSE,0
"fixed_density",720,FALSE,FALSE,0
"fixed_density",721,FALSE,FALSE,0
"fixed_density",722,FALSE,FALSE,0
"fixed_density",723,FALSE,FALSE,0
"fixed_density",724,FALSE,FALSE,0
"fixed_density",725,FALSE,FALSE,0
"fixed_density",726,FALSE,FALSE,0
"fixed_density",727,FALSE,FALSE,0
"fixed_density",728,FALSE,FALSE,0
"fixed_density",729,FALSE,FALSE,0
"fixed_density",730,FALSE,FALSE,0
"fixed_density",731,FALSE,FALSE,0
"fixed_density",732,FALSE,FALSE,0
"fixed_density",733,FALSE,FALSE,0
"fixed_density",734,FALSE,FALSE,0
"fixed_density",735,FALSE,FALSE,0
"fixed_density",736,FALSE,FALSE,0
"fixed_density",737,FALSE,FALSE,0
"fixed_density",738,FALSE,FALSE,0
"fixed_density",739,FALSE,FALSE,0
"fixed_density",740,FALSE,FALSE,0
"fixed_density",741,FALSE,FALSE,0
"fixed_density",742,FALSE,FALSE,0
"fixed_density",743,FALSE,FALSE,0
"fixed_density",744,FALSE,FALSE,0
"fixed_density",745,FALSE,FALSE,0
"fixed_density",746,FALSE,FALSE,0
"fixed_density",747,FALSE,FALSE,0
"fixed_density",748,FALSE,FALSE,0
"fixed_density",749,FALSE,FALSE,0
"fixed_density",750,FALSE,FALSE,0
"fixed_density",751,FALSE,FALSE,0
"fixed_density",752,FALSE,FALSE,0
"fixed_density",753,FALSE,FALSE,0
"fixed_density",754,FALSE,FALSE,0
"fixed_density",755,FALSE,FALSE,0
"fixed_density",756,FALSE,FALSE,0
"fixed_density",757,FALSE,FALSE,0
"fixed_density",758,FALSE,FALSE,0
"fixed_density",759,FALSE,FALSE,0
"fixed_density",760,FALSE,FALSE,0
"fixed_density",761,FALSE,FALSE,0
"fixed_density",762,FALSE,FALSE,0
"fixed_density",763,FALSE,FALSE,0
"fixed_density",764,FALSE,FALSE,0
"fixed_density",765,FALSE,FALSE,0
"fixed_density",766,FALSE,FALSE,0
"fixed_density",767,FALSE,FALSE,0
"fixed_density",768,FALSE,FALSE,0
"fixed_density",769,FALSE,FALSE,0
"fixed_density",770,FALSE,FALSE,0
"fixed_density",771,FALSE,FALSE,0
"fixed_density",772,FALSE,FALSE,0
"fixed_density",773,FALSE,FALSE,0
"fixed_density",774,FALSE,FALSE,0
"fixed_density",775,FALSE,FALSE,0
"fixed_density",776,FALSE,FALSE,0
"fixed_density",777,FALSE,FALSE,0
"fixed_density",778,FALSE,FALSE,0
"fixed_density",779,FALSE,FALSE,0
"fixed_density",780,FALSE,FALSE,0
"fixed_density",781,FALSE,FALSE,0
"fixed_density",782,FALSE,FALSE,0
"fixed_density",783,FALSE,FALSE,0
"fixed_density",784,FALSE,FALSE,0
"fixed_density",785,FALSE,FALSE,0
"fixed_density",786,FALSE,FALSE,0
"fixed_density",787,FALSE,FALSE,0
"fixed_density",788,FALSE,FALSE,0
"fixed_density",789,FALSE,FALSE,0
"fixed_density",790,FALSE,FALSE,0
"fixed_density",791,FALSE,FALSE,0
"fixed_density",792,FALSE,FALSE,0
"fixed_density",793,FALSE,FALSE,0
"fixed_density",794,FALSE,FALSE,0
"fixed_density",795,FALSE,FALSE,0
"fixed_density",796,FALSE,FALSE,0
"fixed_density",797,FALSE,FALSE,0
"fixed_density",798,FALSE,FALSE,0
"fixed_density",799,FALSE,FALSE,0
"fixed_density",800,FALSE,FALSE,0
"fixed_density",801,FALSE,FALSE,0
"fixed_density",802,FALSE,FALSE,0
"fixed_density",803,FALSE,FALSE,0
"fixed_density",804,FALSE,FALSE,0
"fixed_density",805,FALSE,FALSE,0
"fixed_density",806,FALSE,FALSE,0
"fixed_density",807,FALSE,FALSE,0
"fixed_density",808,FALSE,FALSE,0
"fixed_density",809,FALSE,FALSE,0
"fixed_density",810,FALSE,FALSE,0
"fixed_density",811,FALSE,FALSE,0
"fixed_density",812,FALSE,FALSE,0
"fixed_density",813,FALSE,FALSE,0
"fixed_density",814,FALSE,FALSE,0
"fixed_density",815,FALSE,FALSE,0
"fixed_density",816,FALSE,FALSE,0
"fixed_density",817,FALSE,FALSE,0
"fixed_density",818,FALSE,FALSE,0
"fixed_density",819,FALSE,FALSE,0
"fixed_density",820,FALSE,FALSE,0
"fixed_density",821,FALSE,FALSE,0
"fixed_density",822,FALSE,FALSE,0
"fixed_density",823,FALSE,FALSE,0
"fixed_density",824,FALSE,FALSE,0
"fixed_density",825,FALSE,FALSE,0
"fixed_density",826,FALSE,FALSE,0
"fixed_density",827,FALSE,FALSE,0
"fixed_density",828,FALSE,FALSE,0
"fixed_density",829,FALSE,FALSE,0
"fixed_density",830,FALSE,FALSE,0
"fixed_density",831,TRUE,FALSE,0
"fixed_density",832,FALSE,FALSE,0
"fixed_density",833,FALSE,FALSE,0
"fixed_density",834,FALSE,FALSE,0
"fixed_density",835,FALSE,FALSE,0
"fixed_density",836,FALSE,FALSE,0
"fixed_density",837,FALSE,FALSE,0
"fixed_density",838,FALSE,FALSE,0
"fixed_density",839,TRUE,FALSE,0
"fixed_density",840,FALSE,FALSE,0
"fixed_density",841,FALSE,FALSE,0
"fixed_density",842,FALSE,FALSE,0
"fixed_density",843,FALSE,FALSE,0
"fixed_density",844,FALSE,FALSE,0
"fixed_density",845,FALSE,FALSE,0
"fixed_density",846,FALSE,FALSE,0
"fixed_density",847,FALSE,FALSE,0
"fixed_density",848,FALSE,FALSE,0
"fixed_density",849,FALSE,FALSE,0
"fixed_density",850,FALSE,FALSE,0
"fixed_density",851,FALSE,FALSE,0
"fixed_density",852,FALSE,FALSE,0
"fixed_density",853,FALSE,FALSE,0
"fixed_density",854,FALSE,FALSE,0
"fixed_density",855,FALSE,FALSE,0
"fixed_density",856,FALSE,FALSE,0
"fixed_density",857,FALSE,FALSE,0
"fixed_density",858,FALSE,FALSE,0
"fixed_density",859,FALSE,FALSE,0
"fixed_density",860,FALSE,FALSE,0
"fixed_density",861,FALSE,FALSE,0
"fixed_density",862,FALSE,FALSE,0
"fixed_density",863,FALSE,FALSE,0
"fixed_density",864,FALSE,FALSE,0
"fixed_density",865,FALSE,FALSE,0
"fixed_density",866,FALSE,FALSE,0
"fixed_density",867,TRUE,FALSE,0
"fixed_density",868,FALSE,FALSE,0
"fixed_density",869,FALSE,FALSE,0
"fixed_density",870,FALSE,FALSE,0
"fixed_density",871,FALSE,FALSE,0
"fixed_density",872,FALSE,FALSE,0
"fixed_density",873,FALSE,FALSE,0
"fixed_density",874,FALSE,FALSE,0
"fixed_density",875,FALSE,FALSE,0
"fixed_density",876,FALSE,FALSE,0
"fixed_density",877,FALSE,FALSE,0
"fixed_density",878,FALSE,FALSE,0
"fixed_density",879,FALSE,FALSE,0
"fixed_density",880,FALSE,FALSE,0
"fixed_density",881,FALSE,FALSE,0
"fixed_density",882,FALSE,FALSE,0
"fixed_density",883,FALSE,FALSE,0
"fixed_density",884,FALSE,FALSE,0
"fixed_density",885,TRUE,FALSE,0
"fixed_density",886,FALSE,FALSE,0
"fixed_density",887,FALSE,FALSE,0
"fixed_density",888,FALSE,TRUE,0
"fixed_density",889,FALSE,FALSE,0
"fixed_density",890,FALSE,FALSE,0
"fixed_density",891,FALSE,FALSE,0
"fixed_density",892,FALSE,FALSE,0
"fixed_density",893,FALSE,FALSE,0
"fixed_density",894,FALSE,FALSE,0
"fixed_density",895,FALSE,FALSE,0
"fixed_density",896,FALSE,FALSE,0
"fixed_density",897,FALSE,FALSE,0
"fixed_density",898,FALSE,FALSE,0
"fixed_density",899,FALSE,FALSE,0
"fixed_density",900,FALSE,FALSE,0
"fixed_density",901,FALSE,FALSE,0
"fixed_density",902,FALSE,FALSE,0
"fixed_density",903,FALSE,FALSE,0
"fixed_density",904,FALSE,FALSE,0
"fixed_density",905,FALSE,FALSE,0
"fixed_density",906,FALSE,FALSE,0
"fixed_density",907,FALSE,FALSE,0
"fixed_density",908,FALSE,FALSE,0
"fixed_density",909,FALSE,FALSE,0
"fixed_density",910,FALSE,FALSE,0
"fixed_density",911,FALSE,FALSE,0
"fixed_density",912,FALSE,FALSE,0
"fixed_density",913,FALSE,FALSE,0
"fixed_density",914,FALSE,FALSE,0
"fixed_density",915,FALSE,FALSE,0
"fixed_density",916,TRUE,FALSE,0
"fixed_density",917,FALSE,FALSE,0
"fixed_density",918,FALSE,FALSE,0
"fixed_density",919,FALSE,FALSE,0
"fixed_density",920,FALSE,FALSE,0
"fixed_density",921,FALSE,FALSE,0
"fixed_density",922,FALSE,FALSE,0
"fixed_density",923,FALSE,FALSE,0
"fixed_density",924,FALSE,FALSE,0
"fixed_density",925,FALSE,FALSE,0
"fixed_density",926,FALSE,FALSE,0
"fixed_density",927,FALSE,FALSE,0
"fixed_density",928,FALSE,FALSE,0
"fixed_density",929,FALSE,FALSE,0
"fixed_density",930,FALSE,FALSE,0
"fixed_density",931,FALSE,FALSE,0
"fixed_density",932,FALSE,FALSE,0
"fixed_density",933,FALSE,FALSE,0
"fixed_density",934,FALSE,FALSE,0
"fixed_density",935,FALSE,FALSE,0
"fixed_density",936,FALSE,FALSE,0
"fixed_density",937,FALSE,FALSE,0
"fixed_density",938,FALSE,FALSE,0
"fixed_density",939,FALSE,FALSE,0
"fixed_density",940,FALSE,FALSE,0
"fixed_density",941,FALSE,FALSE,0
"fixed_density",942,FALSE,FALSE,0
"fixed_density",943,FALSE,FALSE,0
"fixed_density",944,TRUE,FALSE,0
"fixed_density",945,FALSE,FALSE,0
"fixed_density",946,FALSE,FALSE,0
"fixed_density",947,FALSE,FALSE,0
"fixed_density",948,FALSE,FALSE,0
"fixed_density",949,FALSE,FALSE,0
"fixed_density",950,FALSE,FALSE,0
"fixed_density",951,FALSE,FALSE,0
"fixed_density",952,FALSE,FALSE,0
"fixed_density",953,FALSE,FALSE,0
"fixed_density",954,FALSE,FALSE,0
"fixed_density",955,FALSE,FALSE,0
"fixed_density",956,FALSE,FALSE,0
"fixed_density",957,FALSE,FALSE,0
"fixed_density",958,FALSE,FALSE,0
"fixed_density",959,FALSE,FALSE,0
"fixed_density",960,FALSE,FALSE,0
"fixed_density",961,FALSE,FALSE,0
"fixed_density",962,FALSE,FALSE,0
"fixed_density",963,FALSE,FALSE,0
"fixed_density",964,TRUE,FALSE,0
"fixed_density",965,FALSE,FALSE,0
"fixed_density",966,FALSE,FALSE,0
"fixed_density",967,TRUE,FALSE,0
"fixed_density",968,FALSE,FALSE,0
"fixed_density",969,FALSE,FALSE,0
"fixed_density",970,FALSE,FALSE,0
"fixed_density",971,FALSE,FALSE,0
"fixed_density",972,FALSE,FALSE,0
"fixed_density",973,FALSE,FALSE,0
"fixed_density",974,FALSE,FALSE,0
"fixed_density",975,FALSE,FALSE,0
"fixed_density",976,FALSE,FALSE,0
"fixed_density",977,FALSE,FALSE,0
"fixed_density",978,FALSE,FALSE,0
"fixed_density",979,FALSE,FALSE,0
"fixed_density",980,FALSE,FALSE,0
"fixed_density",981,FALSE,FALSE,0
"fixed_density",982,FALSE,FALSE,0
"fixed_density",983,FALSE,FALSE,0
"fixed_density",984,FALSE,FALSE,0
"fixed_density",985,FALSE,FALSE,0
"fixed_density",986,FALSE,FALSE,0
"fixed_density",987,FALSE,FALSE,0
"fixed_density",988,FALSE,FALSE,0
"fixed_density",989,FALSE,FALSE,0
"fixed_density",990,FALSE,FALSE,0
"fixed_density",991,FALSE,FALSE,0
"fixed_density",992,FALSE,FALSE,0
"fixed_density",993,TRUE,FALSE,0
"fixed_density",994,FALSE,FALSE,0
"fixed_density",995,FALSE,FALSE,0
"fixed_density",996,FALSE,FALSE,0
"fixed_density",997,FALSE,FALSE,0
"fixed_density",998,FALSE,FALSE,0
"fixed_density",999,FALSE,FALSE,0
"fixed_density",1000,FALSE,FALSE,0
"fixed_density",1001,FALSE,FALSE,0
"fixed_density",1002,FALSE,FALSE,0
"fixed_density",1003,FALSE,FALSE,0
"fixed_density",1004,FALSE,FALSE,0
"fixed_density",1005,FALSE,FALSE,0
"fixed_density",1006,FALSE,FALSE,0
"fixed_density",1007,FALSE,FALSE,0
"fixed_density",1008,FALSE,FALSE,0
"fixed_density",1009,FALSE,FALSE,0
"fixed_density",1010,FALSE,FALSE,0
"fixed_density",1011,FALSE,FALSE,0
"fixed_density",1012,FALSE,FALSE,0
"fixed_density",1013,FALSE,FALSE,0
"fixed_density",1014,FALSE,FALSE,0
"fixed_density",1015,FALSE,FALSE,0
"fixed_density",1016,FALSE,FALSE,0
"fixed_density",1017,FALSE,FALSE,0
"fixed_density",1018,FALSE,FALSE,0
"fixed_density",1019,FALSE,FALSE,0
"fixed_density",1020,FALSE,FALSE,0
"fixed_density",1021,TRUE,FALSE,0
"fixed_density",1022,TRUE,FALSE,0
"fixed_density",1023,FALSE,FALSE,0
"fixed_density",1024,FALSE,FALSE,0
"fixed_density",1025,FALSE,FALSE,0
"fixed_density",1026,FALSE,FALSE,0
"fixed_density",1027,FALSE,FALSE,0
"fixed_density",1028,FALSE,FALSE,0
"fixed_density",1029,FALSE,FALSE,0
"fixed_density",1030,FALSE,FALSE,0
"fixed_density",1031,FALSE,FALSE,0
"fixed_density",1032,FALSE,FALSE,0
"fixed_density",1033,FALSE,FALSE,0
"fixed_density",1034,FALSE,FALSE,0
"fixed_density",1035,FALSE,FALSE,0
"fixed_density",1036,FALSE,FALSE,0
"fixed_density",1037,FALSE,FALSE,0
"fixed_density",1038,FALSE,FALSE,0
"fixed_density",1039,FALSE,FALSE,0
"fixed_density",1040,FALSE,FALSE,0
"fixed_density",1041,FALSE,FALSE,0
"fixed_density",1042,FALSE,FALSE,0
"fixed_density",1043,FALSE,FALSE,0
"fixed_density",1044,FALSE,FALSE,0
"fixed_density",1045,FALSE,FALSE,0
"fixed_density",1046,FALSE,FALSE,0
"fixed_density",1047,FALSE,FALSE,0
"fixed_density",1048,FALSE,FALSE,0
"fixed_density",1049,FALSE,FALSE,0
"fixed_density",1050,FALSE,FALSE,0
"fixed_density",1051,FALSE,FALSE,0
"fixed_density",1052,FALSE,FALSE,0
"fixed_density",1053,FALSE,FALSE,0
"fixed_density",1054,FALSE,FALSE,0
"fixed_density",1055,FALSE,FALSE,0
"fixed_density",1056,FALSE,FALSE,0
"fixed_density",1057,FALSE,FALSE,0
"fixed_density",1058,FALSE,FALSE,0
"fixed_density",1059,FALSE,FALSE,0
"fixed_density",1060,FALSE,FALSE,0
"fixed_density",1061,FALSE,FALSE,0
"fixed_density",1062,FALSE,FALSE,0
"fixed_density",1063,FALSE,FALSE,0
"fixed_density",1064,FALSE,FALSE,0
"fixed_density",1065,FALSE,FALSE,0
"fixed_density",1066,FALSE,FALSE,0
"fixed_density",1067,FALSE,FALSE,0
"fixed_density",1068,FALSE,FALSE,0
"fixed_density",1069,FALSE,FALSE,0
"fixed_density",1070,FALSE,FALSE,0
"fixed_density",1071,FALSE,FALSE,0
"fixed_density",1072,FALSE,FALSE,0
"fixed_density",1073,FALSE,FALSE,0
"fixed_density",1074,FALSE,FALSE,0
"fixed_density",1075,FALSE,FALSE,0
"fixed_density",1076,FALSE,FALSE,0
"fixed_density",1077,FALSE,FALSE,0
"fixed_density",1078,FALSE,FALSE,0
"fixed_density",1079,FALSE,FALSE,0
"fixed_density",1080,FALSE,FALSE,0
"fixed_density",1081,FALSE,FALSE,0
"fixed_density",1082,FALSE,FALSE,0
"fixed_density",1083,FALSE,FALSE,0
"fixed_density",1084,FALSE,FALSE,0
"fixed_density",1085,FALSE,FALSE,0
"fixed_density",1086,TRUE,FALSE,0
"fixed_density",1087,FALSE,FALSE,0
"fixed_density",1088,FALSE,FALSE,0
"fixed_density",1089,FALSE,FALSE,0
"fixed_density",1090,FALSE,FALSE,0
"fixed_density",1091,FALSE,FALSE,0
"fixed_density",1092,FALSE,FALSE,0
"fixed_density",1093,FALSE,TRUE,0
"fixed_density",1094,FALSE,FALSE,0
"fixed_density",1095,FALSE,FALSE,0
"fixed_density",1096,FALSE,FALSE,0
"fixed_density",1097,FALSE,FALSE,0
"fixed_density",1098,FALSE,FALSE,0
"fixed_density",1099,FALSE,FALSE,0
"fixed_density",1100,FALSE,FALSE,0
"fixed_density",1101,FALSE,FALSE,0
"fixed_density",1102,FALSE,FALSE,0
"fixed_density",1103,FALSE,FALSE,0
"fixed_density",1104,FALSE,FALSE,0
"fixed_density",1105,FALSE,FALSE,0
"fixed_density",1106,FALSE,FALSE,0
"fixed_density",1107,FALSE,FALSE,0
"fixed_density",1108,FALSE,FALSE,0
"fixed_density",1109,FALSE,FALSE,0
"fixed_density",1110,FALSE,FALSE,0
"fixed_density",1111,FALSE,FALSE,0
"fixed_density",1112,FALSE,FALSE,0
"fixed_density",1113,FALSE,FALSE,0
"fixed_density",1114,FALSE,FALSE,0
"fixed_density",1115,FALSE,FALSE,0
"fixed_density",1116,FALSE,FALSE,0
"fixed_density",1117,FALSE,FALSE,0
"fixed_density",1118,FALSE,FALSE,0
"fixed_density",1119,FALSE,FALSE,0
"fixed_density",1120,FALSE,FALSE,0
"fixed_density",1121,FALSE,FALSE,0
"fixed_density",1122,FALSE,FALSE,0
"fixed_density",1123,FALSE,FALSE,0
"fixed_density",1124,FALSE,FALSE,0
"fixed_density",1125,FALSE,FALSE,0
"fixed_density",1126,FALSE,FALSE,0
"fixed_density",1127,FALSE,FALSE,0
"fixed_density",1128,FALSE,FALSE,0
"fixed_density",1129,FALSE,FALSE,0
"fixed_density",1130,FALSE,FALSE,0
"fixed_density",1131,FALSE,FALSE,0
"fixed_density",1132,FALSE,FALSE,0
"fixed_density",1133,FALSE,FALSE,0
"fixed_density",1134,FALSE,FALSE,0
"fixed_density",1135,FALSE,FALSE,0
"fixed_density",1136,FALSE,FALSE,0
"fixed_density",1137,FALSE,FALSE,0
"fixed_density",1138,FALSE,FALSE,0
"fixed_density",1139,FALSE,FALSE,0
"fixed_density",1140,FALSE,FALSE,0
"fixed_density",1141,FALSE,FALSE,0
"fixed_density",1142,TRUE,TRUE,1
"fixed_density",1143,FALSE,FALSE,0
"fixed_density",1144,FALSE,FALSE,0
"fixed_density",1145,FALSE,FALSE,0
"fixed_density",1146,FALSE,FALSE,0
"fixed_density",1147,FALSE,FALSE,0
"fixed_density",1148,FALSE,FALSE,0
"fixed_density",1149,FALSE,FALSE,0
"fixed_density",1150,FALSE,FALSE,0
"fixed_density",1151,FALSE,FALSE,0
"fixed_density",1152,FALSE,FALSE,0
"fixed_density",1153,FALSE,FALSE,0
"fixed_density",1154,FALSE,FALSE,0
"fixed_density",1155,TRUE,FALSE,0
"fixed_density",1156,FALSE,FALSE,0
"fixed_density",1157,FALSE,FALSE,0
"fixed_density",1158,FALSE,FALSE,0
"fixed_density",1159,FALSE,FALSE,0
"fixed_density",1160,FALSE,FALSE,0
"fixed_density",1161,FALSE,FALSE,0
"fixed_density",1162,FALSE,FALSE,0
"fixed_density",1163,FALSE,FALSE,0
"fixed_density",1164,FALSE,FALSE,0
"fixed_density",1165,FALSE,FALSE,0
"fixed_density",1166,FALSE,FALSE,0
"fixed_density",1167,FALSE,FALSE,0
"fixed_density",1168,FALSE,FALSE,0
"fixed_density",1169,FALSE,FALSE,0
"fixed_density",1170,FALSE,FALSE,0
"fixed_density",1171,FALSE,FALSE,0
"fixed_density",1172,FALSE,FALSE,0
"fixed_density",1173,FALSE,TRUE,0
"fixed_density",1174,FALSE,FALSE,0
"fixed_density",1175,FALSE,FALSE,0
"fixed_density",1176,FALSE,FALSE,0
"fixed_density",1177,FALSE,FALSE,0
"fixed_density",1178,FALSE,FALSE,0
"fixed_density",1179,FALSE,FALSE,0
"fixed_density",1180,FALSE,FALSE,0
"fixed_density",1181,FALSE,FALSE,0
"fixed_density",1182,FALSE,FALSE,0
"fixed_density",1183,FALSE,FALSE,0
"fixed_density",1184,FALSE,FALSE,0
"fixed_density",1185,TRUE,FALSE,0
"fixed_density",1186,TRUE,FALSE,0
"fixed_density",1187,FALSE,FALSE,0
"fixed_density",1188,FALSE,FALSE,0
"fixed_density",1189,FALSE,FALSE,0
"fixed_density",1190,TRUE,FALSE,0
"fixed_density",1191,TRUE,TRUE,0
"fixed_density",1192,FALSE,FALSE,0
"fixed_density",1193,FALSE,FALSE,0
"fixed_density",1194,FALSE,FALSE,0
"fixed_density",1195,TRUE,FALSE,0
"fixed_density",1196,FALSE,FALSE,0
"fixed_density",1197,TRUE,FALSE,0
"fixed_density",1198,FALSE,FALSE,0
"fixed_density",1199,FALSE,FALSE,0
"fixed_density",1200,FALSE,FALSE,0
"fixed_density",1201,FALSE,FALSE,0
"fixed_density",1202,FALSE,FALSE,0
"fixed_density",1203,FALSE,FALSE,0
"fixed_density",1204,FALSE,FALSE,0
"fixed_density",1205,FALSE,FALSE,0
"fixed_density",1206,FALSE,FALSE,0
"fixed_density",1207,FALSE,FALSE,0
"fixed_density",1208,FALSE,FALSE,0
"fixed_density",1209,FALSE,FALSE,0
"fixed_density",1210,FALSE,FALSE,0
"fixed_density",1211,FALSE,FALSE,0
"fixed_density",1212,FALSE,FALSE,0
"fixed_density",1213,FALSE,FALSE,0
"fixed_density",1214,FALSE,FALSE,0
"fixed_density",1215,FALSE,FALSE,0
"fixed_density",1216,FALSE,FALSE,0
"fixed_density",1217,FALSE,FALSE,0
"fixed_density",1218,FALSE,FALSE,0
"fixed_density",1219,FALSE,FALSE,0
"fixed_density",1220,FALSE,FALSE,0
"fixed_density",1221,FALSE,FALSE,0
"fixed_density",1222,FALSE,FALSE,0
"fixed_density",1223,FALSE,FALSE,0
"fixed_density",1224,FALSE,FALSE,0
"fixed_density",1225,TRUE,FALSE,0
"fixed_density",1226,FALSE,FALSE,0
"fixed_density",1227,FALSE,FALSE,0
"fixed_density",1228,FALSE,FALSE,0
"fixed_density",1229,FALSE,FALSE,0
"fixed_density",1230,FALSE,FALSE,0
"fixed_density",1231,FALSE,FALSE,0
"fixed_density",1232,FALSE,FALSE,0
"fixed_density",1233,FALSE,FALSE,0
"fixed_density",1234,FALSE,FALSE,0
"fixed_density",1235,FALSE,FALSE,0
"fixed_density",1236,FALSE,FALSE,0
"fixed_density",1237,FALSE,FALSE,0
"fixed_density",1238,FALSE,FALSE,0
"fixed_density",1239,FALSE,FALSE,0
"fixed_density",1240,FALSE,FALSE,0
"fixed_density",1241,FALSE,FALSE,0
"fixed_density",1242,FALSE,FALSE,0
"fixed_density",1243,FALSE,FALSE,0
"fixed_density",1244,TRUE,FALSE,0
"fixed_density",1245,FALSE,FALSE,0
"fixed_density",1246,FALSE,FALSE,0
"fixed_density",1247,TRUE,TRUE,0
"fixed_density",1248,FALSE,FALSE,0
"fixed_density",1249,FALSE,FALSE,0
"fixed_density",1250,FALSE,FALSE,0
"fixed_density",1251,FALSE,FALSE,0
"fixed_density",1252,FALSE,FALSE,0
"fixed_density",1253,FALSE,FALSE,0
"fixed_density",1254,FALSE,FALSE,0
"fixed_density",1255,FALSE,FALSE,0
"fixed_density",1256,FALSE,FALSE,0
"fixed_density",1257,FALSE,FALSE,0
"fixed_density",1258,FALSE,FALSE,0
"fixed_density",1259,FALSE,FALSE,0
"fixed_density",1260,FALSE,FALSE,0
"fixed_density",1261,FALSE,FALSE,0
"fixed_density",1262,FALSE,FALSE,0
"fixed_density",1263,FALSE,FALSE,0
"fixed_density",1264,FALSE,FALSE,0
"fixed_density",1265,FALSE,FALSE,0
"fixed_density",1266,FALSE,FALSE,0
"fixed_density",1267,FALSE,FALSE,0
"fixed_density",1268,FALSE,FALSE,0
"fixed_density",1269,FALSE,FALSE,0
"fixed_density",1270,FALSE,FALSE,0
"fixed_density",1271,FALSE,FALSE,0
"fixed_density",1272,FALSE,FALSE,0
"fixed_density",1273,FALSE,FALSE,0
"fixed_density",1274,FALSE,FALSE,0
"fixed_density",1275,FALSE,FALSE,0
"fixed_density",1276,FALSE,FALSE,0
"fixed_density",1277,FALSE,FALSE,0
"fixed_density",1278,FALSE,FALSE,0
"fixed_density",1279,FALSE,FALSE,0
"fixed_density",1280,FALSE,FALSE,0
"fixed_density",1281,FALSE,FALSE,0
"fixed_density",1282,FALSE,FALSE,0
"fixed_density",1283,FALSE,FALSE,0
"fixed_density",1284,FALSE,FALSE,0
"fixed_density",1285,FALSE,FALSE,0
"fixed_density",1286,FALSE,FALSE,0
"fixed_density",1287,FALSE,FALSE,0
"fixed_density",1288,FALSE,FALSE,0
"fixed_density",1289,FALSE,FALSE,0
"fixed_density",1290,FALSE,FALSE,0
"fixed_density",1291,FALSE,FALSE,0
"fixed_density",1292,FALSE,FALSE,0
"fixed_density",1293,FALSE,FALSE,0
"fixed_density",1294,FALSE,FALSE,0
"fixed_density",1295,TRUE,FALSE,0
"fixed_density",1296,FALSE,FALSE,0
"fixed_density",1297,FALSE,FALSE,0
"fixed_density",1298,FALSE,FALSE,0
"fixed_density",1299,FALSE,FALSE,0
"fixed_density",1300,FALSE,FALSE,0
"fixed_density",1301,FALSE,FALSE,0
"fixed_density",1302,FALSE,FALSE,0
"fixed_density",1303,FALSE,FALSE,0
"fixed_density",1304,FALSE,FALSE,0
"fixed_density",1305,TRUE,FALSE,0
"fixed_density",1306,FALSE,FALSE,0
"fixed_density",1307,FALSE,FALSE,0
"fixed_density",1308,FALSE,FALSE,0
"fixed_density",1309,FALSE,FALSE,0
"fixed_density",1310,FALSE,FALSE,0
"fixed_density",1311,FALSE,FALSE,0
"fixed_density",1312,FALSE,FALSE,0
"fixed_density",1313,FALSE,FALSE,0
"fixed_density",1314,FALSE,FALSE,0
"fixed_density",1315,FALSE,FALSE,0
"fixed_density",1316,FALSE,FALSE,0
"fixed_density",1317,FALSE,FALSE,0
"fixed_density",1318,FALSE,FALSE,0
"fixed_density",1319,FALSE,FALSE,0
"fixed_density",1320,FALSE,FALSE,0
"fixed_density",1321,FALSE,FALSE,0
"fixed_density",1322,FALSE,FALSE,0
"fixed_density",1323,FALSE,FALSE,0
"fixed_density",1324,FALSE,FALSE,0
"fixed_density",1325,TRUE,FALSE,0
"fixed_density",1326,FALSE,FALSE,0
"fixed_density",1327,FALSE,FALSE,0
"fixed_density",1328,FALSE,FALSE,0
"fixed_density",1329,FALSE,FALSE,0
"fixed_density",1330,FALSE,FALSE,0
"fixed_density",1331,FALSE,FALSE,0
"fixed_density",1332,TRUE,FALSE,0
"fixed_density",1333,FALSE,FALSE,0
"fixed_density",1334,FALSE,FALSE,0
"fixed_density",1335,FALSE,FALSE,0
"fixed_density",1336,FALSE,FALSE,0
"fixed_density",1337,FALSE,FALSE,0
"fixed_density",1338,FALSE,FALSE,0
"fixed_density",1339,FALSE,FALSE,0
"fixed_density",1340,FALSE,FALSE,0
"fixed_density",1341,FALSE,FALSE,0
"fixed_density",1342,FALSE,FALSE,0
"fixed_density",1343,FALSE,FALSE,0
"fixed_density",1344,FALSE,FALSE,0
"fixed_density",1345,FALSE,FALSE,0
"fixed_density",1346,FALSE,FALSE,0
"fixed_density",1347,TRUE,FALSE,0
"fixed_density",1348,FALSE,FALSE,0
"fixed_density",1349,FALSE,FALSE,0
"fixed_density",1350,FALSE,FALSE,0
"fixed_density",1351,FALSE,FALSE,0
"fixed_density",1352,FALSE,FALSE,0
"fixed_density",1353,FALSE,FALSE,0
"fixed_density",1354,FALSE,FALSE,0
"fixed_density",1355,FALSE,FALSE,0
"fixed_density",1356,FALSE,FALSE,0
"fixed_density",1357,FALSE,FALSE,0
"fixed_density",1358,FALSE,FALSE,0
"fixed_density",1359,FALSE,FALSE,0
"fixed_density",1360,FALSE,FALSE,0
"fixed_density",1361,FALSE,FALSE,0
"fixed_density",1362,TRUE,FALSE,0
"fixed_density",1363,FALSE,FALSE,0
"fixed_density",1364,FALSE,FALSE,0
"fixed_density",1365,FALSE,FALSE,0
"fixed_density",1366,FALSE,FALSE,0
"fixed_density",1367,FALSE,FALSE,0
"fixed_density",1368,FALSE,FALSE,0
"fixed_density",1369,FALSE,FALSE,0
"fixed_density",1370,FALSE,FALSE,0
"fixed_density",1371,FALSE,FALSE,0
"fixed_density",1372,FALSE,FALSE,0
"fixed_density",1373,FALSE,FALSE,0
"fixed_density",1374,FALSE,FALSE,0
"fixed_density",1375,FALSE,FALSE,0
"fixed_density",1376,FALSE,FALSE,0
"fixed_density",1377,FALSE,FALSE,0
"fixed_density",1378,FALSE,FALSE,0
"fixed_density",1379,FALSE,FALSE,0
"fixed_density",1380,FALSE,FALSE,0
"fixed_density",1381,FALSE,FALSE,0
"fixed_density",1382,FALSE,FALSE,0
"fixed_density",1383,FALSE,FALSE,0
"fixed_density",1384,FALSE,FALSE,0
"fixed_density",1385,FALSE,FALSE,0
"fixed_density",1386,FALSE,FALSE,0
"fixed_density",1387,FALSE,FALSE,0
"fixed_density",1388,FALSE,FALSE,0
"fixed_density",1389,FALSE,FALSE,0
"fixed_density",1390,FALSE,FALSE,0
"fixed_density",1391,FALSE,FALSE,0
"fixed_density",1392,FALSE,FALSE,0
"fixed_density",1393,FALSE,FALSE,0
"fixed_density",1394,FALSE,FALSE,0
"fixed_density",1395,FALSE,FALSE,0
"fixed_density",1396,FALSE,FALSE,0
"fixed_density",1397,FALSE,FALSE,0
"fixed_density",1398,FALSE,FALSE,0
"fixed_density",1399,FALSE,FALSE,0
"fixed_density",1400,FALSE,FALSE,0
"fixed_density",1401,FALSE,FALSE,0
"fixed_density",1402,FALSE,FALSE,0
"fixed_density",1403,FALSE,FALSE,0
"fixed_density",1404,FALSE,FALSE,0
"fixed_density",1405,FALSE,FALSE,0
"fixed_density",1406,FALSE,FALSE,0
"fixed_density",1407,FALSE,FALSE,0
"fixed_density",1408,FALSE,FALSE,0
"fixed_density",1409,TRUE,FALSE,0
"fixed_density",1410,FALSE,FALSE,0
"fixed_density",1411,FALSE,FALSE,0
"fixed_density",1412,FALSE,FALSE,0
"fixed_density",1413,FALSE,FALSE,0
"fixed_density",1414,FALSE,FALSE,0
"fixed_density",1415,FALSE,FALSE,0
"fixed_density",1416,FALSE,FALSE,0
"fixed_density",1417,FALSE,FALSE,0
"fixed_density",1418,FALSE,FALSE,0
"fixed_density",1419,FALSE,FALSE,0
"fixed_density",1420,FALSE,FALSE,0
"fixed_density",1421,FALSE,FALSE,0
"fixed_density",1422,FALSE,FALSE,0
"fixed_density",1423,FALSE,TRUE,0
"fixed_density",1424,FALSE,FALSE,0
"fixed_density",1425,FALSE,FALSE,0
"fixed_density",1426,FALSE,FALSE,0
"fixed_density",1427,FALSE,FALSE,0
"fixed_density",1428,FALSE,FALSE,0
"fixed_density",1429,FALSE,FALSE,0
"fixed_density",1430,FALSE,FALSE,0
"fixed_density",1431,FALSE,FALSE,0
"fixed_density",1432,FALSE,FALSE,0
"fixed_density",1433,FALSE,FALSE,0
"fixed_density",1434,FALSE,FALSE,0
"fixed_density",1435,FALSE,FALSE,0
"fixed_density",1436,FALSE,FALSE,0
"fixed_density",1437,FALSE,FALSE,0
"fixed_density",1438,FALSE,FALSE,0
"fixed_density",1439,FALSE,FALSE,0
"fixed_density",1440,FALSE,FALSE,0
"fixed_density",1441,FALSE,FALSE,0
"fixed_density",1442,FALSE,FALSE,0
"fixed_density",1443,FALSE,FALSE,0
"fixed_density",1444,FALSE,FALSE,0
"fixed_density",1445,FALSE,FALSE,0
"fixed_density",1446,FALSE,FALSE,0
"fixed_density",1447,FALSE,FALSE,0
"fixed_density",1448,FALSE,FALSE,0
"fixed_density",1449,FALSE,FALSE,0
"fixed_density",1450,FALSE,FALSE,0
"fixed_density",1451,FALSE,FALSE,0
"fixed_density",1452,FALSE,FALSE,0
"fixed_density",1453,FALSE,FALSE,0
"fixed_density",1454,FALSE,FALSE,0
"fixed_density",1455,FALSE,FALSE,0
"fixed_density",1456,FALSE,FALSE,0
"fixed_density",1457,FALSE,FALSE,0
"fixed_density",1458,FALSE,FALSE,0
"fixed_density",1459,FALSE,FALSE,0
"fixed_density",1460,FALSE,FALSE,0
"fixed_density",1461,FALSE,FALSE,0
"fixed_density",1462,FALSE,FALSE,0
"fixed_density",1463,FALSE,FALSE,0
"fixed_density",1464,FALSE,FALSE,0
"fixed_density",1465,FALSE,FALSE,0
"fixed_density",1466,FALSE,FALSE,0
"fixed_density",1467,FALSE,FALSE,0
"fixed_density",1468,FALSE,FALSE,0
"fixed_density",1469,FALSE,FALSE,0
"fixed_density",1470,FALSE,FALSE,0
"fixed_density",1471,FALSE,FALSE,0
"fixed_density",1472,TRUE,FALSE,0
"fixed_density",1473,FALSE,FALSE,0
"fixed_density",1474,FALSE,FALSE,0
"fixed_density",1475,FALSE,FALSE,0
"fixed_density",1476,FALSE,FALSE,0
"fixed_density",1477,FALSE,FALSE,0
"fixed_density",1478,FALSE,FALSE,0
"fixed_density",1479,FALSE,FALSE,0
"fixed_density",1480,FALSE,FALSE,0
"fixed_density",1481,FALSE,FALSE,0
"fixed_density",1482,FALSE,FALSE,0
"fixed_density",1483,FALSE,FALSE,0
"fixed_density",1484,FALSE,FALSE,0
"fixed_density",1485,FALSE,FALSE,0
"fixed_density",1486,FALSE,FALSE,0
"fixed_density",1487,FALSE,FALSE,0
"fixed_density",1488,FALSE,FALSE,0
"fixed_density",1489,FALSE,FALSE,0
"fixed_density",1490,FALSE,FALSE,0
"fixed_density",1491,FALSE,TRUE,0
"fixed_density",1492,FALSE,FALSE,0
"fixed_density",1493,FALSE,FALSE,0
"fixed_density",1494,FALSE,FALSE,0
"fixed_density",1495,FALSE,FALSE,0
"fixed_density",1496,FALSE,FALSE,0
"fixed_density",1497,FALSE,FALSE,0
"fixed_density",1498,FALSE,FALSE,0
"fixed_density",1499,FALSE,FALSE,0
"fixed_density",1500,FALSE,FALSE,0
"fixed_density",1501,FALSE,FALSE,0
"fixed_density",1502,FALSE,FALSE,0
"fixed_density",1503,FALSE,FALSE,0
"fixed_density",1504,FALSE,FALSE,0
"fixed_density",1505,FALSE,FALSE,0
"fixed_density",1506,FALSE,FALSE,0
"fixed_density",1507,FALSE,FALSE,0
"fixed_density",1508,FALSE,FALSE,0
"fixed_density",1509,FALSE,FALSE,0
"fixed_density",1510,FALSE,FALSE,0
"fixed_density",1511,FALSE,FALSE,0
"fixed_density",1512,FALSE,FALSE,0
"fixed_density",1513,FALSE,FALSE,0
"fixed_density",1514,FALSE,FALSE,0
"fixed_density",1515,FALSE,FALSE,0
"fixed_density",1516,FALSE,FALSE,0
"fixed_density",1517,FALSE,FALSE,0
"fixed_density",1518,FALSE,FALSE,0
"fixed_density",1519,TRUE,TRUE,0
"fixed_density",1520,TRUE,FALSE,0
"fixed_density",1521,FALSE,FALSE,0
"fixed_density",1522,FALSE,FALSE,0
"fixed_density",1523,FALSE,FALSE,0
"fixed_density",1524,FALSE,FALSE,0
"fixed_density",1525,FALSE,FALSE,0
"fixed_density",1526,FALSE,FALSE,0
"fixed_density",1527,FALSE,FALSE,0
"fixed_density",1528,FALSE,FALSE,0
"fixed_density",1529,FALSE,FALSE,0
"fixed_density",1530,FALSE,FALSE,0
"fixed_density",1531,FALSE,FALSE,0
"fixed_density",1532,FALSE,FALSE,0
"fixed_density",1533,FALSE,FALSE,0
"fixed_density",1534,FALSE,FALSE,0
"fixed_density",1535,TRUE,FALSE,0
"fixed_density",1536,FALSE,FALSE,0
"fixed_density",1537,FALSE,FALSE,0
"fixed_density",1538,FALSE,FALSE,0
"fixed_density",1539,FALSE,FALSE,0
"fixed_density",1540,FALSE,FALSE,0
"fixed_density",1541,FALSE,FALSE,0
"fixed_density",1542,FALSE,FALSE,0
"fixed_density",1543,FALSE,FALSE,0
"fixed_density",1544,FALSE,FALSE,0
"fixed_density",1545,FALSE,FALSE,0
"fixed_density",1546,FALSE,FALSE,0
"fixed_density",1547,FALSE,FALSE,0
"fixed_density",1548,FALSE,FALSE,0
"fixed_density",1549,FALSE,FALSE,0
"fixed_density",1550,FALSE,FALSE,0
"fixed_density",1551,TRUE,FALSE,0
"fixed_density",1552,FALSE,FALSE,0
"fixed_density",1553,FALSE,FALSE,0
"fixed_density",1554,FALSE,FALSE,0
"fixed_density",1555,FALSE,FALSE,0
"fixed_density",1556,FALSE,FALSE,0
"fixed_density",1557,FALSE,FALSE,0
"fixed_density",1558,FALSE,FALSE,0
"fixed_density",1559,FALSE,FALSE,0
"fixed_density",1560,FALSE,FALSE,0
"fixed_density",1561,FALSE,FALSE,0
"fixed_density",1562,FALSE,FALSE,0
"fixed_density",1563,FALSE,FALSE,0
"fixed_density",1564,FALSE,FALSE,0
"fixed_density",1565,FALSE,FALSE,0
"fixed_density",1566,FALSE,FALSE,0
"fixed_density",1567,FALSE,FALSE,0
"fixed_density",1568,FALSE,FALSE,0
"fixed_density",1569,FALSE,FALSE,0
"fixed_density",1570,FALSE,FALSE,0
"fixed_density",1571,FALSE,FALSE,0
"fixed_density",1572,FALSE,FALSE,0
"fixed_density",1573,FALSE,FALSE,0
"fixed_density",1574,FALSE,FALSE,0
"fixed_density",1575,FALSE,FALSE,0
"fixed_density",1576,FALSE,FALSE,0
"fixed_density",1577,FALSE,FALSE,0
"fixed_density",1578,FALSE,FALSE,0
"fixed_density",1579,FALSE,FALSE,0
"fixed_density",1580,FALSE,FALSE,0
"fixed_density",1581,FALSE,FALSE,0
"fixed_density",1582,FALSE,FALSE,0
"fixed_density",1583,FALSE,FALSE,0
"fixed_density",1584,FALSE,FALSE,0
"fixed_density",1585,FALSE,FALSE,0
"fixed_density",1586,FALSE,FALSE,0
"fixed_density",1587,FALSE,FALSE,0
"fixed_density",1588,FALSE,FALSE,0
"fixed_density",1589,FALSE,FALSE,0
"fixed_density",1590,FALSE,FALSE,0
"fixed_density",1591,FALSE,FALSE,0
"fixed_density",1592,FALSE,FALSE,0
"fixed_density",1593,FALSE,FALSE,0
"fixed_density",1594,FALSE,FALSE,0
"fixed_density",1595,FALSE,FALSE,0
"fixed_density",1596,FALSE,FALSE,0
"fixed_density",1597,FALSE,FALSE,0
"fixed_density",1598,FALSE,FALSE,0
"fixed_density",1599,FALSE,FALSE,0
"fixed_density",1600,FALSE,FALSE,0
"fixed_density",1601,FALSE,FALSE,0
"fixed_density",1602,FALSE,FALSE,0
"fixed_density",1603,FALSE,FALSE,0
"fixed_density",1604,FALSE,FALSE,0
"fixed_density",1605,FALSE,FALSE,0
"fixed_density",1606,FALSE,FALSE,0
"fixed_density",1607,FALSE,FALSE,0
"fixed_density",1608,FALSE,FALSE,0
"fixed_density",1609,FALSE,FALSE,0
"fixed_density",1610,FALSE,FALSE,0
"fixed_density",1611,FALSE,FALSE,0
"fixed_density",1612,FALSE,FALSE,0
"fixed_density",1613,FALSE,FALSE,0
"fixed_density",1614,FALSE,FALSE,0
"fixed_density",1615,FALSE,FALSE,0
"fixed_density",1616,FALSE,FALSE,0
"fixed_density",1617,FALSE,FALSE,0
"fixed_density",1618,FALSE,FALSE,0
"fixed_density",1619,FALSE,FALSE,0
"fixed_density",1620,FALSE,FALSE,0
"fixed_density",1621,FALSE,FALSE,0
"fixed_density",1622,FALSE,FALSE,0
"fixed_density",1623,FALSE,FALSE,0
"fixed_density",1624,FALSE,FALSE,0
"fixed_density",1625,FALSE,FALSE,0
"fixed_density",1626,FALSE,FALSE,0
"fixed_density",1627,FALSE,FALSE,0
"fixed_density",1628,FALSE,FALSE,0
"fixed_density",1629,FALSE,FALSE,0
"fixed_density",1630,FALSE,FALSE,0
"fixed_density",1631,FALSE,FALSE,0
"fixed_density",1632,FALSE,FALSE,0
"fixed_density",1633,FALSE,FALSE,0
"fixed_density",1634,FALSE,FALSE,0
"fixed_density",1635,FALSE,FALSE,0
"fixed_density",1636,FALSE,FALSE,0
"fixed_density",1637,FALSE,FALSE,0
"fixed_density",1638,FALSE,FALSE,0
"fixed_density",1639,FALSE,FALSE,0
"fixed_density",1640,FALSE,FALSE,0
"fixed_density",1641,FALSE,FALSE,0
"fixed_density",1642,FALSE,FALSE,0
"fixed_density",1643,FALSE,FALSE,0
"fixed_density",1644,TRUE,FALSE,0
"fixed_density",1645,FALSE,FALSE,0
"fixed_density",1646,FALSE,FALSE,0
"fixed_density",1647,FALSE,FALSE,0
"fixed_density",1648,FALSE,FALSE,0
"fixed_density",1649,FALSE,FALSE,0
"fixed_density",1650,FALSE,FALSE,0
"fixed_density",1651,FALSE,FALSE,0
"fixed_density",1652,FALSE,FALSE,0
"fixed_density",1653,FALSE,FALSE,0
"fixed_density",1654,FALSE,FALSE,0
"fixed_density",1655,FALSE,FALSE,0
"fixed_density",1656,FALSE,FALSE,0
"fixed_density",1657,FALSE,FALSE,0
"fixed_density",1658,FALSE,FALSE,0
"fixed_density",1659,FALSE,FALSE,0
"fixed_density",1660,FALSE,FALSE,0
"fixed_density",1661,FALSE,FALSE,0
"fixed_density",1662,FALSE,FALSE,0
"fixed_density",1663,FALSE,FALSE,0
"fixed_density",1664,FALSE,FALSE,0
"fixed_density",1665,FALSE,FALSE,0
"fixed_density",1666,TRUE,FALSE,0
"fixed_density",1667,FALSE,TRUE,0
"fixed_density",1668,FALSE,FALSE,0
"fixed_density",1669,FALSE,FALSE,0
"fixed_density",1670,FALSE,FALSE,0
"fixed_density",1671,FALSE,FALSE,0
"fixed_density",1672,FALSE,FALSE,0
"fixed_density",1673,FALSE,FALSE,0
"fixed_density",1674,FALSE,FALSE,0
"fixed_density",1675,FALSE,FALSE,0
"fixed_density",1676,FALSE,FALSE,0
"fixed_density",1677,FALSE,FALSE,0
"fixed_density",1678,FALSE,FALSE,0
"fixed_density",1679,FALSE,FALSE,0
"fixed_density",1680,FALSE,FALSE,0
"fixed_density",1681,FALSE,FALSE,0
"fixed_density",1682,FALSE,FALSE,0
"fixed_density",1683,FALSE,FALSE,0
"fixed_density",1684,FALSE,FALSE,0
"fixed_density",1685,FALSE,FALSE,0
"fixed_density",1686,FALSE,FALSE,0
"fixed_density",1687,FALSE,FALSE,0
"fixed_density",1688,FALSE,FALSE,0
"fixed_density",1689,FALSE,FALSE,0
"fixed_density",1690,FALSE,FALSE,0
"fixed_density",1691,FALSE,FALSE,0
"fixed_density",1692,FALSE,FALSE,0
"fixed_density",1693,FALSE,FALSE,0
"fixed_density",1694,FALSE,FALSE,0
"fixed_density",1695,FALSE,FALSE,0
"fixed_density",1696,FALSE,FALSE,0
"fixed_density",1697,FALSE,FALSE,0
"fixed_density",1698,TRUE,FALSE,0
"fixed_density",1699,FALSE,FALSE,0
"fixed_density",1700,FALSE,FALSE,0
"fixed_density",1701,FALSE,FALSE,0
"fixed_density",1702,FALSE,FALSE,0
"fixed_density",1703,FALSE,FALSE,0
"fixed_density",1704,FALSE,FALSE,0
"fixed_density",1705,FALSE,FALSE,0
"fixed_density",1706,FALSE,FALSE,0
"fixed_density",1707,FALSE,FALSE,0
"fixed_density",1708,FALSE,FALSE,0
"fixed_density",1709,FALSE,FALSE,0
"fixed_density",1710,FALSE,FALSE,0
"fixed_density",1711,FALSE,FALSE,0
"fixed_density",1712,FALSE,FALSE,0
"fixed_density",1713,FALSE,FALSE,0
"fixed_density",1714,FALSE,FALSE,0
"fixed_density",1715,FALSE,FALSE,0
"fixed_density",1716,FALSE,FALSE,0
"fixed_density",1717,FALSE,FALSE,0
"fixed_density",1718,TRUE,TRUE,0
"fixed_density",1719,FALSE,FALSE,0
"fixed_density",1720,FALSE,FALSE,0
"fixed_density",1721,FALSE,FALSE,0
"fixed_density",1722,TRUE,FALSE,0
"fixed_density",1723,FALSE,FALSE,0
"fixed_density",1724,FALSE,FALSE,0
"fixed_density",1725,FALSE,FALSE,0
"fixed_density",1726,FALSE,FALSE,0
"fixed_density",1727,FALSE,FALSE,0
"fixed_density",1728,FALSE,FALSE,0
"fixed_density",1729,FALSE,FALSE,0
"fixed_density",1730,FALSE,FALSE,0
"fixed_density",1731,FALSE,FALSE,0
"fixed_density",1732,FALSE,FALSE,0
"fixed_density",1733,FALSE,FALSE,0
"fixed_density",1734,FALSE,FALSE,0
"fixed_density",1735,FALSE,FALSE,0
"fixed_density",1736,FALSE,FALSE,0
"fixed_density",1737,FALSE,FALSE,0
"fixed_density",1738,FALSE,FALSE,0
"fixed_density",1739,FALSE,FALSE,0
"fixed_density",1740,FALSE,FALSE,0
"fixed_density",1741,FALSE,FALSE,0
"fixed_density",1742,FALSE,FALSE,0
"fixed_density",1743,FALSE,FALSE,0
"fixed_density",1744,FALSE,FALSE,0
"fixed_density",1745,TRUE,FALSE,0
"fixed_density",1746,FALSE,FALSE,0
"fixed_density",1747,FALSE,FALSE,0
"fixed_density",1748,FALSE,FALSE,0
"fixed_density",1749,FALSE,FALSE,0
"fixed_density",1750,FALSE,FALSE,0
"fixed_density",1751,FALSE,FALSE,0
"fixed_density",1752,FALSE,FALSE,0
"fixed_density",1753,FALSE,FALSE,0
"fixed_density",1754,FALSE,FALSE,0
"fixed_density",1755,FALSE,FALSE,0
"fixed_density",1756,FALSE,FALSE,0
"fixed_density",1757,FALSE,FALSE,0
"fixed_density",1758,FALSE,FALSE,0
"fixed_density",1759,FALSE,FALSE,0
"fixed_density",1760,FALSE,FALSE,0
"fixed_density",1761,FALSE,FALSE,0
"fixed_density",1762,FALSE,FALSE,0
"fixed_density",1763,FALSE,FALSE,0
"fixed_density",1764,FALSE,FALSE,0
"fixed_density",1765,FALSE,FALSE,0
"fixed_density",1766,FALSE,FALSE,0
"fixed_density",1767,FALSE,FALSE,0
"fixed_density",1768,FALSE,FALSE,0
"fixed_density",1769,FALSE,FALSE,0
"fixed_density",1770,FALSE,FALSE,0
"fixed_density",1771,FALSE,FALSE,0
"fixed_density",1772,FALSE,FALSE,0
"fixed_density",1773,FALSE,FALSE,0
"fixed_density",1774,FALSE,FALSE,0
"fixed_density",1775,FALSE,FALSE,0
"fixed_density",1776,FALSE,FALSE,0
"fixed_density",1777,FALSE,FALSE,0
"fixed_density",1778,FALSE,FALSE,0
"fixed_density",1779,FALSE,FALSE,0
"fixed_density",1780,FALSE,FALSE,0
"fixed_density",1781,FALSE,FALSE,0
"fixed_density",1782,FALSE,FALSE,0
"fixed_density",1783,FALSE,FALSE,0
"fixed_density",1784,FALSE,FALSE,0
"fixed_density",1785,FALSE,FALSE,0
"fixed_density",1786,FALSE,FALSE,0
"fixed_density",1787,FALSE,FALSE,0
"fixed_density",1788,FALSE,FALSE,0
"fixed_density",1789,FALSE,FALSE,0
"fixed_density",1790,FALSE,FALSE,0
"fixed_density",1791,FALSE,FALSE,0
"fixed_density",1792,FALSE,FALSE,0
"fixed_density",1793,FALSE,FALSE,0
"fixed_density",1794,FALSE,FALSE,0
"fixed_density",1795,TRUE,FALSE,0
"fixed_density",1796,FALSE,FALSE,0
"fixed_density",1797,FALSE,FALSE,0
"fixed_density",1798,FALSE,FALSE,0
"fixed_density",1799,FALSE,FALSE,0
"fixed_density",1800,FALSE,FALSE,0
"fixed_density",1801,FALSE,FALSE,0
"fixed_density",1802,FALSE,FALSE,0
"fixed_density",1803,FALSE,FALSE,0
"fixed_density",1804,FALSE,FALSE,0
"fixed_density",1805,FALSE,FALSE,0
"fixed_density",1806,FALSE,TRUE,0
"fixed_density",1807,FALSE,FALSE,0
"fixed_density",1808,FALSE,FALSE,0
"fixed_density",1809,FALSE,FALSE,0
"fixed_density",1810,FALSE,FALSE,0
"fixed_density",1811,FALSE,FALSE,0
"fixed_density",1812,FALSE,FALSE,0
"fixed_density",1813,FALSE,FALSE,0
"fixed_density",1814,FALSE,FALSE,0
"fixed_density",1815,FALSE,FALSE,0
"fixed_density",1816,FALSE,FALSE,0
"fixed_density",1817,FALSE,FALSE,0
"fixed_density",1818,FALSE,FALSE,0
"fixed_density",1819,FALSE,FALSE,0
"fixed_density",1820,FALSE,FALSE,0
"fixed_density",1821,FALSE,FALSE,0
"fixed_density",1822,FALSE,FALSE,0
"fixed_density",1823,FALSE,FALSE,0
"fixed_density",1824,FALSE,FALSE,0
"fixed_density",1825,FALSE,FALSE,0
"fixed_density",1826,FALSE,FALSE,0
"fixed_density",1827,FALSE,FALSE,0
"fixed_density",1828,TRUE,FALSE,0
"fixed_density",1829,FALSE,FALSE,0
"fixed_density",1830,FALSE,FALSE,0
"fixed_density",1831,FALSE,FALSE,0
"fixed_density",1832,FALSE,FALSE,0
"fixed_density",1833,FALSE,FALSE,0
"fixed_density",1834,FALSE,FALSE,0
"fixed_density",1835,FALSE,FALSE,0
"fixed_density",1836,FALSE,FALSE,0
"fixed_density",1837,FALSE,FALSE,0
"fixed_density",1838,FALSE,FALSE,0
"fixed_density",1839,FALSE,FALSE,0
"fixed_density",1840,FALSE,FALSE,0
"fixed_density",1841,FALSE,FALSE,0
"fixed_density",1842,FALSE,FALSE,0
"fixed_density",1843,FALSE,FALSE,0
"fixed_density",1844,FALSE,FALSE,0
"fixed_density",1845,FALSE,FALSE,0
"fixed_density",1846,FALSE,FALSE,0
"fixed_density",1847,FALSE,FALSE,0
"fixed_density",1848,FALSE,FALSE,0
"fixed_density",1849,FALSE,FALSE,0
"fixed_density",1850,FALSE,FALSE,0
"fixed_density",1851,FALSE,FALSE,0
"fixed_density",1852,FALSE,FALSE,0
"fixed_density",1853,TRUE,TRUE,0
"fixed_density",1854,FALSE,FALSE,0
"fixed_density",1855,FALSE,FALSE,0
"fixed_density",1856,FALSE,FALSE,0
"fixed_density",1857,FALSE,FALSE,0
"fixed_density",1858,FALSE,FALSE,0
"fixed_density",1859,FALSE,FALSE,0
"fixed_density",1860,FALSE,FALSE,0
"fixed_density",1861,FALSE,FALSE,0
"fixed_density",1862,FALSE,FALSE,0
"fixed_density",1863,FALSE,FALSE,0
"fixed_density",1864,FALSE,FALSE,0
"fixed_density",1865,FALSE,FALSE,0
"fixed_density",1866,FALSE,FALSE,0
"fixed_density",1867,FALSE,FALSE,0
"fixed_density",1868,FALSE,FALSE,0
"fixed_density",1869,FALSE,FALSE,0
"fixed_density",1870,FALSE,FALSE,0
"fixed_density",1871,FALSE,FALSE,0
"fixed_density",1872,FALSE,FALSE,0
"fixed_density",1873,FALSE,FALSE,0
"fixed_density",1874,FALSE,FALSE,0
"fixed_density",1875,FALSE,FALSE,0
"fixed_density",1876,FALSE,FALSE,0
"fixed_density",1877,FALSE,FALSE,0
"fixed_density",1878,FALSE,FALSE,0
"fixed_density",1879,FALSE,FALSE,0
"fixed_density",1880,FALSE,FALSE,0
"fixed_density",1881,FALSE,FALSE,0
"fixed_density",1882,FALSE,FALSE,0
"fixed_density",1883,FALSE,FALSE,0
"fixed_density",1884,FALSE,FALSE,0
"fixed_density",1885,FALSE,FALSE,0
"fixed_density",1886,FALSE,FALSE,0
"fixed_density",1887,FALSE,FALSE,0
"fixed_density",1888,FALSE,FALSE,0
"fixed_density",1889,FALSE,FALSE,0
"fixed_density",1890,TRUE,TRUE,1
"fixed_density",1891,FALSE,FALSE,0
"fixed_density",1892,FALSE,FALSE,0
"fixed_density",1893,FALSE,FALSE,0
"fixed_density",1894,FALSE,FALSE,0
"fixed_density",1895,FALSE,FALSE,0
"fixed_density",1896,FALSE,FALSE,0
"fixed_density",1897,FALSE,FALSE,0
"fixed_density",1898,FALSE,FALSE,0
"fixed_density",1899,FALSE,FALSE,0
"fixed_density",1900,FALSE,FALSE,0
"fixed_density",1901,FALSE,FALSE,0
"fixed_density",1902,FALSE,FALSE,0
"fixed_density",1903,FALSE,FALSE,0
"fixed_density",1904,FALSE,FALSE,0
"fixed_density",1905,FALSE,FALSE,0
"fixed_density",1906,FALSE,FALSE,0
"fixed_density",1907,FALSE,TRUE,0
"fixed_density",1908,FALSE,FALSE,0
"fixed_density",1909,FALSE,FALSE,0
"fixed_density",1910,TRUE,FALSE,0
"fixed_density",1911,FALSE,FALSE,0
"fixed_density",1912,FALSE,FALSE,0
"fixed_density",1913,FALSE,FALSE,0
"fixed_density",1914,FALSE,FALSE,0
"fixed_density",1915,FALSE,FALSE,0
"fixed_density",1916,FALSE,FALSE,0
"fixed_density",1917,FALSE,FALSE,0
"fixed_density",1918,TRUE,FALSE,0
"fixed_density",1919,FALSE,FALSE,0
"fixed_density",1920,FALSE,FALSE,0
"fixed_density",1921,FALSE,FALSE,0
"fixed_density",1922,FALSE,FALSE,0
"fixed_density",1923,FALSE,FALSE,0
"fixed_density",1924,FALSE,FALSE,0
"fixed_density",1925,FALSE,FALSE,0
"fixed_density",1926,FALSE,FALSE,0
"fixed_density",1927,FALSE,FALSE,0
"fixed_density",1928,FALSE,FALSE,0
"fixed_density",1929,FALSE,FALSE,0
"fixed_density",1930,TRUE,TRUE,1
"fixed_density",1931,FALSE,FALSE,0
"fixed_density",1932,FALSE,FALSE,0
"fixed_density",1933,FALSE,FALSE,0
"fixed_density",1934,FALSE,FALSE,0
"fixed_density",1935,FALSE,FALSE,0
"fixed_density",1936,FALSE,FALSE,0
"fixed_density",1937,FALSE,FALSE,0
"fixed_density",1938,FALSE,FALSE,0
"fixed_density",1939,FALSE,FALSE,0
"fixed_density",1940,FALSE,FALSE,0
"fixed_density",1941,FALSE,FALSE,0
"fixed_density",1942,FALSE,FALSE,0
"fixed_density",1943,FALSE,FALSE,0
"fixed_density",1944,FALSE,FALSE,0
"fixed_density",1945,FALSE,FALSE,0
"fixed_density",1946,FALSE,FALSE,0
"fixed_density",1947,FALSE,FALSE,0
"fixed_density",1948,FALSE,FALSE,0
"fixed_density",1949,TRUE,FALSE,0
"fixed_density",1950,FALSE,FALSE,0
"fixed_density",1951,FALSE,FALSE,0
"fixed_density",1952,FALSE,FALSE,0
"fixed_density",1953,FALSE,FALSE,0
"fixed_density",1954,FALSE,FALSE,0
"fixed_density",1955,FALSE,FALSE,0
"fixed_density",1956,FALSE,FALSE,0
"fixed_density",1957,FALSE,FALSE,0
"fixed_density",1958,FALSE,FALSE,0
"fixed_density",1959,FALSE,FALSE,0
"fixed_density",1960,FALSE,FALSE,0
"fixed_density",1961,FALSE,FALSE,0
"fixed_density",1962,TRUE,FALSE,0
"fixed_density",1963,FALSE,FALSE,0
"fixed_density",1964,FALSE,FALSE,0
"fixed_density",1965,FALSE,FALSE,0
"fixed_density",1966,FALSE,FALSE,0
"fixed_density",1967,FALSE,FALSE,0
"fixed_density",1968,FALSE,FALSE,0
"fixed_density",1969,FALSE,FALSE,0
"fixed_density",1970,FALSE,FALSE,0
"fixed_density",1971,FALSE,FALSE,0
"fixed_density",1972,FALSE,FALSE,0
"fixed_density",1973,FALSE,FALSE,0
"fixed_density",1974,FALSE,FALSE,0
"fixed_density",1975,FALSE,FALSE,0
"fixed_density",1976,FALSE,FALSE,0
"fixed_density",1977,FALSE,FALSE,0
"fixed_density",1978,FALSE,FALSE,0
"fixed_density",1979,FALSE,FALSE,0
"fixed_density",1980,FALSE,FALSE,0
"fixed_density",1981,FALSE,FALSE,0
"fixed_density",1982,FALSE,FALSE,0
"fixed_density",1983,FALSE,FALSE,0
"fixed_density",1984,FALSE,FALSE,0
"fixed_density",1985,FALSE,FALSE,0
"fixed_density",1986,FALSE,FALSE,0
"fixed_density",1987,FALSE,FALSE,0
"fixed_density",1988,FALSE,FALSE,0
"fixed_density",1989,FALSE,FALSE,0
"fixed_density",1990,FALSE,FALSE,0
"fixed_density",1991,FALSE,FALSE,0
"fixed_density",1992,FALSE,FALSE,0
"fixed_density",1993,FALSE,FALSE,0
"fixed_density",1994,FALSE,FALSE,0
"fixed_density",1995,FALSE,FALSE,0
"fixed_density",1996,FALSE,FALSE,0
"fixed_density",1997,FALSE,FALSE,0
"fixed_density",1998,FALSE,FALSE,0
"fixed_density",1999,FALSE,FALSE,0
"fixed_density",2000,FALSE,FALSE,0
"sparse_three_group",1,FALSE,FALSE,0
"sparse_three_group",2,FALSE,FALSE,0
"sparse_three_group",3,FALSE,FALSE,0
"sparse_three_group",4,FALSE,FALSE,0
"sparse_three_group",5,FALSE,FALSE,0
"sparse_three_group",6,FALSE,FALSE,0
"sparse_three_group",7,FALSE,FALSE,0
"sparse_three_group",8,FALSE,FALSE,0
"sparse_three_group",9,FALSE,FALSE,0
"sparse_three_group",10,FALSE,FALSE,0
"sparse_three_group",11,FALSE,FALSE,0
"sparse_three_group",12,FALSE,FALSE,0
"sparse_three_group",13,FALSE,FALSE,0
"sparse_three_group",14,FALSE,FALSE,0
"sparse_three_group",15,FALSE,FALSE,0
"sparse_three_group",16,FALSE,FALSE,0
"sparse_three_group",17,FALSE,FALSE,0
"sparse_three_group",18,FALSE,FALSE,0
"sparse_three_group",19,FALSE,FALSE,0
"sparse_three_group",20,FALSE,FALSE,0
"sparse_three_group",21,FALSE,FALSE,0
"sparse_three_group",22,FALSE,FALSE,0
"sparse_three_group",23,FALSE,FALSE,0
"sparse_three_group",24,FALSE,FALSE,0
"sparse_three_group",25,FALSE,FALSE,0
"sparse_three_group",26,FALSE,FALSE,0
"sparse_three_group",27,FALSE,FALSE,0
"sparse_three_group",28,FALSE,FALSE,0
"sparse_three_group",29,FALSE,FALSE,0
"sparse_three_group",30,FALSE,FALSE,0
"sparse_three_group",31,FALSE,FALSE,0
"sparse_three_group",32,FALSE,FALSE,0
"sparse_three_group",33,FALSE,FALSE,0
"sparse_three_group",34,FALSE,FALSE,0
"sparse_three_group",35,FALSE,FALSE,0
"sparse_three_group",36,FALSE,FALSE,0
"sparse_three_group",37,FALSE,FALSE,0
"sparse_three_group",38,TRUE,FALSE,0
"sparse_three_group",39,FALSE,FALSE,0
"sparse_three_group",40,FALSE,FALSE,0
"sparse_three_group",41,FALSE,FALSE,0
"sparse_three_group",42,FALSE,FALSE,0
"sparse_three_group",43,FALSE,FALSE,0
"sparse_three_group",44,FALSE,FALSE,0
"sparse_three_group",45,FALSE,FALSE,0
"sparse_three_group",46,FALSE,FALSE,0
"sparse_three_group",47,FALSE,FALSE,0
"sparse_three_group",48,FALSE,FALSE,0
"sparse_three_group",49,FALSE,FALSE,0
"sparse_three_group",50,FALSE,FALSE,0
"sparse_three_group",51,FALSE,FALSE,0
"sparse_three_group",52,FALSE,FALSE,0
"sparse_three_group",53,FALSE,FALSE,0
"sparse_three_group",54,FALSE,FALSE,0
"sparse_three_group",55,FALSE,FALSE,0
"sparse_three_group",56,FALSE,FALSE,0
"sparse_three_group",57,FALSE,FALSE,0
"sparse_three_group",58,FALSE,FALSE,0
"sparse_three_group",59,FALSE,FALSE,0
"sparse_three_group",60,FALSE,FALSE,0
"sparse_three_group",61,FALSE,FALSE,0
"sparse_three_group",62,FALSE,FALSE,0
"sparse_three_group",63,FALSE,FALSE,0
"sparse_three_group",64,FALSE,FALSE,0
"sparse_three_group",65,FALSE,FALSE,0
"sparse_three_group",66,FALSE,FALSE,0
"sparse_three_group",67,FALSE,FALSE,0
"sparse_three_group",68,FALSE,FALSE,0
"sparse_three_group",69,FALSE,FALSE,0
"sparse_three_group",70,FALSE,FALSE,0
"sparse_three_group",71,FALSE,FALSE,0
"sparse_three_group",72,FALSE,FALSE,0
"sparse_three_group",73,FALSE,FALSE,0
"sparse_three_group",74,FALSE,FALSE,0
"sparse_three_group",75,TRUE,FALSE,0
"sparse_three_group",76,FALSE,FALSE,0
"sparse_three_group",77,FALSE,FALSE,0
"sparse_three_group",78,FALSE,FALSE,0
"sparse_three_group",79,FALSE,FALSE,0
"sparse_three_group",80,FALSE,FALSE,0
"sparse_three_group",81,FALSE,FALSE,0
"sparse_three_group",82,FALSE,FALSE,0
"sparse_three_group",83,FALSE,FALSE,0
"sparse_three_group",84,FALSE,FALSE,0
"sparse_three_group",85,FALSE,FALSE,0
"sparse_three_group",86,FALSE,FALSE,0
"sparse_three_group",87,FALSE,FALSE,0
"sparse_three_group",88,FALSE,FALSE,0
"sparse_three_group",89,FALSE,FALSE,0
"sparse_three_group",90,FALSE,FALSE,0
"sparse_three_group",91,FALSE,FALSE,0
"sparse_three_group",92,FALSE,FALSE,0
"sparse_three_group",93,FALSE,FALSE,0
"sparse_three_group",94,FALSE,FALSE,0
"sparse_three_group",95,FALSE,FALSE,0
"sparse_three_group",96,FALSE,FALSE,0
"sparse_three_group",97,FALSE,FALSE,0
"sparse_three_group",98,FALSE,FALSE,0
"sparse_three_group",99,FALSE,FALSE,0
"sparse_three_group",100,FALSE,FALSE,0
"sparse_three_group",101,FALSE,FALSE,0
"sparse_three_group",102,FALSE,FALSE,0
"sparse_three_group",103,FALSE,FALSE,0
"sparse_three_group",104,FALSE,FALSE,0
"sparse_three_group",105,FALSE,FALSE,0
"sparse_three_group",106,FALSE,FALSE,0
"sparse_three_group",107,FALSE,FALSE,0
"sparse_three_group",108,FALSE,FALSE,0
"sparse_three_group",109,FALSE,FALSE,0
"sparse_three_group",110,FALSE,FALSE,0
"sparse_three_group",111,FALSE,FALSE,0
"sparse_three_group",112,FALSE,FALSE,0
"sparse_three_group",113,FALSE,FALSE,0
"sparse_three_group",114,FALSE,FALSE,0
"sparse_three_group",115,FALSE,FALSE,0
"sparse_three_group",116,FALSE,FALSE,0
"sparse_three_group",117,FALSE,FALSE,0
"sparse_three_group",118,FALSE,FALSE,0
"sparse_three_group",119,FALSE,FALSE,0
"sparse_three_group",120,FALSE,FALSE,0
"sparse_three_group",121,FALSE,FALSE,0
"sparse_three_group",122,FALSE,FALSE,0
"sparse_three_group",123,FALSE,FALSE,0
"sparse_three_group",124,FALSE,FALSE,0
"sparse_three_group",125,FALSE,FALSE,0
"sparse_three_group",126,FALSE,FALSE,0
"sparse_three_group",127,FALSE,FALSE,0
"sparse_three_group",128,FALSE,FALSE,0
"sparse_three_group",129,FALSE,FALSE,0
"sparse_three_group",130,FALSE,FALSE,0
"sparse_three_group",131,FALSE,FALSE,0
"sparse_three_group",132,FALSE,FALSE,0
"sparse_three_group",133,FALSE,FALSE,0
"sparse_three_group",134,FALSE,FALSE,0
"sparse_three_group",135,FALSE,FALSE,0
"sparse_three_group",136,FALSE,FALSE,0
"sparse_three_group",137,FALSE,FALSE,0
"sparse_three_group",138,FALSE,FALSE,0
"sparse_three_group",139,FALSE,FALSE,0
"sparse_three_group",140,FALSE,FALSE,0
"sparse_three_group",141,FALSE,FALSE,0
"sparse_three_group",142,FALSE,FALSE,0
"sparse_three_group",143,FALSE,FALSE,0
"sparse_three_group",144,FALSE,FALSE,0
"sparse_three_group",145,FALSE,FALSE,0
"sparse_three_group",146,FALSE,FALSE,0
"sparse_three_group",147,FALSE,FALSE,0
"sparse_three_group",148,FALSE,FALSE,0
"sparse_three_group",149,FALSE,FALSE,0
"sparse_three_group",150,FALSE,FALSE,0
"sparse_three_group",151,FALSE,FALSE,0
"sparse_three_group",152,FALSE,FALSE,0
"sparse_three_group",153,FALSE,FALSE,0
"sparse_three_group",154,FALSE,FALSE,0
"sparse_three_group",155,FALSE,FALSE,0
"sparse_three_group",156,FALSE,FALSE,0
"sparse_three_group",157,FALSE,FALSE,0
"sparse_three_group",158,FALSE,FALSE,0
"sparse_three_group",159,FALSE,FALSE,0
"sparse_three_group",160,FALSE,FALSE,0
"sparse_three_group",161,FALSE,FALSE,0
"sparse_three_group",162,FALSE,FALSE,0
"sparse_three_group",163,FALSE,FALSE,0
"sparse_three_group",164,FALSE,FALSE,0
"sparse_three_group",165,FALSE,FALSE,0
"sparse_three_group",166,FALSE,FALSE,0
"sparse_three_group",167,FALSE,FALSE,0
"sparse_three_group",168,FALSE,FALSE,0
"sparse_three_group",169,FALSE,FALSE,0
"sparse_three_group",170,FALSE,FALSE,0
"sparse_three_group",171,FALSE,FALSE,0
"sparse_three_group",172,FALSE,FALSE,0
"sparse_three_group",173,TRUE,FALSE,0
"sparse_three_group",174,FALSE,FALSE,0
"sparse_three_group",175,FALSE,FALSE,0
"sparse_three_group",176,TRUE,FALSE,0
"sparse_three_group",177,FALSE,FALSE,0
"sparse_three_group",178,FALSE,FALSE,0
"sparse_three_group",179,TRUE,FALSE,0
"sparse_three_group",180,FALSE,FALSE,0
"sparse_three_group",181,FALSE,FALSE,0
"sparse_three_group",182,FALSE,FALSE,0
"sparse_three_group",183,FALSE,FALSE,0
"sparse_three_group",184,FALSE,FALSE,0
"sparse_three_group",185,FALSE,FALSE,0
"sparse_three_group",186,FALSE,FALSE,0
"sparse_three_group",187,FALSE,FALSE,0
"sparse_three_group",188,FALSE,FALSE,0
"sparse_three_group",189,TRUE,FALSE,0
"sparse_three_group",190,FALSE,FALSE,0
"sparse_three_group",191,TRUE,FALSE,0
"sparse_three_group",192,FALSE,FALSE,0
"sparse_three_group",193,FALSE,FALSE,0
"sparse_three_group",194,FALSE,FALSE,0
"sparse_three_group",195,FALSE,FALSE,0
"sparse_three_group",196,FALSE,FALSE,0
"sparse_three_group",197,FALSE,FALSE,0
"sparse_three_group",198,FALSE,FALSE,0
"sparse_three_group",199,FALSE,FALSE,0
"sparse_three_group",200,FALSE,FALSE,0
"sparse_three_group",201,FALSE,FALSE,0
"sparse_three_group",202,FALSE,FALSE,0
"sparse_three_group",203,FALSE,FALSE,0
"sparse_three_group",204,FALSE,FALSE,0
"sparse_three_group",205,FALSE,FALSE,0
"sparse_three_group",206,FALSE,FALSE,0
"sparse_three_group",207,FALSE,FALSE,0
"sparse_three_group",208,FALSE,FALSE,0
"sparse_three_group",209,FALSE,FALSE,0
"sparse_three_group",210,FALSE,FALSE,0
"sparse_three_group",211,FALSE,FALSE,0
"sparse_three_group",212,FALSE,FALSE,0
"sparse_three_group",213,FALSE,FALSE,0
"sparse_three_group",214,FALSE,FALSE,0
"sparse_three_group",215,FALSE,FALSE,0
"sparse_three_group",216,FALSE,FALSE,0
"sparse_three_group",217,FALSE,FALSE,0
"sparse_three_group",218,FALSE,FALSE,0
"sparse_three_group",219,FALSE,FALSE,0
"sparse_three_group",220,FALSE,FALSE,0
"sparse_three_group",221,FALSE,FALSE,0
"sparse_three_group",222,FALSE,FALSE,0
"sparse_three_group",223,FALSE,FALSE,0
"sparse_three_group",224,FALSE,FALSE,0
"sparse_three_group",225,FALSE,FALSE,0
"sparse_three_group",226,FALSE,FALSE,0
"sparse_three_group",227,FALSE,FALSE,0
"sparse_three_group",228,FALSE,FALSE,0
"sparse_three_group",229,FALSE,FALSE,0
"sparse_three_group",230,FALSE,FALSE,0
"sparse_three_group",231,FALSE,FALSE,0
"sparse_three_group",232,FALSE,FALSE,0
"sparse_three_group",233,FALSE,FALSE,0
"sparse_three_group",234,FALSE,FALSE,0
"sparse_three_group",235,TRUE,FALSE,0
"sparse_three_group",236,FALSE,FALSE,0
"sparse_three_group",237,FALSE,FALSE,0
"sparse_three_group",238,FALSE,FALSE,0
"sparse_three_group",239,FALSE,FALSE,0
"sparse_three_group",240,FALSE,FALSE,0
"sparse_three_group",241,FALSE,FALSE,0
"sparse_three_group",242,FALSE,FALSE,0
"sparse_three_group",243,FALSE,FALSE,0
"sparse_three_group",244,FALSE,FALSE,0
"sparse_three_group",245,FALSE,FALSE,0
"sparse_three_group",246,FALSE,FALSE,0
"sparse_three_group",247,FALSE,FALSE,0
"sparse_three_group",248,FALSE,FALSE,0
"sparse_three_group",249,FALSE,FALSE,0
"sparse_three_group",250,FALSE,FALSE,0
"sparse_three_group",251,FALSE,FALSE,0
"sparse_three_group",252,FALSE,FALSE,0
"sparse_three_group",253,FALSE,FALSE,0
"sparse_three_group",254,FALSE,FALSE,0
"sparse_three_group",255,FALSE,FALSE,0
"sparse_three_group",256,FALSE,FALSE,0
"sparse_three_group",257,FALSE,FALSE,0
"sparse_three_group",258,FALSE,FALSE,0
"sparse_three_group",259,FALSE,FALSE,0
"sparse_three_group",260,FALSE,FALSE,0
"sparse_three_group",261,FALSE,FALSE,0
"sparse_three_group",262,FALSE,FALSE,0
"sparse_three_group",263,FALSE,FALSE,0
"sparse_three_group",264,FALSE,FALSE,0
"sparse_three_group",265,FALSE,FALSE,0
"sparse_three_group",266,FALSE,FALSE,0
"sparse_three_group",267,FALSE,FALSE,0
"sparse_three_group",268,FALSE,FALSE,0
"sparse_three_group",269,FALSE,FALSE,0
"sparse_three_group",270,FALSE,FALSE,0
"sparse_three_group",271,FALSE,FALSE,0
"sparse_three_group",272,FALSE,FALSE,0
"sparse_three_group",273,FALSE,FALSE,0
"sparse_three_group",274,FALSE,FALSE,0
"sparse_three_group",275,FALSE,FALSE,0
"sparse_three_group",276,FALSE,FALSE,0
"sparse_three_group",277,FALSE,FALSE,0
"sparse_three_group",278,FALSE,FALSE,0
"sparse_three_group",279,FALSE,FALSE,0
"sparse_three_group",280,FALSE,FALSE,0
"sparse_three_group",281,FALSE,FALSE,0
"sparse_three_group",282,FALSE,FALSE,0
"sparse_three_group",283,FALSE,FALSE,0
"sparse_three_group",284,FALSE,FALSE,0
"sparse_three_group",285,TRUE,FALSE,0
"sparse_three_group",286,FALSE,FALSE,0
"sparse_three_group",287,FALSE,FALSE,0
"sparse_three_group",288,FALSE,FALSE,0
"sparse_three_group",289,FALSE,FALSE,0
"sparse_three_group",290,FALSE,FALSE,0
"sparse_three_group",291,FALSE,FALSE,0
"sparse_three_group",292,FALSE,FALSE,0
"sparse_three_group",293,FALSE,FALSE,0
"sparse_three_group",294,FALSE,FALSE,0
"sparse_three_group",295,FALSE,FALSE,0
"sparse_three_group",296,FALSE,FALSE,0
"sparse_three_group",297,FALSE,FALSE,0
"sparse_three_group",298,FALSE,FALSE,0
"sparse_three_group",299,FALSE,FALSE,0
"sparse_three_group",300,FALSE,FALSE,0
"sparse_three_group",301,FALSE,FALSE,0
"sparse_three_group",302,FALSE,FALSE,0
"sparse_three_group",303,FALSE,FALSE,0
"sparse_three_group",304,FALSE,FALSE,0
"sparse_three_group",305,FALSE,FALSE,0
"sparse_three_group",306,FALSE,FALSE,0
"sparse_three_group",307,FALSE,FALSE,0
"sparse_three_group",308,FALSE,FALSE,0
"sparse_three_group",309,FALSE,FALSE,0
"sparse_three_group",310,FALSE,FALSE,0
"sparse_three_group",311,TRUE,FALSE,0
"sparse_three_group",312,FALSE,FALSE,0
"sparse_three_group",313,FALSE,FALSE,0
"sparse_three_group",314,FALSE,FALSE,0
"sparse_three_group",315,FALSE,FALSE,0
"sparse_three_group",316,FALSE,FALSE,0
"sparse_three_group",317,FALSE,FALSE,0
"sparse_three_group",318,FALSE,FALSE,0
"sparse_three_group",319,FALSE,FALSE,0
"sparse_three_group",320,FALSE,FALSE,0
"sparse_three_group",321,FALSE,FALSE,0
"sparse_three_group",322,FALSE,FALSE,0
"sparse_three_group",323,FALSE,FALSE,0
"sparse_three_group",324,FALSE,FALSE,0
"sparse_three_group",325,FALSE,FALSE,0
"sparse_three_group",326,FALSE,FALSE,0
"sparse_three_group",327,FALSE,FALSE,0
"sparse_three_group",328,FALSE,FALSE,0
"sparse_three_group",329,FALSE,FALSE,0
"sparse_three_group",330,FALSE,FALSE,0
"sparse_three_group",331,FALSE,FALSE,0
"sparse_three_group",332,FALSE,FALSE,0
"sparse_three_group",333,FALSE,FALSE,0
"sparse_three_group",334,FALSE,FALSE,0
"sparse_three_group",335,FALSE,FALSE,0
"sparse_three_group",336,FALSE,FALSE,0
"sparse_three_group",337,FALSE,FALSE,0
"sparse_three_group",338,FALSE,FALSE,0
"sparse_three_group",339,FALSE,FALSE,0
"sparse_three_group",340,FALSE,FALSE,0
"sparse_three_group",341,FALSE,FALSE,0
"sparse_three_group",342,FALSE,FALSE,0
"sparse_three_group",343,FALSE,FALSE,0
"sparse_three_group",344,FALSE,FALSE,0
"sparse_three_group",345,FALSE,FALSE,0
"sparse_three_group",346,FALSE,FALSE,0
"sparse_three_group",347,FALSE,FALSE,0
"sparse_three_group",348,FALSE,FALSE,0
"sparse_three_group",349,FALSE,FALSE,0
"sparse_three_group",350,FALSE,FALSE,0
"sparse_three_group",351,FALSE,FALSE,0
"sparse_three_group",352,FALSE,FALSE,0
"sparse_three_group",353,FALSE,FALSE,0
"sparse_three_group",354,FALSE,FALSE,0
"sparse_three_group",355,FALSE,FALSE,0
"sparse_three_group",356,FALSE,FALSE,0
"sparse_three_group",357,FALSE,FALSE,0
"sparse_three_group",358,FALSE,FALSE,0
"sparse_three_group",359,FALSE,FALSE,0
"sparse_three_group",360,FALSE,FALSE,0
"sparse_three_group",361,FALSE,FALSE,0
"sparse_three_group",362,FALSE,FALSE,0
"sparse_three_group",363,FALSE,FALSE,0
"sparse_three_group",364,FALSE,FALSE,0
"sparse_three_group",365,FALSE,FALSE,0
"sparse_three_group",366,FALSE,FALSE,0
"sparse_three_group",367,FALSE,FALSE,0
"sparse_three_group",368,FALSE,FALSE,0
"sparse_three_group",369,FALSE,FALSE,0
"sparse_three_group",370,FALSE,FALSE,0
"sparse_three_group",371,FALSE,FALSE,0
"sparse_three_group",372,FALSE,FALSE,0
"sparse_three_group",373,FALSE,FALSE,0
"sparse_three_group",374,FALSE,FALSE,0
"sparse_three_group",375,FALSE,FALSE,0
"sparse_three_group",376,FALSE,FALSE,0
"sparse_three_group",377,FALSE,FALSE,0
"sparse_three_group",378,FALSE,FALSE,0
"sparse_three_group",379,FALSE,FALSE,0
"sparse_three_group",380,FALSE,FALSE,0
"sparse_three_group",381,FALSE,FALSE,0
"sparse_three_group",382,FALSE,FALSE,0
"sparse_three_group",383,FALSE,FALSE,0
"sparse_three_group",384,FALSE,FALSE,0
"sparse_three_group",385,TRUE,FALSE,0
"sparse_three_group",386,FALSE,FALSE,0
"sparse_three_group",387,FALSE,FALSE,0
"sparse_three_group",388,FALSE,FALSE,0
"sparse_three_group",389,FALSE,FALSE,0
"sparse_three_group",390,FALSE,FALSE,0
"sparse_three_group",391,FALSE,FALSE,0
"sparse_three_group",392,FALSE,FALSE,0
"sparse_three_group",393,FALSE,FALSE,0
"sparse_three_group",394,FALSE,FALSE,0
"sparse_three_group",395,FALSE,FALSE,0
"sparse_three_group",396,FALSE,FALSE,0
"sparse_three_group",397,FALSE,FALSE,0
"sparse_three_group",398,FALSE,FALSE,0
"sparse_three_group",399,FALSE,FALSE,0
"sparse_three_group",400,FALSE,FALSE,0
"sparse_three_group",401,FALSE,FALSE,0
"sparse_three_group",402,FALSE,FALSE,0
"sparse_three_group",403,FALSE,FALSE,0
"sparse_three_group",404,FALSE,FALSE,0
"sparse_three_group",405,FALSE,FALSE,0
"sparse_three_group",406,FALSE,FALSE,0
"sparse_three_group",407,FALSE,FALSE,0
"sparse_three_group",408,FALSE,FALSE,0
"sparse_three_group",409,FALSE,FALSE,0
"sparse_three_group",410,FALSE,FALSE,0
"sparse_three_group",411,FALSE,FALSE,0
"sparse_three_group",412,FALSE,FALSE,0
"sparse_three_group",413,FALSE,FALSE,0
"sparse_three_group",414,FALSE,FALSE,0
"sparse_three_group",415,FALSE,FALSE,0
"sparse_three_group",416,FALSE,FALSE,0
"sparse_three_group",417,FALSE,FALSE,0
"sparse_three_group",418,FALSE,FALSE,0
"sparse_three_group",419,FALSE,FALSE,0
"sparse_three_group",420,FALSE,FALSE,0
"sparse_three_group",421,FALSE,FALSE,0
"sparse_three_group",422,FALSE,FALSE,0
"sparse_three_group",423,FALSE,FALSE,0
"sparse_three_group",424,FALSE,FALSE,0
"sparse_three_group",425,FALSE,FALSE,0
"sparse_three_group",426,FALSE,FALSE,0
"sparse_three_group",427,FALSE,FALSE,0
"sparse_three_group",428,FALSE,FALSE,0
"sparse_three_group",429,FALSE,FALSE,0
"sparse_three_group",430,FALSE,FALSE,0
"sparse_three_group",431,FALSE,FALSE,0
"sparse_three_group",432,FALSE,FALSE,0
"sparse_three_group",433,FALSE,FALSE,0
"sparse_three_group",434,FALSE,FALSE,0
"sparse_three_group",435,FALSE,FALSE,0
"sparse_three_group",436,FALSE,FALSE,0
"sparse_three_group",437,FALSE,FALSE,0
"sparse_three_group",438,FALSE,FALSE,0
"sparse_three_group",439,FALSE,FALSE,0
"sparse_three_group",440,FALSE,FALSE,0
"sparse_three_group",441,FALSE,FALSE,0
"sparse_three_group",442,FALSE,FALSE,0
"sparse_three_group",443,FALSE,FALSE,0
"sparse_three_group",444,FALSE,FALSE,0
"sparse_three_group",445,FALSE,FALSE,0
"sparse_three_group",446,FALSE,FALSE,0
"sparse_three_group",447,FALSE,FALSE,0
"sparse_three_group",448,FALSE,FALSE,0
"sparse_three_group",449,FALSE,FALSE,0
"sparse_three_group",450,FALSE,FALSE,0
"sparse_three_group",451,FALSE,FALSE,0
"sparse_three_group",452,FALSE,FALSE,0
"sparse_three_group",453,FALSE,FALSE,0
"sparse_three_group",454,FALSE,FALSE,0
"sparse_three_group",455,FALSE,FALSE,0
"sparse_three_group",456,FALSE,FALSE,0
"sparse_three_group",457,FALSE,FALSE,0
"sparse_three_group",458,FALSE,FALSE,0
"sparse_three_group",459,FALSE,FALSE,0
"sparse_three_group",460,FALSE,FALSE,0
"sparse_three_group",461,FALSE,FALSE,0
"sparse_three_group",462,FALSE,FALSE,0
"sparse_three_group",463,FALSE,FALSE,0
"sparse_three_group",464,FALSE,FALSE,0
"sparse_three_group",465,FALSE,FALSE,0
"sparse_three_group",466,FALSE,FALSE,0
"sparse_three_group",467,FALSE,FALSE,0
"sparse_three_group",468,FALSE,FALSE,0
"sparse_three_group",469,FALSE,FALSE,0
"sparse_three_group",470,FALSE,FALSE,0
"sparse_three_group",471,FALSE,FALSE,0
"sparse_three_group",472,FALSE,FALSE,0
"sparse_three_group",473,FALSE,FALSE,0
"sparse_three_group",474,FALSE,FALSE,0
"sparse_three_group",475,FALSE,FALSE,0
"sparse_three_group",476,FALSE,FALSE,0
"sparse_three_group",477,FALSE,FALSE,0
"sparse_three_group",478,FALSE,FALSE,0
"sparse_three_group",479,FALSE,FALSE,0
"sparse_three_group",480,FALSE,FALSE,0
"sparse_three_group",481,FALSE,FALSE,0
"sparse_three_group",482,FALSE,FALSE,0
"sparse_three_group",483,FALSE,FALSE,0
"sparse_three_group",484,FALSE,FALSE,0
"sparse_three_group",485,FALSE,FALSE,0
"sparse_three_group",486,FALSE,FALSE,0
"sparse_three_group",487,FALSE,FALSE,0
"sparse_three_group",488,FALSE,FALSE,0
"sparse_three_group",489,FALSE,FALSE,0
"sparse_three_group",490,FALSE,FALSE,0
"sparse_three_group",491,FALSE,FALSE,0
"sparse_three_group",492,FALSE,FALSE,0
"sparse_three_group",493,FALSE,FALSE,0
"sparse_three_group",494,FALSE,FALSE,0
"sparse_three_group",495,FALSE,FALSE,0
"sparse_three_group",496,FALSE,FALSE,0
"sparse_three_group",497,FALSE,FALSE,0
"sparse_three_group",498,FALSE,FALSE,0
"sparse_three_group",499,FALSE,FALSE,0
"sparse_three_group",500,FALSE,FALSE,0
"sparse_three_group",501,FALSE,FALSE,0
"sparse_three_group",502,FALSE,FALSE,0
"sparse_three_group",503,FALSE,FALSE,0
"sparse_three_group",504,FALSE,FALSE,0
"sparse_three_group",505,FALSE,FALSE,0
"sparse_three_group",506,FALSE,FALSE,0
"sparse_three_group",507,FALSE,FALSE,0
"sparse_three_group",508,FALSE,FALSE,0
"sparse_three_group",509,FALSE,FALSE,0
"sparse_three_group",510,FALSE,FALSE,0
"sparse_three_group",511,FALSE,FALSE,0
"sparse_three_group",512,FALSE,FALSE,0
"sparse_three_group",513,FALSE,FALSE,0
"sparse_three_group",514,FALSE,FALSE,0
"sparse_three_group",515,FALSE,FALSE,0
"sparse_three_group",516,FALSE,FALSE,0
"sparse_three_group",517,FALSE,FALSE,0
"sparse_three_group",518,FALSE,FALSE,0
"sparse_three_group",519,FALSE,FALSE,0
"sparse_three_group",520,FALSE,FALSE,0
"sparse_three_group",521,FALSE,FALSE,0
"sparse_three_group",522,FALSE,FALSE,0
"sparse_three_group",523,FALSE,FALSE,0
"sparse_three_group",524,FALSE,FALSE,0
"sparse_three_group",525,FALSE,FALSE,0
"sparse_three_group",526,FALSE,FALSE,0
"sparse_three_group",527,FALSE,FALSE,0
"sparse_three_group",528,TRUE,FALSE,0
"sparse_three_group",529,FALSE,FALSE,0
"sparse_three_group",530,FALSE,FALSE,0
"sparse_three_group",531,FALSE,FALSE,0
"sparse_three_group",532,FALSE,FALSE,0
"sparse_three_group",533,FALSE,FALSE,0
"sparse_three_group",534,FALSE,FALSE,0
"sparse_three_group",535,FALSE,FALSE,0
"sparse_three_group",536,FALSE,FALSE,0
"sparse_three_group",537,FALSE,FALSE,0
"sparse_three_group",538,FALSE,FALSE,0
"sparse_three_group",539,FALSE,FALSE,0
"sparse_three_group",540,FALSE,FALSE,0
"sparse_three_group",541,FALSE,FALSE,0
"sparse_three_group",542,FALSE,FALSE,0
"sparse_three_group",543,FALSE,FALSE,0
"sparse_three_group",544,FALSE,FALSE,0
"sparse_three_group",545,FALSE,FALSE,0
"sparse_three_group",546,TRUE,FALSE,0
"sparse_three_group",547,FALSE,FALSE,0
"sparse_three_group",548,FALSE,FALSE,0
"sparse_three_group",549,FALSE,FALSE,0
"sparse_three_group",550,FALSE,FALSE,0
"sparse_three_group",551,FALSE,FALSE,0
"sparse_three_group",552,FALSE,FALSE,0
"sparse_three_group",553,FALSE,FALSE,0
"sparse_three_group",554,FALSE,FALSE,0
"sparse_three_group",555,FALSE,FALSE,0
"sparse_three_group",556,FALSE,FALSE,0
"sparse_three_group",557,FALSE,FALSE,0
"sparse_three_group",558,FALSE,FALSE,0
"sparse_three_group",559,FALSE,FALSE,0
"sparse_three_group",560,FALSE,FALSE,0
"sparse_three_group",561,FALSE,FALSE,0
"sparse_three_group",562,FALSE,FALSE,0
"sparse_three_group",563,FALSE,FALSE,0
"sparse_three_group",564,FALSE,FALSE,0
"sparse_three_group",565,FALSE,FALSE,0
"sparse_three_group",566,FALSE,FALSE,0
"sparse_three_group",567,FALSE,FALSE,0
"sparse_three_group",568,FALSE,FALSE,0
"sparse_three_group",569,FALSE,FALSE,0
"sparse_three_group",570,FALSE,FALSE,0
"sparse_three_group",571,FALSE,FALSE,0
"sparse_three_group",572,TRUE,FALSE,0
"sparse_three_group",573,FALSE,FALSE,0
"sparse_three_group",574,FALSE,FALSE,0
"sparse_three_group",575,FALSE,FALSE,0
"sparse_three_group",576,FALSE,FALSE,0
"sparse_three_group",577,FALSE,FALSE,0
"sparse_three_group",578,FALSE,FALSE,0
"sparse_three_group",579,FALSE,FALSE,0
"sparse_three_group",580,FALSE,FALSE,0
"sparse_three_group",581,FALSE,FALSE,0
"sparse_three_group",582,FALSE,FALSE,0
"sparse_three_group",583,FALSE,FALSE,0
"sparse_three_group",584,TRUE,FALSE,0
"sparse_three_group",585,FALSE,FALSE,0
"sparse_three_group",586,FALSE,FALSE,0
"sparse_three_group",587,FALSE,FALSE,0
"sparse_three_group",588,FALSE,FALSE,0
"sparse_three_group",589,FALSE,FALSE,0
"sparse_three_group",590,FALSE,FALSE,0
"sparse_three_group",591,FALSE,FALSE,0
"sparse_three_group",592,FALSE,FALSE,0
"sparse_three_group",593,FALSE,FALSE,0
"sparse_three_group",594,FALSE,FALSE,0
"sparse_three_group",595,FALSE,FALSE,0
"sparse_three_group",596,FALSE,FALSE,0
"sparse_three_group",597,FALSE,FALSE,0
"sparse_three_group",598,FALSE,FALSE,0
"sparse_three_group",599,FALSE,FALSE,0
"sparse_three_group",600,FALSE,FALSE,0
"sparse_three_group",601,FALSE,FALSE,0
"sparse_three_group",602,FALSE,FALSE,0
"sparse_three_group",603,FALSE,FALSE,0
"sparse_three_group",604,FALSE,FALSE,0
"sparse_three_group",605,FALSE,FALSE,0
"sparse_three_group",606,FALSE,FALSE,0
"sparse_three_group",607,FALSE,FALSE,0
"sparse_three_group",608,FALSE,FALSE,0
"sparse_three_group",609,FALSE,FALSE,0
"sparse_three_group",610,FALSE,FALSE,0
"sparse_three_group",611,FALSE,FALSE,0
"sparse_three_group",612,FALSE,FALSE,0
"sparse_three_group",613,FALSE,FALSE,0
"sparse_three_group",614,FALSE,FALSE,0
"sparse_three_group",615,TRUE,FALSE,0
"sparse_three_group",616,FALSE,FALSE,0
"sparse_three_group",617,FALSE,FALSE,0
"sparse_three_group",618,FALSE,FALSE,0
"sparse_three_group",619,FALSE,FALSE,0
"sparse_three_group",620,FALSE,FALSE,0
"sparse_three_group",621,FALSE,FALSE,0
"sparse_three_group",622,FALSE,FALSE,0
"sparse_three_group",623,FALSE,FALSE,0
"sparse_three_group",624,FALSE,FALSE,0
"sparse_three_group",625,FALSE,FALSE,0
"sparse_three_group",626,FALSE,FALSE,0
"sparse_three_group",627,FALSE,FALSE,0
"sparse_three_group",628,FALSE,FALSE,0
"sparse_three_group",629,FALSE,FALSE,0
"sparse_three_group",630,FALSE,FALSE,0
"sparse_three_group",631,FALSE,FALSE,0
"sparse_three_group",632,FALSE,FALSE,0
"sparse_three_group",633,FALSE,FALSE,0
"sparse_three_group",634,FALSE,FALSE,0
"sparse_three_group",635,FALSE,FALSE,0
"sparse_three_group",636,FALSE,FALSE,0
"sparse_three_group",637,FALSE,FALSE,0
"sparse_three_group",638,FALSE,FALSE,0
"sparse_three_group",639,FALSE,FALSE,0
"sparse_three_group",640,FALSE,FALSE,0
"sparse_three_group",641,FALSE,FALSE,0
"sparse_three_group",642,FALSE,FALSE,0
"sparse_three_group",643,FALSE,FALSE,0
"sparse_three_group",644,FALSE,FALSE,0
"sparse_three_group",645,FALSE,FALSE,0
"sparse_three_group",646,FALSE,FALSE,0
"sparse_three_group",647,FALSE,FALSE,0
"sparse_three_group",648,FALSE,FALSE,0
"sparse_three_group",649,FALSE,FALSE,0
"sparse_three_group",650,FALSE,FALSE,0
"sparse_three_group",651,FALSE,FALSE,0
"sparse_three_group",652,FALSE,FALSE,0
"sparse_three_group",653,FALSE,FALSE,0
"sparse_three_group",654,FALSE,FALSE,0
"sparse_three_group",655,FALSE,FALSE,0
"sparse_three_group",656,FALSE,FALSE,0
"sparse_three_group",657,FALSE,FALSE,0
"sparse_three_group",658,FALSE,FALSE,0
"sparse_three_group",659,FALSE,FALSE,0
"sparse_three_group",660,FALSE,FALSE,0
"sparse_three_group",661,FALSE,FALSE,0
"sparse_three_group",662,FALSE,FALSE,0
"sparse_three_group",663,FALSE,FALSE,0
"sparse_three_group",664,FALSE,FALSE,0
"sparse_three_group",665,FALSE,FALSE,0
"sparse_three_group",666,FALSE,FALSE,0
"sparse_three_group",667,FALSE,FALSE,0
"sparse_three_group",668,FALSE,FALSE,0
"sparse_three_group",669,FALSE,FALSE,0
"sparse_three_group",670,FALSE,FALSE,0
"sparse_three_group",671,FALSE,FALSE,0
"sparse_three_group",672,FALSE,FALSE,0
"sparse_three_group",673,FALSE,FALSE,0
"sparse_three_group",674,FALSE,FALSE,0
"sparse_three_group",675,FALSE,FALSE,0
"sparse_three_group",676,FALSE,FALSE,0
"sparse_three_group",677,FALSE,FALSE,0
"sparse_three_group",678,FALSE,FALSE,0
"sparse_three_group",679,FALSE,FALSE,0
"sparse_three_group",680,FALSE,FALSE,0
"sparse_three_group",681,FALSE,FALSE,0
"sparse_three_group",682,FALSE,FALSE,0
"sparse_three_group",683,FALSE,FALSE,0
"sparse_three_group",684,FALSE,FALSE,0
"sparse_three_group",685,FALSE,FALSE,0
"sparse_three_group",686,FALSE,FALSE,0
"sparse_three_group",687,FALSE,FALSE,0
"sparse_three_group",688,FALSE,FALSE,0
"sparse_three_group",689,TRUE,FALSE,0
"sparse_three_group",690,FALSE,FALSE,0
"sparse_three_group",691,FALSE,FALSE,0
"sparse_three_group",692,FALSE,FALSE,0
"sparse_three_group",693,FALSE,FALSE,0
"sparse_three_group",694,FALSE,FALSE,0
"sparse_three_group",695,FALSE,FALSE,0
"sparse_three_group",696,FALSE,FALSE,0
"sparse_three_group",697,FALSE,FALSE,0
"sparse_three_group",698,FALSE,FALSE,0
"sparse_three_group",699,FALSE,FALSE,0
"sparse_three_group",700,FALSE,FALSE,0
"sparse_three_group",701,FALSE,FALSE,0
"sparse_three_group",702,FALSE,FALSE,0
"sparse_three_group",703,FALSE,FALSE,0
"sparse_three_group",704,FALSE,FALSE,0
"sparse_three_group",705,FALSE,FALSE,0
"sparse_three_group",706,FALSE,FALSE,0
"sparse_three_group",707,FALSE,FALSE,0
"sparse_three_group",708,FALSE,FALSE,0
"sparse_three_group",709,FALSE,FALSE,0
"sparse_three_group",710,FALSE,FALSE,0
"sparse_three_group",711,FALSE,FALSE,0
"sparse_three_group",712,FALSE,FALSE,0
"sparse_three_group",713,FALSE,FALSE,0
"sparse_three_group",714,FALSE,FALSE,0
"sparse_three_group",715,FALSE,FALSE,0
"sparse_three_group",716,FALSE,FALSE,0
"sparse_three_group",717,TRUE,FALSE,0
"sparse_three_group",718,FALSE,FALSE,0
"sparse_three_group",719,FALSE,FALSE,0
"sparse_three_group",720,FALSE,FALSE,0
"sparse_three_group",721,FALSE,FALSE,0
"sparse_three_group",722,FALSE,FALSE,0
"sparse_three_group",723,TRUE,FALSE,0
"sparse_three_group",724,FALSE,FALSE,0
"sparse_three_group",725,FALSE,FALSE,0
"sparse_three_group",726,FALSE,FALSE,0
"sparse_three_group",727,FALSE,FALSE,0
"sparse_three_group",728,FALSE,FALSE,0
"sparse_three_group",729,FALSE,FALSE,0
"sparse_three_group",730,FALSE,FALSE,0
"sparse_three_group",731,FALSE,FALSE,0
"sparse_three_group",732,FALSE,FALSE,0
"sparse_three_group",733,FALSE,FALSE,0
"sparse_three_group",734,TRUE,FALSE,0
"sparse_three_group",735,FALSE,FALSE,0
"sparse_three_group",736,FALSE,FALSE,0
"sparse_three_group",737,FALSE,FALSE,0
"sparse_three_group",738,FALSE,FALSE,0
"sparse_three_group",739,FALSE,FALSE,0
"sparse_three_group",740,FALSE,FALSE,0
"sparse_three_group",741,TRUE,FALSE,0
"sparse_three_group",742,FALSE,FALSE,0
"sparse_three_group",743,FALSE,FALSE,0
"sparse_three_group",744,FALSE,FALSE,0
"sparse_three_group",745,FALSE,FALSE,0
"sparse_three_group",746,FALSE,FALSE,0
"sparse_three_group",747,FALSE,FALSE,0
"sparse_three_group",748,FALSE,FALSE,0
"sparse_three_group",749,FALSE,FALSE,0
"sparse_three_group",750,FALSE,FALSE,0
"sparse_three_group",751,TRUE,FALSE,0
"sparse_three_group",752,FALSE,FALSE,0
"sparse_three_group",753,FALSE,FALSE,0
"sparse_three_group",754,FALSE,FALSE,0
"sparse_three_group",755,FALSE,FALSE,0
"sparse_three_group",756,FALSE,FALSE,0
"sparse_three_group",757,FALSE,FALSE,0
"sparse_three_group",758,FALSE,FALSE,0
"sparse_three_group",759,FALSE,FALSE,0
"sparse_three_group",760,FALSE,FALSE,0
"sparse_three_group",761,FALSE,FALSE,0
"sparse_three_group",762,FALSE,FALSE,0
"sparse_three_group",763,FALSE,FALSE,0
"sparse_three_group",764,FALSE,FALSE,0
"sparse_three_group",765,FALSE,FALSE,0
"sparse_three_group",766,FALSE,FALSE,0
"sparse_three_group",767,FALSE,FALSE,0
"sparse_three_group",768,FALSE,FALSE,0
"sparse_three_group",769,FALSE,FALSE,0
"sparse_three_group",770,FALSE,FALSE,0
"sparse_three_group",771,FALSE,FALSE,0
"sparse_three_group",772,FALSE,FALSE,0
"sparse_three_group",773,FALSE,FALSE,0
"sparse_three_group",774,TRUE,FALSE,0
"sparse_three_group",775,FALSE,FALSE,0
"sparse_three_group",776,FALSE,FALSE,0
"sparse_three_group",777,FALSE,FALSE,0
"sparse_three_group",778,FALSE,FALSE,0
"sparse_three_group",779,FALSE,FALSE,0
"sparse_three_group",780,FALSE,FALSE,0
"sparse_three_group",781,FALSE,FALSE,0
"sparse_three_group",782,FALSE,FALSE,0
"sparse_three_group",783,FALSE,FALSE,0
"sparse_three_group",784,FALSE,FALSE,0
"sparse_three_group",785,FALSE,FALSE,0
"sparse_three_group",786,FALSE,FALSE,0
"sparse_three_group",787,FALSE,FALSE,0
"sparse_three_group",788,FALSE,FALSE,0
"sparse_three_group",789,FALSE,FALSE,0
"sparse_three_group",790,FALSE,FALSE,0
"sparse_three_group",791,FALSE,FALSE,0
"sparse_three_group",792,FALSE,FALSE,0
"sparse_three_group",793,FALSE,FALSE,0
"sparse_three_group",794,FALSE,FALSE,0
"sparse_three_group",795,FALSE,FALSE,0
"sparse_three_group",796,FALSE,FALSE,0
"sparse_three_group",797,FALSE,FALSE,0
"sparse_three_group",798,FALSE,FALSE,0
"sparse_three_group",799,FALSE,FALSE,0
"sparse_three_group",800,FALSE,FALSE,0
"sparse_three_group",801,FALSE,FALSE,0
"sparse_three_group",802,FALSE,FALSE,0
"sparse_three_group",803,FALSE,FALSE,0
"sparse_three_group",804,FALSE,FALSE,0
"sparse_three_group",805,FALSE,FALSE,0
"sparse_three_group",806,FALSE,FALSE,0
"sparse_three_group",807,FALSE,FALSE,0
"sparse_three_group",808,FALSE,FALSE,0
"sparse_three_group",809,FALSE,FALSE,0
"sparse_three_group",810,FALSE,FALSE,0
"sparse_three_group",811,FALSE,FALSE,0
"sparse_three_group",812,FALSE,FALSE,0
"sparse_three_group",813,FALSE,FALSE,0
"sparse_three_group",814,FALSE,FALSE,0
"sparse_three_group",815,FALSE,FALSE,0
"sparse_three_group",816,FALSE,FALSE,0
"sparse_three_group",817,FALSE,FALSE,0
"sparse_three_group",818,FALSE,FALSE,0
"sparse_three_group",819,FALSE,FALSE,0
"sparse_three_group",820,FALSE,FALSE,0
"sparse_three_group",821,FALSE,FALSE,0
"sparse_three_group",822,FALSE,FALSE,0
"sparse_three_group",823,FALSE,FALSE,0
"sparse_three_group",824,FALSE,FALSE,0
"sparse_three_group",825,FALSE,FALSE,0
"sparse_three_group",826,FALSE,FALSE,0
"sparse_three_group",827,FALSE,FALSE,0
"sparse_three_group",828,FALSE,FALSE,0
"sparse_three_group",829,FALSE,FALSE,0
"sparse_three_group",830,FALSE,FALSE,0
"sparse_three_group",831,FALSE,FALSE,0
"sparse_three_group",832,FALSE,FALSE,0
"sparse_three_group",833,FALSE,FALSE,0
"sparse_three_group",834,FALSE,FALSE,0
"sparse_three_group",835,FALSE,FALSE,0
"sparse_three_group",836,FALSE,FALSE,0
"sparse_three_group",837,FALSE,FALSE,0
"sparse_three_group",838,FALSE,FALSE,0
"sparse_three_group",839,FALSE,FALSE,0
"sparse_three_group",840,FALSE,FALSE,0
"sparse_three_group",841,FALSE,FALSE,0
"sparse_three_group",842,FALSE,FALSE,0
"sparse_three_group",843,FALSE,FALSE,0
"sparse_three_group",844,FALSE,FALSE,0
"sparse_three_group",845,FALSE,FALSE,0
"sparse_three_group",846,FALSE,FALSE,0
"sparse_three_group",847,FALSE,FALSE,0
"sparse_three_group",848,FALSE,FALSE,0
"sparse_three_group",849,FALSE,FALSE,0
"sparse_three_group",850,FALSE,FALSE,0
"sparse_three_group",851,FALSE,FALSE,0
"sparse_three_group",852,FALSE,FALSE,0
"sparse_three_group",853,FALSE,FALSE,0
"sparse_three_group",854,FALSE,FALSE,0
"sparse_three_group",855,FALSE,FALSE,0
"sparse_three_group",856,FALSE,FALSE,0
"sparse_three_group",857,FALSE,FALSE,0
"sparse_three_group",858,FALSE,FALSE,0
"sparse_three_group",859,FALSE,FALSE,0
"sparse_three_group",860,TRUE,FALSE,0
"sparse_three_group",861,FALSE,FALSE,0
"sparse_three_group",862,FALSE,FALSE,0
"sparse_three_group",863,FALSE,FALSE,0
"sparse_three_group",864,FALSE,FALSE,0
"sparse_three_group",865,FALSE,FALSE,0
"sparse_three_group",866,FALSE,FALSE,0
"sparse_three_group",867,FALSE,FALSE,0
"sparse_three_group",868,FALSE,FALSE,0
"sparse_three_group",869,FALSE,FALSE,0
"sparse_three_group",870,FALSE,FALSE,0
"sparse_three_group",871,FALSE,FALSE,0
"sparse_three_group",872,FALSE,FALSE,0
"sparse_three_group",873,FALSE,FALSE,0
"sparse_three_group",874,FALSE,FALSE,0
"sparse_three_group",875,FALSE,FALSE,0
"sparse_three_group",876,FALSE,FALSE,0
"sparse_three_group",877,FALSE,FALSE,0
"sparse_three_group",878,FALSE,FALSE,0
"sparse_three_group",879,TRUE,FALSE,0
"sparse_three_group",880,FALSE,FALSE,0
"sparse_three_group",881,FALSE,FALSE,0
"sparse_three_group",882,FALSE,FALSE,0
"sparse_three_group",883,FALSE,FALSE,0
"sparse_three_group",884,FALSE,FALSE,0
"sparse_three_group",885,FALSE,FALSE,0
"sparse_three_group",886,TRUE,FALSE,0
"sparse_three_group",887,FALSE,FALSE,0
"sparse_three_group",888,FALSE,FALSE,0
"sparse_three_group",889,FALSE,FALSE,0
"sparse_three_group",890,FALSE,FALSE,0
"sparse_three_group",891,FALSE,FALSE,0
"sparse_three_group",892,FALSE,FALSE,0
"sparse_three_group",893,FALSE,FALSE,0
"sparse_three_group",894,FALSE,FALSE,0
"sparse_three_group",895,FALSE,FALSE,0
"sparse_three_group",896,FALSE,FALSE,0
"sparse_three_group",897,FALSE,FALSE,0
"sparse_three_group",898,FALSE,FALSE,0
"sparse_three_group",899,FALSE,FALSE,0
"sparse_three_group",900,FALSE,FALSE,0
"sparse_three_group",901,FALSE,FALSE,0
"sparse_three_group",902,FALSE,FALSE,0
"sparse_three_group",903,FALSE,FALSE,0
"sparse_three_group",904,FALSE,FALSE,0
"sparse_three_group",905,FALSE,FALSE,0
"sparse_three_group",906,FALSE,FALSE,0
"sparse_three_group",907,FALSE,FALSE,0
"sparse_three_group",908,TRUE,FALSE,0
"sparse_three_group",909,FALSE,FALSE,0
"sparse_three_group",910,FALSE,FALSE,0
"sparse_three_group",911,FALSE,FALSE,0
"sparse_three_group",912,FALSE,FALSE,0
"sparse_three_group",913,FALSE,FALSE,0
"sparse_three_group",914,FALSE,FALSE,0
"sparse_three_group",915,FALSE,FALSE,0
"sparse_three_group",916,FALSE,FALSE,0
"sparse_three_group",917,FALSE,FALSE,0
"sparse_three_group",918,FALSE,FALSE,0
"sparse_three_group",919,FALSE,FALSE,0
"sparse_three_group",920,FALSE,FALSE,0
"sparse_three_group",921,FALSE,FALSE,0
"sparse_three_group",922,FALSE,FALSE,0
"sparse_three_group",923,FALSE,FALSE,0
"sparse_three_group",924,FALSE,FALSE,0
"sparse_three_group",925,FALSE,FALSE,0
"sparse_three_group",926,FALSE,FALSE,0
"sparse_three_group",927,FALSE,FALSE,0
"sparse_three_group",928,FALSE,FALSE,0
"sparse_three_group",929,FALSE,FALSE,0
"sparse_three_group",930,FALSE,FALSE,0
"sparse_three_group",931,FALSE,FALSE,0
"sparse_three_group",932,FALSE,FALSE,0
"sparse_three_group",933,FALSE,FALSE,0
"sparse_three_group",934,FALSE,FALSE,0
"sparse_three_group",935,FALSE,FALSE,0
"sparse_three_group",936,FALSE,FALSE,0
"sparse_three_group",937,FALSE,FALSE,0
"sparse_three_group",938,FALSE,FALSE,0
"sparse_three_group",939,FALSE,FALSE,0
"sparse_three_group",940,FALSE,FALSE,0
"sparse_three_group",941,FALSE,FALSE,0
"sparse_three_group",942,FALSE,FALSE,0
"sparse_three_group",943,FALSE,FALSE,0
"sparse_three_group",944,FALSE,FALSE,0
"sparse_three_group",945,FALSE,FALSE,0
"sparse_three_group",946,FALSE,FALSE,0
"sparse_three_group",947,FALSE,FALSE,0
"sparse_three_group",948,FALSE,FALSE,0
"sparse_three_group",949,FALSE,FALSE,0
"sparse_three_group",950,FALSE,FALSE,0
"sparse_three_group",951,FALSE,FALSE,0
"sparse_three_group",952,TRUE,FALSE,0
"sparse_three_group",953,FALSE,FALSE,0
"sparse_three_group",954,FALSE,FALSE,0
"sparse_three_group",955,FALSE,FALSE,0
"sparse_three_group",956,FALSE,FALSE,0
"sparse_three_group",957,FALSE,FALSE,0
"sparse_three_group",958,FALSE,FALSE,0
"sparse_three_group",959,FALSE,FALSE,0
"sparse_three_group",960,FALSE,FALSE,0
"sparse_three_group",961,FALSE,FALSE,0
"sparse_three_group",962,FALSE,FALSE,0
"sparse_three_group",963,FALSE,FALSE,0
"sparse_three_group",964,FALSE,FALSE,0
"sparse_three_group",965,FALSE,FALSE,0
"sparse_three_group",966,FALSE,FALSE,0
"sparse_three_group",967,FALSE,FALSE,0
"sparse_three_group",968,FALSE,FALSE,0
"sparse_three_group",969,FALSE,FALSE,0
"sparse_three_group",970,FALSE,FALSE,0
"sparse_three_group",971,FALSE,FALSE,0
"sparse_three_group",972,FALSE,FALSE,0
"sparse_three_group",973,FALSE,FALSE,0
"sparse_three_group",974,FALSE,FALSE,0
"sparse_three_group",975,FALSE,FALSE,0
"sparse_three_group",976,FALSE,FALSE,0
"sparse_three_group",977,FALSE,FALSE,0
"sparse_three_group",978,FALSE,FALSE,0
"sparse_three_group",979,TRUE,FALSE,0
"sparse_three_group",980,FALSE,FALSE,0
"sparse_three_group",981,FALSE,FALSE,0
"sparse_three_group",982,FALSE,FALSE,0
"sparse_three_group",983,FALSE,FALSE,0
"sparse_three_group",984,FALSE,FALSE,0
"sparse_three_group",985,FALSE,FALSE,0
"sparse_three_group",986,FALSE,FALSE,0
"sparse_three_group",987,FALSE,FALSE,0
"sparse_three_group",988,FALSE,FALSE,0
"sparse_three_group",989,FALSE,FALSE,0
"sparse_three_group",990,FALSE,FALSE,0
"sparse_three_group",991,FALSE,FALSE,0
"sparse_three_group",992,FALSE,FALSE,0
"sparse_three_group",993,FALSE,FALSE,0
"sparse_three_group",994,FALSE,FALSE,0
"sparse_three_group",995,FALSE,FALSE,0
"sparse_three_group",996,FALSE,FALSE,0
"sparse_three_group",997,FALSE,FALSE,0
"sparse_three_group",998,FALSE,FALSE,0
"sparse_three_group",999,FALSE,FALSE,0
"sparse_three_group",1000,FALSE,FALSE,0
"sparse_three_group",1001,FALSE,FALSE,0
"sparse_three_group",1002,TRUE,FALSE,0
"sparse_three_group",1003,FALSE,FALSE,0
"sparse_three_group",1004,FALSE,FALSE,0
"sparse_three_group",1005,FALSE,FALSE,0
"sparse_three_group",1006,FALSE,FALSE,0
"sparse_three_group",1007,FALSE,FALSE,0
"sparse_three_group",1008,FALSE,FALSE,0
"sparse_three_group",1009,FALSE,FALSE,0
"sparse_three_group",1010,FALSE,FALSE,0
"sparse_three_group",1011,TRUE,FALSE,0
"sparse_three_group",1012,FALSE,FALSE,0
"sparse_three_group",1013,FALSE,FALSE,0
"sparse_three_group",1014,FALSE,FALSE,0
"sparse_three_group",1015,FALSE,FALSE,0
"sparse_three_group",1016,FALSE,FALSE,0
"sparse_three_group",1017,FALSE,FALSE,0
"sparse_three_group",1018,FALSE,FALSE,0
"sparse_three_group",1019,FALSE,FALSE,0
"sparse_three_group",1020,TRUE,FALSE,0
"sparse_three_group",1021,FALSE,FALSE,0
"sparse_three_group",1022,FALSE,FALSE,0
"sparse_three_group",1023,FALSE,FALSE,0
"sparse_three_group",1024,FALSE,FALSE,0
"sparse_three_group",1025,FALSE,FALSE,0
"sparse_three_group",1026,FALSE,FALSE,0
"sparse_three_group",1027,FALSE,FALSE,0
"sparse_three_group",1028,FALSE,FALSE,0
"sparse_three_group",1029,FALSE,FALSE,0
"sparse_three_group",1030,FALSE,FALSE,0
"sparse_three_group",1031,FALSE,FALSE,0
"sparse_three_group",1032,FALSE,FALSE,0
"sparse_three_group",1033,FALSE,FALSE,0
"sparse_three_group",1034,FALSE,FALSE,0
"sparse_three_group",1035,FALSE,FALSE,0
"sparse_three_group",1036,FALSE,FALSE,0
"sparse_three_group",1037,FALSE,FALSE,0
"sparse_three_group",1038,FALSE,FALSE,0
"sparse_three_group",1039,FALSE,FALSE,0
"sparse_three_group",1040,FALSE,FALSE,0
"sparse_three_group",1041,FALSE,FALSE,0
"sparse_three_group",1042,FALSE,FALSE,0
"sparse_three_group",1043,FALSE,FALSE,0
"sparse_three_group",1044,FALSE,FALSE,0
"sparse_three_group",1045,FALSE,FALSE,0
"sparse_three_group",1046,FALSE,FALSE,0
"sparse_three_group",1047,FALSE,FALSE,0
"sparse_three_group",1048,FALSE,FALSE,0
"sparse_three_group",1049,FALSE,FALSE,0
"sparse_three_group",1050,FALSE,FALSE,0
"sparse_three_group",1051,FALSE,FALSE,0
"sparse_three_group",1052,FALSE,FALSE,0
"sparse_three_group",1053,FALSE,FALSE,0
"sparse_three_group",1054,FALSE,FALSE,0
"sparse_three_group",1055,FALSE,FALSE,0
"sparse_three_group",1056,FALSE,FALSE,0
"sparse_three_group",1057,FALSE,FALSE,0
"sparse_three_group",1058,FALSE,FALSE,0
"sparse_three_group",1059,FALSE,FALSE,0
"sparse_three_group",1060,FALSE,FALSE,0
"sparse_three_group",1061,FALSE,FALSE,0
"sparse_three_group",1062,FALSE,FALSE,0
"sparse_three_group",1063,FALSE,FALSE,0
"sparse_three_group",1064,FALSE,FALSE,0
"sparse_three_group",1065,FALSE,FALSE,0
"sparse_three_group",1066,FALSE,FALSE,0
"sparse_three_group",1067,FALSE,FALSE,0
"sparse_three_group",1068,FALSE,FALSE,0
"sparse_three_group",1069,FALSE,FALSE,0
"sparse_three_group",1070,FALSE,FALSE,0
"sparse_three_group",1071,FALSE,FALSE,0
"sparse_three_group",1072,FALSE,FALSE,0
"sparse_three_group",1073,FALSE,FALSE,0
"sparse_three_group",1074,FALSE,FALSE,0
"sparse_three_group",1075,FALSE,FALSE,0
"sparse_three_group",1076,FALSE,FALSE,0
"sparse_three_group",1077,FALSE,FALSE,0
"sparse_three_group",1078,FALSE,FALSE,0
"sparse_three_group",1079,FALSE,FALSE,0
"sparse_three_group",1080,FALSE,FALSE,0
"sparse_three_group",1081,FALSE,FALSE,0
"sparse_three_group",1082,FALSE,FALSE,0
"sparse_three_group",1083,TRUE,FALSE,0
"sparse_three_group",1084,TRUE,FALSE,0
"sparse_three_group",1085,FALSE,FALSE,0
"sparse_three_group",1086,FALSE,FALSE,0
"sparse_three_group",1087,FALSE,FALSE,0
"sparse_three_group",1088,FALSE,FALSE,0
"sparse_three_group",1089,FALSE,FALSE,0
"sparse_three_group",1090,FALSE,FALSE,0
"sparse_three_group",1091,FALSE,FALSE,0
"sparse_three_group",1092,FALSE,FALSE,0
"sparse_three_group",1093,FALSE,FALSE,0
"sparse_three_group",1094,FALSE,FALSE,0
"sparse_three_group",1095,FALSE,FALSE,0
"sparse_three_group",1096,FALSE,FALSE,0
"sparse_three_group",1097,FALSE,FALSE,0
"sparse_three_group",1098,FALSE,FALSE,0
"sparse_three_group",1099,FALSE,FALSE,0
"sparse_three_group",1100,FALSE,FALSE,0
"sparse_three_group",1101,FALSE,FALSE,0
"sparse_three_group",1102,FALSE,FALSE,0
"sparse_three_group",1103,TRUE,FALSE,0
"sparse_three_group",1104,FALSE,FALSE,0
"sparse_three_group",1105,FALSE,FALSE,0
"sparse_three_group",1106,TRUE,FALSE,0
"sparse_three_group",1107,FALSE,FALSE,0
"sparse_three_group",1108,FALSE,FALSE,0
"sparse_three_group",1109,FALSE,FALSE,0
"sparse_three_group",1110,FALSE,FALSE,0
"sparse_three_group",1111,FALSE,FALSE,0
"sparse_three_group",1112,FALSE,FALSE,0
"sparse_three_group",1113,FALSE,FALSE,0
"sparse_three_group",1114,FALSE,FALSE,0
"sparse_three_group",1115,FALSE,FALSE,0
"sparse_three_group",1116,FALSE,FALSE,0
"sparse_three_group",1117,FALSE,FALSE,0
"sparse_three_group",1118,FALSE,FALSE,0
"sparse_three_group",1119,FALSE,FALSE,0
"sparse_three_group",1120,FALSE,FALSE,0
"sparse_three_group",1121,FALSE,FALSE,0
"sparse_three_group",1122,FALSE,FALSE,0
"sparse_three_group",1123,FALSE,FALSE,0
"sparse_three_group",1124,FALSE,FALSE,0
"sparse_three_group",1125,FALSE,FALSE,0
"sparse_three_group",1126,FALSE,FALSE,0
"sparse_three_group",1127,FALSE,FALSE,0
"sparse_three_group",1128,FALSE,FALSE,0
"sparse_three_group",1129,FALSE,FALSE,0
"sparse_three_group",1130,FALSE,FALSE,0
"sparse_three_group",1131,FALSE,FALSE,0
"sparse_three_group",1132,FALSE,FALSE,0
"sparse_three_group",1133,FALSE,FALSE,0
"sparse_three_group",1134,FALSE,FALSE,0
"sparse_three_group",1135,FALSE,FALSE,0
"sparse_three_group",1136,FALSE,FALSE,0
"sparse_three_group",1137,FALSE,FALSE,0
"sparse_three_group",1138,FALSE,FALSE,0
"sparse_three_group",1139,FALSE,FALSE,0
"sparse_three_group",1140,FALSE,FALSE,0
"sparse_three_group",1141,FALSE,FALSE,0
"sparse_three_group",1142,FALSE,FALSE,0
"sparse_three_group",1143,FALSE,FALSE,0
"sparse_three_group",1144,FALSE,FALSE,0
"sparse_three_group",1145,FALSE,FALSE,0
"sparse_three_group",1146,FALSE,FALSE,0
"sparse_three_group",1147,FALSE,FALSE,0
"sparse_three_group",1148,FALSE,FALSE,0
"sparse_three_group",1149,FALSE,FALSE,0
"sparse_three_group",1150,FALSE,FALSE,0
"sparse_three_group",1151,FALSE,FALSE,0
"sparse_three_group",1152,FALSE,FALSE,0
"sparse_three_group",1153,FALSE,FALSE,0
"sparse_three_group",1154,FALSE,FALSE,0
"sparse_three_group",1155,FALSE,FALSE,0
"sparse_three_group",1156,FALSE,FALSE,0
"sparse_three_group",1157,FALSE,FALSE,0
"sparse_three_group",1158,FALSE,FALSE,0
"sparse_three_group",1159,FALSE,FALSE,0
"sparse_three_group",1160,FALSE,FALSE,0
"sparse_three_group",1161,FALSE,FALSE,0
"sparse_three_group",1162,FALSE,FALSE,0
"sparse_three_group",1163,FALSE,FALSE,0
"sparse_three_group",1164,FALSE,FALSE,0
"sparse_three_group",1165,FALSE,FALSE,0
"sparse_three_group",1166,FALSE,FALSE,0
"sparse_three_group",1167,FALSE,FALSE,0
"sparse_three_group",1168,FALSE,FALSE,0
"sparse_three_group",1169,FALSE,FALSE,0
"sparse_three_group",1170,FALSE,FALSE,0
"sparse_three_group",1171,FALSE,FALSE,0
"sparse_three_group",1172,FALSE,FALSE,0
"sparse_three_group",1173,FALSE,FALSE,0
"sparse_three_group",1174,FALSE,FALSE,0
"sparse_three_group",1175,FALSE,FALSE,0
"sparse_three_group",1176,FALSE,FALSE,0
"sparse_three_group",1177,FALSE,FALSE,0
"sparse_three_group",1178,FALSE,FALSE,0
"sparse_three_group",1179,FALSE,FALSE,0
"sparse_three_group",1180,FALSE,FALSE,0
"sparse_three_group",1181,FALSE,FALSE,0
"sparse_three_group",1182,FALSE,FALSE,0
"sparse_three_group",1183,FALSE,FALSE,0
"sparse_three_group",1184,FALSE,FALSE,0
"sparse_three_group",1185,FALSE,FALSE,0
"sparse_three_group",1186,FALSE,FALSE,0
"sparse_three_group",1187,FALSE,FALSE,0
"sparse_three_group",1188,FALSE,FALSE,0
"sparse_three_group",1189,FALSE,FALSE,0
"sparse_three_group",1190,FALSE,FALSE,0
"sparse_three_group",1191,FALSE,FALSE,0
"sparse_three_group",1192,FALSE,FALSE,0
"sparse_three_group",1193,FALSE,FALSE,0
"sparse_three_group",1194,FALSE,FALSE,0
"sparse_three_group",1195,FALSE,FALSE,0
"sparse_three_group",1196,FALSE,FALSE,0
"sparse_three_group",1197,FALSE,FALSE,0
"sparse_three_group",1198,FALSE,FALSE,0
"sparse_three_group",1199,FALSE,FALSE,0
"sparse_three_group",1200,FALSE,FALSE,0
"sparse_three_group",1201,FALSE,FALSE,0
"sparse_three_group",1202,FALSE,FALSE,0
"sparse_three_group",1203,FALSE,FALSE,0
"sparse_three_group",1204,FALSE,FALSE,0
"sparse_three_group",1205,FALSE,FALSE,0
"sparse_three_group",1206,FALSE,FALSE,0
"sparse_three_group",1207,FALSE,FALSE,0
"sparse_three_group",1208,FALSE,FALSE,0
"sparse_three_group",1209,FALSE,FALSE,0
"sparse_three_group",1210,FALSE,FALSE,0
"sparse_three_group",1211,FALSE,FALSE,0
"sparse_three_group",1212,FALSE,FALSE,0
"sparse_three_group",1213,FALSE,FALSE,0
"sparse_three_group",1214,FALSE,FALSE,0
"sparse_three_group",1215,FALSE,FALSE,0
"sparse_three_group",1216,FALSE,FALSE,0
"sparse_three_group",1217,FALSE,FALSE,0
"sparse_three_group",1218,FALSE,FALSE,0
"sparse_three_group",1219,FALSE,FALSE,0
"sparse_three_group",1220,FALSE,FALSE,0
"sparse_three_group",1221,FALSE,FALSE,0
"sparse_three_group",1222,FALSE,FALSE,0
"sparse_three_group",1223,TRUE,FALSE,0
"sparse_three_group",1224,FALSE,FALSE,0
"sparse_three_group",1225,FALSE,FALSE,0
"sparse_three_group",1226,FALSE,FALSE,0
"sparse_three_group",1227,FALSE,FALSE,0
"sparse_three_group",1228,FALSE,FALSE,0
"sparse_three_group",1229,FALSE,FALSE,0
"sparse_three_group",1230,FALSE,FALSE,0
"sparse_three_group",1231,FALSE,FALSE,0
"sparse_three_group",1232,FALSE,FALSE,0
"sparse_three_group",1233,FALSE,FALSE,0
"sparse_three_group",1234,FALSE,FALSE,0
"sparse_three_group",1235,FALSE,FALSE,0
"sparse_three_group",1236,FALSE,FALSE,0
"sparse_three_group",1237,TRUE,FALSE,0
"sparse_three_group",1238,FALSE,FALSE,0
"sparse_three_group",1239,TRUE,FALSE,0
"sparse_three_group",1240,FALSE,FALSE,0
"sparse_three_group",1241,FALSE,FALSE,0
"sparse_three_group",1242,FALSE,FALSE,0
"sparse_three_group",1243,FALSE,FALSE,0
"sparse_three_group",1244,FALSE,FALSE,0
"sparse_three_group",1245,FALSE,FALSE,0
"sparse_three_group",1246,FALSE,FALSE,0
"sparse_three_group",1247,FALSE,FALSE,0
"sparse_three_group",1248,FALSE,FALSE,0
"sparse_three_group",1249,FALSE,FALSE,0
"sparse_three_group",1250,FALSE,FALSE,0
"sparse_three_group",1251,FALSE,FALSE,0
"sparse_three_group",1252,FALSE,FALSE,0
"sparse_three_group",1253,FALSE,FALSE,0
"sparse_three_group",1254,FALSE,FALSE,0
"sparse_three_group",1255,FALSE,FALSE,0
"sparse_three_group",1256,FALSE,FALSE,0
"sparse_three_group",1257,FALSE,FALSE,0
"sparse_three_group",1258,FALSE,FALSE,0
"sparse_three_group",1259,FALSE,FALSE,0
"sparse_three_group",1260,FALSE,FALSE,0
"sparse_three_group",1261,FALSE,FALSE,0
"sparse_three_group",1262,FALSE,FALSE,0
"sparse_three_group",1263,FALSE,FALSE,0
"sparse_three_group",1264,FALSE,FALSE,0
"sparse_three_group",1265,FALSE,FALSE,0
"sparse_three_group",1266,FALSE,FALSE,0
"sparse_three_group",1267,FALSE,FALSE,0
"sparse_three_group",1268,FALSE,FALSE,0
"sparse_three_group",1269,FALSE,FALSE,0
"sparse_three_group",1270,FALSE,FALSE,0
"sparse_three_group",1271,FALSE,FALSE,0
"sparse_three_group",1272,FALSE,FALSE,0
"sparse_three_group",1273,FALSE,FALSE,0
"sparse_three_group",1274,FALSE,FALSE,0
"sparse_three_group",1275,FALSE,FALSE,0
"sparse_three_group",1276,FALSE,FALSE,0
"sparse_three_group",1277,FALSE,FALSE,0
"sparse_three_group",1278,FALSE,FALSE,0
"sparse_three_group",1279,FALSE,FALSE,0
"sparse_three_group",1280,FALSE,FALSE,0
"sparse_three_group",1281,FALSE,FALSE,0
"sparse_three_group",1282,FALSE,FALSE,0
"sparse_three_group",1283,FALSE,FALSE,0
"sparse_three_group",1284,FALSE,FALSE,0
"sparse_three_group",1285,TRUE,FALSE,0
"sparse_three_group",1286,FALSE,FALSE,0
"sparse_three_group",1287,FALSE,FALSE,0
"sparse_three_group",1288,FALSE,FALSE,0
"sparse_three_group",1289,FALSE,FALSE,0
"sparse_three_group",1290,FALSE,FALSE,0
"sparse_three_group",1291,FALSE,FALSE,0
"sparse_three_group",1292,FALSE,FALSE,0
"sparse_three_group",1293,FALSE,FALSE,0
"sparse_three_group",1294,FALSE,FALSE,0
"sparse_three_group",1295,FALSE,FALSE,0
"sparse_three_group",1296,FALSE,FALSE,0
"sparse_three_group",1297,FALSE,FALSE,0
"sparse_three_group",1298,FALSE,FALSE,0
"sparse_three_group",1299,FALSE,FALSE,0
"sparse_three_group",1300,FALSE,FALSE,0
"sparse_three_group",1301,FALSE,FALSE,0
"sparse_three_group",1302,FALSE,FALSE,0
"sparse_three_group",1303,FALSE,FALSE,0
"sparse_three_group",1304,FALSE,FALSE,0
"sparse_three_group",1305,FALSE,FALSE,0
"sparse_three_group",1306,FALSE,FALSE,0
"sparse_three_group",1307,FALSE,FALSE,0
"sparse_three_group",1308,FALSE,FALSE,0
"sparse_three_group",1309,FALSE,FALSE,0
"sparse_three_group",1310,FALSE,FALSE,0
"sparse_three_group",1311,FALSE,FALSE,0
"sparse_three_group",1312,FALSE,FALSE,0
"sparse_three_group",1313,FALSE,FALSE,0
"sparse_three_group",1314,FALSE,FALSE,0
"sparse_three_group",1315,FALSE,FALSE,0
"sparse_three_group",1316,FALSE,FALSE,0
"sparse_three_group",1317,FALSE,FALSE,0
"sparse_three_group",1318,FALSE,FALSE,0
"sparse_three_group",1319,FALSE,FALSE,0
"sparse_three_group",1320,FALSE,FALSE,0
"sparse_three_group",1321,FALSE,FALSE,0
"sparse_three_group",1322,FALSE,FALSE,0
"sparse_three_group",1323,FALSE,FALSE,0
"sparse_three_group",1324,FALSE,FALSE,0
"sparse_three_group",1325,FALSE,FALSE,0
"sparse_three_group",1326,FALSE,FALSE,0
"sparse_three_group",1327,FALSE,FALSE,0
"sparse_three_group",1328,FALSE,FALSE,0
"sparse_three_group",1329,FALSE,FALSE,0
"sparse_three_group",1330,FALSE,FALSE,0
"sparse_three_group",1331,FALSE,FALSE,0
"sparse_three_group",1332,FALSE,FALSE,0
"sparse_three_group",1333,FALSE,FALSE,0
"sparse_three_group",1334,FALSE,FALSE,0
"sparse_three_group",1335,FALSE,FALSE,0
"sparse_three_group",1336,FALSE,FALSE,0
"sparse_three_group",1337,FALSE,FALSE,0
"sparse_three_group",1338,FALSE,FALSE,0
"sparse_three_group",1339,FALSE,FALSE,0
"sparse_three_group",1340,FALSE,FALSE,0
"sparse_three_group",1341,FALSE,FALSE,0
"sparse_three_group",1342,FALSE,FALSE,0
"sparse_three_group",1343,FALSE,FALSE,0
"sparse_three_group",1344,FALSE,FALSE,0
"sparse_three_group",1345,FALSE,FALSE,0
"sparse_three_group",1346,FALSE,FALSE,0
"sparse_three_group",1347,FALSE,FALSE,0
"sparse_three_group",1348,FALSE,FALSE,0
"sparse_three_group",1349,FALSE,FALSE,0
"sparse_three_group",1350,FALSE,FALSE,0
"sparse_three_group",1351,FALSE,FALSE,0
"sparse_three_group",1352,FALSE,FALSE,0
"sparse_three_group",1353,FALSE,FALSE,0
"sparse_three_group",1354,FALSE,FALSE,0
"sparse_three_group",1355,FALSE,FALSE,0
"sparse_three_group",1356,FALSE,FALSE,0
"sparse_three_group",1357,FALSE,FALSE,0
"sparse_three_group",1358,FALSE,FALSE,0
"sparse_three_group",1359,FALSE,FALSE,0
"sparse_three_group",1360,FALSE,FALSE,0
"sparse_three_group",1361,FALSE,FALSE,0
"sparse_three_group",1362,FALSE,FALSE,0
"sparse_three_group",1363,FALSE,FALSE,0
"sparse_three_group",1364,FALSE,FALSE,0
"sparse_three_group",1365,FALSE,FALSE,0
"sparse_three_group",1366,FALSE,FALSE,0
"sparse_three_group",1367,FALSE,FALSE,0
"sparse_three_group",1368,FALSE,FALSE,0
"sparse_three_group",1369,FALSE,FALSE,0
"sparse_three_group",1370,FALSE,FALSE,0
"sparse_three_group",1371,FALSE,FALSE,0
"sparse_three_group",1372,FALSE,FALSE,0
"sparse_three_group",1373,FALSE,FALSE,0
"sparse_three_group",1374,FALSE,FALSE,0
"sparse_three_group",1375,FALSE,FALSE,0
"sparse_three_group",1376,FALSE,FALSE,0
"sparse_three_group",1377,FALSE,FALSE,0
"sparse_three_group",1378,FALSE,FALSE,0
"sparse_three_group",1379,FALSE,FALSE,0
"sparse_three_group",1380,FALSE,FALSE,0
"sparse_three_group",1381,FALSE,FALSE,0
"sparse_three_group",1382,FALSE,FALSE,0
"sparse_three_group",1383,FALSE,FALSE,0
"sparse_three_group",1384,FALSE,FALSE,0
"sparse_three_group",1385,FALSE,FALSE,0
"sparse_three_group",1386,FALSE,FALSE,0
"sparse_three_group",1387,FALSE,FALSE,0
"sparse_three_group",1388,FALSE,FALSE,0
"sparse_three_group",1389,FALSE,FALSE,0
"sparse_three_group",1390,FALSE,FALSE,0
"sparse_three_group",1391,FALSE,FALSE,0
"sparse_three_group",1392,FALSE,FALSE,0
"sparse_three_group",1393,FALSE,FALSE,0
"sparse_three_group",1394,FALSE,FALSE,0
"sparse_three_group",1395,FALSE,FALSE,0
"sparse_three_group",1396,FALSE,FALSE,0
"sparse_three_group",1397,FALSE,FALSE,0
"sparse_three_group",1398,FALSE,FALSE,0
"sparse_three_group",1399,FALSE,FALSE,0
"sparse_three_group",1400,FALSE,FALSE,0
"sparse_three_group",1401,FALSE,FALSE,0
"sparse_three_group",1402,FALSE,FALSE,0
"sparse_three_group",1403,FALSE,FALSE,0
"sparse_three_group",1404,FALSE,FALSE,0
"sparse_three_group",1405,FALSE,FALSE,0
"sparse_three_group",1406,FALSE,FALSE,0
"sparse_three_group",1407,FALSE,FALSE,0
"sparse_three_group",1408,FALSE,FALSE,0
"sparse_three_group",1409,FALSE,FALSE,0
"sparse_three_group",1410,FALSE,FALSE,0
"sparse_three_group",1411,FALSE,FALSE,0
"sparse_three_group",1412,FALSE,FALSE,0
"sparse_three_group",1413,FALSE,FALSE,0
"sparse_three_group",1414,FALSE,FALSE,0
"sparse_three_group",1415,FALSE,FALSE,0
"sparse_three_group",1416,FALSE,FALSE,0
"sparse_three_group",1417,FALSE,FALSE,0
"sparse_three_group",1418,FALSE,FALSE,0
"sparse_three_group",1419,FALSE,FALSE,0
"sparse_three_group",1420,FALSE,FALSE,0
"sparse_three_group",1421,FALSE,FALSE,0
"sparse_three_group",1422,FALSE,FALSE,0
"sparse_three_group",1423,FALSE,FALSE,0
"sparse_three_group",1424,FALSE,FALSE,0
"sparse_three_group",1425,FALSE,FALSE,0
"sparse_three_group",1426,FALSE,FALSE,0
"sparse_three_group",1427,FALSE,FALSE,0
"sparse_three_group",1428,FALSE,FALSE,0
"sparse_three_group",1429,FALSE,FALSE,0
"sparse_three_group",1430,FALSE,FALSE,0
"sparse_three_group",1431,FALSE,FALSE,0
"sparse_three_group",1432,FALSE,FALSE,0
"sparse_three_group",1433,FALSE,FALSE,0
"sparse_three_group",1434,FALSE,FALSE,0
"sparse_three_group",1435,FALSE,FALSE,0
"sparse_three_group",1436,FALSE,FALSE,0
"sparse_three_group",1437,FALSE,FALSE,0
"sparse_three_group",1438,FALSE,FALSE,0
"sparse_three_group",1439,FALSE,FALSE,0
"sparse_three_group",1440,FALSE,FALSE,0
"sparse_three_group",1441,FALSE,FALSE,0
"sparse_three_group",1442,FALSE,FALSE,0
"sparse_three_group",1443,FALSE,FALSE,0
"sparse_three_group",1444,FALSE,FALSE,0
"sparse_three_group",1445,FALSE,FALSE,0
"sparse_three_group",1446,FALSE,FALSE,0
"sparse_three_group",1447,FALSE,FALSE,0
"sparse_three_group",1448,FALSE,FALSE,0
"sparse_three_group",1449,FALSE,FALSE,0
"sparse_three_group",1450,FALSE,FALSE,0
"sparse_three_group",1451,FALSE,FALSE,0
"sparse_three_group",1452,FALSE,FALSE,0
"sparse_three_group",1453,TRUE,FALSE,0
"sparse_three_group",1454,FALSE,FALSE,0
"sparse_three_group",1455,FALSE,FALSE,0
"sparse_three_group",1456,FALSE,FALSE,0
"sparse_three_group",1457,FALSE,FALSE,0
"sparse_three_group",1458,FALSE,FALSE,0
"sparse_three_group",1459,FALSE,FALSE,0
"sparse_three_group",1460,FALSE,FALSE,0
"sparse_three_group",1461,FALSE,FALSE,0
"sparse_three_group",1462,FALSE,FALSE,0
"sparse_three_group",1463,FALSE,FALSE,0
"sparse_three_group",1464,FALSE,FALSE,0
"sparse_three_group",1465,FALSE,FALSE,0
"sparse_three_group",1466,FALSE,FALSE,0
"sparse_three_group",1467,FALSE,FALSE,0
"sparse_three_group",1468,FALSE,FALSE,0
"sparse_three_group",1469,FALSE,FALSE,0
"sparse_three_group",1470,FALSE,FALSE,0
"sparse_three_group",1471,FALSE,FALSE,0
"sparse_three_group",1472,FALSE,FALSE,0
"sparse_three_group",1473,FALSE,FALSE,0
"sparse_three_group",1474,FALSE,FALSE,0
"sparse_three_group",1475,FALSE,FALSE,0
"sparse_three_group",1476,FALSE,FALSE,0
"sparse_three_group",1477,FALSE,FALSE,0
"sparse_three_group",1478,FALSE,FALSE,0
"sparse_three_group",1479,FALSE,FALSE,0
"sparse_three_group",1480,FALSE,FALSE,0
"sparse_three_group",1481,FALSE,FALSE,0
"sparse_three_group",1482,FALSE,FALSE,0
"sparse_three_group",1483,TRUE,FALSE,0
"sparse_three_group",1484,FALSE,FALSE,0
"sparse_three_group",1485,FALSE,FALSE,0
"sparse_three_group",1486,FALSE,FALSE,0
"sparse_three_group",1487,FALSE,FALSE,0
"sparse_three_group",1488,FALSE,FALSE,0
"sparse_three_group",1489,FALSE,FALSE,0
"sparse_three_group",1490,FALSE,FALSE,0
"sparse_three_group",1491,FALSE,FALSE,0
"sparse_three_group",1492,FALSE,FALSE,0
"sparse_three_group",1493,FALSE,FALSE,0
"sparse_three_group",1494,FALSE,FALSE,0
"sparse_three_group",1495,TRUE,FALSE,0
"sparse_three_group",1496,FALSE,FALSE,0
"sparse_three_group",1497,FALSE,FALSE,0
"sparse_three_group",1498,FALSE,FALSE,0
"sparse_three_group",1499,FALSE,FALSE,0
"sparse_three_group",1500,FALSE,FALSE,0
"sparse_three_group",1501,FALSE,FALSE,0
"sparse_three_group",1502,FALSE,FALSE,0
"sparse_three_group",1503,TRUE,FALSE,0
"sparse_three_group",1504,FALSE,FALSE,0
"sparse_three_group",1505,FALSE,FALSE,0
"sparse_three_group",1506,FALSE,FALSE,0
"sparse_three_group",1507,FALSE,FALSE,0
"sparse_three_group",1508,FALSE,FALSE,0
"sparse_three_group",1509,FALSE,FALSE,0
"sparse_three_group",1510,FALSE,FALSE,0
"sparse_three_group",1511,FALSE,FALSE,0
"sparse_three_group",1512,FALSE,FALSE,0
"sparse_three_group",1513,FALSE,FALSE,0
"sparse_three_group",1514,FALSE,FALSE,0
"sparse_three_group",1515,FALSE,FALSE,0
"sparse_three_group",1516,FALSE,FALSE,0
"sparse_three_group",1517,FALSE,FALSE,0
"sparse_three_group",1518,FALSE,FALSE,0
"sparse_three_group",1519,FALSE,FALSE,0
"sparse_three_group",1520,FALSE,FALSE,0
"sparse_three_group",1521,FALSE,FALSE,0
"sparse_three_group",1522,FALSE,FALSE,0
"sparse_three_group",1523,FALSE,FALSE,0
"sparse_three_group",1524,FALSE,FALSE,0
"sparse_three_group",1525,FALSE,FALSE,0
"sparse_three_group",1526,FALSE,FALSE,0
"sparse_three_group",1527,FALSE,FALSE,0
"sparse_three_group",1528,FALSE,FALSE,0
"sparse_three_group",1529,FALSE,FALSE,0
"sparse_three_group",1530,FALSE,FALSE,0
"sparse_three_group",1531,FALSE,FALSE,0
"sparse_three_group",1532,FALSE,FALSE,0
"sparse_three_group",1533,FALSE,FALSE,0
"sparse_three_group",1534,FALSE,FALSE,0
"sparse_three_group",1535,TRUE,FALSE,0
"sparse_three_group",1536,FALSE,FALSE,0
"sparse_three_group",1537,FALSE,FALSE,0
"sparse_three_group",1538,FALSE,FALSE,0
"sparse_three_group",1539,FALSE,FALSE,0
"sparse_three_group",1540,FALSE,FALSE,0
"sparse_three_group",1541,FALSE,FALSE,0
"sparse_three_group",1542,FALSE,FALSE,0
"sparse_three_group",1543,FALSE,FALSE,0
"sparse_three_group",1544,FALSE,FALSE,0
"sparse_three_group",1545,FALSE,FALSE,0
"sparse_three_group",1546,FALSE,FALSE,0
"sparse_three_group",1547,FALSE,FALSE,0
"sparse_three_group",1548,FALSE,FALSE,0
"sparse_three_group",1549,FALSE,FALSE,0
"sparse_three_group",1550,FALSE,FALSE,0
"sparse_three_group",1551,FALSE,FALSE,0
"sparse_three_group",1552,TRUE,FALSE,0
"sparse_three_group",1553,FALSE,FALSE,0
"sparse_three_group",1554,FALSE,FALSE,0
"sparse_three_group",1555,FALSE,FALSE,0
"sparse_three_group",1556,FALSE,FALSE,0
"sparse_three_group",1557,FALSE,FALSE,0
"sparse_three_group",1558,FALSE,FALSE,0
"sparse_three_group",1559,FALSE,FALSE,0
"sparse_three_group",1560,FALSE,FALSE,0
"sparse_three_group",1561,FALSE,FALSE,0
"sparse_three_group",1562,FALSE,FALSE,0
"sparse_three_group",1563,FALSE,FALSE,0
"sparse_three_group",1564,FALSE,FALSE,0
"sparse_three_group",1565,FALSE,FALSE,0
"sparse_three_group",1566,FALSE,FALSE,0
"sparse_three_group",1567,FALSE,FALSE,0
"sparse_three_group",1568,FALSE,FALSE,0
"sparse_three_group",1569,FALSE,FALSE,0
"sparse_three_group",1570,FALSE,FALSE,0
"sparse_three_group",1571,FALSE,FALSE,0
"sparse_three_group",1572,FALSE,FALSE,0
"sparse_three_group",1573,FALSE,FALSE,0
"sparse_three_group",1574,FALSE,FALSE,0
"sparse_three_group",1575,FALSE,FALSE,0
"sparse_three_group",1576,FALSE,FALSE,0
"sparse_three_group",1577,FALSE,FALSE,0
"sparse_three_group",1578,FALSE,FALSE,0
"sparse_three_group",1579,FALSE,FALSE,0
"sparse_three_group",1580,FALSE,FALSE,0
"sparse_three_group",1581,FALSE,FALSE,0
"sparse_three_group",1582,FALSE,FALSE,0
"sparse_three_group",1583,FALSE,FALSE,0
"sparse_three_group",1584,FALSE,FALSE,0
"sparse_three_group",1585,FALSE,FALSE,0
"sparse_three_group",1586,FALSE,FALSE,0
"sparse_three_group",1587,FALSE,FALSE,0
"sparse_three_group",1588,FALSE,FALSE,0
"sparse_three_group",1589,FALSE,FALSE,0
"sparse_three_group",1590,FALSE,FALSE,0
"sparse_three_group",1591,FALSE,FALSE,0
"sparse_three_group",1592,FALSE,FALSE,0
"sparse_three_group",1593,FALSE,FALSE,0
"sparse_three_group",1594,FALSE,FALSE,0
"sparse_three_group",1595,FALSE,FALSE,0
"sparse_three_group",1596,FALSE,FALSE,0
"sparse_three_group",1597,FALSE,FALSE,0
"sparse_three_group",1598,FALSE,FALSE,0
"sparse_three_group",1599,FALSE,FALSE,0
"sparse_three_group",1600,FALSE,FALSE,0
"sparse_three_group",1601,FALSE,FALSE,0
"sparse_three_group",1602,FALSE,FALSE,0
"sparse_three_group",1603,FALSE,FALSE,0
"sparse_three_group",1604,FALSE,FALSE,0
"sparse_three_group",1605,FALSE,FALSE,0
"sparse_three_group",1606,FALSE,FALSE,0
"sparse_three_group",1607,FALSE,FALSE,0
"sparse_three_group",1608,FALSE,FALSE,0
"sparse_three_group",1609,FALSE,FALSE,0
"sparse_three_group",1610,FALSE,FALSE,0
"sparse_three_group",1611,FALSE,FALSE,0
"sparse_three_group",1612,FALSE,FALSE,0
"sparse_three_group",1613,FALSE,FALSE,0
"sparse_three_group",1614,FALSE,FALSE,0
"sparse_three_group",1615,FALSE,FALSE,0
"sparse_three_group",1616,FALSE,FALSE,0
"sparse_three_group",1617,FALSE,FALSE,0
"sparse_three_group",1618,FALSE,FALSE,0
"sparse_three_group",1619,FALSE,FALSE,0
"sparse_three_group",1620,FALSE,FALSE,0
"sparse_three_group",1621,FALSE,FALSE,0
"sparse_three_group",1622,FALSE,FALSE,0
"sparse_three_group",1623,FALSE,FALSE,0
"sparse_three_group",1624,FALSE,FALSE,0
"sparse_three_group",1625,TRUE,FALSE,0
"sparse_three_group",1626,FALSE,FALSE,0
"sparse_three_group",1627,FALSE,FALSE,0
"sparse_three_group",1628,FALSE,FALSE,0
"sparse_three_group",1629,FALSE,FALSE,0
"sparse_three_group",1630,FALSE,FALSE,0
"sparse_three_group",1631,FALSE,FALSE,0
"sparse_three_group",1632,FALSE,FALSE,0
"sparse_three_group",1633,FALSE,FALSE,0
"sparse_three_group",1634,FALSE,FALSE,0
"sparse_three_group",1635,FALSE,FALSE,0
"sparse_three_group",1636,FALSE,FALSE,0
"sparse_three_group",1637,FALSE,FALSE,0
"sparse_three_group",1638,FALSE,FALSE,0
"sparse_three_group",1639,FALSE,FALSE,0
"sparse_three_group",1640,FALSE,FALSE,0
"sparse_three_group",1641,FALSE,FALSE,0
"sparse_three_group",1642,FALSE,FALSE,0
"sparse_three_group",1643,FALSE,FALSE,0
"sparse_three_group",1644,FALSE,FALSE,0
"sparse_three_group",1645,FALSE,FALSE,0
"sparse_three_group",1646,FALSE,FALSE,0
"sparse_three_group",1647,TRUE,FALSE,0
"sparse_three_group",1648,FALSE,FALSE,0
"sparse_three_group",1649,FALSE,FALSE,0
"sparse_three_group",1650,FALSE,FALSE,0
"sparse_three_group",1651,FALSE,FALSE,0
"sparse_three_group",1652,FALSE,FALSE,0
"sparse_three_group",1653,FALSE,FALSE,0
"sparse_three_group",1654,FALSE,FALSE,0
"sparse_three_group",1655,FALSE,FALSE,0
"sparse_three_group",1656,FALSE,FALSE,0
"sparse_three_group",1657,FALSE,FALSE,0
"sparse_three_group",1658,FALSE,FALSE,0
"sparse_three_group",1659,FALSE,FALSE,0
"sparse_three_group",1660,FALSE,FALSE,0
"sparse_three_group",1661,FALSE,FALSE,0
"sparse_three_group",1662,FALSE,FALSE,0
"sparse_three_group",1663,FALSE,FALSE,0
"sparse_three_group",1664,FALSE,FALSE,0
"sparse_three_group",1665,FALSE,FALSE,0
"sparse_three_group",1666,FALSE,FALSE,0
"sparse_three_group",1667,FALSE,FALSE,0
"sparse_three_group",1668,FALSE,FALSE,0
"sparse_three_group",1669,FALSE,FALSE,0
"sparse_three_group",1670,FALSE,FALSE,0
"sparse_three_group",1671,FALSE,FALSE,0
"sparse_three_group",1672,FALSE,FALSE,0
"sparse_three_group",1673,FALSE,FALSE,0
"sparse_three_group",1674,FALSE,FALSE,0
"sparse_three_group",1675,FALSE,FALSE,0
"sparse_three_group",1676,FALSE,FALSE,0
"sparse_three_group",1677,FALSE,FALSE,0
"sparse_three_group",1678,FALSE,FALSE,0
"sparse_three_group",1679,FALSE,FALSE,0
"sparse_three_group",1680,FALSE,FALSE,0
"sparse_three_group",1681,FALSE,FALSE,0
"sparse_three_group",1682,FALSE,FALSE,0
"sparse_three_group",1683,FALSE,FALSE,0
"sparse_three_group",1684,FALSE,FALSE,0
"sparse_three_group",1685,FALSE,FALSE,0
"sparse_three_group",1686,FALSE,FALSE,0
"sparse_three_group",1687,FALSE,FALSE,0
"sparse_three_group",1688,TRUE,FALSE,0
"sparse_three_group",1689,FALSE,FALSE,0
"sparse_three_group",1690,TRUE,FALSE,0
"sparse_three_group",1691,FALSE,FALSE,0
"sparse_three_group",1692,FALSE,FALSE,0
"sparse_three_group",1693,FALSE,FALSE,0
"sparse_three_group",1694,TRUE,FALSE,0
"sparse_three_group",1695,FALSE,FALSE,0
"sparse_three_group",1696,FALSE,FALSE,0
"sparse_three_group",1697,FALSE,FALSE,0
"sparse_three_group",1698,FALSE,FALSE,0
"sparse_three_group",1699,FALSE,FALSE,0
"sparse_three_group",1700,FALSE,FALSE,0
"sparse_three_group",1701,FALSE,FALSE,0
"sparse_three_group",1702,FALSE,FALSE,0
"sparse_three_group",1703,FALSE,FALSE,0
"sparse_three_group",1704,FALSE,FALSE,0
"sparse_three_group",1705,FALSE,FALSE,0
"sparse_three_group",1706,FALSE,FALSE,0
"sparse_three_group",1707,FALSE,FALSE,0
"sparse_three_group",1708,FALSE,FALSE,0
"sparse_three_group",1709,FALSE,FALSE,0
"sparse_three_group",1710,FALSE,FALSE,0
"sparse_three_group",1711,FALSE,FALSE,0
"sparse_three_group",1712,FALSE,FALSE,0
"sparse_three_group",1713,FALSE,FALSE,0
"sparse_three_group",1714,FALSE,FALSE,0
"sparse_three_group",1715,FALSE,FALSE,0
"sparse_three_group",1716,FALSE,FALSE,0
"sparse_three_group",1717,FALSE,FALSE,0
"sparse_three_group",1718,FALSE,FALSE,0
"sparse_three_group",1719,FALSE,FALSE,0
"sparse_three_group",1720,FALSE,FALSE,0
"sparse_three_group",1721,FALSE,FALSE,0
"sparse_three_group",1722,FALSE,FALSE,0
"sparse_three_group",1723,FALSE,FALSE,0
"sparse_three_group",1724,FALSE,FALSE,0
"sparse_three_group",1725,FALSE,FALSE,0
"sparse_three_group",1726,FALSE,FALSE,0
"sparse_three_group",1727,FALSE,FALSE,0
"sparse_three_group",1728,FALSE,FALSE,0
"sparse_three_group",1729,FALSE,FALSE,0
"sparse_three_group",1730,FALSE,FALSE,0
"sparse_three_group",1731,FALSE,FALSE,0
"sparse_three_group",1732,FALSE,FALSE,0
"sparse_three_group",1733,FALSE,FALSE,0
"sparse_three_group",1734,FALSE,FALSE,0
"sparse_three_group",1735,FALSE,FALSE,0
"sparse_three_group",1736,FALSE,FALSE,0
"sparse_three_group",1737,FALSE,FALSE,0
"sparse_three_group",1738,FALSE,FALSE,0
"sparse_three_group",1739,FALSE,FALSE,0
"sparse_three_group",1740,FALSE,FALSE,0
"sparse_three_group",1741,FALSE,FALSE,0
"sparse_three_group",1742,FALSE,FALSE,0
"sparse_three_group",1743,FALSE,FALSE,0
"sparse_three_group",1744,FALSE,FALSE,0
"sparse_three_group",1745,FALSE,FALSE,0
"sparse_three_group",1746,FALSE,FALSE,0
"sparse_three_group",1747,FALSE,FALSE,0
"sparse_three_group",1748,FALSE,FALSE,0
"sparse_three_group",1749,FALSE,FALSE,0
"sparse_three_group",1750,FALSE,FALSE,0
"sparse_three_group",1751,TRUE,FALSE,0
"sparse_three_group",1752,FALSE,FALSE,0
"sparse_three_group",1753,FALSE,FALSE,0
"sparse_three_group",1754,FALSE,FALSE,0
"sparse_three_group",1755,FALSE,FALSE,0
"sparse_three_group",1756,FALSE,FALSE,0
"sparse_three_group",1757,FALSE,FALSE,0
"sparse_three_group",1758,FALSE,FALSE,0
"sparse_three_group",1759,FALSE,FALSE,0
"sparse_three_group",1760,FALSE,FALSE,0
"sparse_three_group",1761,FALSE,FALSE,0
"sparse_three_group",1762,FALSE,FALSE,0
"sparse_three_group",1763,FALSE,FALSE,0
"sparse_three_group",1764,FALSE,FALSE,0
"sparse_three_group",1765,FALSE,FALSE,0
"sparse_three_group",1766,FALSE,FALSE,0
"sparse_three_group",1767,FALSE,FALSE,0
"sparse_three_group",1768,FALSE,FALSE,0
"sparse_three_group",1769,FALSE,FALSE,0
"sparse_three_group",1770,FALSE,FALSE,0
"sparse_three_group",1771,FALSE,FALSE,0
"sparse_three_group",1772,FALSE,FALSE,0
"sparse_three_group",1773,FALSE,FALSE,0
"sparse_three_group",1774,FALSE,FALSE,0
"sparse_three_group",1775,FALSE,FALSE,0
"sparse_three_group",1776,FALSE,FALSE,0
"sparse_three_group",1777,FALSE,FALSE,0
"sparse_three_group",1778,FALSE,FALSE,0
"sparse_three_group",1779,FALSE,FALSE,0
"sparse_three_group",1780,FALSE,FALSE,0
"sparse_three_group",1781,FALSE,FALSE,0
"sparse_three_group",1782,FALSE,FALSE,0
"sparse_three_group",1783,FALSE,FALSE,0
"sparse_three_group",1784,FALSE,FALSE,0
"sparse_three_group",1785,FALSE,FALSE,0
"sparse_three_group",1786,TRUE,FALSE,0
"sparse_three_group",1787,FALSE,FALSE,0
"sparse_three_group",1788,FALSE,FALSE,0
"sparse_three_group",1789,TRUE,FALSE,0
"sparse_three_group",1790,FALSE,FALSE,0
"sparse_three_group",1791,FALSE,FALSE,0
"sparse_three_group",1792,FALSE,FALSE,0
"sparse_three_group",1793,FALSE,FALSE,0
"sparse_three_group",1794,FALSE,FALSE,0
"sparse_three_group",1795,FALSE,FALSE,0
"sparse_three_group",1796,FALSE,FALSE,0
"sparse_three_group",1797,FALSE,FALSE,0
"sparse_three_group",1798,FALSE,FALSE,0
"sparse_three_group",1799,FALSE,FALSE,0
"sparse_three_group",1800,FALSE,FALSE,0
"sparse_three_group",1801,FALSE,FALSE,0
"sparse_three_group",1802,FALSE,FALSE,0
"sparse_three_group",1803,FALSE,FALSE,0
"sparse_three_group",1804,FALSE,FALSE,0
"sparse_three_group",1805,FALSE,FALSE,0
"sparse_three_group",1806,FALSE,FALSE,0
"sparse_three_group",1807,FALSE,FALSE,0
"sparse_three_group",1808,FALSE,FALSE,0
"sparse_three_group",1809,FALSE,FALSE,0
"sparse_three_group",1810,FALSE,FALSE,0
"sparse_three_group",1811,FALSE,FALSE,0
"sparse_three_group",1812,FALSE,FALSE,0
"sparse_three_group",1813,FALSE,FALSE,0
"sparse_three_group",1814,FALSE,FALSE,0
"sparse_three_group",1815,FALSE,FALSE,0
"sparse_three_group",1816,FALSE,FALSE,0
"sparse_three_group",1817,FALSE,FALSE,0
"sparse_three_group",1818,FALSE,FALSE,0
"sparse_three_group",1819,FALSE,FALSE,0
"sparse_three_group",1820,FALSE,FALSE,0
"sparse_three_group",1821,FALSE,FALSE,0
"sparse_three_group",1822,FALSE,FALSE,0
"sparse_three_group",1823,FALSE,FALSE,0
"sparse_three_group",1824,FALSE,FALSE,0
"sparse_three_group",1825,FALSE,FALSE,0
"sparse_three_group",1826,FALSE,FALSE,0
"sparse_three_group",1827,FALSE,FALSE,0
"sparse_three_group",1828,FALSE,FALSE,0
"sparse_three_group",1829,FALSE,FALSE,0
"sparse_three_group",1830,TRUE,FALSE,0
"sparse_three_group",1831,FALSE,FALSE,0
"sparse_three_group",1832,FALSE,FALSE,0
"sparse_three_group",1833,FALSE,FALSE,0
"sparse_three_group",1834,FALSE,FALSE,0
"sparse_three_group",1835,FALSE,FALSE,0
"sparse_three_group",1836,FALSE,FALSE,0
"sparse_three_group",1837,FALSE,FALSE,0
"sparse_three_group",1838,FALSE,FALSE,0
"sparse_three_group",1839,FALSE,FALSE,0
"sparse_three_group",1840,FALSE,FALSE,0
"sparse_three_group",1841,FALSE,FALSE,0
"sparse_three_group",1842,FALSE,FALSE,0
"sparse_three_group",1843,FALSE,FALSE,0
"sparse_three_group",1844,FALSE,FALSE,0
"sparse_three_group",1845,FALSE,FALSE,0
"sparse_three_group",1846,FALSE,FALSE,0
"sparse_three_group",1847,FALSE,FALSE,0
"sparse_three_group",1848,FALSE,FALSE,0
"sparse_three_group",1849,FALSE,FALSE,0
"sparse_three_group",1850,FALSE,FALSE,0
"sparse_three_group",1851,FALSE,FALSE,0
"sparse_three_group",1852,FALSE,FALSE,0
"sparse_three_group",1853,FALSE,FALSE,0
"sparse_three_group",1854,FALSE,FALSE,0
"sparse_three_group",1855,FALSE,FALSE,0
"sparse_three_group",1856,FALSE,FALSE,0
"sparse_three_group",1857,FALSE,FALSE,0
"sparse_three_group",1858,FALSE,FALSE,0
"sparse_three_group",1859,FALSE,FALSE,0
"sparse_three_group",1860,FALSE,FALSE,0
"sparse_three_group",1861,FALSE,FALSE,0
"sparse_three_group",1862,FALSE,FALSE,0
"sparse_three_group",1863,FALSE,FALSE,0
"sparse_three_group",1864,FALSE,FALSE,0
"sparse_three_group",1865,FALSE,FALSE,0
"sparse_three_group",1866,FALSE,FALSE,0
"sparse_three_group",1867,FALSE,FALSE,0
"sparse_three_group",1868,FALSE,FALSE,0
"sparse_three_group",1869,FALSE,FALSE,0
"sparse_three_group",1870,FALSE,FALSE,0
"sparse_three_group",1871,FALSE,FALSE,0
"sparse_three_group",1872,FALSE,FALSE,0
"sparse_three_group",1873,FALSE,FALSE,0
"sparse_three_group",1874,FALSE,FALSE,0
"sparse_three_group",1875,FALSE,FALSE,0
"sparse_three_group",1876,FALSE,FALSE,0
"sparse_three_group",1877,FALSE,FALSE,0
"sparse_three_group",1878,FALSE,FALSE,0
"sparse_three_group",1879,FALSE,FALSE,0
"sparse_three_group",1880,FALSE,FALSE,0
"sparse_three_group",1881,FALSE,FALSE,0
"sparse_three_group",1882,FALSE,FALSE,0
"sparse_three_group",1883,FALSE,FALSE,0
"sparse_three_group",1884,FALSE,FALSE,0
"sparse_three_group",1885,FALSE,FALSE,0
"sparse_three_group",1886,FALSE,FALSE,0
"sparse_three_group",1887,FALSE,FALSE,0
"sparse_three_group",1888,FALSE,FALSE,0
"sparse_three_group",1889,FALSE,FALSE,0
"sparse_three_group",1890,FALSE,FALSE,0
"sparse_three_group",1891,FALSE,FALSE,0
"sparse_three_group",1892,FALSE,FALSE,0
"sparse_three_group",1893,FALSE,FALSE,0
"sparse_three_group",1894,FALSE,FALSE,0
"sparse_three_group",1895,FALSE,FALSE,0
"sparse_three_group",1896,FALSE,FALSE,0
"sparse_three_group",1897,FALSE,FALSE,0
"sparse_three_group",1898,FALSE,FALSE,0
"sparse_three_group",1899,FALSE,FALSE,0
"sparse_three_group",1900,FALSE,FALSE,0
"sparse_three_group",1901,FALSE,FALSE,0
"sparse_three_group",1902,FALSE,FALSE,0
"sparse_three_group",1903,FALSE,FALSE,0
"sparse_three_group",1904,FALSE,FALSE,0
"sparse_three_group",1905,FALSE,FALSE,0
"sparse_three_group",1906,FALSE,FALSE,0
"sparse_three_group",1907,FALSE,FALSE,0
"sparse_three_group",1908,FALSE,FALSE,0
"sparse_three_group",1909,FALSE,FALSE,0
"sparse_three_group",1910,FALSE,FALSE,0
"sparse_three_group",1911,FALSE,FALSE,0
"sparse_three_group",1912,FALSE,FALSE,0
"sparse_three_group",1913,FALSE,FALSE,0
"sparse_three_group",1914,TRUE,FALSE,0
"sparse_three_group",1915,FALSE,FALSE,0
"sparse_three_group",1916,FALSE,FALSE,0
"sparse_three_group",1917,FALSE,FALSE,0
"sparse_three_group",1918,FALSE,FALSE,0
"sparse_three_group",1919,FALSE,FALSE,0
"sparse_three_group",1920,FALSE,FALSE,0
"sparse_three_group",1921,FALSE,FALSE,0
"sparse_three_group",1922,FALSE,FALSE,0
"sparse_three_group",1923,FALSE,FALSE,0
"sparse_three_group",1924,FALSE,FALSE,0
"sparse_three_group",1925,FALSE,FALSE,0
"sparse_three_group",1926,FALSE,FALSE,0
"sparse_three_group",1927,FALSE,FALSE,0
"sparse_three_group",1928,FALSE,FALSE,0
"sparse_three_group",1929,FALSE,FALSE,0
"sparse_three_group",1930,FALSE,FALSE,0
"sparse_three_group",1931,FALSE,FALSE,0
"sparse_three_group",1932,FALSE,FALSE,0
"sparse_three_group",1933,FALSE,FALSE,0
"sparse_three_group",1934,FALSE,FALSE,0
"sparse_three_group",1935,FALSE,FALSE,0
"sparse_three_group",1936,FALSE,FALSE,0
"sparse_three_group",1937,FALSE,FALSE,0
"sparse_three_group",1938,FALSE,FALSE,0
"sparse_three_group",1939,FALSE,FALSE,0
"sparse_three_group",1940,FALSE,FALSE,0
"sparse_three_group",1941,FALSE,FALSE,0
"sparse_three_group",1942,FALSE,FALSE,0
"sparse_three_group",1943,FALSE,FALSE,0
"sparse_three_group",1944,FALSE,FALSE,0
"sparse_three_group",1945,FALSE,FALSE,0
"sparse_three_group",1946,FALSE,FALSE,0
"sparse_three_group",1947,FALSE,FALSE,0
"sparse_three_group",1948,FALSE,FALSE,0
"sparse_three_group",1949,FALSE,FALSE,0
"sparse_three_group",1950,FALSE,FALSE,0
"sparse_three_group",1951,FALSE,FALSE,0
"sparse_three_group",1952,FALSE,FALSE,0
"sparse_three_group",1953,TRUE,FALSE,0
"sparse_three_group",1954,FALSE,FALSE,0
"sparse_three_group",1955,FALSE,FALSE,0
"sparse_three_group",1956,FALSE,FALSE,0
"sparse_three_group",1957,FALSE,FALSE,0
"sparse_three_group",1958,FALSE,FALSE,0
"sparse_three_group",1959,FALSE,FALSE,0
"sparse_three_group",1960,FALSE,FALSE,0
"sparse_three_group",1961,FALSE,FALSE,0
"sparse_three_group",1962,FALSE,FALSE,0
"sparse_three_group",1963,FALSE,FALSE,0
"sparse_three_group",1964,FALSE,FALSE,0
"sparse_three_group",1965,FALSE,FALSE,0
"sparse_three_group",1966,FALSE,FALSE,0
"sparse_three_group",1967,FALSE,FALSE,0
"sparse_three_group",1968,FALSE,FALSE,0
"sparse_three_group",1969,TRUE,FALSE,0
"sparse_three_group",1970,FALSE,FALSE,0
"sparse_three_group",1971,FALSE,FALSE,0
"sparse_three_group",1972,FALSE,FALSE,0
"sparse_three_group",1973,FALSE,FALSE,0
"sparse_three_group",1974,FALSE,FALSE,0
"sparse_three_group",1975,FALSE,FALSE,0
"sparse_three_group",1976,TRUE,FALSE,0
"sparse_three_group",1977,FALSE,FALSE,0
"sparse_three_group",1978,FALSE,FALSE,0
"sparse_three_group",1979,FALSE,FALSE,0
"sparse_three_group",1980,FALSE,FALSE,0
"sparse_three_group",1981,FALSE,FALSE,0
"sparse_three_group",1982,FALSE,FALSE,0
"sparse_three_group",1983,FALSE,FALSE,0
"sparse_three_group",1984,FALSE,FALSE,0
"sparse_three_group",1985,FALSE,FALSE,0
"sparse_three_group",1986,FALSE,FALSE,0
"sparse_three_group",1987,TRUE,FALSE,0
"sparse_three_group",1988,FALSE,FALSE,0
"sparse_three_group",1989,FALSE,FALSE,0
"sparse_three_group",1990,FALSE,FALSE,0
"sparse_three_group",1991,FALSE,FALSE,0
"sparse_three_group",1992,FALSE,FALSE,0
"sparse_three_group",1993,FALSE,FALSE,0
"sparse_three_group",1994,TRUE,FALSE,0
"sparse_three_group",1995,FALSE,FALSE,0
"sparse_three_group",1996,FALSE,FALSE,0
"sparse_three_group",1997,FALSE,FALSE,0
"sparse_three_group",1998,FALSE,FALSE,0
"sparse_three_group",1999,FALSE,FALSE,0
"sparse_three_group",2000,FALSE,FALSE,0
"dense_three_group",1,FALSE,FALSE,0
"dense_three_group",2,FALSE,FALSE,0
"dense_three_group",3,FALSE,FALSE,0
"dense_three_group",4,TRUE,FALSE,0
"dense_three_group",5,FALSE,FALSE,0
"dense_three_group",6,FALSE,FALSE,0
"dense_three_group",7,FALSE,FALSE,0
"dense_three_group",8,FALSE,FALSE,0
"dense_three_group",9,FALSE,FALSE,0
"dense_three_group",10,FALSE,FALSE,0
"dense_three_group",11,FALSE,FALSE,0
"dense_three_group",12,FALSE,FALSE,0
"dense_three_group",13,FALSE,FALSE,0
"dense_three_group",14,FALSE,FALSE,0
"dense_three_group",15,FALSE,FALSE,0
"dense_three_group",16,FALSE,FALSE,0
"dense_three_group",17,FALSE,FALSE,0
"dense_three_group",18,FALSE,FALSE,0
"dense_three_group",19,FALSE,FALSE,0
"dense_three_group",20,FALSE,FALSE,0
"dense_three_group",21,FALSE,FALSE,0
"dense_three_group",22,FALSE,FALSE,0
"dense_three_group",23,FALSE,FALSE,0
"dense_three_group",24,FALSE,FALSE,0
"dense_three_group",25,FALSE,FALSE,0
"dense_three_group",26,FALSE,FALSE,0
"dense_three_group",27,FALSE,FALSE,0
"dense_three_group",28,FALSE,FALSE,0
"dense_three_group",29,FALSE,FALSE,0
"dense_three_group",30,FALSE,FALSE,0
"dense_three_group",31,FALSE,FALSE,0
"dense_three_group",32,FALSE,FALSE,0
"dense_three_group",33,FALSE,FALSE,0
"dense_three_group",34,FALSE,FALSE,0
"dense_three_group",35,FALSE,FALSE,0
"dense_three_group",36,FALSE,FALSE,0
"dense_three_group",37,FALSE,FALSE,0
"dense_three_group",38,FALSE,FALSE,0
"dense_three_group",39,FALSE,FALSE,0
"dense_three_group",40,FALSE,FALSE,0
"dense_three_group",41,FALSE,FALSE,0
"dense_three_group",42,FALSE,FALSE,0
"dense_three_group",43,FALSE,FALSE,0
"dense_three_group",44,FALSE,FALSE,0
"dense_three_group",45,FALSE,FALSE,0
"dense_three_group",46,FALSE,FALSE,0
"dense_three_group",47,FALSE,FALSE,0
"dense_three_group",48,FALSE,FALSE,0
"dense_three_group",49,FALSE,FALSE,0
"dense_three_group",50,FALSE,FALSE,0
"dense_three_group",51,FALSE,FALSE,0
"dense_three_group",52,FALSE,FALSE,0
"dense_three_group",53,FALSE,FALSE,0
"dense_three_group",54,FALSE,FALSE,0
"dense_three_group",55,FALSE,FALSE,0
"dense_three_group",56,FALSE,FALSE,0
"dense_three_group",57,FALSE,FALSE,0
"dense_three_group",58,FALSE,FALSE,0
"dense_three_group",59,FALSE,FALSE,0
"dense_three_group",60,FALSE,FALSE,0
"dense_three_group",61,FALSE,FALSE,0
"dense_three_group",62,FALSE,FALSE,0
"dense_three_group",63,FALSE,FALSE,0
"dense_three_group",64,FALSE,FALSE,0
"dense_three_group",65,FALSE,FALSE,0
"dense_three_group",66,FALSE,FALSE,0
"dense_three_group",67,FALSE,FALSE,0
"dense_three_group",68,FALSE,FALSE,0
"dense_three_group",69,FALSE,FALSE,0
"dense_three_group",70,FALSE,FALSE,0
"dense_three_group",71,FALSE,FALSE,0
"dense_three_group",72,FALSE,FALSE,0
"dense_three_group",73,FALSE,FALSE,0
"dense_three_group",74,FALSE,FALSE,0
"dense_three_group",75,FALSE,FALSE,0
"dense_three_group",76,FALSE,FALSE,0
"dense_three_group",77,FALSE,FALSE,0
"dense_three_group",78,FALSE,FALSE,0
"dense_three_group",79,FALSE,FALSE,0
"dense_three_group",80,FALSE,FALSE,0
"dense_three_group",81,FALSE,FALSE,0
"dense_three_group",82,FALSE,FALSE,0
"dense_three_group",83,FALSE,FALSE,0
"dense_three_group",84,TRUE,FALSE,0
"dense_three_group",85,FALSE,FALSE,0
"dense_three_group",86,FALSE,FALSE,0
"dense_three_group",87,FALSE,FALSE,0
"dense_three_group",88,FALSE,FALSE,0
"dense_three_group",89,FALSE,FALSE,0
"dense_three_group",90,FALSE,FALSE,0
"dense_three_group",91,FALSE,FALSE,0
"dense_three_group",92,FALSE,FALSE,0
"dense_three_group",93,FALSE,FALSE,0
"dense_three_group",94,FALSE,FALSE,0
"dense_three_group",95,FALSE,FALSE,0
"dense_three_group",96,FALSE,FALSE,0
"dense_three_group",97,FALSE,FALSE,0
"dense_three_group",98,FALSE,FALSE,0
"dense_three_group",99,FALSE,FALSE,0
"dense_three_group",100,FALSE,FALSE,0
"dense_three_group",101,FALSE,FALSE,0
"dense_three_group",102,FALSE,FALSE,0
"dense_three_group",103,FALSE,FALSE,0
"dense_three_group",104,FALSE,FALSE,0
"dense_three_group",105,FALSE,FALSE,0
"dense_three_group",106,FALSE,FALSE,0
"dense_three_group",107,FALSE,FALSE,0
"dense_three_group",108,FALSE,FALSE,0
"dense_three_group",109,FALSE,FALSE,0
"dense_three_group",110,FALSE,FALSE,0
"dense_three_group",111,FALSE,FALSE,0
"dense_three_group",112,FALSE,FALSE,0
"dense_three_group",113,FALSE,FALSE,0
"dense_three_group",114,FALSE,FALSE,0
"dense_three_group",115,FALSE,FALSE,0
"dense_three_group",116,FALSE,FALSE,0
"dense_three_group",117,FALSE,FALSE,0
"dense_three_group",118,FALSE,FALSE,0
"dense_three_group",119,FALSE,FALSE,0
"dense_three_group",120,FALSE,FALSE,0
"dense_three_group",121,FALSE,FALSE,0
"dense_three_group",122,FALSE,FALSE,0
"dense_three_group",123,FALSE,FALSE,0
"dense_three_group",124,FALSE,FALSE,0
"dense_three_group",125,FALSE,FALSE,0
"dense_three_group",126,FALSE,FALSE,0
"dense_three_group",127,FALSE,FALSE,0
"dense_three_group",128,FALSE,FALSE,0
"dense_three_group",129,FALSE,FALSE,0
"dense_three_group",130,FALSE,FALSE,0
"dense_three_group",131,FALSE,FALSE,0
"dense_three_group",132,FALSE,FALSE,0
"dense_three_group",133,FALSE,FALSE,0
"dense_three_group",134,FALSE,FALSE,0
"dense_three_group",135,FALSE,FALSE,0
"dense_three_group",136,FALSE,FALSE,0
"dense_three_group",137,FALSE,FALSE,0
"dense_three_group",138,FALSE,FALSE,0
"dense_three_group",139,FALSE,FALSE,0
"dense_three_group",140,FALSE,FALSE,0
"dense_three_group",141,FALSE,FALSE,0
"dense_three_group",142,FALSE,FALSE,0
"dense_three_group",143,FALSE,FALSE,0
"dense_three_group",144,FALSE,FALSE,0
"dense_three_group",145,FALSE,FALSE,0
"dense_three_group",146,FALSE,FALSE,0
"dense_three_group",147,FALSE,FALSE,0
"dense_three_group",148,TRUE,FALSE,0
"dense_three_group",149,FALSE,FALSE,0
"dense_three_group",150,FALSE,FALSE,0
"dense_three_group",151,FALSE,FALSE,0
"dense_three_group",152,FALSE,FALSE,0
"dense_three_group",153,FALSE,FALSE,0
"dense_three_group",154,FALSE,FALSE,0
"dense_three_group",155,FALSE,FALSE,0
"dense_three_group",156,FALSE,FALSE,0
"dense_three_group",157,FALSE,FALSE,0
"dense_three_group",158,FALSE,FALSE,0
"dense_three_group",159,FALSE,FALSE,0
"dense_three_group",160,FALSE,FALSE,0
"dense_three_group",161,FALSE,FALSE,0
"dense_three_group",162,FALSE,FALSE,0
"dense_three_group",163,FALSE,FALSE,0
"dense_three_group",164,FALSE,FALSE,0
"dense_three_group",165,FALSE,FALSE,0
"dense_three_group",166,FALSE,FALSE,0
"dense_three_group",167,FALSE,FALSE,0
"dense_three_group",168,FALSE,FALSE,0
"dense_three_group",169,FALSE,FALSE,0
"dense_three_group",170,FALSE,FALSE,0
"dense_three_group",171,FALSE,FALSE,0
"dense_three_group",172,FALSE,FALSE,0
"dense_three_group",173,FALSE,FALSE,0
"dense_three_group",174,FALSE,FALSE,0
"dense_three_group",175,FALSE,FALSE,0
"dense_three_group",176,FALSE,FALSE,0
"dense_three_group",177,FALSE,FALSE,0
"dense_three_group",178,FALSE,FALSE,0
"dense_three_group",179,FALSE,FALSE,0
"dense_three_group",180,FALSE,FALSE,0
"dense_three_group",181,FALSE,FALSE,0
"dense_three_group",182,FALSE,FALSE,0
"dense_three_group",183,FALSE,FALSE,0
"dense_three_group",184,FALSE,FALSE,0
"dense_three_group",185,FALSE,FALSE,0
"dense_three_group",186,FALSE,FALSE,0
"dense_three_group",187,FALSE,FALSE,0
"dense_three_group",188,FALSE,FALSE,0
"dense_three_group",189,FALSE,FALSE,0
"dense_three_group",190,FALSE,FALSE,0
"dense_three_group",191,FALSE,FALSE,0
"dense_three_group",192,FALSE,FALSE,0
"dense_three_group",193,FALSE,FALSE,0
"dense_three_group",194,FALSE,FALSE,0
"dense_three_group",195,TRUE,FALSE,0
"dense_three_group",196,FALSE,FALSE,0
"dense_three_group",197,FALSE,FALSE,0
"dense_three_group",198,FALSE,FALSE,0
"dense_three_group",199,FALSE,FALSE,0
"dense_three_group",200,FALSE,FALSE,0
"dense_three_group",201,FALSE,FALSE,0
"dense_three_group",202,FALSE,FALSE,0
"dense_three_group",203,FALSE,FALSE,0
"dense_three_group",204,FALSE,FALSE,0
"dense_three_group",205,FALSE,FALSE,0
"dense_three_group",206,FALSE,FALSE,0
"dense_three_group",207,FALSE,FALSE,0
"dense_three_group",208,FALSE,FALSE,0
"dense_three_group",209,FALSE,FALSE,0
"dense_three_group",210,FALSE,FALSE,0
"dense_three_group",211,FALSE,FALSE,0
"dense_three_group",212,FALSE,FALSE,0
"dense_three_group",213,FALSE,FALSE,0
"dense_three_group",214,FALSE,FALSE,0
"dense_three_group",215,FALSE,FALSE,0
"dense_three_group",216,FALSE,FALSE,0
"dense_three_group",217,FALSE,FALSE,0
"dense_three_group",218,FALSE,FALSE,0
"dense_three_group",219,FALSE,FALSE,0
"dense_three_group",220,FALSE,FALSE,0
"dense_three_group",221,FALSE,FALSE,0
"dense_three_group",222,FALSE,FALSE,0
"dense_three_group",223,FALSE,FALSE,0
"dense_three_group",224,FALSE,FALSE,0
"dense_three_group",225,FALSE,FALSE,0
"dense_three_group",226,FALSE,FALSE,0
"dense_three_group",227,FALSE,FALSE,0
"dense_three_group",228,FALSE,FALSE,0
"dense_three_group",229,FALSE,FALSE,0
"dense_three_group",230,FALSE,FALSE,0
"dense_three_group",231,FALSE,FALSE,0
"dense_three_group",232,FALSE,FALSE,0
"dense_three_group",233,FALSE,FALSE,0
"dense_three_group",234,FALSE,FALSE,0
"dense_three_group",235,FALSE,FALSE,0
"dense_three_group",236,FALSE,FALSE,0
"dense_three_group",237,FALSE,FALSE,0
"dense_three_group",238,FALSE,FALSE,0
"dense_three_group",239,FALSE,FALSE,0
"dense_three_group",240,FALSE,FALSE,0
"dense_three_group",241,FALSE,FALSE,0
"dense_three_group",242,FALSE,FALSE,0
"dense_three_group",243,FALSE,FALSE,0
"dense_three_group",244,FALSE,FALSE,0
"dense_three_group",245,FALSE,FALSE,0
"dense_three_group",246,FALSE,FALSE,0
"dense_three_group",247,FALSE,FALSE,0
"dense_three_group",248,FALSE,FALSE,0
"dense_three_group",249,FALSE,FALSE,0
"dense_three_group",250,FALSE,FALSE,0
"dense_three_group",251,FALSE,FALSE,0
"dense_three_group",252,FALSE,FALSE,0
"dense_three_group",253,FALSE,FALSE,0
"dense_three_group",254,FALSE,FALSE,0
"dense_three_group",255,FALSE,FALSE,0
"dense_three_group",256,FALSE,FALSE,0
"dense_three_group",257,FALSE,FALSE,0
"dense_three_group",258,FALSE,FALSE,0
"dense_three_group",259,FALSE,FALSE,0
"dense_three_group",260,FALSE,FALSE,0
"dense_three_group",261,FALSE,FALSE,0
"dense_three_group",262,FALSE,FALSE,0
"dense_three_group",263,FALSE,FALSE,0
"dense_three_group",264,FALSE,FALSE,0
"dense_three_group",265,FALSE,FALSE,0
"dense_three_group",266,FALSE,FALSE,0
"dense_three_group",267,FALSE,FALSE,0
"dense_three_group",268,FALSE,FALSE,0
"dense_three_group",269,FALSE,FALSE,0
"dense_three_group",270,FALSE,FALSE,0
"dense_three_group",271,FALSE,FALSE,0
"dense_three_group",272,FALSE,FALSE,0
"dense_three_group",273,FALSE,FALSE,0
"dense_three_group",274,FALSE,FALSE,0
"dense_three_group",275,FALSE,FALSE,0
"dense_three_group",276,FALSE,FALSE,0
"dense_three_group",277,FALSE,FALSE,0
"dense_three_group",278,FALSE,FALSE,0
"dense_three_group",279,FALSE,FALSE,0
"dense_three_group",280,FALSE,FALSE,0
"dense_three_group",281,FALSE,FALSE,0
"dense_three_group",282,FALSE,FALSE,0
"dense_three_group",283,FALSE,FALSE,0
"dense_three_group",284,FALSE,FALSE,0
"dense_three_group",285,FALSE,FALSE,0
"dense_three_group",286,FALSE,FALSE,0
"dense_three_group",287,FALSE,FALSE,0
"dense_three_group",288,FALSE,FALSE,0
"dense_three_group",289,FALSE,FALSE,0
"dense_three_group",290,FALSE,FALSE,0
"dense_three_group",291,FALSE,FALSE,0
"dense_three_group",292,FALSE,FALSE,0
"dense_three_group",293,FALSE,FALSE,0
"dense_three_group",294,FALSE,FALSE,0
"dense_three_group",295,FALSE,FALSE,0
"dense_three_group",296,FALSE,FALSE,0
"dense_three_group",297,FALSE,FALSE,0
"dense_three_group",298,FALSE,FALSE,0
"dense_three_group",299,FALSE,FALSE,0
"dense_three_group",300,FALSE,FALSE,0
"dense_three_group",301,FALSE,FALSE,0
"dense_three_group",302,FALSE,FALSE,0
"dense_three_group",303,FALSE,FALSE,0
"dense_three_group",304,FALSE,FALSE,0
"dense_three_group",305,FALSE,FALSE,0
"dense_three_group",306,FALSE,FALSE,0
"dense_three_group",307,FALSE,FALSE,0
"dense_three_group",308,FALSE,FALSE,0
"dense_three_group",309,FALSE,FALSE,0
"dense_three_group",310,FALSE,FALSE,0
"dense_three_group",311,FALSE,FALSE,0
"dense_three_group",312,FALSE,FALSE,0
"dense_three_group",313,FALSE,FALSE,0
"dense_three_group",314,FALSE,FALSE,0
"dense_three_group",315,FALSE,FALSE,0
"dense_three_group",316,FALSE,FALSE,0
"dense_three_group",317,FALSE,FALSE,0
"dense_three_group",318,FALSE,FALSE,0
"dense_three_group",319,FALSE,FALSE,0
"dense_three_group",320,FALSE,FALSE,0
"dense_three_group",321,FALSE,FALSE,0
"dense_three_group",322,FALSE,FALSE,0
"dense_three_group",323,FALSE,FALSE,0
"dense_three_group",324,FALSE,FALSE,0
"dense_three_group",325,FALSE,FALSE,0
"dense_three_group",326,FALSE,FALSE,0
"dense_three_group",327,FALSE,FALSE,0
"dense_three_group",328,FALSE,FALSE,0
"dense_three_group",329,FALSE,FALSE,0
"dense_three_group",330,FALSE,FALSE,0
"dense_three_group",331,FALSE,FALSE,0
"dense_three_group",332,TRUE,FALSE,0
"dense_three_group",333,FALSE,FALSE,0
"dense_three_group",334,FALSE,FALSE,0
"dense_three_group",335,FALSE,FALSE,0
"dense_three_group",336,FALSE,FALSE,0
"dense_three_group",337,FALSE,FALSE,0
"dense_three_group",338,FALSE,FALSE,0
"dense_three_group",339,FALSE,FALSE,0
"dense_three_group",340,FALSE,FALSE,0
"dense_three_group",341,FALSE,FALSE,0
"dense_three_group",342,FALSE,FALSE,0
"dense_three_group",343,FALSE,FALSE,0
"dense_three_group",344,FALSE,FALSE,0
"dense_three_group",345,FALSE,FALSE,0
"dense_three_group",346,FALSE,FALSE,0
"dense_three_group",347,FALSE,FALSE,0
"dense_three_group",348,FALSE,FALSE,0
"dense_three_group",349,FALSE,FALSE,0
"dense_three_group",350,FALSE,FALSE,0
"dense_three_group",351,FALSE,FALSE,0
"dense_three_group",352,FALSE,FALSE,0
"dense_three_group",353,FALSE,FALSE,0
"dense_three_group",354,FALSE,FALSE,0
"dense_three_group",355,FALSE,FALSE,0
"dense_three_group",356,FALSE,FALSE,0
"dense_three_group",357,FALSE,FALSE,0
"dense_three_group",358,FALSE,FALSE,0
"dense_three_group",359,FALSE,FALSE,0
"dense_three_group",360,FALSE,FALSE,0
"dense_three_group",361,FALSE,FALSE,0
"dense_three_group",362,FALSE,FALSE,0
"dense_three_group",363,FALSE,FALSE,0
"dense_three_group",364,FALSE,FALSE,0
"dense_three_group",365,FALSE,FALSE,0
"dense_three_group",366,FALSE,FALSE,0
"dense_three_group",367,FALSE,FALSE,0
"dense_three_group",368,FALSE,FALSE,0
"dense_three_group",369,FALSE,FALSE,0
"dense_three_group",370,FALSE,FALSE,0
"dense_three_group",371,FALSE,FALSE,0
"dense_three_group",372,FALSE,FALSE,0
"dense_three_group",373,FALSE,FALSE,0
"dense_three_group",374,FALSE,FALSE,0
"dense_three_group",375,FALSE,FALSE,0
"dense_three_group",376,FALSE,FALSE,0
"dense_three_group",377,FALSE,FALSE,0
"dense_three_group",378,FALSE,FALSE,0
"dense_three_group",379,FALSE,FALSE,0
"dense_three_group",380,FALSE,FALSE,0
"dense_three_group",381,FALSE,FALSE,0
"dense_three_group",382,FALSE,FALSE,0
"dense_three_group",383,FALSE,FALSE,0
"dense_three_group",384,FALSE,FALSE,0
"dense_three_group",385,FALSE,FALSE,0
"dense_three_group",386,FALSE,FALSE,0
"dense_three_group",387,FALSE,FALSE,0
"dense_three_group",388,FALSE,FALSE,0
"dense_three_group",389,FALSE,FALSE,0
"dense_three_group",390,FALSE,FALSE,0
"dense_three_group",391,FALSE,FALSE,0
"dense_three_group",392,FALSE,FALSE,0
"dense_three_group",393,FALSE,FALSE,0
"dense_three_group",394,FALSE,FALSE,0
"dense_three_group",395,FALSE,FALSE,0
"dense_three_group",396,FALSE,FALSE,0
"dense_three_group",397,FALSE,FALSE,0
"dense_three_group",398,FALSE,FALSE,0
"dense_three_group",399,FALSE,FALSE,0
"dense_three_group",400,FALSE,FALSE,0
"dense_three_group",401,FALSE,FALSE,0
"dense_three_group",402,FALSE,FALSE,0
"dense_three_group",403,FALSE,FALSE,0
"dense_three_group",404,FALSE,FALSE,0
"dense_three_group",405,FALSE,FALSE,0
"dense_three_group",406,FALSE,FALSE,0
"dense_three_group",407,FALSE,FALSE,0
"dense_three_group",408,FALSE,FALSE,0
"dense_three_group",409,FALSE,FALSE,0
"dense_three_group",410,FALSE,FALSE,0
"dense_three_group",411,FALSE,FALSE,0
"dense_three_group",412,FALSE,FALSE,0
"dense_three_group",413,FALSE,FALSE,0
"dense_three_group",414,FALSE,FALSE,0
"dense_three_group",415,FALSE,FALSE,0
"dense_three_group",416,FALSE,FALSE,0
"dense_three_group",417,FALSE,FALSE,0
"dense_three_group",418,FALSE,FALSE,0
"dense_three_group",419,FALSE,FALSE,0
"dense_three_group",420,FALSE,FALSE,0
"dense_three_group",421,FALSE,FALSE,0
"dense_three_group",422,TRUE,FALSE,0
"dense_three_group",423,FALSE,FALSE,0
"dense_three_group",424,FALSE,FALSE,0
"dense_three_group",425,FALSE,FALSE,0
"dense_three_group",426,FALSE,FALSE,0
"dense_three_group",427,FALSE,FALSE,0
"dense_three_group",428,FALSE,FALSE,0
"dense_three_group",429,FALSE,FALSE,0
"dense_three_group",430,FALSE,FALSE,0
"dense_three_group",431,FALSE,FALSE,0
"dense_three_group",432,FALSE,FALSE,0
"dense_three_group",433,FALSE,FALSE,0
"dense_three_group",434,FALSE,FALSE,0
"dense_three_group",435,FALSE,FALSE,0
"dense_three_group",436,FALSE,FALSE,0
"dense_three_group",437,FALSE,FALSE,0
"dense_three_group",438,FALSE,FALSE,0
"dense_three_group",439,FALSE,FALSE,0
"dense_three_group",440,FALSE,FALSE,0
"dense_three_group",441,FALSE,FALSE,0
"dense_three_group",442,FALSE,FALSE,0
"dense_three_group",443,FALSE,FALSE,0
"dense_three_group",444,FALSE,FALSE,0
"dense_three_group",445,FALSE,FALSE,0
"dense_three_group",446,FALSE,FALSE,0
"dense_three_group",447,FALSE,FALSE,0
"dense_three_group",448,FALSE,FALSE,0
"dense_three_group",449,FALSE,FALSE,0
"dense_three_group",450,FALSE,FALSE,0
"dense_three_group",451,FALSE,FALSE,0
"dense_three_group",452,FALSE,FALSE,0
"dense_three_group",453,FALSE,FALSE,0
"dense_three_group",454,FALSE,FALSE,0
"dense_three_group",455,FALSE,FALSE,0
"dense_three_group",456,FALSE,FALSE,0
"dense_three_group",457,FALSE,FALSE,0
"dense_three_group",458,FALSE,FALSE,0
"dense_three_group",459,FALSE,FALSE,0
"dense_three_group",460,FALSE,FALSE,0
"dense_three_group",461,FALSE,FALSE,0
"dense_three_group",462,FALSE,FALSE,0
"dense_three_group",463,FALSE,FALSE,0
"dense_three_group",464,FALSE,FALSE,0
"dense_three_group",465,FALSE,FALSE,0
"dense_three_group",466,FALSE,FALSE,0
"dense_three_group",467,FALSE,FALSE,0
"dense_three_group",468,FALSE,FALSE,0
"dense_three_group",469,FALSE,FALSE,0
"dense_three_group",470,FALSE,FALSE,0
"dense_three_group",471,FALSE,FALSE,0
"dense_three_group",472,FALSE,FALSE,0
"dense_three_group",473,FALSE,FALSE,0
"dense_three_group",474,FALSE,FALSE,0
"dense_three_group",475,FALSE,FALSE,0
"dense_three_group",476,FALSE,FALSE,0
"dense_three_group",477,FALSE,FALSE,0
"dense_three_group",478,FALSE,FALSE,0
"dense_three_group",479,FALSE,FALSE,0
"dense_three_group",480,FALSE,FALSE,0
"dense_three_group",481,FALSE,FALSE,0
"dense_three_group",482,FALSE,FALSE,0
"dense_three_group",483,FALSE,FALSE,0
"dense_three_group",484,FALSE,FALSE,0
"dense_three_group",485,FALSE,FALSE,0
"dense_three_group",486,FALSE,FALSE,0
"dense_three_group",487,FALSE,FALSE,0
"dense_three_group",488,FALSE,FALSE,0
"dense_three_group",489,FALSE,FALSE,0
"dense_three_group",490,FALSE,FALSE,0
"dense_three_group",491,FALSE,FALSE,0
"dense_three_group",492,FALSE,FALSE,0
"dense_three_group",493,FALSE,FALSE,0
"dense_three_group",494,FALSE,FALSE,0
"dense_three_group",495,FALSE,FALSE,0
"dense_three_group",496,TRUE,FALSE,0
"dense_three_group",497,FALSE,FALSE,0
"dense_three_group",498,FALSE,FALSE,0
"dense_three_group",499,FALSE,FALSE,0
"dense_three_group",500,FALSE,FALSE,0
"dense_three_group",501,FALSE,FALSE,0
"dense_three_group",502,FALSE,FALSE,0
"dense_three_group",503,FALSE,FALSE,0
"dense_three_group",504,TRUE,FALSE,0
"dense_three_group",505,FALSE,FALSE,0
"dense_three_group",506,FALSE,FALSE,0
"dense_three_group",507,FALSE,FALSE,0
"dense_three_group",508,FALSE,FALSE,0
"dense_three_group",509,FALSE,FALSE,0
"dense_three_group",510,FALSE,FALSE,0
"dense_three_group",511,FALSE,FALSE,0
"dense_three_group",512,FALSE,FALSE,0
"dense_three_group",513,FALSE,FALSE,0
"dense_three_group",514,FALSE,FALSE,0
"dense_three_group",515,FALSE,FALSE,0
"dense_three_group",516,FALSE,FALSE,0
"dense_three_group",517,FALSE,FALSE,0
"dense_three_group",518,FALSE,FALSE,0
"dense_three_group",519,FALSE,FALSE,0
"dense_three_group",520,FALSE,FALSE,0
"dense_three_group",521,FALSE,FALSE,0
"dense_three_group",522,FALSE,FALSE,0
"dense_three_group",523,FALSE,FALSE,0
"dense_three_group",524,FALSE,FALSE,0
"dense_three_group",525,FALSE,FALSE,0
"dense_three_group",526,FALSE,FALSE,0
"dense_three_group",527,FALSE,FALSE,0
"dense_three_group",528,FALSE,FALSE,0
"dense_three_group",529,FALSE,FALSE,0
"dense_three_group",530,FALSE,FALSE,0
"dense_three_group",531,FALSE,FALSE,0
"dense_three_group",532,FALSE,FALSE,0
"dense_three_group",533,FALSE,FALSE,0
"dense_three_group",534,FALSE,FALSE,0
"dense_three_group",535,FALSE,FALSE,0
"dense_three_group",536,FALSE,FALSE,0
"dense_three_group",537,FALSE,FALSE,0
"dense_three_group",538,FALSE,FALSE,0
"dense_three_group",539,FALSE,FALSE,0
"dense_three_group",540,FALSE,FALSE,0
"dense_three_group",541,FALSE,FALSE,0
"dense_three_group",542,FALSE,FALSE,0
"dense_three_group",543,FALSE,FALSE,0
"dense_three_group",544,FALSE,FALSE,0
"dense_three_group",545,FALSE,FALSE,0
"dense_three_group",546,FALSE,FALSE,0
"dense_three_group",547,FALSE,FALSE,0
"dense_three_group",548,FALSE,FALSE,0
"dense_three_group",549,FALSE,FALSE,0
"dense_three_group",550,FALSE,FALSE,0
"dense_three_group",551,FALSE,FALSE,0
"dense_three_group",552,TRUE,FALSE,0
"dense_three_group",553,FALSE,FALSE,0
"dense_three_group",554,FALSE,FALSE,0
"dense_three_group",555,FALSE,FALSE,0
"dense_three_group",556,FALSE,FALSE,0
"dense_three_group",557,FALSE,FALSE,0
"dense_three_group",558,FALSE,FALSE,0
"dense_three_group",559,FALSE,FALSE,0
"dense_three_group",560,FALSE,FALSE,0
"dense_three_group",561,FALSE,FALSE,0
"dense_three_group",562,FALSE,FALSE,0
"dense_three_group",563,FALSE,FALSE,0
"dense_three_group",564,FALSE,FALSE,0
"dense_three_group",565,FALSE,FALSE,0
"dense_three_group",566,FALSE,FALSE,0
"dense_three_group",567,FALSE,FALSE,0
"dense_three_group",568,FALSE,FALSE,0
"dense_three_group",569,FALSE,FALSE,0
"dense_three_group",570,FALSE,FALSE,0
"dense_three_group",571,FALSE,FALSE,0
"dense_three_group",572,FALSE,FALSE,0
"dense_three_group",573,FALSE,FALSE,0
"dense_three_group",574,FALSE,FALSE,0
"dense_three_group",575,FALSE,FALSE,0
"dense_three_group",576,FALSE,FALSE,0
"dense_three_group",577,FALSE,FALSE,0
"dense_three_group",578,FALSE,FALSE,0
"dense_three_group",579,FALSE,FALSE,0
"dense_three_group",580,FALSE,FALSE,0
"dense_three_group",581,FALSE,FALSE,0
"dense_three_group",582,FALSE,FALSE,0
"dense_three_group",583,FALSE,FALSE,0
"dense_three_group",584,TRUE,FALSE,0
"dense_three_group",585,FALSE,FALSE,0
"dense_three_group",586,FALSE,FALSE,0
"dense_three_group",587,FALSE,FALSE,0
"dense_three_group",588,FALSE,FALSE,0
"dense_three_group",589,FALSE,FALSE,0
"dense_three_group",590,FALSE,FALSE,0
"dense_three_group",591,FALSE,FALSE,0
"dense_three_group",592,FALSE,FALSE,0
"dense_three_group",593,FALSE,FALSE,0
"dense_three_group",594,FALSE,FALSE,0
"dense_three_group",595,FALSE,FALSE,0
"dense_three_group",596,FALSE,FALSE,0
"dense_three_group",597,TRUE,FALSE,0
"dense_three_group",598,FALSE,FALSE,0
"dense_three_group",599,FALSE,FALSE,0
"dense_three_group",600,FALSE,FALSE,0
"dense_three_group",601,FALSE,FALSE,0
"dense_three_group",602,FALSE,FALSE,0
"dense_three_group",603,FALSE,FALSE,0
"dense_three_group",604,FALSE,FALSE,0
"dense_three_group",605,FALSE,FALSE,0
"dense_three_group",606,FALSE,FALSE,0
"dense_three_group",607,FALSE,FALSE,0
"dense_three_group",608,FALSE,FALSE,0
"dense_three_group",609,FALSE,FALSE,0
"dense_three_group",610,FALSE,FALSE,0
"dense_three_group",611,FALSE,FALSE,0
"dense_three_group",612,FALSE,FALSE,0
"dense_three_group",613,TRUE,FALSE,0
"dense_three_group",614,FALSE,FALSE,0
"dense_three_group",615,FALSE,FALSE,0
"dense_three_group",616,FALSE,FALSE,0
"dense_three_group",617,FALSE,FALSE,0
"dense_three_group",618,FALSE,FALSE,0
"dense_three_group",619,FALSE,FALSE,0
"dense_three_group",620,FALSE,FALSE,0
"dense_three_group",621,FALSE,FALSE,0
"dense_three_group",622,FALSE,FALSE,0
"dense_three_group",623,FALSE,FALSE,0
"dense_three_group",624,TRUE,FALSE,0
"dense_three_group",625,FALSE,FALSE,0
"dense_three_group",626,FALSE,FALSE,0
"dense_three_group",627,FALSE,FALSE,0
"dense_three_group",628,FALSE,FALSE,0
"dense_three_group",629,FALSE,FALSE,0
"dense_three_group",630,FALSE,FALSE,0
"dense_three_group",631,FALSE,FALSE,0
"dense_three_group",632,FALSE,FALSE,0
"dense_three_group",633,TRUE,FALSE,0
"dense_three_group",634,FALSE,FALSE,0
"dense_three_group",635,FALSE,FALSE,0
"dense_three_group",636,FALSE,FALSE,0
"dense_three_group",637,FALSE,FALSE,0
"dense_three_group",638,FALSE,FALSE,0
"dense_three_group",639,FALSE,FALSE,0
"dense_three_group",640,FALSE,FALSE,0
"dense_three_group",641,FALSE,FALSE,0
"dense_three_group",642,TRUE,FALSE,0
"dense_three_group",643,FALSE,FALSE,0
"dense_three_group",644,FALSE,FALSE,0
"dense_three_group",645,FALSE,FALSE,0
"dense_three_group",646,FALSE,FALSE,0
"dense_three_group",647,FALSE,FALSE,0
"dense_three_group",648,FALSE,FALSE,0
"dense_three_group",649,FALSE,FALSE,0
"dense_three_group",650,FALSE,FALSE,0
"dense_three_group",651,FALSE,FALSE,0
"dense_three_group",652,FALSE,FALSE,0
"dense_three_group",653,FALSE,FALSE,0
"dense_three_group",654,FALSE,FALSE,0
"dense_three_group",655,TRUE,FALSE,0
"dense_three_group",656,FALSE,FALSE,0
"dense_three_group",657,FALSE,FALSE,0
"dense_three_group",658,FALSE,FALSE,0
"dense_three_group",659,FALSE,FALSE,0
"dense_three_group",660,FALSE,FALSE,0
"dense_three_group",661,FALSE,FALSE,0
"dense_three_group",662,FALSE,FALSE,0
"dense_three_group",663,FALSE,FALSE,0
"dense_three_group",664,FALSE,FALSE,0
"dense_three_group",665,FALSE,FALSE,0
"dense_three_group",666,FALSE,FALSE,0
"dense_three_group",667,FALSE,FALSE,0
"dense_three_group",668,FALSE,FALSE,0
"dense_three_group",669,FALSE,FALSE,0
"dense_three_group",670,FALSE,FALSE,0
"dense_three_group",671,FALSE,FALSE,0
"dense_three_group",672,FALSE,FALSE,0
"dense_three_group",673,FALSE,FALSE,0
"dense_three_group",674,FALSE,FALSE,0
"dense_three_group",675,FALSE,FALSE,0
"dense_three_group",676,FALSE,FALSE,0
"dense_three_group",677,FALSE,FALSE,0
"dense_three_group",678,FALSE,FALSE,0
"dense_three_group",679,FALSE,FALSE,0
"dense_three_group",680,FALSE,FALSE,0
"dense_three_group",681,FALSE,FALSE,0
"dense_three_group",682,FALSE,FALSE,0
"dense_three_group",683,FALSE,FALSE,0
"dense_three_group",684,FALSE,FALSE,0
"dense_three_group",685,FALSE,FALSE,0
"dense_three_group",686,FALSE,FALSE,0
"dense_three_group",687,FALSE,FALSE,0
"dense_three_group",688,FALSE,FALSE,0
"dense_three_group",689,FALSE,FALSE,0
"dense_three_group",690,FALSE,FALSE,0
"dense_three_group",691,FALSE,FALSE,0
"dense_three_group",692,FALSE,FALSE,0
"dense_three_group",693,FALSE,FALSE,0
"dense_three_group",694,FALSE,FALSE,0
"dense_three_group",695,FALSE,FALSE,0
"dense_three_group",696,FALSE,FALSE,0
"dense_three_group",697,FALSE,FALSE,0
"dense_three_group",698,FALSE,FALSE,0
"dense_three_group",699,FALSE,FALSE,0
"dense_three_group",700,FALSE,FALSE,0
"dense_three_group",701,FALSE,FALSE,0
"dense_three_group",702,FALSE,FALSE,0
"dense_three_group",703,FALSE,FALSE,0
"dense_three_group",704,FALSE,FALSE,0
"dense_three_group",705,FALSE,FALSE,0
"dense_three_group",706,FALSE,FALSE,0
"dense_three_group",707,FALSE,FALSE,0
"dense_three_group",708,FALSE,FALSE,0
"dense_three_group",709,FALSE,FALSE,0
"dense_three_group",710,FALSE,FALSE,0
"dense_three_group",711,FALSE,FALSE,0
"dense_three_group",712,FALSE,FALSE,0
"dense_three_group",713,FALSE,FALSE,0
"dense_three_group",714,FALSE,FALSE,0
"dense_three_group",715,FALSE,FALSE,0
"dense_three_group",716,FALSE,FALSE,0
"dense_three_group",717,FALSE,FALSE,0
"dense_three_group",718,FALSE,FALSE,0
"dense_three_group",719,FALSE,FALSE,0
"dense_three_group",720,FALSE,FALSE,0
"dense_three_group",721,FALSE,FALSE,0
"dense_three_group",722,FALSE,FALSE,0
"dense_three_group",723,FALSE,FALSE,0
"dense_three_group",724,FALSE,FALSE,0
"dense_three_group",725,FALSE,FALSE,0
"dense_three_group",726,FALSE,FALSE,0
"dense_three_group",727,FALSE,FALSE,0
"dense_three_group",728,FALSE,FALSE,0
"dense_three_group",729,FALSE,FALSE,0
"dense_three_group",730,FALSE,FALSE,0
"dense_three_group",731,FALSE,FALSE,0
"dense_three_group",732,FALSE,FALSE,0
"dense_three_group",733,FALSE,FALSE,0
"dense_three_group",734,FALSE,FALSE,0
"dense_three_group",735,FALSE,FALSE,0
"dense_three_group",736,FALSE,FALSE,0
"dense_three_group",737,FALSE,FALSE,0
"dense_three_group",738,FALSE,FALSE,0
"dense_three_group",739,FALSE,FALSE,0
"dense_three_group",740,FALSE,FALSE,0
"dense_three_group",741,FALSE,FALSE,0
"dense_three_group",742,FALSE,FALSE,0
"dense_three_group",743,FALSE,FALSE,0
"dense_three_group",744,FALSE,FALSE,0
"dense_three_group",745,FALSE,FALSE,0
"dense_three_group",746,FALSE,FALSE,0
"dense_three_group",747,FALSE,FALSE,0
"dense_three_group",748,FALSE,FALSE,0
"dense_three_group",749,FALSE,FALSE,0
"dense_three_group",750,FALSE,FALSE,0
"dense_three_group",751,FALSE,FALSE,0
"dense_three_group",752,FALSE,FALSE,0
"dense_three_group",753,FALSE,FALSE,0
"dense_three_group",754,FALSE,FALSE,0
"dense_three_group",755,FALSE,FALSE,0
"dense_three_group",756,FALSE,FALSE,0
"dense_three_group",757,FALSE,FALSE,0
"dense_three_group",758,FALSE,FALSE,0
"dense_three_group",759,FALSE,FALSE,0
"dense_three_group",760,FALSE,FALSE,0
"dense_three_group",761,FALSE,FALSE,0
"dense_three_group",762,FALSE,FALSE,0
"dense_three_group",763,FALSE,FALSE,0
"dense_three_group",764,FALSE,FALSE,0
"dense_three_group",765,FALSE,FALSE,0
"dense_three_group",766,FALSE,FALSE,0
"dense_three_group",767,FALSE,FALSE,0
"dense_three_group",768,FALSE,FALSE,0
"dense_three_group",769,FALSE,FALSE,0
"dense_three_group",770,FALSE,FALSE,0
"dense_three_group",771,FALSE,FALSE,0
"dense_three_group",772,FALSE,FALSE,0
"dense_three_group",773,FALSE,FALSE,0
"dense_three_group",774,FALSE,FALSE,0
"dense_three_group",775,FALSE,FALSE,0
"dense_three_group",776,FALSE,FALSE,0
"dense_three_group",777,FALSE,FALSE,0
"dense_three_group",778,FALSE,FALSE,0
"dense_three_group",779,FALSE,FALSE,0
"dense_three_group",780,FALSE,FALSE,0
"dense_three_group",781,FALSE,FALSE,0
"dense_three_group",782,FALSE,FALSE,0
"dense_three_group",783,FALSE,FALSE,0
"dense_three_group",784,FALSE,FALSE,0
"dense_three_group",785,FALSE,FALSE,0
"dense_three_group",786,FALSE,FALSE,0
"dense_three_group",787,FALSE,FALSE,0
"dense_three_group",788,FALSE,FALSE,0
"dense_three_group",789,FALSE,FALSE,0
"dense_three_group",790,FALSE,FALSE,0
"dense_three_group",791,FALSE,FALSE,0
"dense_three_group",792,FALSE,FALSE,0
"dense_three_group",793,FALSE,FALSE,0
"dense_three_group",794,FALSE,FALSE,0
"dense_three_group",795,FALSE,FALSE,0
"dense_three_group",796,FALSE,FALSE,0
"dense_three_group",797,FALSE,FALSE,0
"dense_three_group",798,FALSE,FALSE,0
"dense_three_group",799,FALSE,FALSE,0
"dense_three_group",800,FALSE,FALSE,0
"dense_three_group",801,FALSE,FALSE,0
"dense_three_group",802,FALSE,FALSE,0
"dense_three_group",803,FALSE,FALSE,0
"dense_three_group",804,FALSE,FALSE,0
"dense_three_group",805,FALSE,FALSE,0
"dense_three_group",806,FALSE,FALSE,0
"dense_three_group",807,FALSE,FALSE,0
"dense_three_group",808,FALSE,FALSE,0
"dense_three_group",809,FALSE,FALSE,0
"dense_three_group",810,FALSE,FALSE,0
"dense_three_group",811,FALSE,FALSE,0
"dense_three_group",812,FALSE,FALSE,0
"dense_three_group",813,FALSE,FALSE,0
"dense_three_group",814,FALSE,FALSE,0
"dense_three_group",815,TRUE,FALSE,0
"dense_three_group",816,FALSE,FALSE,0
"dense_three_group",817,FALSE,FALSE,0
"dense_three_group",818,FALSE,FALSE,0
"dense_three_group",819,FALSE,FALSE,0
"dense_three_group",820,FALSE,FALSE,0
"dense_three_group",821,FALSE,FALSE,0
"dense_three_group",822,FALSE,FALSE,0
"dense_three_group",823,FALSE,FALSE,0
"dense_three_group",824,FALSE,FALSE,0
"dense_three_group",825,FALSE,FALSE,0
"dense_three_group",826,FALSE,FALSE,0
"dense_three_group",827,FALSE,FALSE,0
"dense_three_group",828,FALSE,FALSE,0
"dense_three_group",829,FALSE,FALSE,0
"dense_three_group",830,FALSE,FALSE,0
"dense_three_group",831,FALSE,FALSE,0
"dense_three_group",832,FALSE,FALSE,0
"dense_three_group",833,FALSE,FALSE,0
"dense_three_group",834,FALSE,FALSE,0
"dense_three_group",835,FALSE,FALSE,0
"dense_three_group",836,FALSE,FALSE,0
"dense_three_group",837,FALSE,FALSE,0
"dense_three_group",838,FALSE,FALSE,0
"dense_three_group",839,FALSE,FALSE,0
"dense_three_group",840,FALSE,FALSE,0
"dense_three_group",841,FALSE,FALSE,0
"dense_three_group",842,FALSE,FALSE,0
"dense_three_group",843,FALSE,FALSE,0
"dense_three_group",844,FALSE,FALSE,0
"dense_three_group",845,FALSE,FALSE,0
"dense_three_group",846,FALSE,FALSE,0
"dense_three_group",847,FALSE,FALSE,0
"dense_three_group",848,FALSE,FALSE,0
"dense_three_group",849,FALSE,FALSE,0
"dense_three_group",850,FALSE,FALSE,0
"dense_three_group",851,FALSE,FALSE,0
"dense_three_group",852,FALSE,FALSE,0
"dense_three_group",853,FALSE,FALSE,0
"dense_three_group",854,FALSE,FALSE,0
"dense_three_group",855,FALSE,FALSE,0
"dense_three_group",856,FALSE,FALSE,0
"dense_three_group",857,FALSE,FALSE,0
"dense_three_group",858,FALSE,FALSE,0
"dense_three_group",859,FALSE,FALSE,0
"dense_three_group",860,FALSE,FALSE,0
"dense_three_group",861,FALSE,FALSE,0
"dense_three_group",862,FALSE,FALSE,0
"dense_three_group",863,FALSE,FALSE,0
"dense_three_group",864,FALSE,FALSE,0
"dense_three_group",865,FALSE,FALSE,0
"dense_three_group",866,FALSE,FALSE,0
"dense_three_group",867,FALSE,FALSE,0
"dense_three_group",868,FALSE,FALSE,0
"dense_three_group",869,FALSE,FALSE,0
"dense_three_group",870,FALSE,FALSE,0
"dense_three_group",871,FALSE,FALSE,0
"dense_three_group",872,FALSE,FALSE,0
"dense_three_group",873,FALSE,FALSE,0
"dense_three_group",874,FALSE,FALSE,0
"dense_three_group",875,FALSE,FALSE,0
"dense_three_group",876,FALSE,FALSE,0
"dense_three_group",877,FALSE,FALSE,0
"dense_three_group",878,FALSE,FALSE,0
"dense_three_group",879,FALSE,FALSE,0
"dense_three_group",880,FALSE,FALSE,0
"dense_three_group",881,TRUE,FALSE,0
"dense_three_group",882,FALSE,FALSE,0
"dense_three_group",883,FALSE,FALSE,0
"dense_three_group",884,FALSE,FALSE,0
"dense_three_group",885,FALSE,FALSE,0
"dense_three_group",886,FALSE,FALSE,0
"dense_three_group",887,FALSE,FALSE,0
"dense_three_group",888,FALSE,FALSE,0
"dense_three_group",889,FALSE,FALSE,0
"dense_three_group",890,FALSE,FALSE,0
"dense_three_group",891,FALSE,FALSE,0
"dense_three_group",892,FALSE,FALSE,0
"dense_three_group",893,FALSE,FALSE,0
"dense_three_group",894,FALSE,FALSE,0
"dense_three_group",895,FALSE,FALSE,0
"dense_three_group",896,FALSE,FALSE,0
"dense_three_group",897,FALSE,FALSE,0
"dense_three_group",898,FALSE,FALSE,0
"dense_three_group",899,FALSE,FALSE,0
"dense_three_group",900,FALSE,FALSE,0
"dense_three_group",901,FALSE,FALSE,0
"dense_three_group",902,FALSE,FALSE,0
"dense_three_group",903,FALSE,FALSE,0
"dense_three_group",904,FALSE,FALSE,0
"dense_three_group",905,FALSE,FALSE,0
"dense_three_group",906,FALSE,FALSE,0
"dense_three_group",907,FALSE,FALSE,0
"dense_three_group",908,FALSE,FALSE,0
"dense_three_group",909,FALSE,FALSE,0
"dense_three_group",910,FALSE,FALSE,0
"dense_three_group",911,FALSE,FALSE,0
"dense_three_group",912,FALSE,FALSE,0
"dense_three_group",913,FALSE,FALSE,0
"dense_three_group",914,FALSE,FALSE,0
"dense_three_group",915,FALSE,FALSE,0
"dense_three_group",916,FALSE,FALSE,0
"dense_three_group",917,FALSE,FALSE,0
"dense_three_group",918,FALSE,FALSE,0
"dense_three_group",919,FALSE,FALSE,0
"dense_three_group",920,FALSE,FALSE,0
"dense_three_group",921,FALSE,FALSE,0
"dense_three_group",922,FALSE,FALSE,0
"dense_three_group",923,FALSE,FALSE,0
"dense_three_group",924,FALSE,FALSE,0
"dense_three_group",925,FALSE,FALSE,0
"dense_three_group",926,FALSE,FALSE,0
"dense_three_group",927,FALSE,FALSE,0
"dense_three_group",928,FALSE,FALSE,0
"dense_three_group",929,FALSE,FALSE,0
"dense_three_group",930,FALSE,FALSE,0
"dense_three_group",931,FALSE,FALSE,0
"dense_three_group",932,FALSE,FALSE,0
"dense_three_group",933,FALSE,FALSE,0
"dense_three_group",934,FALSE,FALSE,0
"dense_three_group",935,FALSE,FALSE,0
"dense_three_group",936,FALSE,FALSE,0
"dense_three_group",937,FALSE,FALSE,0
"dense_three_group",938,TRUE,FALSE,0
"dense_three_group",939,TRUE,FALSE,0
"dense_three_group",940,FALSE,FALSE,0
"dense_three_group",941,FALSE,FALSE,0
"dense_three_group",942,FALSE,FALSE,0
"dense_three_group",943,FALSE,FALSE,0
"dense_three_group",944,FALSE,FALSE,0
"dense_three_group",945,FALSE,FALSE,0
"dense_three_group",946,FALSE,FALSE,0
"dense_three_group",947,FALSE,FALSE,0
"dense_three_group",948,FALSE,FALSE,0
"dense_three_group",949,FALSE,FALSE,0
"dense_three_group",950,FALSE,FALSE,0
"dense_three_group",951,FALSE,FALSE,0
"dense_three_group",952,FALSE,FALSE,0
"dense_three_group",953,FALSE,FALSE,0
"dense_three_group",954,FALSE,FALSE,0
"dense_three_group",955,FALSE,FALSE,0
"dense_three_group",956,FALSE,FALSE,0
"dense_three_group",957,FALSE,FALSE,0
"dense_three_group",958,FALSE,FALSE,0
"dense_three_group",959,FALSE,FALSE,0
"dense_three_group",960,FALSE,FALSE,0
"dense_three_group",961,FALSE,FALSE,0
"dense_three_group",962,FALSE,FALSE,0
"dense_three_group",963,FALSE,FALSE,0
"dense_three_group",964,FALSE,FALSE,0
"dense_three_group",965,FALSE,FALSE,0
"dense_three_group",966,FALSE,FALSE,0
"dense_three_group",967,FALSE,FALSE,0
"dense_three_group",968,FALSE,FALSE,0
"dense_three_group",969,FALSE,FALSE,0
"dense_three_group",970,FALSE,FALSE,0
"dense_three_group",971,FALSE,FALSE,0
"dense_three_group",972,FALSE,FALSE,0
"dense_three_group",973,FALSE,FALSE,0
"dense_three_group",974,FALSE,FALSE,0
"dense_three_group",975,FALSE,FALSE,0
"dense_three_group",976,FALSE,FALSE,0
"dense_three_group",977,FALSE,FALSE,0
"dense_three_group",978,FALSE,FALSE,0
"dense_three_group",979,FALSE,FALSE,0
"dense_three_group",980,FALSE,FALSE,0
"dense_three_group",981,FALSE,FALSE,0
"dense_three_group",982,FALSE,FALSE,0
"dense_three_group",983,FALSE,FALSE,0
"dense_three_group",984,FALSE,FALSE,0
"dense_three_group",985,FALSE,FALSE,0
"dense_three_group",986,FALSE,FALSE,0
"dense_three_group",987,FALSE,FALSE,0
"dense_three_group",988,FALSE,FALSE,0
"dense_three_group",989,FALSE,FALSE,0
"dense_three_group",990,FALSE,FALSE,0
"dense_three_group",991,FALSE,FALSE,0
"dense_three_group",992,FALSE,FALSE,0
"dense_three_group",993,FALSE,FALSE,0
"dense_three_group",994,FALSE,FALSE,0
"dense_three_group",995,FALSE,FALSE,0
"dense_three_group",996,FALSE,FALSE,0
"dense_three_group",997,FALSE,FALSE,0
"dense_three_group",998,FALSE,FALSE,0
"dense_three_group",999,FALSE,FALSE,0
"dense_three_group",1000,FALSE,FALSE,0
"dense_three_group",1001,FALSE,FALSE,0
"dense_three_group",1002,FALSE,FALSE,0
"dense_three_group",1003,FALSE,FALSE,0
"dense_three_group",1004,FALSE,FALSE,0
"dense_three_group",1005,FALSE,FALSE,0
"dense_three_group",1006,FALSE,FALSE,0
"dense_three_group",1007,FALSE,FALSE,0
"dense_three_group",1008,FALSE,FALSE,0
"dense_three_group",1009,FALSE,FALSE,0
"dense_three_group",1010,FALSE,FALSE,0
"dense_three_group",1011,FALSE,FALSE,0
"dense_three_group",1012,FALSE,FALSE,0
"dense_three_group",1013,FALSE,FALSE,0
"dense_three_group",1014,FALSE,FALSE,0
"dense_three_group",1015,FALSE,FALSE,0
"dense_three_group",1016,FALSE,FALSE,0
"dense_three_group",1017,FALSE,FALSE,0
"dense_three_group",1018,FALSE,FALSE,0
"dense_three_group",1019,FALSE,FALSE,0
"dense_three_group",1020,FALSE,FALSE,0
"dense_three_group",1021,FALSE,FALSE,0
"dense_three_group",1022,FALSE,FALSE,0
"dense_three_group",1023,FALSE,FALSE,0
"dense_three_group",1024,FALSE,FALSE,0
"dense_three_group",1025,FALSE,FALSE,0
"dense_three_group",1026,FALSE,FALSE,0
"dense_three_group",1027,FALSE,FALSE,0
"dense_three_group",1028,FALSE,FALSE,0
"dense_three_group",1029,FALSE,FALSE,0
"dense_three_group",1030,FALSE,FALSE,0
"dense_three_group",1031,FALSE,FALSE,0
"dense_three_group",1032,FALSE,FALSE,0
"dense_three_group",1033,FALSE,FALSE,0
"dense_three_group",1034,FALSE,FALSE,0
"dense_three_group",1035,FALSE,FALSE,0
"dense_three_group",1036,FALSE,FALSE,0
"dense_three_group",1037,FALSE,FALSE,0
"dense_three_group",1038,FALSE,FALSE,0
"dense_three_group",1039,FALSE,FALSE,0
"dense_three_group",1040,FALSE,FALSE,0
"dense_three_group",1041,FALSE,FALSE,0
"dense_three_group",1042,FALSE,FALSE,0
"dense_three_group",1043,FALSE,FALSE,0
"dense_three_group",1044,FALSE,FALSE,0
"dense_three_group",1045,FALSE,FALSE,0
"dense_three_group",1046,FALSE,FALSE,0
"dense_three_group",1047,FALSE,FALSE,0
"dense_three_group",1048,FALSE,FALSE,0
"dense_three_group",1049,FALSE,FALSE,0
"dense_three_group",1050,FALSE,FALSE,0
"dense_three_group",1051,FALSE,FALSE,0
"dense_three_group",1052,FALSE,FALSE,0
"dense_three_group",1053,FALSE,FALSE,0
"dense_three_group",1054,FALSE,FALSE,0
"dense_three_group",1055,FALSE,FALSE,0
"dense_three_group",1056,FALSE,FALSE,0
"dense_three_group",1057,FALSE,FALSE,0
"dense_three_group",1058,FALSE,FALSE,0
"dense_three_group",1059,FALSE,FALSE,0
"dense_three_group",1060,FALSE,FALSE,0
"dense_three_group",1061,FALSE,FALSE,0
"dense_three_group",1062,FALSE,FALSE,0
"dense_three_group",1063,FALSE,FALSE,0
"dense_three_group",1064,FALSE,FALSE,0
"dense_three_group",1065,FALSE,FALSE,0
"dense_three_group",1066,FALSE,FALSE,0
"dense_three_group",1067,FALSE,FALSE,0
"dense_three_group",1068,FALSE,FALSE,0
"dense_three_group",1069,FALSE,FALSE,0
"dense_three_group",1070,FALSE,FALSE,0
"dense_three_group",1071,FALSE,FALSE,0
"dense_three_group",1072,FALSE,FALSE,0
"dense_three_group",1073,FALSE,FALSE,0
"dense_three_group",1074,FALSE,FALSE,0
"dense_three_group",1075,FALSE,FALSE,0
"dense_three_group",1076,FALSE,FALSE,0
"dense_three_group",1077,FALSE,FALSE,0
"dense_three_group",1078,FALSE,FALSE,0
"dense_three_group",1079,FALSE,FALSE,0
"dense_three_group",1080,FALSE,FALSE,0
"dense_three_group",1081,FALSE,FALSE,0
"dense_three_group",1082,FALSE,FALSE,0
"dense_three_group",1083,FALSE,FALSE,0
"dense_three_group",1084,FALSE,FALSE,0
"dense_three_group",1085,FALSE,FALSE,0
"dense_three_group",1086,FALSE,FALSE,0
"dense_three_group",1087,FALSE,FALSE,0
"dense_three_group",1088,FALSE,FALSE,0
"dense_three_group",1089,FALSE,FALSE,0
"dense_three_group",1090,FALSE,FALSE,0
"dense_three_group",1091,FALSE,FALSE,0
"dense_three_group",1092,TRUE,FALSE,0
"dense_three_group",1093,TRUE,FALSE,0
"dense_three_group",1094,FALSE,FALSE,0
"dense_three_group",1095,FALSE,FALSE,0
"dense_three_group",1096,FALSE,FALSE,0
"dense_three_group",1097,FALSE,FALSE,0
"dense_three_group",1098,FALSE,FALSE,0
"dense_three_group",1099,FALSE,FALSE,0
"dense_three_group",1100,FALSE,FALSE,0
"dense_three_group",1101,FALSE,FALSE,0
"dense_three_group",1102,FALSE,FALSE,0
"dense_three_group",1103,FALSE,FALSE,0
"dense_three_group",1104,FALSE,FALSE,0
"dense_three_group",1105,FALSE,FALSE,0
"dense_three_group",1106,FALSE,FALSE,0
"dense_three_group",1107,FALSE,FALSE,0
"dense_three_group",1108,FALSE,FALSE,0
"dense_three_group",1109,FALSE,FALSE,0
"dense_three_group",1110,FALSE,FALSE,0
"dense_three_group",1111,FALSE,FALSE,0
"dense_three_group",1112,FALSE,FALSE,0
"dense_three_group",1113,FALSE,FALSE,0
"dense_three_group",1114,FALSE,FALSE,0
"dense_three_group",1115,FALSE,FALSE,0
"dense_three_group",1116,FALSE,FALSE,0
"dense_three_group",1117,FALSE,FALSE,0
"dense_three_group",1118,FALSE,FALSE,0
"dense_three_group",1119,FALSE,FALSE,0
"dense_three_group",1120,FALSE,FALSE,0
"dense_three_group",1121,FALSE,FALSE,0
"dense_three_group",1122,FALSE,FALSE,0
"dense_three_group",1123,FALSE,FALSE,0
"dense_three_group",1124,FALSE,FALSE,0
"dense_three_group",1125,FALSE,FALSE,0
"dense_three_group",1126,FALSE,FALSE,0
"dense_three_group",1127,FALSE,FALSE,0
"dense_three_group",1128,FALSE,FALSE,0
"dense_three_group",1129,FALSE,FALSE,0
"dense_three_group",1130,FALSE,FALSE,0
"dense_three_group",1131,FALSE,FALSE,0
"dense_three_group",1132,FALSE,FALSE,0
"dense_three_group",1133,FALSE,FALSE,0
"dense_three_group",1134,FALSE,FALSE,0
"dense_three_group",1135,FALSE,FALSE,0
"dense_three_group",1136,FALSE,FALSE,0
"dense_three_group",1137,FALSE,FALSE,0
"dense_three_group",1138,FALSE,FALSE,0
"dense_three_group",1139,FALSE,FALSE,0
"dense_three_group",1140,FALSE,FALSE,0
"dense_three_group",1141,FALSE,FALSE,0
"dense_three_group",1142,FALSE,FALSE,0
"dense_three_group",1143,FALSE,FALSE,0
"dense_three_group",1144,FALSE,FALSE,0
"dense_three_group",1145,FALSE,FALSE,0
"dense_three_group",1146,TRUE,FALSE,0
"dense_three_group",1147,FALSE,FALSE,0
"dense_three_group",1148,FALSE,FALSE,0
"dense_three_group",1149,TRUE,FALSE,0
"dense_three_group",1150,FALSE,FALSE,0
"dense_three_group",1151,FALSE,FALSE,0
"dense_three_group",1152,FALSE,FALSE,0
"dense_three_group",1153,FALSE,FALSE,0
"dense_three_group",1154,FALSE,FALSE,0
"dense_three_group",1155,FALSE,FALSE,0
"dense_three_group",1156,FALSE,FALSE,0
"dense_three_group",1157,FALSE,FALSE,0
"dense_three_group",1158,TRUE,FALSE,0
"dense_three_group",1159,FALSE,FALSE,0
"dense_three_group",1160,FALSE,FALSE,0
"dense_three_group",1161,FALSE,FALSE,0
"dense_three_group",1162,FALSE,FALSE,0
"dense_three_group",1163,FALSE,FALSE,0
"dense_three_group",1164,FALSE,FALSE,0
"dense_three_group",1165,FALSE,FALSE,0
"dense_three_group",1166,FALSE,FALSE,0
"dense_three_group",1167,FALSE,FALSE,0
"dense_three_group",1168,FALSE,FALSE,0
"dense_three_group",1169,FALSE,FALSE,0
"dense_three_group",1170,FALSE,FALSE,0
"dense_three_group",1171,FALSE,FALSE,0
"dense_three_group",1172,FALSE,FALSE,0
"dense_three_group",1173,FALSE,FALSE,0
"dense_three_group",1174,FALSE,FALSE,0
"dense_three_group",1175,FALSE,FALSE,0
"dense_three_group",1176,FALSE,FALSE,0
"dense_three_group",1177,FALSE,FALSE,0
"dense_three_group",1178,FALSE,FALSE,0
"dense_three_group",1179,FALSE,FALSE,0
"dense_three_group",1180,FALSE,FALSE,0
"dense_three_group",1181,FALSE,FALSE,0
"dense_three_group",1182,FALSE,FALSE,0
"dense_three_group",1183,FALSE,FALSE,0
"dense_three_group",1184,FALSE,FALSE,0
"dense_three_group",1185,FALSE,FALSE,0
"dense_three_group",1186,FALSE,FALSE,0
"dense_three_group",1187,FALSE,FALSE,0
"dense_three_group",1188,FALSE,FALSE,0
"dense_three_group",1189,FALSE,FALSE,0
"dense_three_group",1190,FALSE,FALSE,0
"dense_three_group",1191,FALSE,FALSE,0
"dense_three_group",1192,FALSE,FALSE,0
"dense_three_group",1193,FALSE,FALSE,0
"dense_three_group",1194,FALSE,FALSE,0
"dense_three_group",1195,FALSE,FALSE,0
"dense_three_group",1196,FALSE,FALSE,0
"dense_three_group",1197,TRUE,FALSE,0
"dense_three_group",1198,TRUE,FALSE,0
"dense_three_group",1199,FALSE,FALSE,0
"dense_three_group",1200,FALSE,FALSE,0
"dense_three_group",1201,FALSE,FALSE,0
"dense_three_group",1202,FALSE,FALSE,0
"dense_three_group",1203,FALSE,FALSE,0
"dense_three_group",1204,FALSE,FALSE,0
"dense_three_group",1205,FALSE,FALSE,0
"dense_three_group",1206,FALSE,FALSE,0
"dense_three_group",1207,FALSE,FALSE,0
"dense_three_group",1208,FALSE,FALSE,0
"dense_three_group",1209,FALSE,FALSE,0
"dense_three_group",1210,FALSE,FALSE,0
"dense_three_group",1211,FALSE,FALSE,0
"dense_three_group",1212,FALSE,FALSE,0
"dense_three_group",1213,FALSE,FALSE,0
"dense_three_group",1214,FALSE,FALSE,0
"dense_three_group",1215,FALSE,FALSE,0
"dense_three_group",1216,FALSE,FALSE,0
"dense_three_group",1217,FALSE,FALSE,0
"dense_three_group",1218,FALSE,FALSE,0
"dense_three_group",1219,FALSE,FALSE,0
"dense_three_group",1220,FALSE,FALSE,0
"dense_three_group",1221,FALSE,FALSE,0
"dense_three_group",1222,FALSE,FALSE,0
"dense_three_group",1223,FALSE,FALSE,0
"dense_three_group",1224,FALSE,FALSE,0
"dense_three_group",1225,FALSE,FALSE,0
"dense_three_group",1226,FALSE,FALSE,0
"dense_three_group",1227,FALSE,FALSE,0
"dense_three_group",1228,FALSE,FALSE,0
"dense_three_group",1229,FALSE,FALSE,0
"dense_three_group",1230,FALSE,FALSE,0
"dense_three_group",1231,FALSE,FALSE,0
"dense_three_group",1232,FALSE,FALSE,0
"dense_three_group",1233,FALSE,FALSE,0
"dense_three_group",1234,FALSE,FALSE,0
"dense_three_group",1235,FALSE,FALSE,0
"dense_three_group",1236,FALSE,FALSE,0
"dense_three_group",1237,FALSE,FALSE,0
"dense_three_group",1238,FALSE,FALSE,0
"dense_three_group",1239,FALSE,FALSE,0
"dense_three_group",1240,FALSE,FALSE,0
"dense_three_group",1241,FALSE,FALSE,0
"dense_three_group",1242,FALSE,FALSE,0
"dense_three_group",1243,FALSE,FALSE,0
"dense_three_group",1244,FALSE,FALSE,0
"dense_three_group",1245,FALSE,FALSE,0
"dense_three_group",1246,FALSE,FALSE,0
"dense_three_group",1247,FALSE,FALSE,0
"dense_three_group",1248,FALSE,FALSE,0
"dense_three_group",1249,FALSE,FALSE,0
"dense_three_group",1250,FALSE,FALSE,0
"dense_three_group",1251,FALSE,FALSE,0
"dense_three_group",1252,FALSE,FALSE,0
"dense_three_group",1253,FALSE,FALSE,0
"dense_three_group",1254,FALSE,FALSE,0
"dense_three_group",1255,FALSE,FALSE,0
"dense_three_group",1256,FALSE,FALSE,0
"dense_three_group",1257,FALSE,FALSE,0
"dense_three_group",1258,FALSE,FALSE,0
"dense_three_group",1259,FALSE,FALSE,0
"dense_three_group",1260,FALSE,FALSE,0
"dense_three_group",1261,FALSE,FALSE,0
"dense_three_group",1262,FALSE,FALSE,0
"dense_three_group",1263,FALSE,FALSE,0
"dense_three_group",1264,FALSE,FALSE,0
"dense_three_group",1265,FALSE,FALSE,0
"dense_three_group",1266,FALSE,FALSE,0
"dense_three_group",1267,FALSE,FALSE,0
"dense_three_group",1268,FALSE,FALSE,0
"dense_three_group",1269,FALSE,FALSE,0
"dense_three_group",1270,FALSE,FALSE,0
"dense_three_group",1271,FALSE,FALSE,0
"dense_three_group",1272,FALSE,FALSE,0
"dense_three_group",1273,FALSE,FALSE,0
"dense_three_group",1274,FALSE,FALSE,0
"dense_three_group",1275,FALSE,FALSE,0
"dense_three_group",1276,FALSE,FALSE,0
"dense_three_group",1277,FALSE,FALSE,0
"dense_three_group",1278,FALSE,FALSE,0
"dense_three_group",1279,FALSE,FALSE,0
"dense_three_group",1280,FALSE,FALSE,0
"dense_three_group",1281,FALSE,FALSE,0
"dense_three_group",1282,FALSE,FALSE,0
"dense_three_group",1283,FALSE,FALSE,0
"dense_three_group",1284,FALSE,FALSE,0
"dense_three_group",1285,FALSE,FALSE,0
"dense_three_group",1286,FALSE,FALSE,0
"dense_three_group",1287,FALSE,FALSE,0
"dense_three_group",1288,FALSE,FALSE,0
"dense_three_group",1289,FALSE,FALSE,0
"dense_three_group",1290,FALSE,FALSE,0
"dense_three_group",1291,FALSE,FALSE,0
"dense_three_group",1292,FALSE,FALSE,0
"dense_three_group",1293,FALSE,FALSE,0
"dense_three_group",1294,FALSE,FALSE,0
"dense_three_group",1295,FALSE,FALSE,0
"dense_three_group",1296,FALSE,FALSE,0
"dense_three_group",1297,FALSE,FALSE,0
"dense_three_group",1298,FALSE,FALSE,0
"dense_three_group",1299,FALSE,FALSE,0
"dense_three_group",1300,FALSE,FALSE,0
"dense_three_group",1301,FALSE,FALSE,0
"dense_three_group",1302,FALSE,FALSE,0
"dense_three_group",1303,FALSE,FALSE,0
"dense_three_group",1304,FALSE,FALSE,0
"dense_three_group",1305,FALSE,FALSE,0
"dense_three_group",1306,FALSE,FALSE,0
"dense_three_group",1307,FALSE,FALSE,0
"dense_three_group",1308,FALSE,FALSE,0
"dense_three_group",1309,FALSE,FALSE,0
"dense_three_group",1310,FALSE,FALSE,0
"dense_three_group",1311,FALSE,FALSE,0
"dense_three_group",1312,FALSE,FALSE,0
"dense_three_group",1313,FALSE,FALSE,0
"dense_three_group",1314,FALSE,FALSE,0
"dense_three_group",1315,FALSE,FALSE,0
"dense_three_group",1316,FALSE,FALSE,0
"dense_three_group",1317,FALSE,FALSE,0
"dense_three_group",1318,FALSE,FALSE,0
"dense_three_group",1319,FALSE,FALSE,0
"dense_three_group",1320,FALSE,FALSE,0
"dense_three_group",1321,FALSE,FALSE,0
"dense_three_group",1322,FALSE,FALSE,0
"dense_three_group",1323,FALSE,FALSE,0
"dense_three_group",1324,FALSE,FALSE,0
"dense_three_group",1325,FALSE,FALSE,0
"dense_three_group",1326,FALSE,FALSE,0
"dense_three_group",1327,FALSE,FALSE,0
"dense_three_group",1328,FALSE,FALSE,0
"dense_three_group",1329,FALSE,FALSE,0
"dense_three_group",1330,FALSE,FALSE,0
"dense_three_group",1331,FALSE,FALSE,0
"dense_three_group",1332,FALSE,FALSE,0
"dense_three_group",1333,FALSE,FALSE,0
"dense_three_group",1334,FALSE,FALSE,0
"dense_three_group",1335,FALSE,FALSE,0
"dense_three_group",1336,FALSE,FALSE,0
"dense_three_group",1337,FALSE,FALSE,0
"dense_three_group",1338,FALSE,FALSE,0
"dense_three_group",1339,FALSE,FALSE,0
"dense_three_group",1340,FALSE,FALSE,0
"dense_three_group",1341,FALSE,FALSE,0
"dense_three_group",1342,FALSE,FALSE,0
"dense_three_group",1343,FALSE,FALSE,0
"dense_three_group",1344,FALSE,FALSE,0
"dense_three_group",1345,FALSE,FALSE,0
"dense_three_group",1346,FALSE,FALSE,0
"dense_three_group",1347,FALSE,FALSE,0
"dense_three_group",1348,FALSE,FALSE,0
"dense_three_group",1349,FALSE,FALSE,0
"dense_three_group",1350,FALSE,FALSE,0
"dense_three_group",1351,FALSE,FALSE,0
"dense_three_group",1352,FALSE,FALSE,0
"dense_three_group",1353,FALSE,FALSE,0
"dense_three_group",1354,FALSE,FALSE,0
"dense_three_group",1355,FALSE,FALSE,0
"dense_three_group",1356,FALSE,FALSE,0
"dense_three_group",1357,FALSE,FALSE,0
"dense_three_group",1358,FALSE,FALSE,0
"dense_three_group",1359,FALSE,FALSE,0
"dense_three_group",1360,FALSE,FALSE,0
"dense_three_group",1361,FALSE,FALSE,0
"dense_three_group",1362,FALSE,FALSE,0
"dense_three_group",1363,FALSE,FALSE,0
"dense_three_group",1364,FALSE,FALSE,0
"dense_three_group",1365,FALSE,FALSE,0
"dense_three_group",1366,TRUE,FALSE,0
"dense_three_group",1367,FALSE,FALSE,0
"dense_three_group",1368,FALSE,FALSE,0
"dense_three_group",1369,FALSE,FALSE,0
"dense_three_group",1370,FALSE,FALSE,0
"dense_three_group",1371,FALSE,FALSE,0
"dense_three_group",1372,FALSE,FALSE,0
"dense_three_group",1373,FALSE,FALSE,0
"dense_three_group",1374,FALSE,FALSE,0
"dense_three_group",1375,FALSE,FALSE,0
"dense_three_group",1376,FALSE,FALSE,0
"dense_three_group",1377,FALSE,FALSE,0
"dense_three_group",1378,FALSE,FALSE,0
"dense_three_group",1379,FALSE,FALSE,0
"dense_three_group",1380,FALSE,FALSE,0
"dense_three_group",1381,FALSE,FALSE,0
"dense_three_group",1382,FALSE,FALSE,0
"dense_three_group",1383,FALSE,FALSE,0
"dense_three_group",1384,FALSE,FALSE,0
"dense_three_group",1385,FALSE,FALSE,0
"dense_three_group",1386,FALSE,FALSE,0
"dense_three_group",1387,FALSE,FALSE,0
"dense_three_group",1388,FALSE,FALSE,0
"dense_three_group",1389,FALSE,FALSE,0
"dense_three_group",1390,FALSE,FALSE,0
"dense_three_group",1391,FALSE,FALSE,0
"dense_three_group",1392,FALSE,FALSE,0
"dense_three_group",1393,FALSE,FALSE,0
"dense_three_group",1394,FALSE,FALSE,0
"dense_three_group",1395,FALSE,FALSE,0
"dense_three_group",1396,FALSE,FALSE,0
"dense_three_group",1397,FALSE,FALSE,0
"dense_three_group",1398,FALSE,FALSE,0
"dense_three_group",1399,FALSE,FALSE,0
"dense_three_group",1400,FALSE,FALSE,0
"dense_three_group",1401,FALSE,FALSE,0
"dense_three_group",1402,FALSE,FALSE,0
"dense_three_group",1403,FALSE,FALSE,0
"dense_three_group",1404,FALSE,FALSE,0
"dense_three_group",1405,FALSE,FALSE,0
"dense_three_group",1406,FALSE,FALSE,0
"dense_three_group",1407,FALSE,FALSE,0
"dense_three_group",1408,FALSE,FALSE,0
"dense_three_group",1409,FALSE,FALSE,0
"dense_three_group",1410,FALSE,FALSE,0
"dense_three_group",1411,FALSE,FALSE,0
"dense_three_group",1412,FALSE,FALSE,0
"dense_three_group",1413,FALSE,FALSE,0
"dense_three_group",1414,FALSE,FALSE,0
"dense_three_group",1415,FALSE,FALSE,0
"dense_three_group",1416,FALSE,FALSE,0
"dense_three_group",1417,FALSE,FALSE,0
"dense_three_group",1418,FALSE,FALSE,0
"dense_three_group",1419,FALSE,FALSE,0
"dense_three_group",1420,FALSE,FALSE,0
"dense_three_group",1421,FALSE,FALSE,0
"dense_three_group",1422,TRUE,FALSE,0
"dense_three_group",1423,FALSE,FALSE,0
"dense_three_group",1424,FALSE,FALSE,0
"dense_three_group",1425,FALSE,FALSE,0
"dense_three_group",1426,TRUE,FALSE,0
"dense_three_group",1427,FALSE,FALSE,0
"dense_three_group",1428,FALSE,FALSE,0
"dense_three_group",1429,FALSE,FALSE,0
"dense_three_group",1430,FALSE,FALSE,0
"dense_three_group",1431,FALSE,FALSE,0
"dense_three_group",1432,FALSE,FALSE,0
"dense_three_group",1433,FALSE,FALSE,0
"dense_three_group",1434,FALSE,FALSE,0
"dense_three_group",1435,FALSE,FALSE,0
"dense_three_group",1436,FALSE,FALSE,0
"dense_three_group",1437,FALSE,FALSE,0
"dense_three_group",1438,FALSE,FALSE,0
"dense_three_group",1439,FALSE,FALSE,0
"dense_three_group",1440,FALSE,FALSE,0
"dense_three_group",1441,FALSE,FALSE,0
"dense_three_group",1442,FALSE,FALSE,0
"dense_three_group",1443,FALSE,FALSE,0
"dense_three_group",1444,FALSE,FALSE,0
"dense_three_group",1445,FALSE,FALSE,0
"dense_three_group",1446,FALSE,FALSE,0
"dense_three_group",1447,FALSE,FALSE,0
"dense_three_group",1448,FALSE,FALSE,0
"dense_three_group",1449,FALSE,FALSE,0
"dense_three_group",1450,FALSE,FALSE,0
"dense_three_group",1451,FALSE,FALSE,0
"dense_three_group",1452,FALSE,FALSE,0
"dense_three_group",1453,FALSE,FALSE,0
"dense_three_group",1454,FALSE,FALSE,0
"dense_three_group",1455,FALSE,FALSE,0
"dense_three_group",1456,FALSE,FALSE,0
"dense_three_group",1457,FALSE,FALSE,0
"dense_three_group",1458,FALSE,FALSE,0
"dense_three_group",1459,FALSE,FALSE,0
"dense_three_group",1460,FALSE,FALSE,0
"dense_three_group",1461,FALSE,FALSE,0
"dense_three_group",1462,FALSE,FALSE,0
"dense_three_group",1463,FALSE,FALSE,0
"dense_three_group",1464,FALSE,FALSE,0
"dense_three_group",1465,FALSE,FALSE,0
"dense_three_group",1466,FALSE,FALSE,0
"dense_three_group",1467,FALSE,FALSE,0
"dense_three_group",1468,TRUE,FALSE,0
"dense_three_group",1469,FALSE,FALSE,0
"dense_three_group",1470,TRUE,FALSE,0
"dense_three_group",1471,FALSE,FALSE,0
"dense_three_group",1472,FALSE,FALSE,0
"dense_three_group",1473,FALSE,FALSE,0
"dense_three_group",1474,FALSE,FALSE,0
"dense_three_group",1475,FALSE,FALSE,0
"dense_three_group",1476,FALSE,FALSE,0
"dense_three_group",1477,FALSE,FALSE,0
"dense_three_group",1478,FALSE,FALSE,0
"dense_three_group",1479,FALSE,FALSE,0
"dense_three_group",1480,FALSE,FALSE,0
"dense_three_group",1481,FALSE,FALSE,0
"dense_three_group",1482,FALSE,FALSE,0
"dense_three_group",1483,FALSE,FALSE,0
"dense_three_group",1484,FALSE,FALSE,0
"dense_three_group",1485,FALSE,FALSE,0
"dense_three_group",1486,FALSE,FALSE,0
"dense_three_group",1487,FALSE,FALSE,0
"dense_three_group",1488,FALSE,FALSE,0
"dense_three_group",1489,FALSE,FALSE,0
"dense_three_group",1490,FALSE,FALSE,0
"dense_three_group",1491,FALSE,FALSE,0
"dense_three_group",1492,FALSE,FALSE,0
"dense_three_group",1493,FALSE,FALSE,0
"dense_three_group",1494,FALSE,FALSE,0
"dense_three_group",1495,FALSE,FALSE,0
"dense_three_group",1496,FALSE,FALSE,0
"dense_three_group",1497,FALSE,FALSE,0
"dense_three_group",1498,FALSE,FALSE,0
"dense_three_group",1499,FALSE,FALSE,0
"dense_three_group",1500,FALSE,FALSE,0
"dense_three_group",1501,FALSE,FALSE,0
"dense_three_group",1502,FALSE,FALSE,0
"dense_three_group",1503,FALSE,FALSE,0
"dense_three_group",1504,FALSE,FALSE,0
"dense_three_group",1505,FALSE,FALSE,0
"dense_three_group",1506,FALSE,FALSE,0
"dense_three_group",1507,FALSE,FALSE,0
"dense_three_group",1508,FALSE,FALSE,0
"dense_three_group",1509,FALSE,FALSE,0
"dense_three_group",1510,FALSE,FALSE,0
"dense_three_group",1511,FALSE,FALSE,0
"dense_three_group",1512,FALSE,FALSE,0
"dense_three_group",1513,FALSE,FALSE,0
"dense_three_group",1514,FALSE,FALSE,0
"dense_three_group",1515,FALSE,FALSE,0
"dense_three_group",1516,FALSE,FALSE,0
"dense_three_group",1517,FALSE,FALSE,0
"dense_three_group",1518,TRUE,FALSE,0
"dense_three_group",1519,FALSE,FALSE,0
"dense_three_group",1520,FALSE,FALSE,0
"dense_three_group",1521,FALSE,FALSE,0
"dense_three_group",1522,FALSE,FALSE,0
"dense_three_group",1523,FALSE,FALSE,0
"dense_three_group",1524,FALSE,FALSE,0
"dense_three_group",1525,FALSE,FALSE,0
"dense_three_group",1526,FALSE,FALSE,0
"dense_three_group",1527,FALSE,FALSE,0
"dense_three_group",1528,FALSE,FALSE,0
"dense_three_group",1529,FALSE,FALSE,0
"dense_three_group",1530,FALSE,FALSE,0
"dense_three_group",1531,FALSE,FALSE,0
"dense_three_group",1532,FALSE,FALSE,0
"dense_three_group",1533,FALSE,FALSE,0
"dense_three_group",1534,FALSE,FALSE,0
"dense_three_group",1535,FALSE,FALSE,0
"dense_three_group",1536,FALSE,FALSE,0
"dense_three_group",1537,FALSE,FALSE,0
"dense_three_group",1538,FALSE,FALSE,0
"dense_three_group",1539,FALSE,FALSE,0
"dense_three_group",1540,FALSE,FALSE,0
"dense_three_group",1541,FALSE,FALSE,0
"dense_three_group",1542,FALSE,FALSE,0
"dense_three_group",1543,FALSE,FALSE,0
"dense_three_group",1544,FALSE,FALSE,0
"dense_three_group",1545,FALSE,FALSE,0
"dense_three_group",1546,FALSE,FALSE,0
"dense_three_group",1547,FALSE,FALSE,0
"dense_three_group",1548,FALSE,FALSE,0
"dense_three_group",1549,FALSE,FALSE,0
"dense_three_group",1550,FALSE,FALSE,0
"dense_three_group",1551,FALSE,FALSE,0
"dense_three_group",1552,FALSE,FALSE,0
"dense_three_group",1553,FALSE,FALSE,0
"dense_three_group",1554,FALSE,FALSE,0
"dense_three_group",1555,FALSE,FALSE,0
"dense_three_group",1556,FALSE,FALSE,0
"dense_three_group",1557,FALSE,FALSE,0
"dense_three_group",1558,FALSE,FALSE,0
"dense_three_group",1559,TRUE,FALSE,0
"dense_three_group",1560,FALSE,FALSE,0
"dense_three_group",1561,FALSE,FALSE,0
"dense_three_group",1562,FALSE,FALSE,0
"dense_three_group",1563,FALSE,FALSE,0
"dense_three_group",1564,FALSE,FALSE,0
"dense_three_group",1565,FALSE,FALSE,0
"dense_three_group",1566,FALSE,FALSE,0
"dense_three_group",1567,FALSE,FALSE,0
"dense_three_group",1568,FALSE,FALSE,0
"dense_three_group",1569,FALSE,FALSE,0
"dense_three_group",1570,FALSE,FALSE,0
"dense_three_group",1571,FALSE,FALSE,0
"dense_three_group",1572,FALSE,FALSE,0
"dense_three_group",1573,FALSE,FALSE,0
"dense_three_group",1574,FALSE,FALSE,0
"dense_three_group",1575,FALSE,FALSE,0
"dense_three_group",1576,FALSE,FALSE,0
"dense_three_group",1577,FALSE,FALSE,0
"dense_three_group",1578,FALSE,FALSE,0
"dense_three_group",1579,FALSE,FALSE,0
"dense_three_group",1580,FALSE,FALSE,0
"dense_three_group",1581,FALSE,FALSE,0
"dense_three_group",1582,TRUE,FALSE,0
"dense_three_group",1583,FALSE,FALSE,0
"dense_three_group",1584,FALSE,FALSE,0
"dense_three_group",1585,FALSE,FALSE,0
"dense_three_group",1586,FALSE,FALSE,0
"dense_three_group",1587,FALSE,FALSE,0
"dense_three_group",1588,FALSE,FALSE,0
"dense_three_group",1589,FALSE,FALSE,0
"dense_three_group",1590,FALSE,FALSE,0
"dense_three_group",1591,FALSE,FALSE,0
"dense_three_group",1592,FALSE,FALSE,0
"dense_three_group",1593,FALSE,FALSE,0
"dense_three_group",1594,FALSE,FALSE,0
"dense_three_group",1595,FALSE,FALSE,0
"dense_three_group",1596,FALSE,FALSE,0
"dense_three_group",1597,FALSE,FALSE,0
"dense_three_group",1598,FALSE,FALSE,0
"dense_three_group",1599,FALSE,FALSE,0
"dense_three_group",1600,FALSE,FALSE,0
"dense_three_group",1601,FALSE,FALSE,0
"dense_three_group",1602,FALSE,FALSE,0
"dense_three_group",1603,FALSE,FALSE,0
"dense_three_group",1604,FALSE,FALSE,0
"dense_three_group",1605,FALSE,FALSE,0
"dense_three_group",1606,FALSE,FALSE,0
"dense_three_group",1607,FALSE,FALSE,0
"dense_three_group",1608,FALSE,FALSE,0
"dense_three_group",1609,FALSE,FALSE,0
"dense_three_group",1610,FALSE,FALSE,0
"dense_three_group",1611,FALSE,FALSE,0
"dense_three_group",1612,FALSE,FALSE,0
"dense_three_group",1613,FALSE,FALSE,0
"dense_three_group",1614,FALSE,FALSE,0
"dense_three_group",1615,FALSE,FALSE,0
"dense_three_group",1616,FALSE,FALSE,0
"dense_three_group",1617,FALSE,FALSE,0
"dense_three_group",1618,FALSE,FALSE,0
"dense_three_group",1619,FALSE,FALSE,0
"dense_three_group",1620,FALSE,FALSE,0
"dense_three_group",1621,FALSE,FALSE,0
"dense_three_group",1622,FALSE,FALSE,0
"dense_three_group",1623,FALSE,FALSE,0
"dense_three_group",1624,FALSE,FALSE,0
"dense_three_group",1625,FALSE,FALSE,0
"dense_three_group",1626,FALSE,FALSE,0
"dense_three_group",1627,FALSE,FALSE,0
"dense_three_group",1628,FALSE,FALSE,0
"dense_three_group",1629,FALSE,FALSE,0
"dense_three_group",1630,FALSE,FALSE,0
"dense_three_group",1631,FALSE,FALSE,0
"dense_three_group",1632,FALSE,FALSE,0
"dense_three_group",1633,FALSE,FALSE,0
"dense_three_group",1634,FALSE,FALSE,0
"dense_three_group",1635,FALSE,FALSE,0
"dense_three_group",1636,FALSE,FALSE,0
"dense_three_group",1637,FALSE,FALSE,0
"dense_three_group",1638,TRUE,FALSE,0
"dense_three_group",1639,FALSE,FALSE,0
"dense_three_group",1640,FALSE,FALSE,0
"dense_three_group",1641,FALSE,FALSE,0
"dense_three_group",1642,TRUE,FALSE,0
"dense_three_group",1643,FALSE,FALSE,0
"dense_three_group",1644,FALSE,FALSE,0
"dense_three_group",1645,FALSE,FALSE,0
"dense_three_group",1646,FALSE,FALSE,0
"dense_three_group",1647,FALSE,FALSE,0
"dense_three_group",1648,FALSE,FALSE,0
"dense_three_group",1649,FALSE,FALSE,0
"dense_three_group",1650,FALSE,FALSE,0
"dense_three_group",1651,FALSE,FALSE,0
"dense_three_group",1652,FALSE,FALSE,0
"dense_three_group",1653,FALSE,FALSE,0
"dense_three_group",1654,FALSE,FALSE,0
"dense_three_group",1655,FALSE,FALSE,0
"dense_three_group",1656,TRUE,FALSE,0
"dense_three_group",1657,FALSE,FALSE,0
"dense_three_group",1658,FALSE,FALSE,0
"dense_three_group",1659,FALSE,FALSE,0
"dense_three_group",1660,FALSE,FALSE,0
"dense_three_group",1661,FALSE,FALSE,0
"dense_three_group",1662,FALSE,FALSE,0
"dense_three_group",1663,FALSE,FALSE,0
"dense_three_group",1664,FALSE,FALSE,0
"dense_three_group",1665,FALSE,FALSE,0
"dense_three_group",1666,FALSE,FALSE,0
"dense_three_group",1667,FALSE,FALSE,0
"dense_three_group",1668,FALSE,FALSE,0
"dense_three_group",1669,FALSE,FALSE,0
"dense_three_group",1670,FALSE,FALSE,0
"dense_three_group",1671,FALSE,FALSE,0
"dense_three_group",1672,FALSE,FALSE,0
"dense_three_group",1673,FALSE,FALSE,0
"dense_three_group",1674,FALSE,FALSE,0
"dense_three_group",1675,FALSE,FALSE,0
"dense_three_group",1676,FALSE,FALSE,0
"dense_three_group",1677,FALSE,FALSE,0
"dense_three_group",1678,FALSE,FALSE,0
"dense_three_group",1679,FALSE,FALSE,0
"dense_three_group",1680,FALSE,FALSE,0
"dense_three_group",1681,FALSE,FALSE,0
"dense_three_group",1682,FALSE,FALSE,0
"dense_three_group",1683,FALSE,FALSE,0
"dense_three_group",1684,FALSE,FALSE,0
"dense_three_group",1685,FALSE,FALSE,0
"dense_three_group",1686,FALSE,FALSE,0
"dense_three_group",1687,FALSE,FALSE,0
"dense_three_group",1688,FALSE,FALSE,0
"dense_three_group",1689,FALSE,FALSE,0
"dense_three_group",1690,FALSE,FALSE,0
"dense_three_group",1691,FALSE,FALSE,0
"dense_three_group",1692,FALSE,FALSE,0
"dense_three_group",1693,FALSE,FALSE,0
"dense_three_group",1694,FALSE,FALSE,0
"dense_three_group",1695,FALSE,FALSE,0
"dense_three_group",1696,FALSE,FALSE,0
"dense_three_group",1697,FALSE,FALSE,0
"dense_three_group",1698,FALSE,FALSE,0
"dense_three_group",1699,FALSE,FALSE,0
"dense_three_group",1700,FALSE,FALSE,0
"dense_three_group",1701,FALSE,FALSE,0
"dense_three_group",1702,FALSE,FALSE,0
"dense_three_group",1703,FALSE,FALSE,0
"dense_three_group",1704,FALSE,FALSE,0
"dense_three_group",1705,FALSE,FALSE,0
"dense_three_group",1706,FALSE,FALSE,0
"dense_three_group",1707,FALSE,FALSE,0
"dense_three_group",1708,FALSE,FALSE,0
"dense_three_group",1709,FALSE,FALSE,0
"dense_three_group",1710,FALSE,FALSE,0
"dense_three_group",1711,FALSE,FALSE,0
"dense_three_group",1712,FALSE,FALSE,0
"dense_three_group",1713,FALSE,FALSE,0
"dense_three_group",1714,FALSE,FALSE,0
"dense_three_group",1715,FALSE,FALSE,0
"dense_three_group",1716,FALSE,FALSE,0
"dense_three_group",1717,FALSE,FALSE,0
"dense_three_group",1718,FALSE,FALSE,0
"dense_three_group",1719,FALSE,FALSE,0
"dense_three_group",1720,FALSE,FALSE,0
"dense_three_group",1721,FALSE,FALSE,0
"dense_three_group",1722,FALSE,FALSE,0
"dense_three_group",1723,FALSE,FALSE,0
"dense_three_group",1724,FALSE,FALSE,0
"dense_three_group",1725,FALSE,FALSE,0
"dense_three_group",1726,FALSE,FALSE,0
"dense_three_group",1727,FALSE,FALSE,0
"dense_three_group",1728,FALSE,FALSE,0
"dense_three_group",1729,FALSE,FALSE,0
"dense_three_group",1730,FALSE,FALSE,0
"dense_three_group",1731,FALSE,FALSE,0
"dense_three_group",1732,FALSE,FALSE,0
"dense_three_group",1733,FALSE,FALSE,0
"dense_three_group",1734,FALSE,FALSE,0
"dense_three_group",1735,FALSE,FALSE,0
"dense_three_group",1736,FALSE,FALSE,0
"dense_three_group",1737,FALSE,FALSE,0
"dense_three_group",1738,FALSE,FALSE,0
"dense_three_group",1739,FALSE,FALSE,0
"dense_three_group",1740,FALSE,FALSE,0
"dense_three_group",1741,FALSE,FALSE,0
"dense_three_group",1742,FALSE,FALSE,0
"dense_three_group",1743,FALSE,FALSE,0
"dense_three_group",1744,FALSE,FALSE,0
"dense_three_group",1745,FALSE,FALSE,0
"dense_three_group",1746,FALSE,FALSE,0
"dense_three_group",1747,FALSE,FALSE,0
"dense_three_group",1748,FALSE,FALSE,0
"dense_three_group",1749,FALSE,FALSE,0
"dense_three_group",1750,FALSE,FALSE,0
"dense_three_group",1751,FALSE,FALSE,0
"dense_three_group",1752,FALSE,FALSE,0
"dense_three_group",1753,FALSE,FALSE,0
"dense_three_group",1754,TRUE,FALSE,0
"dense_three_group",1755,FALSE,FALSE,0
"dense_three_group",1756,FALSE,FALSE,0
"dense_three_group",1757,FALSE,FALSE,0
"dense_three_group",1758,FALSE,FALSE,0
"dense_three_group",1759,FALSE,FALSE,0
"dense_three_group",1760,FALSE,FALSE,0
"dense_three_group",1761,FALSE,FALSE,0
"dense_three_group",1762,FALSE,FALSE,0
"dense_three_group",1763,FALSE,FALSE,0
"dense_three_group",1764,FALSE,FALSE,0
"dense_three_group",1765,FALSE,FALSE,0
"dense_three_group",1766,FALSE,FALSE,0
"dense_three_group",1767,FALSE,FALSE,0
"dense_three_group",1768,FALSE,FALSE,0
"dense_three_group",1769,FALSE,FALSE,0
"dense_three_group",1770,FALSE,FALSE,0
"dense_three_group",1771,FALSE,FALSE,0
"dense_three_group",1772,FALSE,FALSE,0
"dense_three_group",1773,FALSE,FALSE,0
"dense_three_group",1774,FALSE,FALSE,0
"dense_three_group",1775,FALSE,FALSE,0
"dense_three_group",1776,FALSE,FALSE,0
"dense_three_group",1777,FALSE,FALSE,0
"dense_three_group",1778,FALSE,FALSE,0
"dense_three_group",1779,FALSE,FALSE,0
"dense_three_group",1780,FALSE,FALSE,0
"dense_three_group",1781,FALSE,FALSE,0
"dense_three_group",1782,FALSE,FALSE,0
"dense_three_group",1783,FALSE,FALSE,0
"dense_three_group",1784,FALSE,FALSE,0
"dense_three_group",1785,FALSE,FALSE,0
"dense_three_group",1786,FALSE,FALSE,0
"dense_three_group",1787,FALSE,FALSE,0
"dense_three_group",1788,FALSE,FALSE,0
"dense_three_group",1789,FALSE,FALSE,0
"dense_three_group",1790,FALSE,FALSE,0
"dense_three_group",1791,FALSE,FALSE,0
"dense_three_group",1792,FALSE,FALSE,0
"dense_three_group",1793,FALSE,FALSE,0
"dense_three_group",1794,FALSE,FALSE,0
"dense_three_group",1795,FALSE,FALSE,0
"dense_three_group",1796,FALSE,FALSE,0
"dense_three_group",1797,FALSE,FALSE,0
"dense_three_group",1798,FALSE,FALSE,0
"dense_three_group",1799,TRUE,FALSE,0
"dense_three_group",1800,FALSE,FALSE,0
"dense_three_group",1801,FALSE,FALSE,0
"dense_three_group",1802,FALSE,FALSE,0
"dense_three_group",1803,FALSE,FALSE,0
"dense_three_group",1804,FALSE,FALSE,0
"dense_three_group",1805,FALSE,FALSE,0
"dense_three_group",1806,FALSE,FALSE,0
"dense_three_group",1807,FALSE,FALSE,0
"dense_three_group",1808,FALSE,FALSE,0
"dense_three_group",1809,FALSE,FALSE,0
"dense_three_group",1810,FALSE,FALSE,0
"dense_three_group",1811,FALSE,FALSE,0
"dense_three_group",1812,FALSE,FALSE,0
"dense_three_group",1813,FALSE,FALSE,0
"dense_three_group",1814,FALSE,FALSE,0
"dense_three_group",1815,FALSE,FALSE,0
"dense_three_group",1816,FALSE,FALSE,0
"dense_three_group",1817,FALSE,FALSE,0
"dense_three_group",1818,FALSE,FALSE,0
"dense_three_group",1819,FALSE,FALSE,0
"dense_three_group",1820,FALSE,FALSE,0
"dense_three_group",1821,FALSE,FALSE,0
"dense_three_group",1822,FALSE,FALSE,0
"dense_three_group",1823,FALSE,FALSE,0
"dense_three_group",1824,FALSE,FALSE,0
"dense_three_group",1825,FALSE,FALSE,0
"dense_three_group",1826,FALSE,FALSE,0
"dense_three_group",1827,FALSE,FALSE,0
"dense_three_group",1828,FALSE,FALSE,0
"dense_three_group",1829,FALSE,FALSE,0
"dense_three_group",1830,FALSE,FALSE,0
"dense_three_group",1831,FALSE,FALSE,0
"dense_three_group",1832,FALSE,FALSE,0
"dense_three_group",1833,FALSE,FALSE,0
"dense_three_group",1834,FALSE,FALSE,0
"dense_three_group",1835,FALSE,FALSE,0
"dense_three_group",1836,FALSE,FALSE,0
"dense_three_group",1837,FALSE,FALSE,0
"dense_three_group",1838,FALSE,FALSE,0
"dense_three_group",1839,FALSE,FALSE,0
"dense_three_group",1840,FALSE,FALSE,0
"dense_three_group",1841,FALSE,FALSE,0
"dense_three_group",1842,FALSE,FALSE,0
"dense_three_group",1843,FALSE,FALSE,0
"dense_three_group",1844,FALSE,FALSE,0
"dense_three_group",1845,FALSE,FALSE,0
"dense_three_group",1846,FALSE,FALSE,0
"dense_three_group",1847,TRUE,FALSE,0
"dense_three_group",1848,FALSE,FALSE,0
"dense_three_group",1849,FALSE,FALSE,0
"dense_three_group",1850,FALSE,FALSE,0
"dense_three_group",1851,FALSE,FALSE,0
"dense_three_group",1852,FALSE,FALSE,0
"dense_three_group",1853,FALSE,FALSE,0
"dense_three_group",1854,FALSE,FALSE,0
"dense_three_group",1855,FALSE,FALSE,0
"dense_three_group",1856,FALSE,FALSE,0
"dense_three_group",1857,FALSE,FALSE,0
"dense_three_group",1858,FALSE,FALSE,0
"dense_three_group",1859,FALSE,FALSE,0
"dense_three_group",1860,FALSE,FALSE,0
"dense_three_group",1861,FALSE,FALSE,0
"dense_three_group",1862,FALSE,FALSE,0
"dense_three_group",1863,FALSE,FALSE,0
"dense_three_group",1864,FALSE,FALSE,0
"dense_three_group",1865,FALSE,FALSE,0
"dense_three_group",1866,FALSE,FALSE,0
"dense_three_group",1867,FALSE,FALSE,0
"dense_three_group",1868,FALSE,FALSE,0
"dense_three_group",1869,FALSE,FALSE,0
"dense_three_group",1870,FALSE,FALSE,0
"dense_three_group",1871,FALSE,FALSE,0
"dense_three_group",1872,TRUE,FALSE,0
"dense_three_group",1873,FALSE,FALSE,0
"dense_three_group",1874,FALSE,FALSE,0
"dense_three_group",1875,FALSE,FALSE,0
"dense_three_group",1876,FALSE,FALSE,0
"dense_three_group",1877,FALSE,FALSE,0
"dense_three_group",1878,FALSE,FALSE,0
"dense_three_group",1879,FALSE,FALSE,0
"dense_three_group",1880,FALSE,FALSE,0
"dense_three_group",1881,FALSE,FALSE,0
"dense_three_group",1882,FALSE,FALSE,0
"dense_three_group",1883,FALSE,FALSE,0
"dense_three_group",1884,FALSE,FALSE,0
"dense_three_group",1885,FALSE,FALSE,0
"dense_three_group",1886,FALSE,FALSE,0
"dense_three_group",1887,FALSE,FALSE,0
"dense_three_group",1888,FALSE,FALSE,0
"dense_three_group",1889,FALSE,FALSE,0
"dense_three_group",1890,FALSE,FALSE,0
"dense_three_group",1891,FALSE,FALSE,0
"dense_three_group",1892,FALSE,FALSE,0
"dense_three_group",1893,FALSE,FALSE,0
"dense_three_group",1894,FALSE,FALSE,0
"dense_three_group",1895,FALSE,FALSE,0
"dense_three_group",1896,TRUE,FALSE,0
"dense_three_group",1897,FALSE,FALSE,0
"dense_three_group",1898,FALSE,FALSE,0
"dense_three_group",1899,FALSE,FALSE,0
"dense_three_group",1900,FALSE,FALSE,0
"dense_three_group",1901,FALSE,FALSE,0
"dense_three_group",1902,FALSE,FALSE,0
"dense_three_group",1903,FALSE,FALSE,0
"dense_three_group",1904,FALSE,FALSE,0
"dense_three_group",1905,FALSE,FALSE,0
"dense_three_group",1906,FALSE,FALSE,0
"dense_three_group",1907,FALSE,FALSE,0
"dense_three_group",1908,FALSE,FALSE,0
"dense_three_group",1909,FALSE,FALSE,0
"dense_three_group",1910,FALSE,FALSE,0
"dense_three_group",1911,FALSE,FALSE,0
"dense_three_group",1912,FALSE,FALSE,0
"dense_three_group",1913,FALSE,FALSE,0
"dense_three_group",1914,FALSE,FALSE,0
"dense_three_group",1915,FALSE,FALSE,0
"dense_three_group",1916,FALSE,FALSE,0
"dense_three_group",1917,FALSE,FALSE,0
"dense_three_group",1918,FALSE,FALSE,0
"dense_three_group",1919,FALSE,FALSE,0
"dense_three_group",1920,FALSE,FALSE,0
"dense_three_group",1921,FALSE,FALSE,0
"dense_three_group",1922,FALSE,FALSE,0
"dense_three_group",1923,FALSE,FALSE,0
"dense_three_group",1924,FALSE,FALSE,0
"dense_three_group",1925,FALSE,FALSE,0
"dense_three_group",1926,FALSE,FALSE,0
"dense_three_group",1927,FALSE,FALSE,0
"dense_three_group",1928,FALSE,FALSE,0
"dense_three_group",1929,FALSE,FALSE,0
"dense_three_group",1930,FALSE,FALSE,0
"dense_three_group",1931,FALSE,FALSE,0
"dense_three_group",1932,FALSE,FALSE,0
"dense_three_group",1933,FALSE,FALSE,0
"dense_three_group",1934,FALSE,FALSE,0
"dense_three_group",1935,FALSE,FALSE,0
"dense_three_group",1936,FALSE,FALSE,0
"dense_three_group",1937,FALSE,FALSE,0
"dense_three_group",1938,FALSE,FALSE,0
"dense_three_group",1939,FALSE,FALSE,0
"dense_three_group",1940,FALSE,FALSE,0
"dense_three_group",1941,FALSE,FALSE,0
"dense_three_group",1942,FALSE,FALSE,0
"dense_three_group",1943,FALSE,FALSE,0
"dense_three_group",1944,FALSE,FALSE,0
"dense_three_group",1945,FALSE,FALSE,0
"dense_three_group",1946,FALSE,FALSE,0
"dense_three_group",1947,FALSE,FALSE,0
"dense_three_group",1948,FALSE,FALSE,0
"dense_three_group",1949,FALSE,FALSE,0
"dense_three_group",1950,FALSE,FALSE,0
"dense_three_group",1951,FALSE,FALSE,0
"dense_three_group",1952,FALSE,FALSE,0
"dense_three_group",1953,TRUE,FALSE,0
"dense_three_group",1954,FALSE,FALSE,0
"dense_three_group",1955,FALSE,FALSE,0
"dense_three_group",1956,FALSE,FALSE,0
"dense_three_group",1957,FALSE,FALSE,0
"dense_three_group",1958,FALSE,FALSE,0
"dense_three_group",1959,FALSE,FALSE,0
"dense_three_group",1960,FALSE,FALSE,0
"dense_three_group",1961,FALSE,FALSE,0
"dense_three_group",1962,FALSE,FALSE,0
"dense_three_group",1963,FALSE,FALSE,0
"dense_three_group",1964,TRUE,FALSE,0
"dense_three_group",1965,FALSE,FALSE,0
"dense_three_group",1966,FALSE,FALSE,0
"dense_three_group",1967,FALSE,FALSE,0
"dense_three_group",1968,FALSE,FALSE,0
"dense_three_group",1969,FALSE,FALSE,0
"dense_three_group",1970,FALSE,FALSE,0
"dense_three_group",1971,FALSE,FALSE,0
"dense_three_group",1972,FALSE,FALSE,0
"dense_three_group",1973,FALSE,FALSE,0
"dense_three_group",1974,FALSE,FALSE,0
"dense_three_group",1975,FALSE,FALSE,0
"dense_three_group",1976,FALSE,FALSE,0
"dense_three_group",1977,FALSE,FALSE,0
"dense_three_group",1978,FALSE,FALSE,0
"dense_three_group",1979,FALSE,FALSE,0
"dense_three_group",1980,FALSE,FALSE,0
"dense_three_group",1981,FALSE,FALSE,0
"dense_three_group",1982,FALSE,FALSE,0
"dense_three_group",1983,TRUE,FALSE,0
"dense_three_group",1984,FALSE,FALSE,0
"dense_three_group",1985,FALSE,FALSE,0
"dense_three_group",1986,FALSE,FALSE,0
"dense_three_group",1987,FALSE,FALSE,0
"dense_three_group",1988,FALSE,FALSE,0
"dense_three_group",1989,FALSE,FALSE,0
"dense_three_group",1990,FALSE,FALSE,0
"dense_three_group",1991,FALSE,FALSE,0
"dense_three_group",1992,FALSE,FALSE,0
"dense_three_group",1993,FALSE,FALSE,0
"dense_three_group",1994,FALSE,FALSE,0
"dense_three_group",1995,FALSE,FALSE,0
"dense_three_group",1996,FALSE,FALSE,0
"dense_three_group",1997,FALSE,FALSE,0
"dense_three_group",1998,FALSE,FALSE,0
"dense_three_group",1999,FALSE,FALSE,0
"dense_three_group",2000,FALSE,FALSE,0
