"scenario","replicate","procedure","global_reject","tpr","precision","fdp","fwer","set_size_error","jaccard","n_selected"
"localized_positive",1,"unadjusted",TRUE,0.666666666666667,1,0,0,-2,0.666666666666667,4
"localized_positive",1,"Holm",TRUE,0.166666666666667,1,0,0,-5,0.166666666666667,1
"localized_positive",1,"BY",TRUE,0.166666666666667,1,0,0,-5,0.166666666666667,1
"localized_positive",2,"unadjusted",TRUE,0.666666666666667,1,0,0,-2,0.666666666666667,4
"localized_positive",2,"Holm",TRUE,0.166666666666667,1,0,0,-5,0.166666666666667,1
"localized_positive",2,"BY",TRUE,0,0,0,0,-6,0,0
"localized_positive",3,"unadjusted",TRUE,0.833333333333333,1,0,0,-1,0.833333333333333,5
"localized_positive",3,"Holm",TRUE,0,0,0,0,-6,0,0
"localized_positive",3,"BY",TRUE,0,0,0,0,-6,0,0
"localized_positive",4,"unadjusted",TRUE,0.666666666666667,1,0,0,-2,0.666666666666667,4
"localized_positive",4,"Holm",TRUE,0,0,0,0,-6,0,0
"localized_positive",4,"BY",TRUE,0,0,0,0,-6,0,0
"localized_positive",5,"unadjusted",TRUE,0.833333333333333,1,0,0,-1,0.833333333333333,5
"localized_positive",5,"Holm",TRUE,0.333333333333333,1,0,0,-4,0.333333333333333,2
"localized_positive",5,"BY",TRUE,0.333333333333333,1,0,0,-4,0.333333333333333,2
"localized_positive",6,"unadjusted",TRUE,0.833333333333333,0.833333333333333,0.166666666666667,1,0,0.714285714285714,6
"localized_positive",6,"Holm",TRUE,0.166666666666667,1,0,0,-5,0.166666666666667,1
"localized_positive",6,"BY",TRUE,0,0,0,0,-6,0,0
"localized_positive",7,"unadjusted",TRUE,0.5,0.75,0.25,1,-2,0.428571428571429,4
"localized_positive",7,"Holm",TRUE,0,0,0,0,-6,0,0
"localized_positive",7,"BY",TRUE,0,0,0,0,-6,0,0
"localized_positive",8,"unadjusted",TRUE,0.666666666666667,1,0,0,-2,0.666666666666667,4
"localized_positive",8,"Holm",TRUE,0.166666666666667,1,0,0,-5,0.166666666666667,1
"localized_positive",8,"BY",TRUE,0.166666666666667,1,0,0,-5,0.166666666666667,1
"localized_positive",9,"unadjusted",TRUE,0.833333333333333,1,0,0,-1,0.833333333333333,5
"localized_positive",9,"Holm",TRUE,0.166666666666667,1,0,0,-5,0.166666666666667,1
"localized_positive",9,"BY",TRUE,0,0,0,0,-6,0,0
"localized_positive",10,"unadjusted",TRUE,0.333333333333333,0.666666666666667,0.333333333333333,1,-3,0.285714285714286,3
"localized_positive",10,"Holm",TRUE,0,0,0,0,-6,0,0
"localized_positive",10,"BY",TRUE,0,0,0,0,-6,0,0
"localized_positive",11,"unadjusted",TRUE,0.5,1,0,0,-3,0.5,3
"localized_positive",11,"Holm",TRUE,0.333333333333333,1,0,0,-4,0.333333333333333,2
"localized_positive",11,"BY",TRUE,0.166666666666667,1,0,0,-5,0.166666666666667,1
"localized_positive",12,"unadjusted",TRUE,0.833333333333333,1,0,0,-1,0.833333333333333,5
"localized_positive",12,"Holm",TRUE,0,0,0,0,-6,0,0
"localized_positive",12,"BY",TRUE,0,0,0,0,-6,0,0
"localized_positive",13,"unadjusted",TRUE,1,0.857142857142857,0.142857142857143,1,1,0.857142857142857,7
"localized_positive",13,"Holm",TRUE,0.333333333333333,1,0,0,-4,0.333333333333333,2
"localized_positive",13,"BY",TRUE,0.166666666666667,1,0,0,-5,0.166666666666667,1
"localized_positive",14,"unadjusted",TRUE,0.333333333333333,1,0,0,-4,0.333333333333333,2
"localized_positive",14,"Holm",TRUE,0,0,0,0,-6,0,0
"localized_positive",14,"BY",TRUE,0,0,0,0,-6,0,0
"localized_positive",15,"unadjusted",TRUE,0.833333333333333,1,0,0,-1,0.833333333333333,5
"localized_positive",15,"Holm",TRUE,0.166666666666667,1,0,0,-5,0.166666666666667,1
"localized_positive",15,"BY",TRUE,0,0,0,0,-6,0,0
"localized_positive",16,"unadjusted",TRUE,1,1,0,0,0,1,6
"localized_positive",16,"Holm",TRUE,0.5,1,0,0,-3,0.5,3
"localized_positive",16,"BY",TRUE,0.5,1,0,0,-3,0.5,3
"localized_positive",17,"unadjusted",TRUE,0.833333333333333,0.714285714285714,0.285714285714286,1,1,0.625,7
"localized_positive",17,"Holm",TRUE,0,0,0,0,-6,0,0
"localized_positive",17,"BY",TRUE,0,0,0,0,-6,0,0
"localized_positive",18,"unadjusted",FALSE,0.333333333333333,1,0,0,-4,0.333333333333333,2
"localized_positive",18,"Holm",FALSE,0,0,0,0,-6,0,0
"localized_positive",18,"BY",FALSE,0,0,0,0,-6,0,0
"localized_positive",19,"unadjusted",TRUE,0.666666666666667,0.8,0.2,1,-1,0.571428571428571,5
"localized_positive",19,"Holm",TRUE,0.333333333333333,1,0,0,-4,0.333333333333333,2
"localized_positive",19,"BY",TRUE,0.166666666666667,1,0,0,-5,0.166666666666667,1
"localized_positive",20,"unadjusted",TRUE,0.5,1,0,0,-3,0.5,3
"localized_positive",20,"Holm",TRUE,0.333333333333333,1,0,0,-4,0.333333333333333,2
"localized_positive",20,"BY",TRUE,0.333333333333333,1,0,0,-4,0.333333333333333,2
"localized_positive",21,"unadjusted",TRUE,0.833333333333333,1,0,0,-1,0.833333333333333,5
"localized_positive",21,"Holm",TRUE,0.166666666666667,1,0,0,-5,0.166666666666667,1
"localized_positive",21,"BY",TRUE,0.166666666666667,1,0,0,-5,0.166666666666667,1
"localized_positive",22,"unadjusted",TRUE,0.333333333333333,1,0,0,-4,0.333333333333333,2
"localized_positive",22,"Holm",TRUE,0,0,0,0,-6,0,0
"localized_positive",22,"BY",TRUE,0,0,0,0,-6,0,0
"localized_positive",23,"unadjusted",TRUE,0.5,1,0,0,-3,0.5,3
"localized_positive",23,"Holm",TRUE,0.166666666666667,1,0,0,-5,0.166666666666667,1
"localized_positive",23,"BY",TRUE,0,0,0,0,-6,0,0
"localized_positive",24,"unadjusted",TRUE,0.5,0.75,0.25,1,-2,0.428571428571429,4
"localized_positive",24,"Holm",TRUE,0.333333333333333,1,0,0,-4,0.333333333333333,2
"localized_positive",24,"BY",TRUE,0.333333333333333,1,0,0,-4,0.333333333333333,2
"localized_positive",25,"unadjusted",TRUE,0.666666666666667,0.666666666666667,0.333333333333333,1,0,0.5,6
"localized_positive",25,"Holm",TRUE,0.5,0.75,0.25,1,-2,0.428571428571429,4
"localized_positive",25,"BY",TRUE,0.5,0.75,0.25,1,-2,0.428571428571429,4
"localized_positive",26,"unadjusted",TRUE,0.833333333333333,0.833333333333333,0.166666666666667,1,0,0.714285714285714,6
"localized_positive",26,"Holm",TRUE,0.333333333333333,1,0,0,-4,0.333333333333333,2
"localized_positive",26,"BY",TRUE,0,0,0,0,-6,0,0
"localized_positive",27,"unadjusted",TRUE,0.666666666666667,1,0,0,-2,0.666666666666667,4
"localized_positive",27,"Holm",TRUE,0.166666666666667,1,0,0,-5,0.166666666666667,1
"localized_positive",27,"BY",TRUE,0,0,0,0,-6,0,0
"localized_positive",28,"unadjusted",TRUE,0.666666666666667,1,0,0,-2,0.666666666666667,4
"localized_positive",28,"Holm",TRUE,0.333333333333333,1,0,0,-4,0.333333333333333,2
"localized_positive",28,"BY",TRUE,0.333333333333333,1,0,0,-4,0.333333333333333,2
"localized_positive",29,"unadjusted",TRUE,0.833333333333333,0.625,0.375,1,2,0.555555555555556,8
"localized_positive",29,"Holm",TRUE,0.5,1,0,0,-3,0.5,3
"localized_positive",29,"BY",TRUE,0.5,1,0,0,-3,0.5,3
"localized_positive",30,"unadjusted",TRUE,0.666666666666667,0.8,0.2,1,-1,0.571428571428571,5
"localized_positive",30,"Holm",TRUE,0,0,0,0,-6,0,0
"localized_positive",30,"BY",TRUE,0,0,0,0,-6,0,0
"localized_positive",31,"unadjusted",TRUE,0.333333333333333,0.666666666666667,0.333333333333333,1,-3,0.285714285714286,3
"localized_positive",31,"Holm",TRUE,0,0,0,0,-6,0,0
"localized_positive",31,"BY",TRUE,0,0,0,0,-6,0,0
"localized_positive",32,"unadjusted",TRUE,0.666666666666667,1,0,0,-2,0.666666666666667,4
"localized_positive",32,"Holm",TRUE,0,0,0,0,-6,0,0
"localized_positive",32,"BY",TRUE,0,0,0,0,-6,0,0
"localized_positive",33,"unadjusted",TRUE,0.833333333333333,0.833333333333333,0.166666666666667,1,0,0.714285714285714,6
"localized_positive",33,"Holm",TRUE,0.5,1,0,0,-3,0.5,3
"localized_positive",33,"BY",TRUE,0.5,1,0,0,-3,0.5,3
"localized_positive",34,"unadjusted",TRUE,0.833333333333333,1,0,0,-1,0.833333333333333,5
"localized_positive",34,"Holm",TRUE,0,0,0,0,-6,0,0
"localized_positive",34,"BY",TRUE,0,0,0,0,-6,0,0
"localized_positive",35,"unadjusted",TRUE,0.666666666666667,1,0,0,-2,0.666666666666667,4
"localized_positive",35,"Holm",TRUE,0.333333333333333,1,0,0,-4,0.333333333333333,2
"localized_positive",35,"BY",TRUE,0.333333333333333,1,0,0,-4,0.333333333333333,2
"localized_positive",36,"unadjusted",TRUE,0.666666666666667,1,0,0,-2,0.666666666666667,4
"localized_positive",36,"Holm",TRUE,0.5,1,0,0,-3,0.5,3
"localized_positive",36,"BY",TRUE,0.5,1,0,0,-3,0.5,3
"localized_positive",37,"unadjusted",TRUE,0.833333333333333,0.833333333333333,0.166666666666667,1,0,0.714285714285714,6
"localized_positive",37,"Holm",TRUE,0.166666666666667,1,0,0,-5,0.166666666666667,1
"localized_positive",37,"BY",TRUE,0.166666666666667,1,0,0,-5,0.166666666666667,1
"localized_positive",38,"unadjusted",TRUE,0.666666666666667,0.666666666666667,0.333333333333333,1,0,0.5,6
"localized_positive",38,"Holm",TRUE,0.166666666666667,1,0,0,-5,0.166666666666667,1
"localized_positive",38,"BY",TRUE,0,0,0,0,-6,0,0
"localized_positive",39,"unadjusted",TRUE,0.666666666666667,1,0,0,-2,0.666666666666667,4
"localized_positive",39,"Holm",TRUE,0.5,1,0,0,-3,0.5,3
"localized_positive",39,"BY",TRUE,0.5,1,0,0,-3,0.5,3
"localized_positive",40,"unadjusted",TRUE,1,1,0,0,0,1,6
"localized_positive",40,"Holm",TRUE,0,0,0,0,-6,0,0
"localized_positive",40,"BY",TRUE,0,0,0,0,-6,0,0
"localized_positive",41,"unadjusted",TRUE,1,1,0,0,0,1,6
"localized_positive",41,"Holm",TRUE,0.166666666666667,1,0,0,-5,0.166666666666667,1
"localized_positive",41,"BY",TRUE,0.166666666666667,1,0,0,-5,0.166666666666667,1
"localized_positive",42,"unadjusted",TRUE,1,0.857142857142857,0.142857142857143,1,1,0.857142857142857,7
"localized_positive",42,"Holm",TRUE,0.5,1,0,0,-3,0.5,3
"localized_positive",42,"BY",TRUE,0.833333333333333,1,0,0,-1,0.833333333333333,5
"localized_positive",43,"unadjusted",TRUE,0.833333333333333,1,0,0,-1,0.833333333333333,5
"localized_positive",43,"Holm",TRUE,0.166666666666667,1,0,0,-5,0.166666666666667,1
"localized_positive",43,"BY",TRUE,0,0,0,0,-6,0,0
"localized_positive",44,"unadjusted",TRUE,1,0.857142857142857,0.142857142857143,1,1,0.857142857142857,7
"localized_positive",44,"Holm",TRUE,0.333333333333333,1,0,0,-4,0.333333333333333,2
"localized_positive",44,"BY",TRUE,0.166666666666667,1,0,0,-5,0.166666666666667,1
"localized_positive",45,"unadjusted",TRUE,0.833333333333333,1,0,0,-1,0.833333333333333,5
"localized_positive",45,"Holm",TRUE,0,0,0,0,-6,0,0
"localized_positive",45,"BY",TRUE,0,0,0,0,-6,0,0
"localized_positive",46,"unadjusted",TRUE,1,1,0,0,0,1,6
"localized_positive",46,"Holm",TRUE,0.166666666666667,1,0,0,-5,0.166666666666667,1
"localized_positive",46,"BY",TRUE,0.166666666666667,1,0,0,-5,0.166666666666667,1
"localized_positive",47,"unadjusted",TRUE,0.5,1,0,0,-3,0.5,3
"localized_positive",47,"Holm",TRUE,0.166666666666667,1,0,0,-5,0.166666666666667,1
"localized_positive",47,"BY",TRUE,0.166666666666667,1,0,0,-5,0.166666666666667,1
"localized_positive",48,"unadjusted",TRUE,0.833333333333333,1,0,0,-1,0.833333333333333,5
"localized_positive",48,"Holm",TRUE,0.333333333333333,1,0,0,-4,0.333333333333333,2
"localized_positive",48,"BY",TRUE,0.333333333333333,1,0,0,-4,0.333333333333333,2
"localized_positive",49,"unadjusted",TRUE,0,0,1,1,-5,0,1
"localized_positive",49,"Holm",TRUE,0,0,0,0,-6,0,0
"localized_positive",49,"BY",TRUE,0,0,0,0,-6,0,0
"localized_positive",50,"unadjusted",TRUE,0.666666666666667,0.8,0.2,1,-1,0.571428571428571,5
"localized_positive",50,"Holm",TRUE,0.166666666666667,1,0,0,-5,0.166666666666667,1
"localized_positive",50,"BY",TRUE,0.166666666666667,1,0,0,-5,0.166666666666667,1
"localized_positive",51,"unadjusted",TRUE,0.666666666666667,1,0,0,-2,0.666666666666667,4
"localized_positive",51,"Holm",TRUE,0,0,0,0,-6,0,0
"localized_positive",51,"BY",TRUE,0,0,0,0,-6,0,0
"localized_positive",52,"unadjusted",TRUE,0.833333333333333,1,0,0,-1,0.833333333333333,5
"localized_positive",52,"Holm",TRUE,0.333333333333333,1,0,0,-4,0.333333333333333,2
"localized_positive",52,"BY",TRUE,0.166666666666667,1,0,0,-5,0.166666666666667,1
"localized_positive",53,"unadjusted",TRUE,0.666666666666667,1,0,0,-2,0.666666666666667,4
"localized_positive",53,"Holm",TRUE,0.5,1,0,0,-3,0.5,3
"localized_positive",53,"BY",TRUE,0.5,1,0,0,-3,0.5,3
"localized_positive",54,"unadjusted",TRUE,0.333333333333333,1,0,0,-4,0.333333333333333,2
"localized_positive",54,"Holm",TRUE,0.166666666666667,1,0,0,-5,0.166666666666667,1
"localized_positive",54,"BY",TRUE,0,0,0,0,-6,0,0
"localized_positive",55,"unadjusted",TRUE,0.833333333333333,1,0,0,-1,0.833333333333333,5
"localized_positive",55,"Holm",TRUE,0.666666666666667,1,0,0,-2,0.666666666666667,4
"localized_positive",55,"BY",TRUE,0.666666666666667,1,0,0,-2,0.666666666666667,4
"localized_positive",56,"unadjusted",TRUE,0.833333333333333,1,0,0,-1,0.833333333333333,5
"localized_positive",56,"Holm",TRUE,0.166666666666667,1,0,0,-5,0.166666666666667,1
"localized_positive",56,"BY",TRUE,0,0,0,0,-6,0,0
"localized_positive",57,"unadjusted",TRUE,0.5,0.75,0.25,1,-2,0.428571428571429,4
"localized_positive",57,"Holm",TRUE,0.166666666666667,1,0,0,-5,0.166666666666667,1
"localized_positive",57,"BY",TRUE,0.166666666666667,1,0,0,-5,0.166666666666667,1
"localized_positive",58,"unadjusted",TRUE,0.666666666666667,1,0,0,-2,0.666666666666667,4
"localized_positive",58,"Holm",TRUE,0.166666666666667,1,0,0,-5,0.166666666666667,1
"localized_positive",58,"BY",TRUE,0,0,0,0,-6,0,0
"localized_positive",59,"unadjusted",TRUE,0.833333333333333,0.714285714285714,0.285714285714286,1,1,0.625,7
"localized_positive",59,"Holm",TRUE,0.166666666666667,1,0,0,-5,0.166666666666667,1
"localized_positive",59,"BY",TRUE,0,0,0,0,-6,0,0
"localized_positive",60,"unadjusted",TRUE,0.5,0.75,0.25,1,-2,0.428571428571429,4
"localized_positive",60,"Holm",TRUE,0.333333333333333,1,0,0,-4,0.333333333333333,2
"localized_positive",60,"BY",TRUE,0.333333333333333,1,0,0,-4,0.333333333333333,2
"localized_positive",61,"unadjusted",TRUE,0.833333333333333,0.833333333333333,0.166666666666667,1,0,0.714285714285714,6
"localized_positive",61,"Holm",TRUE,0.5,1,0,0,-3,0.5,3
"localized_positive",61,"BY",TRUE,0.5,1,0,0,-3,0.5,3
"localized_positive",62,"unadjusted",TRUE,0.666666666666667,1,0,0,-2,0.666666666666667,4
"localized_positive",62,"Holm",TRUE,0,0,0,0,-6,0,0
"localized_positive",62,"BY",TRUE,0,0,0,0,-6,0,0
"localized_positive",63,"unadjusted",TRUE,0.666666666666667,1,0,0,-2,0.666666666666667,4
"localized_positive",63,"Holm",TRUE,0.166666666666667,1,0,0,-5,0.166666666666667,1
"localized_positive",63,"BY",TRUE,0.166666666666667,1,0,0,-5,0.166666666666667,1
"localized_positive",64,"unadjusted",TRUE,0.333333333333333,1,0,0,-4,0.333333333333333,2
"localized_positive",64,"Holm",TRUE,0,0,0,0,-6,0,0
"localized_positive",64,"BY",TRUE,0,0,0,0,-6,0,0
"localized_positive",65,"unadjusted",TRUE,0.5,0.75,0.25,1,-2,0.428571428571429,4
"localized_positive",65,"Holm",TRUE,0.166666666666667,1,0,0,-5,0.166666666666667,1
"localized_positive",65,"BY",TRUE,0.166666666666667,1,0,0,-5,0.166666666666667,1
"localized_positive",66,"unadjusted",TRUE,0.833333333333333,1,0,0,-1,0.833333333333333,5
"localized_positive",66,"Holm",TRUE,0.5,1,0,0,-3,0.5,3
"localized_positive",66,"BY",TRUE,0.5,1,0,0,-3,0.5,3
"localized_positive",67,"unadjusted",TRUE,0.5,0.6,0.4,1,-1,0.375,5
"localized_positive",67,"Holm",TRUE,0.166666666666667,1,0,0,-5,0.166666666666667,1
"localized_positive",67,"BY",TRUE,0.166666666666667,1,0,0,-5,0.166666666666667,1
"localized_positive",68,"unadjusted",TRUE,0.833333333333333,0.833333333333333,0.166666666666667,1,0,0.714285714285714,6
"localized_positive",68,"Holm",TRUE,0.666666666666667,1,0,0,-2,0.666666666666667,4
"localized_positive",68,"BY",TRUE,0.666666666666667,1,0,0,-2,0.666666666666667,4
"localized_positive",69,"unadjusted",TRUE,0.333333333333333,0.666666666666667,0.333333333333333,1,-3,0.285714285714286,3
"localized_positive",69,"Holm",TRUE,0,0,0,0,-6,0,0
"localized_positive",69,"BY",TRUE,0,0,0,0,-6,0,0
"localized_positive",70,"unadjusted",TRUE,0.666666666666667,0.666666666666667,0.333333333333333,1,0,0.5,6
"localized_positive",70,"Holm",TRUE,0,0,0,0,-6,0,0
"localized_positive",70,"BY",TRUE,0,0,0,0,-6,0,0
"localized_positive",71,"unadjusted",TRUE,0.5,1,0,0,-3,0.5,3
"localized_positive",71,"Holm",TRUE,0.333333333333333,1,0,0,-4,0.333333333333333,2
"localized_positive",71,"BY",TRUE,0.333333333333333,1,0,0,-4,0.333333333333333,2
"localized_positive",72,"unadjusted",TRUE,0.666666666666667,1,0,0,-2,0.666666666666667,4
"localized_positive",72,"Holm",TRUE,0.166666666666667,1,0,0,-5,0.166666666666667,1
"localized_positive",72,"BY",TRUE,0,0,0,0,-6,0,0
"localized_positive",73,"unadjusted",TRUE,1,1,0,0,0,1,6
"localized_positive",73,"Holm",TRUE,0.333333333333333,1,0,0,-4,0.333333333333333,2
"localized_positive",73,"BY",TRUE,0.333333333333333,1,0,0,-4,0.333333333333333,2
"localized_positive",74,"unadjusted",TRUE,0.666666666666667,1,0,0,-2,0.666666666666667,4
"localized_positive",74,"Holm",TRUE,0.166666666666667,1,0,0,-5,0.166666666666667,1
"localized_positive",74,"BY",TRUE,0,0,0,0,-6,0,0
"localized_positive",75,"unadjusted",TRUE,0.833333333333333,0.833333333333333,0.166666666666667,1,0,0.714285714285714,6
"localized_positive",75,"Holm",TRUE,0.166666666666667,1,0,0,-5,0.166666666666667,1
"localized_positive",75,"BY",TRUE,0,0,0,0,-6,0,0
"localized_positive",76,"unadjusted",TRUE,0.833333333333333,0.833333333333333,0.166666666666667,1,0,0.714285714285714,6
"localized_positive",76,"Holm",TRUE,0.5,1,0,0,-3,0.5,3
"localized_positive",76,"BY",TRUE,0.5,1,0,0,-3,0.5,3
"localized_positive",77,"unadjusted",TRUE,0.666666666666667,0.8,0.2,1,-1,0.571428571428571,5
"localized_positive",77,"Holm",TRUE,0.166666666666667,1,0,0,-5,0.166666666666667,1
"localized_positive",77,"BY",TRUE,0,0,0,0,-6,0,0
"localized_positive",78,"unadjusted",TRUE,1,0.857142857142857,0.142857142857143,1,1,0.857142857142857,7
"localized_positive",78,"Holm",TRUE,0.5,1,0,0,-3,0.5,3
"localized_positive",78,"BY",TRUE,0.5,1,0,0,-3,0.5,3
"localized_positive",79,"unadjusted",TRUE,0.5,1,0,0,-3,0.5,3
"localized_positive",79,"Holm",TRUE,0.333333333333333,1,0,0,-4,0.333333333333333,2
"localized_positive",79,"BY",TRUE,0.333333333333333,1,0,0,-4,0.333333333333333,2
"localized_positive",80,"unadjusted",TRUE,0.833333333333333,0.833333333333333,0.166666666666667,1,0,0.714285714285714,6
"localized_positive",80,"Holm",TRUE,0.333333333333333,1,0,0,-4,0.333333333333333,2
"localized_positive",80,"BY",TRUE,0.333333333333333,1,0,0,-4,0.333333333333333,2
"localized_positive",81,"unadjusted",TRUE,0.666666666666667,1,0,0,-2,0.666666666666667,4
"localized_positive",81,"Holm",TRUE,0.166666666666667,1,0,0,-5,0.166666666666667,1
"localized_positive",81,"BY",TRUE,0,0,0,0,-6,0,0
"localized_positive",82,"unadjusted",TRUE,0.5,0.75,0.25,1,-2,0.428571428571429,4
"localized_positive",82,"Holm",TRUE,0.333333333333333,1,0,0,-4,0.333333333333333,2
"localized_positive",82,"BY",TRUE,0.333333333333333,1,0,0,-4,0.333333333333333,2
"localized_positive",83,"unadjusted",TRUE,0.166666666666667,0.5,0.5,1,-4,0.142857142857143,2
"localized_positive",83,"Holm",TRUE,0,0,0,0,-6,0,0
"localized_positive",83,"BY",TRUE,0,0,0,0,-6,0,0
"localized_positive",84,"unadjusted",TRUE,0.5,1,0,0,-3,0.5,3
"localized_positive",84,"Holm",TRUE,0,0,0,0,-6,0,0
"localized_positive",84,"BY",TRUE,0,0,0,0,-6,0,0
"localized_positive",85,"unadjusted",TRUE,0.5,1,0,0,-3,0.5,3
"localized_positive",85,"Holm",TRUE,0,0,0,0,-6,0,0
"localized_positive",85,"BY",TRUE,0,0,0,0,-6,0,0
"localized_positive",86,"unadjusted",TRUE,0.833333333333333,1,0,0,-1,0.833333333333333,5
"localized_positive",86,"Holm",TRUE,0.166666666666667,1,0,0,-5,0.166666666666667,1
"localized_positive",86,"BY",TRUE,0,0,0,0,-6,0,0
"localized_positive",87,"unadjusted",TRUE,0.333333333333333,0.5,0.5,1,-2,0.25,4
"localized_positive",87,"Holm",TRUE,0.166666666666667,1,0,0,-5,0.166666666666667,1
"localized_positive",87,"BY",TRUE,0,0,0,0,-6,0,0
"localized_positive",88,"unadjusted",TRUE,0.5,0.75,0.25,1,-2,0.428571428571429,4
"localized_positive",88,"Holm",TRUE,0.333333333333333,1,0,0,-4,0.333333333333333,2
"localized_positive",88,"BY",TRUE,0.166666666666667,1,0,0,-5,0.166666666666667,1
"localized_positive",89,"unadjusted",TRUE,0.666666666666667,1,0,0,-2,0.666666666666667,4
"localized_positive",89,"Holm",TRUE,0.333333333333333,1,0,0,-4,0.333333333333333,2
"localized_positive",89,"BY",TRUE,0.333333333333333,1,0,0,-4,0.333333333333333,2
"localized_positive",90,"unadjusted",TRUE,0.666666666666667,1,0,0,-2,0.666666666666667,4
"localized_positive",90,"Holm",TRUE,0.333333333333333,1,0,0,-4,0.333333333333333,2
"localized_positive",90,"BY",TRUE,0.166666666666667,1,0,0,-5,0.166666666666667,1
"localized_positive",91,"unadjusted",TRUE,0.333333333333333,0.666666666666667,0.333333333333333,1,-3,0.285714285714286,3
"localized_positive",91,"Holm",TRUE,0.333333333333333,1,0,0,-4,0.333333333333333,2
"localized_positive",91,"BY",TRUE,0.166666666666667,1,0,0,-5,0.166666666666667,1
"localized_positive",92,"unadjusted",TRUE,0.5,1,0,0,-3,0.5,3
"localized_positive",92,"Holm",TRUE,0.166666666666667,1,0,0,-5,0.166666666666667,1
"localized_positive",92,"BY",TRUE,0.166666666666667,1,0,0,-5,0.166666666666667,1
"localized_positive",93,"unadjusted",TRUE,0.5,0.75,0.25,1,-2,0.428571428571429,4
"localized_positive",93,"Holm",TRUE,0.166666666666667,1,0,0,-5,0.166666666666667,1
"localized_positive",93,"BY",TRUE,0,0,0,0,-6,0,0
"localized_positive",94,"unadjusted",TRUE,0.333333333333333,0.5,0.5,1,-2,0.25,4
"localized_positive",94,"Holm",TRUE,0,0,0,0,-6,0,0
"localized_positive",94,"BY",TRUE,0,0,0,0,-6,0,0
"localized_positive",95,"unadjusted",TRUE,0.5,1,0,0,-3,0.5,3
"localized_positive",95,"Holm",TRUE,0,0,0,0,-6,0,0
"localized_positive",95,"BY",TRUE,0,0,0,0,-6,0,0
"localized_positive",96,"unadjusted",TRUE,0.5,1,0,0,-3,0.5,3
"localized_positive",96,"Holm",TRUE,0.166666666666667,1,0,0,-5,0.166666666666667,1
"localized_positive",96,"BY",TRUE,0.166666666666667,1,0,0,-5,0.166666666666667,1
"localized_positive",97,"unadjusted",TRUE,1,1,0,0,0,1,6
"localized_positive",97,"Holm",TRUE,0.5,1,0,0,-3,0.5,3
"localized_positive",97,"BY",TRUE,0.5,1,0,0,-3,0.5,3
"localized_positive",98,"unadjusted",TRUE,0.5,0.75,0.25,1,-2,0.428571428571429,4
"localized_positive",98,"Holm",TRUE,0.166666666666667,1,0,0,-5,0.166666666666667,1
"localized_positive",98,"BY",TRUE,0.166666666666667,1,0,0,-5,0.166666666666667,1
"localized_positive",99,"unadjusted",TRUE,0.833333333333333,0.833333333333333,0.166666666666667,1,0,0.714285714285714,6
"localized_positive",99,"Holm",TRUE,0.333333333333333,1,0,0,-4,0.333333333333333,2
"localized_positive",99,"BY",TRUE,0,0,0,0,-6,0,0
"localized_positive",100,"unadjusted",TRUE,0.666666666666667,0.8,0.2,1,-1,0.571428571428571,5
"localized_positive",100,"Holm",TRUE,0,0,1,1,-5,0,1
"localized_positive",100,"BY",TRUE,0,0,0,0,-6,0,0
"localized_positive",101,"unadjusted",TRUE,0.666666666666667,1,0,0,-2,0.666666666666667,4
"localized_positive",101,"Holm",TRUE,0.333333333333333,1,0,0,-4,0.333333333333333,2
"localized_positive",101,"BY",TRUE,0.166666666666667,1,0,0,-5,0.166666666666667,1
"localized_positive",102,"unadjusted",TRUE,0.666666666666667,0.8,0.2,1,-1,0.571428571428571,5
"localized_positive",102,"Holm",TRUE,0.5,1,0,0,-3,0.5,3
"localized_positive",102,"BY",TRUE,0.5,1,0,0,-3,0.5,3
"localized_positive",103,"unadjusted",TRUE,0.666666666666667,0.8,0.2,1,-1,0.571428571428571,5
"localized_positive",103,"Holm",TRUE,0.166666666666667,1,0,0,-5,0.166666666666667,1
"localized_positive",103,"BY",TRUE,0,0,0,0,-6,0,0
"localized_positive",104,"unadjusted",TRUE,0.833333333333333,1,0,0,-1,0.833333333333333,5
"localized_positive",104,"Holm",TRUE,0.333333333333333,1,0,0,-4,0.333333333333333,2
"localized_positive",104,"BY",TRUE,0.333333333333333,1,0,0,-4,0.333333333333333,2
"localized_positive",105,"unadjusted",TRUE,1,1,0,0,0,1,6
"localized_positive",105,"Holm",TRUE,0,0,0,0,-6,0,0
"localized_positive",105,"BY",TRUE,0,0,0,0,-6,0,0
"localized_positive",106,"unadjusted",TRUE,0.833333333333333,1,0,0,-1,0.833333333333333,5
"localized_positive",106,"Holm",TRUE,0.333333333333333,1,0,0,-4,0.333333333333333,2
"localized_positive",106,"BY",TRUE,0.333333333333333,1,0,0,-4,0.333333333333333,2
"localized_positive",107,"unadjusted",TRUE,0.833333333333333,1,0,0,-1,0.833333333333333,5
"localized_positive",107,"Holm",TRUE,0.333333333333333,1,0,0,-4,0.333333333333333,2
"localized_positive",107,"BY",TRUE,0.166666666666667,1,0,0,-5,0.166666666666667,1
"localized_positive",108,"unadjusted",TRUE,0.666666666666667,1,0,0,-2,0.666666666666667,4
"localized_positive",108,"Holm",TRUE,0.166666666666667,1,0,0,-5,0.166666666666667,1
"localized_positive",108,"BY",TRUE,0.166666666666667,1,0,0,-5,0.166666666666667,1
"localized_positive",109,"unadjusted",TRUE,1,0.857142857142857,0.142857142857143,1,1,0.857142857142857,7
"localized_positive",109,"Holm",TRUE,0.5,1,0,0,-3,0.5,3
"localized_positive",109,"BY",TRUE,0.5,1,0,0,-3,0.5,3
"localized_positive",110,"unadjusted",TRUE,0.5,0.6,0.4,1,-1,0.375,5
"localized_positive",110,"Holm",TRUE,0,0,0,0,-6,0,0
"localized_positive",110,"BY",TRUE,0,0,0,0,-6,0,0
"localized_positive",111,"unadjusted",TRUE,0.833333333333333,0.833333333333333,0.166666666666667,1,0,0.714285714285714,6
"localized_positive",111,"Holm",TRUE,0.5,1,0,0,-3,0.5,3
"localized_positive",111,"BY",TRUE,0.5,1,0,0,-3,0.5,3
"localized_positive",112,"unadjusted",TRUE,0.666666666666667,0.8,0.2,1,-1,0.571428571428571,5
"localized_positive",112,"Holm",TRUE,0.166666666666667,1,0,0,-5,0.166666666666667,1
"localized_positive",112,"BY",TRUE,0.166666666666667,1,0,0,-5,0.166666666666667,1
"localized_positive",113,"unadjusted",TRUE,0.833333333333333,0.833333333333333,0.166666666666667,1,0,0.714285714285714,6
"localized_positive",113,"Holm",TRUE,0.166666666666667,1,0,0,-5,0.166666666666667,1
"localized_positive",113,"BY",TRUE,0.166666666666667,1,0,0,-5,0.166666666666667,1
"localized_positive",114,"unadjusted",FALSE,0.166666666666667,1,0,0,-5,0.166666666666667,1
"localized_positive",114,"Holm",FALSE,0,0,0,0,-6,0,0
"localized_positive",114,"BY",FALSE,0,0,0,0,-6,0,0
"localized_positive",115,"unadjusted",TRUE,0.5,1,0,0,-3,0.5,3
"localized_positive",115,"Holm",TRUE,0.333333333333333,1,0,0,-4,0.333333333333333,2
"localized_positive",115,"BY",TRUE,0.333333333333333,1,0,0,-4,0.333333333333333,2
"localized_positive",116,"unadjusted",TRUE,0.5,1,0,0,-3,0.5,3
"localized_positive",116,"Holm",TRUE,0.166666666666667,1,0,0,-5,0.166666666666667,1
"localized_positive",116,"BY",TRUE,0,0,0,0,-6,0,0
"localized_positive",117,"unadjusted",TRUE,0.666666666666667,1,0,0,-2,0.666666666666667,4
"localized_positive",117,"Holm",TRUE,0.666666666666667,1,0,0,-2,0.666666666666667,4
"localized_positive",117,"BY",TRUE,0.666666666666667,1,0,0,-2,0.666666666666667,4
"localized_positive",118,"unadjusted",TRUE,0.333333333333333,0.5,0.5,1,-2,0.25,4
"localized_positive",118,"Holm",TRUE,0.333333333333333,1,0,0,-4,0.333333333333333,2
"localized_positive",118,"BY",TRUE,0.166666666666667,1,0,0,-5,0.166666666666667,1
"localized_positive",119,"unadjusted",TRUE,0.833333333333333,0.833333333333333,0.166666666666667,1,0,0.714285714285714,6
"localized_positive",119,"Holm",TRUE,0.333333333333333,1,0,0,-4,0.333333333333333,2
"localized_positive",119,"BY",TRUE,0,0,0,0,-6,0,0
"localized_positive",120,"unadjusted",TRUE,0.666666666666667,1,0,0,-2,0.666666666666667,4
"localized_positive",120,"Holm",TRUE,0.166666666666667,1,0,0,-5,0.166666666666667,1
"localized_positive",120,"BY",TRUE,0.166666666666667,1,0,0,-5,0.166666666666667,1
"localized_positive",121,"unadjusted",TRUE,0.833333333333333,0.833333333333333,0.166666666666667,1,0,0.714285714285714,6
"localized_positive",121,"Holm",TRUE,0,0,0,0,-6,0,0
"localized_positive",121,"BY",TRUE,0,0,0,0,-6,0,0
"localized_positive",122,"unadjusted",TRUE,0.833333333333333,0.714285714285714,0.285714285714286,1,1,0.625,7
"localized_positive",122,"Holm",TRUE,0,0,0,0,-6,0,0
"localized_positive",122,"BY",TRUE,0,0,0,0,-6,0,0
"localized_positive",123,"unadjusted",TRUE,0.833333333333333,0.833333333333333,0.166666666666667,1,0,0.714285714285714,6
"localized_positive",123,"Holm",TRUE,0.333333333333333,1,0,0,-4,0.333333333333333,2
"localized_positive",123,"BY",TRUE,0,0,0,0,-6,0,0
"localized_positive",124,"unadjusted",TRUE,0.833333333333333,0.833333333333333,0.166666666666667,1,0,0.714285714285714,6
"localized_positive",124,"Holm",TRUE,0.166666666666667,1,0,0,-5,0.166666666666667,1
"localized_positive",124,"BY",TRUE,0,0,0,0,-6,0,0
"localized_positive",125,"unadjusted",TRUE,0.666666666666667,0.8,0.2,1,-1,0.571428571428571,5
"localized_positive",125,"Holm",TRUE,0.166666666666667,1,0,0,-5,0.166666666666667,1
"localized_positive",125,"BY",TRUE,0.166666666666667,1,0,0,-5,0.166666666666667,1
"localized_positive",126,"unadjusted",TRUE,0.666666666666667,0.8,0.2,1,-1,0.571428571428571,5
"localized_positive",126,"Holm",TRUE,0.166666666666667,1,0,0,-5,0.166666666666667,1
"localized_positive",126,"BY",TRUE,0.166666666666667,1,0,0,-5,0.166666666666667,1
"localized_positive",127,"unadjusted",TRUE,0.5,0.75,0.25,1,-2,0.428571428571429,4
"localized_positive",127,"Holm",TRUE,0,0,0,0,-6,0,0
"localized_positive",127,"BY",TRUE,0,0,0,0,-6,0,0
"localized_positive",128,"unadjusted",TRUE,0.666666666666667,0.666666666666667,0.333333333333333,1,0,0.5,6
"localized_positive",128,"Holm",TRUE,0.333333333333333,1,0,0,-4,0.333333333333333,2
"localized_positive",128,"BY",TRUE,0.333333333333333,1,0,0,-4,0.333333333333333,2
"localized_positive",129,"unadjusted",TRUE,0.5,1,0,0,-3,0.5,3
"localized_positive",129,"Holm",TRUE,0,0,0,0,-6,0,0
"localized_positive",129,"BY",TRUE,0,0,0,0,-6,0,0
"localized_positive",130,"unadjusted",TRUE,0.5,1,0,0,-3,0.5,3
"localized_positive",130,"Holm",TRUE,0.333333333333333,1,0,0,-4,0.333333333333333,2
"localized_positive",130,"BY",TRUE,0.333333333333333,1,0,0,-4,0.333333333333333,2
"localized_positive",131,"unadjusted",TRUE,0.5,1,0,0,-3,0.5,3
"localized_positive",131,"Holm",TRUE,0,0,0,0,-6,0,0
"localized_positive",131,"BY",TRUE,0,0,0,0,-6,0,0
"localized_positive",132,"unadjusted",TRUE,0.5,1,0,0,-3,0.5,3
"localized_positive",132,"Holm",TRUE,0,0,0,0,-6,0,0
"localized_positive",132,"BY",TRUE,0,0,0,0,-6,0,0
"localized_positive",133,"unadjusted",TRUE,0.833333333333333,1,0,0,-1,0.833333333333333,5
"localized_positive",133,"Holm",TRUE,0,0,0,0,-6,0,0
"localized_positive",133,"BY",TRUE,0,0,0,0,-6,0,0
"localized_positive",134,"unadjusted",TRUE,0.833333333333333,1,0,0,-1,0.833333333333333,5
"localized_positive",134,"Holm",TRUE,0.333333333333333,1,0,0,-4,0.333333333333333,2
"localized_positive",134,"BY",TRUE,0.166666666666667,1,0,0,-5,0.166666666666667,1
"localized_positive",135,"unadjusted",TRUE,0.166666666666667,1,0,0,-5,0.166666666666667,1
"localized_positive",135,"Holm",TRUE,0,0,0,0,-6,0,0
"localized_positive",135,"BY",TRUE,0,0,0,0,-6,0,0
"localized_positive",136,"unadjusted",TRUE,0.833333333333333,1,0,0,-1,0.833333333333333,5
"localized_positive",136,"Holm",TRUE,0.166666666666667,1,0,0,-5,0.166666666666667,1
"localized_positive",136,"BY",TRUE,0,0,0,0,-6,0,0
"localized_positive",137,"unadjusted",TRUE,0.666666666666667,1,0,0,-2,0.666666666666667,4
"localized_positive",137,"Holm",TRUE,0.166666666666667,1,0,0,-5,0.166666666666667,1
"localized_positive",137,"BY",TRUE,0.166666666666667,1,0,0,-5,0.166666666666667,1
"localized_positive",138,"unadjusted",TRUE,0.666666666666667,0.8,0.2,1,-1,0.571428571428571,5
"localized_positive",138,"Holm",TRUE,0.333333333333333,1,0,0,-4,0.333333333333333,2
"localized_positive",138,"BY",TRUE,0,0,0,0,-6,0,0
"localized_positive",139,"unadjusted",TRUE,0.666666666666667,1,0,0,-2,0.666666666666667,4
"localized_positive",139,"Holm",TRUE,0.333333333333333,1,0,0,-4,0.333333333333333,2
"localized_positive",139,"BY",TRUE,0.166666666666667,1,0,0,-5,0.166666666666667,1
"localized_positive",140,"unadjusted",TRUE,0.666666666666667,0.666666666666667,0.333333333333333,1,0,0.5,6
"localized_positive",140,"Holm",TRUE,0,0,0,0,-6,0,0
"localized_positive",140,"BY",TRUE,0,0,0,0,-6,0,0
"localized_positive",141,"unadjusted",TRUE,0.833333333333333,0.833333333333333,0.166666666666667,1,0,0.714285714285714,6
"localized_positive",141,"Holm",TRUE,0.333333333333333,1,0,0,-4,0.333333333333333,2
"localized_positive",141,"BY",TRUE,0.333333333333333,1,0,0,-4,0.333333333333333,2
"localized_positive",142,"unadjusted",TRUE,0.5,1,0,0,-3,0.5,3
"localized_positive",142,"Holm",TRUE,0.166666666666667,1,0,0,-5,0.166666666666667,1
"localized_positive",142,"BY",TRUE,0,0,0,0,-6,0,0
"localized_positive",143,"unadjusted",TRUE,0.5,1,0,0,-3,0.5,3
"localized_positive",143,"Holm",TRUE,0,0,0,0,-6,0,0
"localized_positive",143,"BY",TRUE,0,0,0,0,-6,0,0
"localized_positive",144,"unadjusted",TRUE,0.5,0.75,0.25,1,-2,0.428571428571429,4
"localized_positive",144,"Holm",TRUE,0.333333333333333,1,0,0,-4,0.333333333333333,2
"localized_positive",144,"BY",TRUE,0.333333333333333,1,0,0,-4,0.333333333333333,2
"localized_positive",145,"unadjusted",TRUE,0.333333333333333,1,0,0,-4,0.333333333333333,2
"localized_positive",145,"Holm",TRUE,0,0,0,0,-6,0,0
"localized_positive",145,"BY",TRUE,0,0,0,0,-6,0,0
"localized_positive",146,"unadjusted",TRUE,0.833333333333333,1,0,0,-1,0.833333333333333,5
"localized_positive",146,"Holm",TRUE,0.166666666666667,1,0,0,-5,0.166666666666667,1
"localized_positive",146,"BY",TRUE,0,0,0,0,-6,0,0
"localized_positive",147,"unadjusted",TRUE,0.333333333333333,0.666666666666667,0.333333333333333,1,-3,0.285714285714286,3
"localized_positive",147,"Holm",TRUE,0.333333333333333,1,0,0,-4,0.333333333333333,2
"localized_positive",147,"BY",TRUE,0.166666666666667,1,0,0,-5,0.166666666666667,1
"localized_positive",148,"unadjusted",TRUE,0.5,1,0,0,-3,0.5,3
"localized_positive",148,"Holm",TRUE,0.333333333333333,1,0,0,-4,0.333333333333333,2
"localized_positive",148,"BY",TRUE,0.333333333333333,1,0,0,-4,0.333333333333333,2
"localized_positive",149,"unadjusted",TRUE,0.833333333333333,0.714285714285714,0.285714285714286,1,1,0.625,7
"localized_positive",149,"Holm",TRUE,0.666666666666667,1,0,0,-2,0.666666666666667,4
"localized_positive",149,"BY",TRUE,0.666666666666667,1,0,0,-2,0.666666666666667,4
"localized_positive",150,"unadjusted",TRUE,0.666666666666667,1,0,0,-2,0.666666666666667,4
"localized_positive",150,"Holm",TRUE,0.166666666666667,1,0,0,-5,0.166666666666667,1
"localized_positive",150,"BY",TRUE,0,0,0,0,-6,0,0
"localized_positive",151,"unadjusted",TRUE,0.833333333333333,1,0,0,-1,0.833333333333333,5
"localized_positive",151,"Holm",TRUE,0,0,0,0,-6,0,0
"localized_positive",151,"BY",TRUE,0,0,0,0,-6,0,0
"localized_positive",152,"unadjusted",TRUE,0.666666666666667,1,0,0,-2,0.666666666666667,4
"localized_positive",152,"Holm",TRUE,0.333333333333333,1,0,0,-4,0.333333333333333,2
"localized_positive",152,"BY",TRUE,0.333333333333333,1,0,0,-4,0.333333333333333,2
"localized_positive",153,"unadjusted",TRUE,0.666666666666667,0.8,0.2,1,-1,0.571428571428571,5
"localized_positive",153,"Holm",TRUE,0.166666666666667,1,0,0,-5,0.166666666666667,1
"localized_positive",153,"BY",TRUE,0.166666666666667,1,0,0,-5,0.166666666666667,1
"localized_positive",154,"unadjusted",TRUE,0.833333333333333,1,0,0,-1,0.833333333333333,5
"localized_positive",154,"Holm",TRUE,0.666666666666667,1,0,0,-2,0.666666666666667,4
"localized_positive",154,"BY",TRUE,0.666666666666667,1,0,0,-2,0.666666666666667,4
"localized_positive",155,"unadjusted",TRUE,0.833333333333333,1,0,0,-1,0.833333333333333,5
"localized_positive",155,"Holm",TRUE,0.5,1,0,0,-3,0.5,3
"localized_positive",155,"BY",TRUE,0.5,1,0,0,-3,0.5,3
"localized_positive",156,"unadjusted",TRUE,0.833333333333333,1,0,0,-1,0.833333333333333,5
"localized_positive",156,"Holm",TRUE,0,0,0,0,-6,0,0
"localized_positive",156,"BY",TRUE,0,0,0,0,-6,0,0
"localized_positive",157,"unadjusted",TRUE,0.666666666666667,0.8,0.2,1,-1,0.571428571428571,5
"localized_positive",157,"Holm",TRUE,0.333333333333333,1,0,0,-4,0.333333333333333,2
"localized_positive",157,"BY",TRUE,0.333333333333333,1,0,0,-4,0.333333333333333,2
"localized_positive",158,"unadjusted",TRUE,0.666666666666667,1,0,0,-2,0.666666666666667,4
"localized_positive",158,"Holm",TRUE,0.166666666666667,1,0,0,-5,0.166666666666667,1
"localized_positive",158,"BY",TRUE,0.166666666666667,1,0,0,-5,0.166666666666667,1
"localized_positive",159,"unadjusted",TRUE,0.5,0.75,0.25,1,-2,0.428571428571429,4
"localized_positive",159,"Holm",TRUE,0.166666666666667,1,0,0,-5,0.166666666666667,1
"localized_positive",159,"BY",TRUE,0.166666666666667,1,0,0,-5,0.166666666666667,1
"localized_positive",160,"unadjusted",TRUE,0.666666666666667,1,0,0,-2,0.666666666666667,4
"localized_positive",160,"Holm",TRUE,0.333333333333333,1,0,0,-4,0.333333333333333,2
"localized_positive",160,"BY",TRUE,0.333333333333333,1,0,0,-4,0.333333333333333,2
"localized_positive",161,"unadjusted",TRUE,0.5,0.75,0.25,1,-2,0.428571428571429,4
"localized_positive",161,"Holm",TRUE,0.166666666666667,1,0,0,-5,0.166666666666667,1
"localized_positive",161,"BY",TRUE,0,0,0,0,-6,0,0
"localized_positive",162,"unadjusted",TRUE,0.5,0.75,0.25,1,-2,0.428571428571429,4
"localized_positive",162,"Holm",TRUE,0.166666666666667,1,0,0,-5,0.166666666666667,1
"localized_positive",162,"BY",TRUE,0,0,0,0,-6,0,0
"localized_positive",163,"unadjusted",TRUE,0.666666666666667,1,0,0,-2,0.666666666666667,4
"localized_positive",163,"Holm",TRUE,0,0,0,0,-6,0,0
"localized_positive",163,"BY",TRUE,0,0,0,0,-6,0,0
"localized_positive",164,"unadjusted",TRUE,0.333333333333333,1,0,0,-4,0.333333333333333,2
"localized_positive",164,"Holm",TRUE,0.333333333333333,1,0,0,-4,0.333333333333333,2
"localized_positive",164,"BY",TRUE,0,0,0,0,-6,0,0
"localized_positive",165,"unadjusted",TRUE,0.833333333333333,0.833333333333333,0.166666666666667,1,0,0.714285714285714,6
"localized_positive",165,"Holm",TRUE,0.333333333333333,1,0,0,-4,0.333333333333333,2
"localized_positive",165,"BY",TRUE,0.333333333333333,1,0,0,-4,0.333333333333333,2
"localized_positive",166,"unadjusted",TRUE,0.166666666666667,0.5,0.5,1,-4,0.142857142857143,2
"localized_positive",166,"Holm",TRUE,0.166666666666667,1,0,0,-5,0.166666666666667,1
"localized_positive",166,"BY",TRUE,0.166666666666667,1,0,0,-5,0.166666666666667,1
"localized_positive",167,"unadjusted",TRUE,0.833333333333333,0.833333333333333,0.166666666666667,1,0,0.714285714285714,6
"localized_positive",167,"Holm",TRUE,0,0,0,0,-6,0,0
"localized_positive",167,"BY",TRUE,0,0,0,0,-6,0,0
"localized_positive",168,"unadjusted",TRUE,0.833333333333333,1,0,0,-1,0.833333333333333,5
"localized_positive",168,"Holm",TRUE,0.166666666666667,1,0,0,-5,0.166666666666667,1
"localized_positive",168,"BY",TRUE,0,0,0,0,-6,0,0
"localized_positive",169,"unadjusted",TRUE,0.833333333333333,1,0,0,-1,0.833333333333333,5
"localized_positive",169,"Holm",TRUE,0.5,1,0,0,-3,0.5,3
"localized_positive",169,"BY",TRUE,0.5,1,0,0,-3,0.5,3
"localized_positive",170,"unadjusted",TRUE,0.333333333333333,1,0,0,-4,0.333333333333333,2
"localized_positive",170,"Holm",TRUE,0,0,0,0,-6,0,0
"localized_positive",170,"BY",TRUE,0,0,0,0,-6,0,0
"localized_positive",171,"unadjusted",TRUE,0.166666666666667,1,0,0,-5,0.166666666666667,1
"localized_positive",171,"Holm",TRUE,0,0,0,0,-6,0,0
"localized_positive",171,"BY",TRUE,0,0,0,0,-6,0,0
"localized_positive",172,"unadjusted",TRUE,0.666666666666667,1,0,0,-2,0.666666666666667,4
"localized_positive",172,"Holm",TRUE,0.5,1,0,0,-3,0.5,3
"localized_positive",172,"BY",TRUE,0.5,1,0,0,-3,0.5,3
"localized_positive",173,"unadjusted",TRUE,0.333333333333333,1,0,0,-4,0.333333333333333,2
"localized_positive",173,"Holm",TRUE,0.166666666666667,1,0,0,-5,0.166666666666667,1
"localized_positive",173,"BY",TRUE,0,0,0,0,-6,0,0
"localized_positive",174,"unadjusted",TRUE,0.666666666666667,1,0,0,-2,0.666666666666667,4
"localized_positive",174,"Holm",TRUE,0.333333333333333,1,0,0,-4,0.333333333333333,2
"localized_positive",174,"BY",TRUE,0,0,0,0,-6,0,0
"localized_positive",175,"unadjusted",TRUE,0.333333333333333,1,0,0,-4,0.333333333333333,2
"localized_positive",175,"Holm",TRUE,0,0,0,0,-6,0,0
"localized_positive",175,"BY",TRUE,0,0,0,0,-6,0,0
"localized_positive",176,"unadjusted",TRUE,0.333333333333333,1,0,0,-4,0.333333333333333,2
"localized_positive",176,"Holm",TRUE,0.166666666666667,1,0,0,-5,0.166666666666667,1
"localized_positive",176,"BY",TRUE,0,0,0,0,-6,0,0
"localized_positive",177,"unadjusted",TRUE,0.833333333333333,0.833333333333333,0.166666666666667,1,0,0.714285714285714,6
"localized_positive",177,"Holm",TRUE,0.166666666666667,1,0,0,-5,0.166666666666667,1
"localized_positive",177,"BY",TRUE,0,0,0,0,-6,0,0
"localized_positive",178,"unadjusted",TRUE,0.666666666666667,1,0,0,-2,0.666666666666667,4
"localized_positive",178,"Holm",TRUE,0.333333333333333,1,0,0,-4,0.333333333333333,2
"localized_positive",178,"BY",TRUE,0.166666666666667,1,0,0,-5,0.166666666666667,1
"localized_positive",179,"unadjusted",TRUE,0.833333333333333,0.714285714285714,0.285714285714286,1,1,0.625,7
"localized_positive",179,"Holm",TRUE,0.166666666666667,1,0,0,-5,0.166666666666667,1
"localized_positive",179,"BY",TRUE,0.166666666666667,1,0,0,-5,0.166666666666667,1
"localized_positive",180,"unadjusted",TRUE,1,0.857142857142857,0.142857142857143,1,1,0.857142857142857,7
"localized_positive",180,"Holm",TRUE,0.166666666666667,1,0,0,-5,0.166666666666667,1
"localized_positive",180,"BY",TRUE,0.166666666666667,1,0,0,-5,0.166666666666667,1
"localized_positive",181,"unadjusted",TRUE,0.5,1,0,0,-3,0.5,3
"localized_positive",181,"Holm",TRUE,0.166666666666667,1,0,0,-5,0.166666666666667,1
"localized_positive",181,"BY",TRUE,0,0,0,0,-6,0,0
"localized_positive",182,"unadjusted",TRUE,0.833333333333333,1,0,0,-1,0.833333333333333,5
"localized_positive",182,"Holm",TRUE,0.333333333333333,1,0,0,-4,0.333333333333333,2
"localized_positive",182,"BY",TRUE,0.166666666666667,1,0,0,-5,0.166666666666667,1
"localized_positive",183,"unadjusted",TRUE,0.5,1,0,0,-3,0.5,3
"localized_positive",183,"Holm",TRUE,0.166666666666667,1,0,0,-5,0.166666666666667,1
"localized_positive",183,"BY",TRUE,0.166666666666667,1,0,0,-5,0.166666666666667,1
"localized_positive",184,"unadjusted",TRUE,0.666666666666667,0.571428571428571,0.428571428571429,1,1,0.444444444444444,7
"localized_positive",184,"Holm",TRUE,0.166666666666667,1,0,0,-5,0.166666666666667,1
"localized_positive",184,"BY",TRUE,0.166666666666667,1,0,0,-5,0.166666666666667,1
"localized_positive",185,"unadjusted",TRUE,0.833333333333333,1,0,0,-1,0.833333333333333,5
"localized_positive",185,"Holm",TRUE,0,0,0,0,-6,0,0
"localized_positive",185,"BY",TRUE,0,0,0,0,-6,0,0
"localized_positive",186,"unadjusted",TRUE,0.666666666666667,0.8,0.2,1,-1,0.571428571428571,5
"localized_positive",186,"Holm",TRUE,0.333333333333333,1,0,0,-4,0.333333333333333,2
"localized_positive",186,"BY",TRUE,0.333333333333333,1,0,0,-4,0.333333333333333,2
"localized_positive",187,"unadjusted",TRUE,0.333333333333333,0.666666666666667,0.333333333333333,1,-3,0.285714285714286,3
"localized_positive",187,"Holm",TRUE,0,0,0,0,-6,0,0
"localized_positive",187,"BY",TRUE,0,0,0,0,-6,0,0
"localized_positive",188,"unadjusted",TRUE,0.666666666666667,1,0,0,-2,0.666666666666667,4
"localized_positive",188,"Holm",TRUE,0.166666666666667,1,0,0,-5,0.166666666666667,1
"localized_positive",188,"BY",TRUE,0.166666666666667,1,0,0,-5,0.166666666666667,1
"localized_positive",189,"unadjusted",TRUE,0.666666666666667,0.8,0.2,1,-1,0.571428571428571,5
"localized_positive",189,"Holm",TRUE,0.166666666666667,1,0,0,-5,0.166666666666667,1
"localized_positive",189,"BY",TRUE,0.166666666666667,1,0,0,-5,0.166666666666667,1
"localized_positive",190,"unadjusted",TRUE,0.666666666666667,1,0,0,-2,0.666666666666667,4
"localized_positive",190,"Holm",TRUE,0,0,0,0,-6,0,0
"localized_positive",190,"BY",TRUE,0,0,0,0,-6,0,0
"localized_positive",191,"unadjusted",TRUE,0.666666666666667,1,0,0,-2,0.666666666666667,4
"localized_positive",191,"Holm",TRUE,0,0,0,0,-6,0,0
"localized_positive",191,"BY",TRUE,0,0,0,0,-6,0,0
"localized_positive",192,"unadjusted",TRUE,0.833333333333333,0.833333333333333,0.166666666666667,1,0,0.714285714285714,6
"localized_positive",192,"Holm",TRUE,0.333333333333333,1,0,0,-4,0.333333333333333,2
"localized_positive",192,"BY",TRUE,0.333333333333333,1,0,0,-4,0.333333333333333,2
"localized_positive",193,"unadjusted",TRUE,0.5,1,0,0,-3,0.5,3
"localized_positive",193,"Holm",TRUE,0.166666666666667,1,0,0,-5,0.166666666666667,1
"localized_positive",193,"BY",TRUE,0.166666666666667,1,0,0,-5,0.166666666666667,1
"localized_positive",194,"unadjusted",TRUE,0.5,1,0,0,-3,0.5,3
"localized_positive",194,"Holm",TRUE,0.333333333333333,1,0,0,-4,0.333333333333333,2
"localized_positive",194,"BY",TRUE,0,0,0,0,-6,0,0
"localized_positive",195,"unadjusted",TRUE,0.333333333333333,0.666666666666667,0.333333333333333,1,-3,0.285714285714286,3
"localized_positive",195,"Holm",TRUE,0.166666666666667,1,0,0,-5,0.166666666666667,1
"localized_positive",195,"BY",TRUE,0,0,0,0,-6,0,0
"localized_positive",196,"unadjusted",TRUE,0.333333333333333,1,0,0,-4,0.333333333333333,2
"localized_positive",196,"Holm",TRUE,0.166666666666667,1,0,0,-5,0.166666666666667,1
"localized_positive",196,"BY",TRUE,0.166666666666667,1,0,0,-5,0.166666666666667,1
"localized_positive",197,"unadjusted",TRUE,0.333333333333333,1,0,0,-4,0.333333333333333,2
"localized_positive",197,"Holm",TRUE,0,0,0,0,-6,0,0
"localized_positive",197,"BY",TRUE,0,0,0,0,-6,0,0
"localized_positive",198,"unadjusted",TRUE,0.833333333333333,0.833333333333333,0.166666666666667,1,0,0.714285714285714,6
"localized_positive",198,"Holm",TRUE,0.166666666666667,1,0,0,-5,0.166666666666667,1
"localized_positive",198,"BY",TRUE,0,0,0,0,-6,0,0
"localized_positive",199,"unadjusted",TRUE,0.333333333333333,1,0,0,-4,0.333333333333333,2
"localized_positive",199,"Holm",TRUE,0,0,0,0,-6,0,0
"localized_positive",199,"BY",TRUE,0,0,0,0,-6,0,0
"localized_positive",200,"unadjusted",TRUE,0.666666666666667,1,0,0,-2,0.666666666666667,4
"localized_positive",200,"Holm",TRUE,0.166666666666667,1,0,0,-5,0.166666666666667,1
"localized_positive",200,"BY",TRUE,0.166666666666667,1,0,0,-5,0.166666666666667,1
"localized_positive",201,"unadjusted",TRUE,0.5,1,0,0,-3,0.5,3
"localized_positive",201,"Holm",TRUE,0.166666666666667,1,0,0,-5,0.166666666666667,1
"localized_positive",201,"BY",TRUE,0.166666666666667,1,0,0,-5,0.166666666666667,1
"localized_positive",202,"unadjusted",TRUE,0.666666666666667,0.8,0.2,1,-1,0.571428571428571,5
"localized_positive",202,"Holm",TRUE,0,0,0,0,-6,0,0
"localized_positive",202,"BY",TRUE,0,0,0,0,-6,0,0
"localized_positive",203,"unadjusted",TRUE,0.666666666666667,1,0,0,-2,0.666666666666667,4
"localized_positive",203,"Holm",TRUE,0.333333333333333,1,0,0,-4,0.333333333333333,2
"localized_positive",203,"BY",TRUE,0.166666666666667,1,0,0,-5,0.166666666666667,1
"localized_positive",204,"unadjusted",TRUE,0.5,1,0,0,-3,0.5,3
"localized_positive",204,"Holm",TRUE,0.333333333333333,1,0,0,-4,0.333333333333333,2
"localized_positive",204,"BY",TRUE,0.333333333333333,1,0,0,-4,0.333333333333333,2
"localized_positive",205,"unadjusted",TRUE,0.666666666666667,0.8,0.2,1,-1,0.571428571428571,5
"localized_positive",205,"Holm",TRUE,0.333333333333333,1,0,0,-4,0.333333333333333,2
"localized_positive",205,"BY",TRUE,0.333333333333333,1,0,0,-4,0.333333333333333,2
"localized_positive",206,"unadjusted",TRUE,0.666666666666667,1,0,0,-2,0.666666666666667,4
"localized_positive",206,"Holm",TRUE,0,0,0,0,-6,0,0
"localized_positive",206,"BY",TRUE,0,0,0,0,-6,0,0
"localized_positive",207,"unadjusted",TRUE,0.5,1,0,0,-3,0.5,3
"localized_positive",207,"Holm",TRUE,0.166666666666667,1,0,0,-5,0.166666666666667,1
"localized_positive",207,"BY",TRUE,0,0,0,0,-6,0,0
"localized_positive",208,"unadjusted",TRUE,1,1,0,0,0,1,6
"localized_positive",208,"Holm",TRUE,0.333333333333333,1,0,0,-4,0.333333333333333,2
"localized_positive",208,"BY",TRUE,0.333333333333333,1,0,0,-4,0.333333333333333,2
"localized_positive",209,"unadjusted",TRUE,0.833333333333333,1,0,0,-1,0.833333333333333,5
"localized_positive",209,"Holm",TRUE,0.333333333333333,1,0,0,-4,0.333333333333333,2
"localized_positive",209,"BY",TRUE,0.333333333333333,1,0,0,-4,0.333333333333333,2
"localized_positive",210,"unadjusted",TRUE,0.666666666666667,0.8,0.2,1,-1,0.571428571428571,5
"localized_positive",210,"Holm",TRUE,0.166666666666667,1,0,0,-5,0.166666666666667,1
"localized_positive",210,"BY",TRUE,0,0,0,0,-6,0,0
"localized_positive",211,"unadjusted",TRUE,0.333333333333333,1,0,0,-4,0.333333333333333,2
"localized_positive",211,"Holm",TRUE,0,0,0,0,-6,0,0
"localized_positive",211,"BY",TRUE,0,0,0,0,-6,0,0
"localized_positive",212,"unadjusted",TRUE,0.333333333333333,1,0,0,-4,0.333333333333333,2
"localized_positive",212,"Holm",TRUE,0,0,0,0,-6,0,0
"localized_positive",212,"BY",TRUE,0,0,0,0,-6,0,0
"localized_positive",213,"unadjusted",TRUE,0.5,0.75,0.25,1,-2,0.428571428571429,4
"localized_positive",213,"Holm",TRUE,0.166666666666667,1,0,0,-5,0.166666666666667,1
"localized_positive",213,"BY",TRUE,0.166666666666667,1,0,0,-5,0.166666666666667,1
"localized_positive",214,"unadjusted",TRUE,0.666666666666667,0.8,0.2,1,-1,0.571428571428571,5
"localized_positive",214,"Holm",TRUE,0.166666666666667,1,0,0,-5,0.166666666666667,1
"localized_positive",214,"BY",TRUE,0.166666666666667,1,0,0,-5,0.166666666666667,1
"localized_positive",215,"unadjusted",TRUE,0.5,1,0,0,-3,0.5,3
"localized_positive",215,"Holm",TRUE,0.333333333333333,1,0,0,-4,0.333333333333333,2
"localized_positive",215,"BY",TRUE,0.333333333333333,1,0,0,-4,0.333333333333333,2
"localized_positive",216,"unadjusted",TRUE,0.666666666666667,1,0,0,-2,0.666666666666667,4
"localized_positive",216,"Holm",TRUE,0.166666666666667,1,0,0,-5,0.166666666666667,1
"localized_positive",216,"BY",TRUE,0.166666666666667,1,0,0,-5,0.166666666666667,1
"localized_positive",217,"unadjusted",TRUE,0.5,0.75,0.25,1,-2,0.428571428571429,4
"localized_positive",217,"Holm",TRUE,0.166666666666667,1,0,0,-5,0.166666666666667,1
"localized_positive",217,"BY",TRUE,0.166666666666667,1,0,0,-5,0.166666666666667,1
"localized_positive",218,"unadjusted",TRUE,0.666666666666667,1,0,0,-2,0.666666666666667,4
"localized_positive",218,"Holm",TRUE,0.333333333333333,1,0,0,-4,0.333333333333333,2
"localized_positive",218,"BY",TRUE,0.333333333333333,1,0,0,-4,0.333333333333333,2
"localized_positive",219,"unadjusted",TRUE,0.833333333333333,1,0,0,-1,0.833333333333333,5
"localized_positive",219,"Holm",TRUE,0.166666666666667,1,0,0,-5,0.166666666666667,1
"localized_positive",219,"BY",TRUE,0.166666666666667,1,0,0,-5,0.166666666666667,1
"localized_positive",220,"unadjusted",TRUE,0.666666666666667,0.8,0.2,1,-1,0.571428571428571,5
"localized_positive",220,"Holm",TRUE,0.333333333333333,1,0,0,-4,0.333333333333333,2
"localized_positive",220,"BY",TRUE,0,0,0,0,-6,0,0
"localized_positive",221,"unadjusted",TRUE,0.5,0.75,0.25,1,-2,0.428571428571429,4
"localized_positive",221,"Holm",TRUE,0,0,0,0,-6,0,0
"localized_positive",221,"BY",TRUE,0,0,0,0,-6,0,0
"localized_positive",222,"unadjusted",TRUE,0.666666666666667,1,0,0,-2,0.666666666666667,4
"localized_positive",222,"Holm",TRUE,0.166666666666667,1,0,0,-5,0.166666666666667,1
"localized_positive",222,"BY",TRUE,0.166666666666667,1,0,0,-5,0.166666666666667,1
"localized_positive",223,"unadjusted",TRUE,0.666666666666667,1,0,0,-2,0.666666666666667,4
"localized_positive",223,"Holm",TRUE,0.333333333333333,1,0,0,-4,0.333333333333333,2
"localized_positive",223,"BY",TRUE,0.333333333333333,1,0,0,-4,0.333333333333333,2
"localized_positive",224,"unadjusted",TRUE,0.666666666666667,1,0,0,-2,0.666666666666667,4
"localized_positive",224,"Holm",TRUE,0.166666666666667,1,0,0,-5,0.166666666666667,1
"localized_positive",224,"BY",TRUE,0.166666666666667,1,0,0,-5,0.166666666666667,1
"localized_positive",225,"unadjusted",TRUE,0.166666666666667,0.333333333333333,0.666666666666667,1,-3,0.125,3
"localized_positive",225,"Holm",TRUE,0,0,0,0,-6,0,0
"localized_positive",225,"BY",TRUE,0,0,0,0,-6,0,0
"localized_positive",226,"unadjusted",TRUE,0.5,0.6,0.4,1,-1,0.375,5
"localized_positive",226,"Holm",TRUE,0.166666666666667,1,0,0,-5,0.166666666666667,1
"localized_positive",226,"BY",TRUE,0.166666666666667,1,0,0,-5,0.166666666666667,1
"localized_positive",227,"unadjusted",TRUE,0.5,0.75,0.25,1,-2,0.428571428571429,4
"localized_positive",227,"Holm",TRUE,0,0,0,0,-6,0,0
"localized_positive",227,"BY",TRUE,0,0,0,0,-6,0,0
"localized_positive",228,"unadjusted",TRUE,0.666666666666667,0.8,0.2,1,-1,0.571428571428571,5
"localized_positive",228,"Holm",TRUE,0.166666666666667,1,0,0,-5,0.166666666666667,1
"localized_positive",228,"BY",TRUE,0,0,0,0,-6,0,0
"localized_positive",229,"unadjusted",TRUE,0.5,1,0,0,-3,0.5,3
"localized_positive",229,"Holm",TRUE,0,0,0,0,-6,0,0
"localized_positive",229,"BY",TRUE,0,0,0,0,-6,0,0
"localized_positive",230,"unadjusted",TRUE,0.833333333333333,1,0,0,-1,0.833333333333333,5
"localized_positive",230,"Holm",TRUE,0.333333333333333,1,0,0,-4,0.333333333333333,2
"localized_positive",230,"BY",TRUE,0.333333333333333,1,0,0,-4,0.333333333333333,2
"localized_positive",231,"unadjusted",TRUE,0.166666666666667,0.5,0.5,1,-4,0.142857142857143,2
"localized_positive",231,"Holm",TRUE,0,0,0,0,-6,0,0
"localized_positive",231,"BY",TRUE,0,0,0,0,-6,0,0
"localized_positive",232,"unadjusted",TRUE,0.833333333333333,1,0,0,-1,0.833333333333333,5
"localized_positive",232,"Holm",TRUE,0,0,0,0,-6,0,0
"localized_positive",232,"BY",TRUE,0,0,0,0,-6,0,0
"localized_positive",233,"unadjusted",TRUE,0.666666666666667,1,0,0,-2,0.666666666666667,4
"localized_positive",233,"Holm",TRUE,0.166666666666667,1,0,0,-5,0.166666666666667,1
"localized_positive",233,"BY",TRUE,0.166666666666667,1,0,0,-5,0.166666666666667,1
"localized_positive",234,"unadjusted",TRUE,0.666666666666667,1,0,0,-2,0.666666666666667,4
"localized_positive",234,"Holm",TRUE,0.166666666666667,1,0,0,-5,0.166666666666667,1
"localized_positive",234,"BY",TRUE,0,0,0,0,-6,0,0
"localized_positive",235,"unadjusted",TRUE,0.5,0.75,0.25,1,-2,0.428571428571429,4
"localized_positive",235,"Holm",TRUE,0.333333333333333,1,0,0,-4,0.333333333333333,2
"localized_positive",235,"BY",TRUE,0.333333333333333,1,0,0,-4,0.333333333333333,2
"localized_positive",236,"unadjusted",TRUE,0.833333333333333,1,0,0,-1,0.833333333333333,5
"localized_positive",236,"Holm",TRUE,0.166666666666667,1,0,0,-5,0.166666666666667,1
"localized_positive",236,"BY",TRUE,0,0,0,0,-6,0,0
"localized_positive",237,"unadjusted",TRUE,0.333333333333333,0.666666666666667,0.333333333333333,1,-3,0.285714285714286,3
"localized_positive",237,"Holm",TRUE,0.166666666666667,1,0,0,-5,0.166666666666667,1
"localized_positive",237,"BY",TRUE,0.166666666666667,1,0,0,-5,0.166666666666667,1
"localized_positive",238,"unadjusted",TRUE,0.833333333333333,1,0,0,-1,0.833333333333333,5
"localized_positive",238,"Holm",TRUE,0.166666666666667,1,0,0,-5,0.166666666666667,1
"localized_positive",238,"BY",TRUE,0.166666666666667,1,0,0,-5,0.166666666666667,1
"localized_positive",239,"unadjusted",TRUE,0.5,0.75,0.25,1,-2,0.428571428571429,4
"localized_positive",239,"Holm",TRUE,0.166666666666667,1,0,0,-5,0.166666666666667,1
"localized_positive",239,"BY",TRUE,0.166666666666667,1,0,0,-5,0.166666666666667,1
"localized_positive",240,"unadjusted",TRUE,0.833333333333333,0.714285714285714,0.285714285714286,1,1,0.625,7
"localized_positive",240,"Holm",TRUE,0,0,0,0,-6,0,0
"localized_positive",240,"BY",TRUE,0,0,0,0,-6,0,0
"localized_positive",241,"unadjusted",TRUE,0.5,0.6,0.4,1,-1,0.375,5
"localized_positive",241,"Holm",TRUE,0,0,0,0,-6,0,0
"localized_positive",241,"BY",TRUE,0,0,0,0,-6,0,0
"localized_positive",242,"unadjusted",TRUE,0.833333333333333,0.833333333333333,0.166666666666667,1,0,0.714285714285714,6
"localized_positive",242,"Holm",TRUE,0.333333333333333,1,0,0,-4,0.333333333333333,2
"localized_positive",242,"BY",TRUE,0.166666666666667,1,0,0,-5,0.166666666666667,1
"localized_positive",243,"unadjusted",TRUE,0.5,1,0,0,-3,0.5,3
"localized_positive",243,"Holm",TRUE,0.333333333333333,1,0,0,-4,0.333333333333333,2
"localized_positive",243,"BY",TRUE,0.333333333333333,1,0,0,-4,0.333333333333333,2
"localized_positive",244,"unadjusted",TRUE,0.666666666666667,1,0,0,-2,0.666666666666667,4
"localized_positive",244,"Holm",TRUE,0.166666666666667,1,0,0,-5,0.166666666666667,1
"localized_positive",244,"BY",TRUE,0.166666666666667,1,0,0,-5,0.166666666666667,1
"localized_positive",245,"unadjusted",TRUE,0.666666666666667,0.8,0.2,1,-1,0.571428571428571,5
"localized_positive",245,"Holm",TRUE,0.333333333333333,1,0,0,-4,0.333333333333333,2
"localized_positive",245,"BY",TRUE,0.333333333333333,1,0,0,-4,0.333333333333333,2
"localized_positive",246,"unadjusted",TRUE,0.666666666666667,1,0,0,-2,0.666666666666667,4
"localized_positive",246,"Holm",TRUE,0.333333333333333,1,0,0,-4,0.333333333333333,2
"localized_positive",246,"BY",TRUE,0.166666666666667,1,0,0,-5,0.166666666666667,1
"localized_positive",247,"unadjusted",TRUE,0.666666666666667,1,0,0,-2,0.666666666666667,4
"localized_positive",247,"Holm",TRUE,0,0,0,0,-6,0,0
"localized_positive",247,"BY",TRUE,0,0,0,0,-6,0,0
"localized_positive",248,"unadjusted",TRUE,0.666666666666667,0.8,0.2,1,-1,0.571428571428571,5
"localized_positive",248,"Holm",TRUE,0.333333333333333,1,0,0,-4,0.333333333333333,2
"localized_positive",248,"BY",TRUE,0.333333333333333,1,0,0,-4,0.333333333333333,2
"localized_positive",249,"unadjusted",TRUE,0.166666666666667,1,0,0,-5,0.166666666666667,1
"localized_positive",249,"Holm",TRUE,0,0,0,0,-6,0,0
"localized_positive",249,"BY",TRUE,0,0,0,0,-6,0,0
"localized_positive",250,"unadjusted",TRUE,1,1,0,0,0,1,6
"localized_positive",250,"Holm",TRUE,0.333333333333333,1,0,0,-4,0.333333333333333,2
"localized_positive",250,"BY",TRUE,0.333333333333333,1,0,0,-4,0.333333333333333,2
"localized_positive",251,"unadjusted",TRUE,0.666666666666667,1,0,0,-2,0.666666666666667,4
"localized_positive",251,"Holm",TRUE,0.166666666666667,1,0,0,-5,0.166666666666667,1
"localized_positive",251,"BY",TRUE,0,0,0,0,-6,0,0
"localized_positive",252,"unadjusted",TRUE,0.666666666666667,1,0,0,-2,0.666666666666667,4
"localized_positive",252,"Holm",TRUE,0.333333333333333,1,0,0,-4,0.333333333333333,2
"localized_positive",252,"BY",TRUE,0.166666666666667,1,0,0,-5,0.166666666666667,1
"localized_positive",253,"unadjusted",TRUE,0.666666666666667,0.8,0.2,1,-1,0.571428571428571,5
"localized_positive",253,"Holm",TRUE,0,0,0,0,-6,0,0
"localized_positive",253,"BY",TRUE,0,0,0,0,-6,0,0
"localized_positive",254,"unadjusted",TRUE,0.833333333333333,1,0,0,-1,0.833333333333333,5
"localized_positive",254,"Holm",TRUE,0.5,1,0,0,-3,0.5,3
"localized_positive",254,"BY",TRUE,0.5,1,0,0,-3,0.5,3
"localized_positive",255,"unadjusted",TRUE,0.5,1,0,0,-3,0.5,3
"localized_positive",255,"Holm",TRUE,0.166666666666667,1,0,0,-5,0.166666666666667,1
"localized_positive",255,"BY",TRUE,0.166666666666667,1,0,0,-5,0.166666666666667,1
"localized_positive",256,"unadjusted",TRUE,0.333333333333333,1,0,0,-4,0.333333333333333,2
"localized_positive",256,"Holm",TRUE,0.166666666666667,1,0,0,-5,0.166666666666667,1
"localized_positive",256,"BY",TRUE,0,0,0,0,-6,0,0
"localized_positive",257,"unadjusted",TRUE,0.333333333333333,1,0,0,-4,0.333333333333333,2
"localized_positive",257,"Holm",TRUE,0,0,0,0,-6,0,0
"localized_positive",257,"BY",TRUE,0,0,0,0,-6,0,0
"localized_positive",258,"unadjusted",TRUE,0.833333333333333,1,0,0,-1,0.833333333333333,5
"localized_positive",258,"Holm",TRUE,0.333333333333333,1,0,0,-4,0.333333333333333,2
"localized_positive",258,"BY",TRUE,0.166666666666667,1,0,0,-5,0.166666666666667,1
"localized_positive",259,"unadjusted",TRUE,0.833333333333333,0.833333333333333,0.166666666666667,1,0,0.714285714285714,6
"localized_positive",259,"Holm",TRUE,0.5,1,0,0,-3,0.5,3
"localized_positive",259,"BY",TRUE,0.5,1,0,0,-3,0.5,3
"localized_positive",260,"unadjusted",TRUE,0.666666666666667,0.666666666666667,0.333333333333333,1,0,0.5,6
"localized_positive",260,"Holm",TRUE,0.166666666666667,1,0,0,-5,0.166666666666667,1
"localized_positive",260,"BY",TRUE,0,0,0,0,-6,0,0
"localized_positive",261,"unadjusted",TRUE,0.833333333333333,0.833333333333333,0.166666666666667,1,0,0.714285714285714,6
"localized_positive",261,"Holm",TRUE,0.333333333333333,1,0,0,-4,0.333333333333333,2
"localized_positive",261,"BY",TRUE,0.333333333333333,1,0,0,-4,0.333333333333333,2
"localized_positive",262,"unadjusted",TRUE,0.5,1,0,0,-3,0.5,3
"localized_positive",262,"Holm",TRUE,0.166666666666667,1,0,0,-5,0.166666666666667,1
"localized_positive",262,"BY",TRUE,0.166666666666667,1,0,0,-5,0.166666666666667,1
"localized_positive",263,"unadjusted",TRUE,0.5,1,0,0,-3,0.5,3
"localized_positive",263,"Holm",TRUE,0.166666666666667,1,0,0,-5,0.166666666666667,1
"localized_positive",263,"BY",TRUE,0,0,0,0,-6,0,0
"localized_positive",264,"unadjusted",TRUE,0.5,1,0,0,-3,0.5,3
"localized_positive",264,"Holm",TRUE,0.166666666666667,1,0,0,-5,0.166666666666667,1
"localized_positive",264,"BY",TRUE,0,0,0,0,-6,0,0
"localized_positive",265,"unadjusted",TRUE,0.5,1,0,0,-3,0.5,3
"localized_positive",265,"Holm",TRUE,0,0,0,0,-6,0,0
"localized_positive",265,"BY",TRUE,0,0,0,0,-6,0,0
"localized_positive",266,"unadjusted",TRUE,0.666666666666667,1,0,0,-2,0.666666666666667,4
"localized_positive",266,"Holm",TRUE,0.333333333333333,1,0,0,-4,0.333333333333333,2
"localized_positive",266,"BY",TRUE,0.333333333333333,1,0,0,-4,0.333333333333333,2
"localized_positive",267,"unadjusted",TRUE,0.666666666666667,1,0,0,-2,0.666666666666667,4
"localized_positive",267,"Holm",TRUE,0.333333333333333,1,0,0,-4,0.333333333333333,2
"localized_positive",267,"BY",TRUE,0.166666666666667,1,0,0,-5,0.166666666666667,1
"localized_positive",268,"unadjusted",TRUE,0.333333333333333,1,0,0,-4,0.333333333333333,2
"localized_positive",268,"Holm",TRUE,0,0,0,0,-6,0,0
"localized_positive",268,"BY",TRUE,0,0,0,0,-6,0,0
"localized_positive",269,"unadjusted",TRUE,0.666666666666667,0.8,0.2,1,-1,0.571428571428571,5
"localized_positive",269,"Holm",TRUE,0.166666666666667,1,0,0,-5,0.166666666666667,1
"localized_positive",269,"BY",TRUE,0,0,0,0,-6,0,0
"localized_positive",270,"unadjusted",TRUE,0.833333333333333,1,0,0,-1,0.833333333333333,5
"localized_positive",270,"Holm",TRUE,0.333333333333333,1,0,0,-4,0.333333333333333,2
"localized_positive",270,"BY",TRUE,0.166666666666667,1,0,0,-5,0.166666666666667,1
"localized_positive",271,"unadjusted",TRUE,1,1,0,0,0,1,6
"localized_positive",271,"Holm",TRUE,0.333333333333333,1,0,0,-4,0.333333333333333,2
"localized_positive",271,"BY",TRUE,0,0,0,0,-6,0,0
"localized_positive",272,"unadjusted",TRUE,0.833333333333333,0.833333333333333,0.166666666666667,1,0,0.714285714285714,6
"localized_positive",272,"Holm",TRUE,0.333333333333333,1,0,0,-4,0.333333333333333,2
"localized_positive",272,"BY",TRUE,0,0,0,0,-6,0,0
"localized_positive",273,"unadjusted",TRUE,0.333333333333333,1,0,0,-4,0.333333333333333,2
"localized_positive",273,"Holm",TRUE,0.166666666666667,1,0,0,-5,0.166666666666667,1
"localized_positive",273,"BY",TRUE,0,0,0,0,-6,0,0
"localized_positive",274,"unadjusted",TRUE,0.666666666666667,1,0,0,-2,0.666666666666667,4
"localized_positive",274,"Holm",TRUE,0.166666666666667,1,0,0,-5,0.166666666666667,1
"localized_positive",274,"BY",TRUE,0.166666666666667,1,0,0,-5,0.166666666666667,1
"localized_positive",275,"unadjusted",TRUE,0.666666666666667,1,0,0,-2,0.666666666666667,4
"localized_positive",275,"Holm",TRUE,0.166666666666667,1,0,0,-5,0.166666666666667,1
"localized_positive",275,"BY",TRUE,0.166666666666667,1,0,0,-5,0.166666666666667,1
"localized_positive",276,"unadjusted",TRUE,0.666666666666667,0.8,0.2,1,-1,0.571428571428571,5
"localized_positive",276,"Holm",TRUE,0.5,1,0,0,-3,0.5,3
"localized_positive",276,"BY",TRUE,0.5,1,0,0,-3,0.5,3
"localized_positive",277,"unadjusted",TRUE,0.5,1,0,0,-3,0.5,3
"localized_positive",277,"Holm",TRUE,0.166666666666667,1,0,0,-5,0.166666666666667,1
"localized_positive",277,"BY",TRUE,0.166666666666667,1,0,0,-5,0.166666666666667,1
"localized_positive",278,"unadjusted",TRUE,0.5,0.75,0.25,1,-2,0.428571428571429,4
"localized_positive",278,"Holm",TRUE,0.333333333333333,1,0,0,-4,0.333333333333333,2
"localized_positive",278,"BY",TRUE,0.166666666666667,1,0,0,-5,0.166666666666667,1
"localized_positive",279,"unadjusted",TRUE,0.666666666666667,1,0,0,-2,0.666666666666667,4
"localized_positive",279,"Holm",TRUE,0.166666666666667,1,0,0,-5,0.166666666666667,1
"localized_positive",279,"BY",TRUE,0,0,0,0,-6,0,0
"localized_positive",280,"unadjusted",TRUE,0.833333333333333,1,0,0,-1,0.833333333333333,5
"localized_positive",280,"Holm",TRUE,0.333333333333333,1,0,0,-4,0.333333333333333,2
"localized_positive",280,"BY",TRUE,0.166666666666667,1,0,0,-5,0.166666666666667,1
"localized_positive",281,"unadjusted",TRUE,0.666666666666667,0.8,0.2,1,-1,0.571428571428571,5
"localized_positive",281,"Holm",TRUE,0.166666666666667,1,0,0,-5,0.166666666666667,1
"localized_positive",281,"BY",TRUE,0.166666666666667,1,0,0,-5,0.166666666666667,1
"localized_positive",282,"unadjusted",TRUE,0.833333333333333,1,0,0,-1,0.833333333333333,5
"localized_positive",282,"Holm",TRUE,0.333333333333333,1,0,0,-4,0.333333333333333,2
"localized_positive",282,"BY",TRUE,0.166666666666667,1,0,0,-5,0.166666666666667,1
"localized_positive",283,"unadjusted",TRUE,0.833333333333333,0.714285714285714,0.285714285714286,1,1,0.625,7
"localized_positive",283,"Holm",TRUE,0.166666666666667,1,0,0,-5,0.166666666666667,1
"localized_positive",283,"BY",TRUE,0,0,0,0,-6,0,0
"localized_positive",284,"unadjusted",TRUE,0.833333333333333,0.714285714285714,0.285714285714286,1,1,0.625,7
"localized_positive",284,"Holm",TRUE,0.166666666666667,0.5,0.5,1,-4,0.142857142857143,2
"localized_positive",284,"BY",TRUE,0,0,1,1,-5,0,1
"localized_positive",285,"unadjusted",TRUE,0.666666666666667,1,0,0,-2,0.666666666666667,4
"localized_positive",285,"Holm",TRUE,0.166666666666667,1,0,0,-5,0.166666666666667,1
"localized_positive",285,"BY",TRUE,0,0,0,0,-6,0,0
"localized_positive",286,"unadjusted",TRUE,0.5,1,0,0,-3,0.5,3
"localized_positive",286,"Holm",TRUE,0.333333333333333,1,0,0,-4,0.333333333333333,2
"localized_positive",286,"BY",TRUE,0.333333333333333,1,0,0,-4,0.333333333333333,2
"localized_positive",287,"unadjusted",TRUE,0.5,0.75,0.25,1,-2,0.428571428571429,4
"localized_positive",287,"Holm",TRUE,0,0,0,0,-6,0,0
"localized_positive",287,"BY",TRUE,0,0,0,0,-6,0,0
"localized_positive",288,"unadjusted",TRUE,0.333333333333333,0.666666666666667,0.333333333333333,1,-3,0.285714285714286,3
"localized_positive",288,"Holm",TRUE,0.166666666666667,1,0,0,-5,0.166666666666667,1
"localized_positive",288,"BY",TRUE,0,0,0,0,-6,0,0
"localized_positive",289,"unadjusted",TRUE,0.833333333333333,1,0,0,-1,0.833333333333333,5
"localized_positive",289,"Holm",TRUE,0,0,0,0,-6,0,0
"localized_positive",289,"BY",TRUE,0,0,0,0,-6,0,0
"localized_positive",290,"unadjusted",TRUE,0.666666666666667,0.8,0.2,1,-1,0.571428571428571,5
"localized_positive",290,"Holm",TRUE,0.166666666666667,1,0,0,-5,0.166666666666667,1
"localized_positive",290,"BY",TRUE,0.166666666666667,1,0,0,-5,0.166666666666667,1
"localized_positive",291,"unadjusted",TRUE,0.5,0.75,0.25,1,-2,0.428571428571429,4
"localized_positive",291,"Holm",TRUE,0.166666666666667,1,0,0,-5,0.166666666666667,1
"localized_positive",291,"BY",TRUE,0.166666666666667,1,0,0,-5,0.166666666666667,1
"localized_positive",292,"unadjusted",TRUE,0.5,0.75,0.25,1,-2,0.428571428571429,4
"localized_positive",292,"Holm",TRUE,0,0,0,0,-6,0,0
"localized_positive",292,"BY",TRUE,0,0,0,0,-6,0,0
"localized_positive",293,"unadjusted",TRUE,0.333333333333333,1,0,0,-4,0.333333333333333,2
"localized_positive",293,"Holm",TRUE,0.166666666666667,1,0,0,-5,0.166666666666667,1
"localized_positive",293,"BY",TRUE,0,0,0,0,-6,0,0
"localized_positive",294,"unadjusted",TRUE,0.833333333333333,0.833333333333333,0.166666666666667,1,0,0.714285714285714,6
"localized_positive",294,"Holm",TRUE,0.166666666666667,1,0,0,-5,0.166666666666667,1
"localized_positive",294,"BY",TRUE,0,0,0,0,-6,0,0
"localized_positive",295,"unadjusted",TRUE,0.666666666666667,1,0,0,-2,0.666666666666667,4
"localized_positive",295,"Holm",TRUE,0.333333333333333,1,0,0,-4,0.333333333333333,2
"localized_positive",295,"BY",TRUE,0.333333333333333,1,0,0,-4,0.333333333333333,2
"localized_positive",296,"unadjusted",TRUE,0.333333333333333,0.5,0.5,1,-2,0.25,4
"localized_positive",296,"Holm",TRUE,0.333333333333333,1,0,0,-4,0.333333333333333,2
"localized_positive",296,"BY",TRUE,0.333333333333333,1,0,0,-4,0.333333333333333,2
"localized_positive",297,"unadjusted",TRUE,0.833333333333333,0.714285714285714,0.285714285714286,1,1,0.625,7
"localized_positive",297,"Holm",TRUE,0,0,0,0,-6,0,0
"localized_positive",297,"BY",TRUE,0,0,0,0,-6,0,0
"localized_positive",298,"unadjusted",TRUE,0.5,1,0,0,-3,0.5,3
"localized_positive",298,"Holm",TRUE,0.333333333333333,1,0,0,-4,0.333333333333333,2
"localized_positive",298,"BY",TRUE,0.166666666666667,1,0,0,-5,0.166666666666667,1
"localized_positive",299,"unadjusted",TRUE,0.833333333333333,1,0,0,-1,0.833333333333333,5
"localized_positive",299,"Holm",TRUE,0.333333333333333,1,0,0,-4,0.333333333333333,2
"localized_positive",299,"BY",TRUE,0.166666666666667,1,0,0,-5,0.166666666666667,1
"localized_positive",300,"unadjusted",TRUE,0.666666666666667,1,0,0,-2,0.666666666666667,4
"localized_positive",300,"Holm",TRUE,0,0,0,0,-6,0,0
"localized_positive",300,"BY",TRUE,0,0,0,0,-6,0,0
"localized_positive",301,"unadjusted",TRUE,0.666666666666667,1,0,0,-2,0.666666666666667,4
"localized_positive",301,"Holm",TRUE,0.166666666666667,1,0,0,-5,0.166666666666667,1
"localized_positive",301,"BY",TRUE,0.166666666666667,1,0,0,-5,0.166666666666667,1
"localized_positive",302,"unadjusted",TRUE,0.333333333333333,1,0,0,-4,0.333333333333333,2
"localized_positive",302,"Holm",TRUE,0,0,0,0,-6,0,0
"localized_positive",302,"BY",TRUE,0,0,0,0,-6,0,0
"localized_positive",303,"unadjusted",TRUE,0.833333333333333,1,0,0,-1,0.833333333333333,5
"localized_positive",303,"Holm",TRUE,0.166666666666667,1,0,0,-5,0.166666666666667,1
"localized_positive",303,"BY",TRUE,0,0,0,0,-6,0,0
"localized_positive",304,"unadjusted",TRUE,0.833333333333333,1,0,0,-1,0.833333333333333,5
"localized_positive",304,"Holm",TRUE,0,0,0,0,-6,0,0
"localized_positive",304,"BY",TRUE,0,0,0,0,-6,0,0
"localized_positive",305,"unadjusted",TRUE,0.666666666666667,0.8,0.2,1,-1,0.571428571428571,5
"localized_positive",305,"Holm",TRUE,0.333333333333333,1,0,0,-4,0.333333333333333,2
"localized_positive",305,"BY",TRUE,0.333333333333333,1,0,0,-4,0.333333333333333,2
"localized_positive",306,"unadjusted",TRUE,0.5,1,0,0,-3,0.5,3
"localized_positive",306,"Holm",TRUE,0,0,0,0,-6,0,0
"localized_positive",306,"BY",TRUE,0,0,0,0,-6,0,0
"localized_positive",307,"unadjusted",TRUE,0.5,0.75,0.25,1,-2,0.428571428571429,4
"localized_positive",307,"Holm",TRUE,0.333333333333333,1,0,0,-4,0.333333333333333,2
"localized_positive",307,"BY",TRUE,0,0,0,0,-6,0,0
"localized_positive",308,"unadjusted",TRUE,0.666666666666667,1,0,0,-2,0.666666666666667,4
"localized_positive",308,"Holm",TRUE,0.166666666666667,1,0,0,-5,0.166666666666667,1
"localized_positive",308,"BY",TRUE,0.166666666666667,1,0,0,-5,0.166666666666667,1
"localized_positive",309,"unadjusted",TRUE,0.666666666666667,1,0,0,-2,0.666666666666667,4
"localized_positive",309,"Holm",TRUE,0.5,1,0,0,-3,0.5,3
"localized_positive",309,"BY",TRUE,0.5,1,0,0,-3,0.5,3
"localized_positive",310,"unadjusted",TRUE,0.666666666666667,1,0,0,-2,0.666666666666667,4
"localized_positive",310,"Holm",TRUE,0.333333333333333,1,0,0,-4,0.333333333333333,2
"localized_positive",310,"BY",TRUE,0,0,0,0,-6,0,0
"localized_positive",311,"unadjusted",TRUE,0.666666666666667,0.8,0.2,1,-1,0.571428571428571,5
"localized_positive",311,"Holm",TRUE,0.166666666666667,1,0,0,-5,0.166666666666667,1
"localized_positive",311,"BY",TRUE,0.166666666666667,1,0,0,-5,0.166666666666667,1
"localized_positive",312,"unadjusted",TRUE,0.833333333333333,0.833333333333333,0.166666666666667,1,0,0.714285714285714,6
"localized_positive",312,"Holm",TRUE,0.166666666666667,1,0,0,-5,0.166666666666667,1
"localized_positive",312,"BY",TRUE,0,0,0,0,-6,0,0
"localized_positive",313,"unadjusted",TRUE,0.833333333333333,0.833333333333333,0.166666666666667,1,0,0.714285714285714,6
"localized_positive",313,"Holm",TRUE,0.333333333333333,1,0,0,-4,0.333333333333333,2
"localized_positive",313,"BY",TRUE,0.333333333333333,1,0,0,-4,0.333333333333333,2
"localized_positive",314,"unadjusted",TRUE,0.333333333333333,0.666666666666667,0.333333333333333,1,-3,0.285714285714286,3
"localized_positive",314,"Holm",TRUE,0,0,0,0,-6,0,0
"localized_positive",314,"BY",TRUE,0,0,0,0,-6,0,0
"localized_positive",315,"unadjusted",TRUE,0.333333333333333,1,0,0,-4,0.333333333333333,2
"localized_positive",315,"Holm",TRUE,0,0,0,0,-6,0,0
"localized_positive",315,"BY",TRUE,0,0,0,0,-6,0,0
"localized_positive",316,"unadjusted",TRUE,0.833333333333333,0.833333333333333,0.166666666666667,1,0,0.714285714285714,6
"localized_positive",316,"Holm",TRUE,0.666666666666667,0.8,0.2,1,-1,0.571428571428571,5
"localized_positive",316,"BY",TRUE,0.666666666666667,0.8,0.2,1,-1,0.571428571428571,5
"localized_positive",317,"unadjusted",TRUE,0.5,0.75,0.25,1,-2,0.428571428571429,4
"localized_positive",317,"Holm",TRUE,0,0,0,0,-6,0,0
"localized_positive",317,"BY",TRUE,0,0,0,0,-6,0,0
"localized_positive",318,"unadjusted",TRUE,0.666666666666667,1,0,0,-2,0.666666666666667,4
"localized_positive",318,"Holm",TRUE,0.333333333333333,1,0,0,-4,0.333333333333333,2
"localized_positive",318,"BY",TRUE,0.166666666666667,1,0,0,-5,0.166666666666667,1
"localized_positive",319,"unadjusted",TRUE,1,1,0,0,0,1,6
"localized_positive",319,"Holm",TRUE,0.666666666666667,1,0,0,-2,0.666666666666667,4
"localized_positive",319,"BY",TRUE,0.666666666666667,1,0,0,-2,0.666666666666667,4
"localized_positive",320,"unadjusted",TRUE,0.5,1,0,0,-3,0.5,3
"localized_positive",320,"Holm",TRUE,0.166666666666667,1,0,0,-5,0.166666666666667,1
"localized_positive",320,"BY",TRUE,0.166666666666667,1,0,0,-5,0.166666666666667,1
"localized_positive",321,"unadjusted",TRUE,0.833333333333333,1,0,0,-1,0.833333333333333,5
"localized_positive",321,"Holm",TRUE,0,0,0,0,-6,0,0
"localized_positive",321,"BY",TRUE,0,0,0,0,-6,0,0
"localized_positive",322,"unadjusted",TRUE,0.666666666666667,0.8,0.2,1,-1,0.571428571428571,5
"localized_positive",322,"Holm",TRUE,0,0,0,0,-6,0,0
"localized_positive",322,"BY",TRUE,0,0,0,0,-6,0,0
"localized_positive",323,"unadjusted",TRUE,0.833333333333333,0.714285714285714,0.285714285714286,1,1,0.625,7
"localized_positive",323,"Holm",TRUE,0.166666666666667,1,0,0,-5,0.166666666666667,1
"localized_positive",323,"BY",TRUE,0,0,0,0,-6,0,0
"localized_positive",324,"unadjusted",TRUE,0.666666666666667,0.8,0.2,1,-1,0.571428571428571,5
"localized_positive",324,"Holm",TRUE,0,0,0,0,-6,0,0
"localized_positive",324,"BY",TRUE,0,0,0,0,-6,0,0
"localized_positive",325,"unadjusted",TRUE,0.666666666666667,0.8,0.2,1,-1,0.571428571428571,5
"localized_positive",325,"Holm",TRUE,0.166666666666667,1,0,0,-5,0.166666666666667,1
"localized_positive",325,"BY",TRUE,0,0,0,0,-6,0,0
"localized_positive",326,"unadjusted",TRUE,0.5,1,0,0,-3,0.5,3
"localized_positive",326,"Holm",TRUE,0.166666666666667,1,0,0,-5,0.166666666666667,1
"localized_positive",326,"BY",TRUE,0.166666666666667,1,0,0,-5,0.166666666666667,1
"localized_positive",327,"unadjusted",TRUE,0.5,1,0,0,-3,0.5,3
"localized_positive",327,"Holm",TRUE,0.166666666666667,1,0,0,-5,0.166666666666667,1
"localized_positive",327,"BY",TRUE,0,0,0,0,-6,0,0
"localized_positive",328,"unadjusted",TRUE,0.833333333333333,1,0,0,-1,0.833333333333333,5
"localized_positive",328,"Holm",TRUE,0,0,0,0,-6,0,0
"localized_positive",328,"BY",TRUE,0,0,0,0,-6,0,0
"localized_positive",329,"unadjusted",TRUE,0.666666666666667,0.8,0.2,1,-1,0.571428571428571,5
"localized_positive",329,"Holm",TRUE,0.166666666666667,1,0,0,-5,0.166666666666667,1
"localized_positive",329,"BY",TRUE,0,0,0,0,-6,0,0
"localized_positive",330,"unadjusted",TRUE,0.666666666666667,1,0,0,-2,0.666666666666667,4
"localized_positive",330,"Holm",TRUE,0.166666666666667,1,0,0,-5,0.166666666666667,1
"localized_positive",330,"BY",TRUE,0.166666666666667,1,0,0,-5,0.166666666666667,1
"localized_positive",331,"unadjusted",TRUE,0.5,0.5,0.5,1,0,0.333333333333333,6
"localized_positive",331,"Holm",TRUE,0.166666666666667,1,0,0,-5,0.166666666666667,1
"localized_positive",331,"BY",TRUE,0.166666666666667,1,0,0,-5,0.166666666666667,1
"localized_positive",332,"unadjusted",TRUE,0.666666666666667,0.8,0.2,1,-1,0.571428571428571,5
"localized_positive",332,"Holm",TRUE,0,0,0,0,-6,0,0
"localized_positive",332,"BY",TRUE,0,0,0,0,-6,0,0
"localized_positive",333,"unadjusted",TRUE,0.666666666666667,1,0,0,-2,0.666666666666667,4
"localized_positive",333,"Holm",TRUE,0.166666666666667,1,0,0,-5,0.166666666666667,1
"localized_positive",333,"BY",TRUE,0,0,0,0,-6,0,0
"localized_positive",334,"unadjusted",TRUE,0.666666666666667,1,0,0,-2,0.666666666666667,4
"localized_positive",334,"Holm",TRUE,0,0,0,0,-6,0,0
"localized_positive",334,"BY",TRUE,0,0,0,0,-6,0,0
"localized_positive",335,"unadjusted",TRUE,0.666666666666667,1,0,0,-2,0.666666666666667,4
"localized_positive",335,"Holm",TRUE,0.5,1,0,0,-3,0.5,3
"localized_positive",335,"BY",TRUE,0.5,1,0,0,-3,0.5,3
"localized_positive",336,"unadjusted",TRUE,0.666666666666667,1,0,0,-2,0.666666666666667,4
"localized_positive",336,"Holm",TRUE,0,0,0,0,-6,0,0
"localized_positive",336,"BY",TRUE,0,0,0,0,-6,0,0
"localized_positive",337,"unadjusted",TRUE,0.833333333333333,0.833333333333333,0.166666666666667,1,0,0.714285714285714,6
"localized_positive",337,"Holm",TRUE,0.166666666666667,1,0,0,-5,0.166666666666667,1
"localized_positive",337,"BY",TRUE,0,0,0,0,-6,0,0
"localized_positive",338,"unadjusted",TRUE,0.5,1,0,0,-3,0.5,3
"localized_positive",338,"Holm",TRUE,0.166666666666667,1,0,0,-5,0.166666666666667,1
"localized_positive",338,"BY",TRUE,0,0,0,0,-6,0,0
"localized_positive",339,"unadjusted",TRUE,0.333333333333333,1,0,0,-4,0.333333333333333,2
"localized_positive",339,"Holm",TRUE,0,0,0,0,-6,0,0
"localized_positive",339,"BY",TRUE,0,0,0,0,-6,0,0
"localized_positive",340,"unadjusted",TRUE,0.333333333333333,1,0,0,-4,0.333333333333333,2
"localized_positive",340,"Holm",TRUE,0,0,0,0,-6,0,0
"localized_positive",340,"BY",TRUE,0,0,0,0,-6,0,0
"localized_positive",341,"unadjusted",TRUE,0.833333333333333,1,0,0,-1,0.833333333333333,5
"localized_positive",341,"Holm",TRUE,0.166666666666667,1,0,0,-5,0.166666666666667,1
"localized_positive",341,"BY",TRUE,0,0,0,0,-6,0,0
"localized_positive",342,"unadjusted",TRUE,0.5,1,0,0,-3,0.5,3
"localized_positive",342,"Holm",TRUE,0.333333333333333,1,0,0,-4,0.333333333333333,2
"localized_positive",342,"BY",TRUE,0.333333333333333,1,0,0,-4,0.333333333333333,2
"localized_positive",343,"unadjusted",TRUE,0.333333333333333,1,0,0,-4,0.333333333333333,2
"localized_positive",343,"Holm",TRUE,0.166666666666667,1,0,0,-5,0.166666666666667,1
"localized_positive",343,"BY",TRUE,0.166666666666667,1,0,0,-5,0.166666666666667,1
"localized_positive",344,"unadjusted",TRUE,0.666666666666667,0.666666666666667,0.333333333333333,1,0,0.5,6
"localized_positive",344,"Holm",TRUE,0.166666666666667,1,0,0,-5,0.166666666666667,1
"localized_positive",344,"BY",TRUE,0.166666666666667,1,0,0,-5,0.166666666666667,1
"localized_positive",345,"unadjusted",TRUE,0.833333333333333,0.833333333333333,0.166666666666667,1,0,0.714285714285714,6
"localized_positive",345,"Holm",TRUE,0,0,0,0,-6,0,0
"localized_positive",345,"BY",TRUE,0,0,0,0,-6,0,0
"localized_positive",346,"unadjusted",TRUE,0.333333333333333,1,0,0,-4,0.333333333333333,2
"localized_positive",346,"Holm",TRUE,0.333333333333333,1,0,0,-4,0.333333333333333,2
"localized_positive",346,"BY",TRUE,0.333333333333333,1,0,0,-4,0.333333333333333,2
"localized_positive",347,"unadjusted",FALSE,0.333333333333333,1,0,0,-4,0.333333333333333,2
"localized_positive",347,"Holm",FALSE,0,0,0,0,-6,0,0
"localized_positive",347,"BY",FALSE,0,0,0,0,-6,0,0
"localized_positive",348,"unadjusted",TRUE,0.5,1,0,0,-3,0.5,3
"localized_positive",348,"Holm",TRUE,0.166666666666667,1,0,0,-5,0.166666666666667,1
"localized_positive",348,"BY",TRUE,0,0,0,0,-6,0,0
"localized_positive",349,"unadjusted",TRUE,0.666666666666667,1,0,0,-2,0.666666666666667,4
"localized_positive",349,"Holm",TRUE,0.5,1,0,0,-3,0.5,3
"localized_positive",349,"BY",TRUE,0.5,1,0,0,-3,0.5,3
"localized_positive",350,"unadjusted",TRUE,0.666666666666667,1,0,0,-2,0.666666666666667,4
"localized_positive",350,"Holm",TRUE,0.5,1,0,0,-3,0.5,3
"localized_positive",350,"BY",TRUE,0.5,1,0,0,-3,0.5,3
"localized_positive",351,"unadjusted",TRUE,0.833333333333333,0.833333333333333,0.166666666666667,1,0,0.714285714285714,6
"localized_positive",351,"Holm",TRUE,0,0,0,0,-6,0,0
"localized_positive",351,"BY",TRUE,0,0,0,0,-6,0,0
"localized_positive",352,"unadjusted",TRUE,0.833333333333333,0.833333333333333,0.166666666666667,1,0,0.714285714285714,6
"localized_positive",352,"Holm",TRUE,0.333333333333333,1,0,0,-4,0.333333333333333,2
"localized_positive",352,"BY",TRUE,0.166666666666667,1,0,0,-5,0.166666666666667,1
"localized_positive",353,"unadjusted",TRUE,0.833333333333333,1,0,0,-1,0.833333333333333,5
"localized_positive",353,"Holm",TRUE,0.166666666666667,1,0,0,-5,0.166666666666667,1
"localized_positive",353,"BY",TRUE,0.166666666666667,1,0,0,-5,0.166666666666667,1
"localized_positive",354,"unadjusted",TRUE,0.5,0.75,0.25,1,-2,0.428571428571429,4
"localized_positive",354,"Holm",TRUE,0.333333333333333,1,0,0,-4,0.333333333333333,2
"localized_positive",354,"BY",TRUE,0.166666666666667,1,0,0,-5,0.166666666666667,1
"localized_positive",355,"unadjusted",TRUE,0.833333333333333,0.833333333333333,0.166666666666667,1,0,0.714285714285714,6
"localized_positive",355,"Holm",TRUE,0.333333333333333,1,0,0,-4,0.333333333333333,2
"localized_positive",355,"BY",TRUE,0.166666666666667,1,0,0,-5,0.166666666666667,1
"localized_positive",356,"unadjusted",TRUE,0.666666666666667,0.8,0.2,1,-1,0.571428571428571,5
"localized_positive",356,"Holm",TRUE,0.166666666666667,1,0,0,-5,0.166666666666667,1
"localized_positive",356,"BY",TRUE,0.166666666666667,1,0,0,-5,0.166666666666667,1
"localized_positive",357,"unadjusted",TRUE,0.666666666666667,1,0,0,-2,0.666666666666667,4
"localized_positive",357,"Holm",TRUE,0,0,0,0,-6,0,0
"localized_positive",357,"BY",TRUE,0,0,0,0,-6,0,0
"localized_positive",358,"unadjusted",TRUE,0.5,0.75,0.25,1,-2,0.428571428571429,4
"localized_positive",358,"Holm",TRUE,0.333333333333333,1,0,0,-4,0.333333333333333,2
"localized_positive",358,"BY",TRUE,0.166666666666667,1,0,0,-5,0.166666666666667,1
"localized_positive",359,"unadjusted",TRUE,0.833333333333333,1,0,0,-1,0.833333333333333,5
"localized_positive",359,"Holm",TRUE,0.333333333333333,1,0,0,-4,0.333333333333333,2
"localized_positive",359,"BY",TRUE,0,0,0,0,-6,0,0
"localized_positive",360,"unadjusted",TRUE,0.666666666666667,1,0,0,-2,0.666666666666667,4
"localized_positive",360,"Holm",TRUE,0.333333333333333,1,0,0,-4,0.333333333333333,2
"localized_positive",360,"BY",TRUE,0.333333333333333,1,0,0,-4,0.333333333333333,2
"localized_positive",361,"unadjusted",TRUE,0.666666666666667,1,0,0,-2,0.666666666666667,4
"localized_positive",361,"Holm",TRUE,0.166666666666667,1,0,0,-5,0.166666666666667,1
"localized_positive",361,"BY",TRUE,0.166666666666667,1,0,0,-5,0.166666666666667,1
"localized_positive",362,"unadjusted",TRUE,0.5,0.75,0.25,1,-2,0.428571428571429,4
"localized_positive",362,"Holm",TRUE,0.166666666666667,1,0,0,-5,0.166666666666667,1
"localized_positive",362,"BY",TRUE,0,0,0,0,-6,0,0
"localized_positive",363,"unadjusted",TRUE,0.666666666666667,0.8,0.2,1,-1,0.571428571428571,5
"localized_positive",363,"Holm",TRUE,0.166666666666667,1,0,0,-5,0.166666666666667,1
"localized_positive",363,"BY",TRUE,0.166666666666667,1,0,0,-5,0.166666666666667,1
"localized_positive",364,"unadjusted",TRUE,0.833333333333333,1,0,0,-1,0.833333333333333,5
"localized_positive",364,"Holm",TRUE,0.5,1,0,0,-3,0.5,3
"localized_positive",364,"BY",TRUE,0.5,1,0,0,-3,0.5,3
"localized_positive",365,"unadjusted",FALSE,0.5,1,0,0,-3,0.5,3
"localized_positive",365,"Holm",FALSE,0,0,0,0,-6,0,0
"localized_positive",365,"BY",FALSE,0,0,0,0,-6,0,0
"localized_positive",366,"unadjusted",TRUE,0.5,1,0,0,-3,0.5,3
"localized_positive",366,"Holm",TRUE,0,0,0,0,-6,0,0
"localized_positive",366,"BY",TRUE,0,0,0,0,-6,0,0
"localized_positive",367,"unadjusted",TRUE,0.666666666666667,1,0,0,-2,0.666666666666667,4
"localized_positive",367,"Holm",TRUE,0.166666666666667,1,0,0,-5,0.166666666666667,1
"localized_positive",367,"BY",TRUE,0.166666666666667,1,0,0,-5,0.166666666666667,1
"localized_positive",368,"unadjusted",TRUE,0.5,1,0,0,-3,0.5,3
"localized_positive",368,"Holm",TRUE,0.166666666666667,1,0,0,-5,0.166666666666667,1
"localized_positive",368,"BY",TRUE,0,0,0,0,-6,0,0
"localized_positive",369,"unadjusted",TRUE,1,1,0,0,0,1,6
"localized_positive",369,"Holm",TRUE,0.166666666666667,1,0,0,-5,0.166666666666667,1
"localized_positive",369,"BY",TRUE,0,0,0,0,-6,0,0
"localized_positive",370,"unadjusted",TRUE,0.833333333333333,0.714285714285714,0.285714285714286,1,1,0.625,7
"localized_positive",370,"Holm",TRUE,0.5,1,0,0,-3,0.5,3
"localized_positive",370,"BY",TRUE,0.5,1,0,0,-3,0.5,3
"localized_positive",371,"unadjusted",TRUE,1,1,0,0,0,1,6
"localized_positive",371,"Holm",TRUE,0.5,1,0,0,-3,0.5,3
"localized_positive",371,"BY",TRUE,0.5,1,0,0,-3,0.5,3
"localized_positive",372,"unadjusted",TRUE,0.5,1,0,0,-3,0.5,3
"localized_positive",372,"Holm",TRUE,0,0,0,0,-6,0,0
"localized_positive",372,"BY",TRUE,0,0,0,0,-6,0,0
"localized_positive",373,"unadjusted",TRUE,0.5,0.75,0.25,1,-2,0.428571428571429,4
"localized_positive",373,"Holm",TRUE,0,0,0,0,-6,0,0
"localized_positive",373,"BY",TRUE,0,0,0,0,-6,0,0
"localized_positive",374,"unadjusted",TRUE,0.833333333333333,1,0,0,-1,0.833333333333333,5
"localized_positive",374,"Holm",TRUE,0.166666666666667,1,0,0,-5,0.166666666666667,1
"localized_positive",374,"BY",TRUE,0.166666666666667,1,0,0,-5,0.166666666666667,1
"localized_positive",375,"unadjusted",TRUE,0.833333333333333,1,0,0,-1,0.833333333333333,5
"localized_positive",375,"Holm",TRUE,0.666666666666667,1,0,0,-2,0.666666666666667,4
"localized_positive",375,"BY",TRUE,0.666666666666667,1,0,0,-2,0.666666666666667,4
"localized_positive",376,"unadjusted",TRUE,0.833333333333333,1,0,0,-1,0.833333333333333,5
"localized_positive",376,"Holm",TRUE,0.166666666666667,1,0,0,-5,0.166666666666667,1
"localized_positive",376,"BY",TRUE,0,0,0,0,-6,0,0
"localized_positive",377,"unadjusted",TRUE,0.333333333333333,0.666666666666667,0.333333333333333,1,-3,0.285714285714286,3
"localized_positive",377,"Holm",TRUE,0,0,0,0,-6,0,0
"localized_positive",377,"BY",TRUE,0,0,0,0,-6,0,0
"localized_positive",378,"unadjusted",TRUE,0.833333333333333,0.714285714285714,0.285714285714286,1,1,0.625,7
"localized_positive",378,"Holm",TRUE,0.166666666666667,1,0,0,-5,0.166666666666667,1
"localized_positive",378,"BY",TRUE,0.166666666666667,1,0,0,-5,0.166666666666667,1
"localized_positive",379,"unadjusted",TRUE,0.666666666666667,1,0,0,-2,0.666666666666667,4
"localized_positive",379,"Holm",TRUE,0,0,0,0,-6,0,0
"localized_positive",379,"BY",TRUE,0,0,0,0,-6,0,0
"localized_positive",380,"unadjusted",TRUE,0.833333333333333,1,0,0,-1,0.833333333333333,5
"localized_positive",380,"Holm",TRUE,0.333333333333333,1,0,0,-4,0.333333333333333,2
"localized_positive",380,"BY",TRUE,0.333333333333333,1,0,0,-4,0.333333333333333,2
"localized_positive",381,"unadjusted",TRUE,0.833333333333333,1,0,0,-1,0.833333333333333,5
"localized_positive",381,"Holm",TRUE,0.5,1,0,0,-3,0.5,3
"localized_positive",381,"BY",TRUE,0.5,1,0,0,-3,0.5,3
"localized_positive",382,"unadjusted",TRUE,0.333333333333333,0.666666666666667,0.333333333333333,1,-3,0.285714285714286,3
"localized_positive",382,"Holm",TRUE,0.166666666666667,1,0,0,-5,0.166666666666667,1
"localized_positive",382,"BY",TRUE,0.166666666666667,1,0,0,-5,0.166666666666667,1
"localized_positive",383,"unadjusted",TRUE,0.666666666666667,1,0,0,-2,0.666666666666667,4
"localized_positive",383,"Holm",TRUE,0.166666666666667,1,0,0,-5,0.166666666666667,1
"localized_positive",383,"BY",TRUE,0.166666666666667,1,0,0,-5,0.166666666666667,1
"localized_positive",384,"unadjusted",TRUE,0.666666666666667,1,0,0,-2,0.666666666666667,4
"localized_positive",384,"Holm",TRUE,0.5,1,0,0,-3,0.5,3
"localized_positive",384,"BY",TRUE,0.5,1,0,0,-3,0.5,3
"localized_positive",385,"unadjusted",TRUE,0.833333333333333,0.833333333333333,0.166666666666667,1,0,0.714285714285714,6
"localized_positive",385,"Holm",TRUE,0.166666666666667,1,0,0,-5,0.166666666666667,1
"localized_positive",385,"BY",TRUE,0,0,0,0,-6,0,0
"localized_positive",386,"unadjusted",TRUE,0.666666666666667,1,0,0,-2,0.666666666666667,4
"localized_positive",386,"Holm",TRUE,0.333333333333333,1,0,0,-4,0.333333333333333,2
"localized_positive",386,"BY",TRUE,0.333333333333333,1,0,0,-4,0.333333333333333,2
"localized_positive",387,"unadjusted",TRUE,0.333333333333333,1,0,0,-4,0.333333333333333,2
"localized_positive",387,"Holm",TRUE,0,0,0,0,-6,0,0
"localized_positive",387,"BY",TRUE,0,0,0,0,-6,0,0
"localized_positive",388,"unadjusted",TRUE,0.5,1,0,0,-3,0.5,3
"localized_positive",388,"Holm",TRUE,0,0,0,0,-6,0,0
"localized_positive",388,"BY",TRUE,0,0,0,0,-6,0,0
"localized_positive",389,"unadjusted",TRUE,0.666666666666667,1,0,0,-2,0.666666666666667,4
"localized_positive",389,"Holm",TRUE,0.166666666666667,1,0,0,-5,0.166666666666667,1
"localized_positive",389,"BY",TRUE,0.166666666666667,1,0,0,-5,0.166666666666667,1
"localized_positive",390,"unadjusted",TRUE,0.833333333333333,1,0,0,-1,0.833333333333333,5
"localized_positive",390,"Holm",TRUE,0,0,0,0,-6,0,0
"localized_positive",390,"BY",TRUE,0,0,0,0,-6,0,0
"localized_positive",391,"unadjusted",TRUE,0.5,0.75,0.25,1,-2,0.428571428571429,4
"localized_positive",391,"Holm",TRUE,0,0,0,0,-6,0,0
"localized_positive",391,"BY",TRUE,0,0,0,0,-6,0,0
"localized_positive",392,"unadjusted",TRUE,0.5,0.75,0.25,1,-2,0.428571428571429,4
"localized_positive",392,"Holm",TRUE,0.333333333333333,1,0,0,-4,0.333333333333333,2
"localized_positive",392,"BY",TRUE,0.333333333333333,1,0,0,-4,0.333333333333333,2
"localized_positive",393,"unadjusted",TRUE,0.666666666666667,0.8,0.2,1,-1,0.571428571428571,5
"localized_positive",393,"Holm",TRUE,0.166666666666667,1,0,0,-5,0.166666666666667,1
"localized_positive",393,"BY",TRUE,0.166666666666667,1,0,0,-5,0.166666666666667,1
"localized_positive",394,"unadjusted",TRUE,0.833333333333333,1,0,0,-1,0.833333333333333,5
"localized_positive",394,"Holm",TRUE,0.333333333333333,1,0,0,-4,0.333333333333333,2
"localized_positive",394,"BY",TRUE,0,0,0,0,-6,0,0
"localized_positive",395,"unadjusted",TRUE,0.666666666666667,1,0,0,-2,0.666666666666667,4
"localized_positive",395,"Holm",TRUE,0.333333333333333,1,0,0,-4,0.333333333333333,2
"localized_positive",395,"BY",TRUE,0.333333333333333,1,0,0,-4,0.333333333333333,2
"localized_positive",396,"unadjusted",TRUE,0.666666666666667,1,0,0,-2,0.666666666666667,4
"localized_positive",396,"Holm",TRUE,0,0,0,0,-6,0,0
"localized_positive",396,"BY",TRUE,0,0,0,0,-6,0,0
"localized_positive",397,"unadjusted",TRUE,0.5,1,0,0,-3,0.5,3
"localized_positive",397,"Holm",TRUE,0,0,0,0,-6,0,0
"localized_positive",397,"BY",TRUE,0,0,0,0,-6,0,0
"localized_positive",398,"unadjusted",TRUE,0.5,0.75,0.25,1,-2,0.428571428571429,4
"localized_positive",398,"Holm",TRUE,0,0,0,0,-6,0,0
"localized_positive",398,"BY",TRUE,0,0,0,0,-6,0,0
"localized_positive",399,"unadjusted",TRUE,0.833333333333333,1,0,0,-1,0.833333333333333,5
"localized_positive",399,"Holm",TRUE,0.166666666666667,1,0,0,-5,0.166666666666667,1
"localized_positive",399,"BY",TRUE,0.166666666666667,1,0,0,-5,0.166666666666667,1
"localized_positive",400,"unadjusted",TRUE,0.833333333333333,0.833333333333333,0.166666666666667,1,0,0.714285714285714,6
"localized_positive",400,"Holm",TRUE,0.333333333333333,1,0,0,-4,0.333333333333333,2
"localized_positive",400,"BY",TRUE,0,0,0,0,-6,0,0
"localized_positive",401,"unadjusted",TRUE,0.5,1,0,0,-3,0.5,3
"localized_positive",401,"Holm",TRUE,0.166666666666667,1,0,0,-5,0.166666666666667,1
"localized_positive",401,"BY",TRUE,0,0,0,0,-6,0,0
"localized_positive",402,"unadjusted",TRUE,0.666666666666667,0.8,0.2,1,-1,0.571428571428571,5
"localized_positive",402,"Holm",TRUE,0.5,1,0,0,-3,0.5,3
"localized_positive",402,"BY",TRUE,0.5,1,0,0,-3,0.5,3
"localized_positive",403,"unadjusted",TRUE,1,1,0,0,0,1,6
"localized_positive",403,"Holm",TRUE,0.333333333333333,1,0,0,-4,0.333333333333333,2
"localized_positive",403,"BY",TRUE,0.333333333333333,1,0,0,-4,0.333333333333333,2
"localized_positive",404,"unadjusted",TRUE,0.333333333333333,1,0,0,-4,0.333333333333333,2
"localized_positive",404,"Holm",TRUE,0.166666666666667,1,0,0,-5,0.166666666666667,1
"localized_positive",404,"BY",TRUE,0,0,0,0,-6,0,0
"localized_positive",405,"unadjusted",TRUE,0.5,0.75,0.25,1,-2,0.428571428571429,4
"localized_positive",405,"Holm",TRUE,0,0,0,0,-6,0,0
"localized_positive",405,"BY",TRUE,0,0,0,0,-6,0,0
"localized_positive",406,"unadjusted",TRUE,0.5,1,0,0,-3,0.5,3
"localized_positive",406,"Holm",TRUE,0,0,0,0,-6,0,0
"localized_positive",406,"BY",TRUE,0,0,0,0,-6,0,0
"localized_positive",407,"unadjusted",TRUE,0.333333333333333,0.666666666666667,0.333333333333333,1,-3,0.285714285714286,3
"localized_positive",407,"Holm",TRUE,0,0,0,0,-6,0,0
"localized_positive",407,"BY",TRUE,0,0,0,0,-6,0,0
"localized_positive",408,"unadjusted",TRUE,0,0,1,1,-5,0,1
"localized_positive",408,"Holm",TRUE,0,0,0,0,-6,0,0
"localized_positive",408,"BY",TRUE,0,0,0,0,-6,0,0
"localized_positive",409,"unadjusted",TRUE,0.833333333333333,1,0,0,-1,0.833333333333333,5
"localized_positive",409,"Holm",TRUE,0.166666666666667,1,0,0,-5,0.166666666666667,1
"localized_positive",409,"BY",TRUE,0.166666666666667,1,0,0,-5,0.166666666666667,1
"localized_positive",410,"unadjusted",TRUE,0.833333333333333,0.714285714285714,0.285714285714286,1,1,0.625,7
"localized_positive",410,"Holm",TRUE,0.166666666666667,1,0,0,-5,0.166666666666667,1
"localized_positive",410,"BY",TRUE,0.166666666666667,1,0,0,-5,0.166666666666667,1
"localized_positive",411,"unadjusted",TRUE,0.666666666666667,0.8,0.2,1,-1,0.571428571428571,5
"localized_positive",411,"Holm",TRUE,0.333333333333333,1,0,0,-4,0.333333333333333,2
"localized_positive",411,"BY",TRUE,0.333333333333333,1,0,0,-4,0.333333333333333,2
"localized_positive",412,"unadjusted",TRUE,0.666666666666667,1,0,0,-2,0.666666666666667,4
"localized_positive",412,"Holm",TRUE,0.166666666666667,1,0,0,-5,0.166666666666667,1
"localized_positive",412,"BY",TRUE,0,0,0,0,-6,0,0
"localized_positive",413,"unadjusted",TRUE,0.5,0.75,0.25,1,-2,0.428571428571429,4
"localized_positive",413,"Holm",TRUE,0.166666666666667,1,0,0,-5,0.166666666666667,1
"localized_positive",413,"BY",TRUE,0,0,0,0,-6,0,0
"localized_positive",414,"unadjusted",TRUE,0.5,0.75,0.25,1,-2,0.428571428571429,4
"localized_positive",414,"Holm",TRUE,0.166666666666667,1,0,0,-5,0.166666666666667,1
"localized_positive",414,"BY",TRUE,0,0,0,0,-6,0,0
"localized_positive",415,"unadjusted",TRUE,0.5,1,0,0,-3,0.5,3
"localized_positive",415,"Holm",TRUE,0.166666666666667,1,0,0,-5,0.166666666666667,1
"localized_positive",415,"BY",TRUE,0.166666666666667,1,0,0,-5,0.166666666666667,1
"localized_positive",416,"unadjusted",TRUE,0.5,1,0,0,-3,0.5,3
"localized_positive",416,"Holm",TRUE,0.166666666666667,1,0,0,-5,0.166666666666667,1
"localized_positive",416,"BY",TRUE,0,0,0,0,-6,0,0
"localized_positive",417,"unadjusted",TRUE,0.666666666666667,1,0,0,-2,0.666666666666667,4
"localized_positive",417,"Holm",TRUE,0.333333333333333,1,0,0,-4,0.333333333333333,2
"localized_positive",417,"BY",TRUE,0.333333333333333,1,0,0,-4,0.333333333333333,2
"localized_positive",418,"unadjusted",TRUE,0.666666666666667,0.8,0.2,1,-1,0.571428571428571,5
"localized_positive",418,"Holm",TRUE,0.333333333333333,1,0,0,-4,0.333333333333333,2
"localized_positive",418,"BY",TRUE,0.333333333333333,1,0,0,-4,0.333333333333333,2
"localized_positive",419,"unadjusted",TRUE,0.666666666666667,1,0,0,-2,0.666666666666667,4
"localized_positive",419,"Holm",TRUE,0.166666666666667,1,0,0,-5,0.166666666666667,1
"localized_positive",419,"BY",TRUE,0.166666666666667,1,0,0,-5,0.166666666666667,1
"localized_positive",420,"unadjusted",TRUE,0.666666666666667,0.8,0.2,1,-1,0.571428571428571,5
"localized_positive",420,"Holm",TRUE,0.166666666666667,1,0,0,-5,0.166666666666667,1
"localized_positive",420,"BY",TRUE,0.166666666666667,1,0,0,-5,0.166666666666667,1
"localized_positive",421,"unadjusted",FALSE,0.333333333333333,1,0,0,-4,0.333333333333333,2
"localized_positive",421,"Holm",FALSE,0,0,0,0,-6,0,0
"localized_positive",421,"BY",FALSE,0,0,0,0,-6,0,0
"localized_positive",422,"unadjusted",TRUE,0.666666666666667,1,0,0,-2,0.666666666666667,4
"localized_positive",422,"Holm",TRUE,0.333333333333333,1,0,0,-4,0.333333333333333,2
"localized_positive",422,"BY",TRUE,0.333333333333333,1,0,0,-4,0.333333333333333,2
"localized_positive",423,"unadjusted",TRUE,0.666666666666667,1,0,0,-2,0.666666666666667,4
"localized_positive",423,"Holm",TRUE,0,0,0,0,-6,0,0
"localized_positive",423,"BY",TRUE,0,0,0,0,-6,0,0
"localized_positive",424,"unadjusted",TRUE,0.333333333333333,1,0,0,-4,0.333333333333333,2
"localized_positive",424,"Holm",TRUE,0,0,0,0,-6,0,0
"localized_positive",424,"BY",TRUE,0,0,0,0,-6,0,0
"localized_positive",425,"unadjusted",TRUE,0.5,1,0,0,-3,0.5,3
"localized_positive",425,"Holm",TRUE,0.166666666666667,1,0,0,-5,0.166666666666667,1
"localized_positive",425,"BY",TRUE,0,0,0,0,-6,0,0
"localized_positive",426,"unadjusted",TRUE,0.5,1,0,0,-3,0.5,3
"localized_positive",426,"Holm",TRUE,0,0,0,0,-6,0,0
"localized_positive",426,"BY",TRUE,0,0,0,0,-6,0,0
"localized_positive",427,"unadjusted",TRUE,0.5,1,0,0,-3,0.5,3
"localized_positive",427,"Holm",TRUE,0.333333333333333,1,0,0,-4,0.333333333333333,2
"localized_positive",427,"BY",TRUE,0.333333333333333,1,0,0,-4,0.333333333333333,2
"localized_positive",428,"unadjusted",TRUE,0.833333333333333,0.833333333333333,0.166666666666667,1,0,0.714285714285714,6
"localized_positive",428,"Holm",TRUE,0.333333333333333,1,0,0,-4,0.333333333333333,2
"localized_positive",428,"BY",TRUE,0.166666666666667,1,0,0,-5,0.166666666666667,1
"localized_positive",429,"unadjusted",TRUE,0.833333333333333,1,0,0,-1,0.833333333333333,5
"localized_positive",429,"Holm",TRUE,0.166666666666667,1,0,0,-5,0.166666666666667,1
"localized_positive",429,"BY",TRUE,0.166666666666667,1,0,0,-5,0.166666666666667,1
"localized_positive",430,"unadjusted",TRUE,0.333333333333333,0.666666666666667,0.333333333333333,1,-3,0.285714285714286,3
"localized_positive",430,"Holm",TRUE,0.166666666666667,1,0,0,-5,0.166666666666667,1
"localized_positive",430,"BY",TRUE,0,0,0,0,-6,0,0
"localized_positive",431,"unadjusted",TRUE,1,1,0,0,0,1,6
"localized_positive",431,"Holm",TRUE,0.5,1,0,0,-3,0.5,3
"localized_positive",431,"BY",TRUE,0.5,1,0,0,-3,0.5,3
"localized_positive",432,"unadjusted",TRUE,0.833333333333333,0.833333333333333,0.166666666666667,1,0,0.714285714285714,6
"localized_positive",432,"Holm",TRUE,0.333333333333333,1,0,0,-4,0.333333333333333,2
"localized_positive",432,"BY",TRUE,0.166666666666667,1,0,0,-5,0.166666666666667,1
"localized_positive",433,"unadjusted",TRUE,0.5,0.75,0.25,1,-2,0.428571428571429,4
"localized_positive",433,"Holm",TRUE,0.166666666666667,1,0,0,-5,0.166666666666667,1
"localized_positive",433,"BY",TRUE,0,0,0,0,-6,0,0
"localized_positive",434,"unadjusted",TRUE,0.5,0.75,0.25,1,-2,0.428571428571429,4
"localized_positive",434,"Holm",TRUE,0.166666666666667,1,0,0,-5,0.166666666666667,1
"localized_positive",434,"BY",TRUE,0.166666666666667,1,0,0,-5,0.166666666666667,1
"localized_positive",435,"unadjusted",TRUE,0.166666666666667,1,0,0,-5,0.166666666666667,1
"localized_positive",435,"Holm",TRUE,0.166666666666667,1,0,0,-5,0.166666666666667,1
"localized_positive",435,"BY",TRUE,0.166666666666667,1,0,0,-5,0.166666666666667,1
"localized_positive",436,"unadjusted",TRUE,0.833333333333333,1,0,0,-1,0.833333333333333,5
"localized_positive",436,"Holm",TRUE,0.333333333333333,1,0,0,-4,0.333333333333333,2
"localized_positive",436,"BY",TRUE,0.333333333333333,1,0,0,-4,0.333333333333333,2
"localized_positive",437,"unadjusted",TRUE,0.833333333333333,1,0,0,-1,0.833333333333333,5
"localized_positive",437,"Holm",TRUE,0.166666666666667,1,0,0,-5,0.166666666666667,1
"localized_positive",437,"BY",TRUE,0.166666666666667,1,0,0,-5,0.166666666666667,1
"localized_positive",438,"unadjusted",TRUE,0.833333333333333,1,0,0,-1,0.833333333333333,5
"localized_positive",438,"Holm",TRUE,0,0,0,0,-6,0,0
"localized_positive",438,"BY",TRUE,0,0,0,0,-6,0,0
"localized_positive",439,"unadjusted",TRUE,0.666666666666667,1,0,0,-2,0.666666666666667,4
"localized_positive",439,"Holm",TRUE,0,0,0,0,-6,0,0
"localized_positive",439,"BY",TRUE,0,0,0,0,-6,0,0
"localized_positive",440,"unadjusted",TRUE,0.5,0.75,0.25,1,-2,0.428571428571429,4
"localized_positive",440,"Holm",TRUE,0.166666666666667,1,0,0,-5,0.166666666666667,1
"localized_positive",440,"BY",TRUE,0.166666666666667,1,0,0,-5,0.166666666666667,1
"localized_positive",441,"unadjusted",TRUE,0.666666666666667,0.8,0.2,1,-1,0.571428571428571,5
"localized_positive",441,"Holm",TRUE,0.166666666666667,1,0,0,-5,0.166666666666667,1
"localized_positive",441,"BY",TRUE,0.166666666666667,1,0,0,-5,0.166666666666667,1
"localized_positive",442,"unadjusted",TRUE,0.833333333333333,0.833333333333333,0.166666666666667,1,0,0.714285714285714,6
"localized_positive",442,"Holm",TRUE,0.166666666666667,1,0,0,-5,0.166666666666667,1
"localized_positive",442,"BY",TRUE,0.166666666666667,1,0,0,-5,0.166666666666667,1
"localized_positive",443,"unadjusted",TRUE,0.833333333333333,0.833333333333333,0.166666666666667,1,0,0.714285714285714,6
"localized_positive",443,"Holm",TRUE,0.333333333333333,1,0,0,-4,0.333333333333333,2
"localized_positive",443,"BY",TRUE,0.166666666666667,1,0,0,-5,0.166666666666667,1
"localized_positive",444,"unadjusted",TRUE,0.333333333333333,1,0,0,-4,0.333333333333333,2
"localized_positive",444,"Holm",TRUE,0.166666666666667,1,0,0,-5,0.166666666666667,1
"localized_positive",444,"BY",TRUE,0,0,0,0,-6,0,0
"localized_positive",445,"unadjusted",TRUE,1,0.857142857142857,0.142857142857143,1,1,0.857142857142857,7
"localized_positive",445,"Holm",TRUE,0.333333333333333,1,0,0,-4,0.333333333333333,2
"localized_positive",445,"BY",TRUE,0,0,0,0,-6,0,0
"localized_positive",446,"unadjusted",TRUE,0.833333333333333,1,0,0,-1,0.833333333333333,5
"localized_positive",446,"Holm",TRUE,0.166666666666667,1,0,0,-5,0.166666666666667,1
"localized_positive",446,"BY",TRUE,0.166666666666667,1,0,0,-5,0.166666666666667,1
"localized_positive",447,"unadjusted",TRUE,0.166666666666667,1,0,0,-5,0.166666666666667,1
"localized_positive",447,"Holm",TRUE,0.166666666666667,1,0,0,-5,0.166666666666667,1
"localized_positive",447,"BY",TRUE,0.166666666666667,1,0,0,-5,0.166666666666667,1
"localized_positive",448,"unadjusted",TRUE,0.5,1,0,0,-3,0.5,3
"localized_positive",448,"Holm",TRUE,0.166666666666667,1,0,0,-5,0.166666666666667,1
"localized_positive",448,"BY",TRUE,0.166666666666667,1,0,0,-5,0.166666666666667,1
"localized_positive",449,"unadjusted",TRUE,0.5,0.75,0.25,1,-2,0.428571428571429,4
"localized_positive",449,"Holm",TRUE,0.166666666666667,1,0,0,-5,0.166666666666667,1
"localized_positive",449,"BY",TRUE,0.166666666666667,1,0,0,-5,0.166666666666667,1
"localized_positive",450,"unadjusted",TRUE,0.5,1,0,0,-3,0.5,3
"localized_positive",450,"Holm",TRUE,0.166666666666667,1,0,0,-5,0.166666666666667,1
"localized_positive",450,"BY",TRUE,0.166666666666667,1,0,0,-5,0.166666666666667,1
"localized_positive",451,"unadjusted",TRUE,1,1,0,0,0,1,6
"localized_positive",451,"Holm",TRUE,0.5,1,0,0,-3,0.5,3
"localized_positive",451,"BY",TRUE,0.5,1,0,0,-3,0.5,3
"localized_positive",452,"unadjusted",TRUE,0.666666666666667,1,0,0,-2,0.666666666666667,4
"localized_positive",452,"Holm",TRUE,0.166666666666667,1,0,0,-5,0.166666666666667,1
"localized_positive",452,"BY",TRUE,0,0,0,0,-6,0,0
"localized_positive",453,"unadjusted",TRUE,0.5,1,0,0,-3,0.5,3
"localized_positive",453,"Holm",TRUE,0,0,0,0,-6,0,0
"localized_positive",453,"BY",TRUE,0,0,0,0,-6,0,0
"localized_positive",454,"unadjusted",TRUE,0.833333333333333,1,0,0,-1,0.833333333333333,5
"localized_positive",454,"Holm",TRUE,0.166666666666667,1,0,0,-5,0.166666666666667,1
"localized_positive",454,"BY",TRUE,0.166666666666667,1,0,0,-5,0.166666666666667,1
"localized_positive",455,"unadjusted",TRUE,0.5,1,0,0,-3,0.5,3
"localized_positive",455,"Holm",TRUE,0.333333333333333,1,0,0,-4,0.333333333333333,2
"localized_positive",455,"BY",TRUE,0,0,0,0,-6,0,0
"localized_positive",456,"unadjusted",TRUE,0.833333333333333,0.714285714285714,0.285714285714286,1,1,0.625,7
"localized_positive",456,"Holm",TRUE,0,0,0,0,-6,0,0
"localized_positive",456,"BY",TRUE,0,0,0,0,-6,0,0
"localized_positive",457,"unadjusted",TRUE,0.333333333333333,1,0,0,-4,0.333333333333333,2
"localized_positive",457,"Holm",TRUE,0,0,0,0,-6,0,0
"localized_positive",457,"BY",TRUE,0,0,0,0,-6,0,0
"localized_positive",458,"unadjusted",TRUE,0.5,1,0,0,-3,0.5,3
"localized_positive",458,"Holm",TRUE,0.333333333333333,1,0,0,-4,0.333333333333333,2
"localized_positive",458,"BY",TRUE,0.333333333333333,1,0,0,-4,0.333333333333333,2
"localized_positive",459,"unadjusted",TRUE,0.666666666666667,1,0,0,-2,0.666666666666667,4
"localized_positive",459,"Holm",TRUE,0,0,0,0,-6,0,0
"localized_positive",459,"BY",TRUE,0,0,0,0,-6,0,0
"localized_positive",460,"unadjusted",TRUE,0.833333333333333,0.833333333333333,0.166666666666667,1,0,0.714285714285714,6
"localized_positive",460,"Holm",TRUE,0.333333333333333,1,0,0,-4,0.333333333333333,2
"localized_positive",460,"BY",TRUE,0.166666666666667,1,0,0,-5,0.166666666666667,1
"localized_positive",461,"unadjusted",TRUE,0.666666666666667,1,0,0,-2,0.666666666666667,4
"localized_positive",461,"Holm",TRUE,0.166666666666667,1,0,0,-5,0.166666666666667,1
"localized_positive",461,"BY",TRUE,0.166666666666667,1,0,0,-5,0.166666666666667,1
"localized_positive",462,"unadjusted",TRUE,0.5,1,0,0,-3,0.5,3
"localized_positive",462,"Holm",TRUE,0.166666666666667,1,0,0,-5,0.166666666666667,1
"localized_positive",462,"BY",TRUE,0.166666666666667,1,0,0,-5,0.166666666666667,1
"localized_positive",463,"unadjusted",TRUE,0.833333333333333,0.833333333333333,0.166666666666667,1,0,0.714285714285714,6
"localized_positive",463,"Holm",TRUE,0.333333333333333,1,0,0,-4,0.333333333333333,2
"localized_positive",463,"BY",TRUE,0.333333333333333,1,0,0,-4,0.333333333333333,2
"localized_positive",464,"unadjusted",TRUE,0.833333333333333,0.833333333333333,0.166666666666667,1,0,0.714285714285714,6
"localized_positive",464,"Holm",TRUE,0.333333333333333,1,0,0,-4,0.333333333333333,2
"localized_positive",464,"BY",TRUE,0.333333333333333,1,0,0,-4,0.333333333333333,2
"localized_positive",465,"unadjusted",TRUE,0.833333333333333,1,0,0,-1,0.833333333333333,5
"localized_positive",465,"Holm",TRUE,0.166666666666667,1,0,0,-5,0.166666666666667,1
"localized_positive",465,"BY",TRUE,0,0,0,0,-6,0,0
"localized_positive",466,"unadjusted",TRUE,0.833333333333333,0.833333333333333,0.166666666666667,1,0,0.714285714285714,6
"localized_positive",466,"Holm",TRUE,0.166666666666667,1,0,0,-5,0.166666666666667,1
"localized_positive",466,"BY",TRUE,0,0,0,0,-6,0,0
"localized_positive",467,"unadjusted",TRUE,0.833333333333333,1,0,0,-1,0.833333333333333,5
"localized_positive",467,"Holm",TRUE,0.166666666666667,1,0,0,-5,0.166666666666667,1
"localized_positive",467,"BY",TRUE,0.166666666666667,1,0,0,-5,0.166666666666667,1
"localized_positive",468,"unadjusted",TRUE,0.666666666666667,0.8,0.2,1,-1,0.571428571428571,5
"localized_positive",468,"Holm",TRUE,0.166666666666667,1,0,0,-5,0.166666666666667,1
"localized_positive",468,"BY",TRUE,0,0,0,0,-6,0,0
"localized_positive",469,"unadjusted",TRUE,0.666666666666667,1,0,0,-2,0.666666666666667,4
"localized_positive",469,"Holm",TRUE,0.333333333333333,1,0,0,-4,0.333333333333333,2
"localized_positive",469,"BY",TRUE,0.333333333333333,1,0,0,-4,0.333333333333333,2
"localized_positive",470,"unadjusted",TRUE,0.333333333333333,0.666666666666667,0.333333333333333,1,-3,0.285714285714286,3
"localized_positive",470,"Holm",TRUE,0.166666666666667,1,0,0,-5,0.166666666666667,1
"localized_positive",470,"BY",TRUE,0,0,0,0,-6,0,0
"localized_positive",471,"unadjusted",TRUE,0.5,0.75,0.25,1,-2,0.428571428571429,4
"localized_positive",471,"Holm",TRUE,0.333333333333333,1,0,0,-4,0.333333333333333,2
"localized_positive",471,"BY",TRUE,0,0,0,0,-6,0,0
"localized_positive",472,"unadjusted",TRUE,0.833333333333333,1,0,0,-1,0.833333333333333,5
"localized_positive",472,"Holm",TRUE,0.5,1,0,0,-3,0.5,3
"localized_positive",472,"BY",TRUE,0.5,1,0,0,-3,0.5,3
"localized_positive",473,"unadjusted",TRUE,0.666666666666667,1,0,0,-2,0.666666666666667,4
"localized_positive",473,"Holm",TRUE,0.333333333333333,1,0,0,-4,0.333333333333333,2
"localized_positive",473,"BY",TRUE,0.166666666666667,1,0,0,-5,0.166666666666667,1
"localized_positive",474,"unadjusted",TRUE,0.833333333333333,0.833333333333333,0.166666666666667,1,0,0.714285714285714,6
"localized_positive",474,"Holm",TRUE,0.166666666666667,1,0,0,-5,0.166666666666667,1
"localized_positive",474,"BY",TRUE,0,0,0,0,-6,0,0
"localized_positive",475,"unadjusted",TRUE,0.833333333333333,1,0,0,-1,0.833333333333333,5
"localized_positive",475,"Holm",TRUE,0.5,1,0,0,-3,0.5,3
"localized_positive",475,"BY",TRUE,0.5,1,0,0,-3,0.5,3
"localized_positive",476,"unadjusted",TRUE,0.5,1,0,0,-3,0.5,3
"localized_positive",476,"Holm",TRUE,0.333333333333333,1,0,0,-4,0.333333333333333,2
"localized_positive",476,"BY",TRUE,0.333333333333333,1,0,0,-4,0.333333333333333,2
"localized_positive",477,"unadjusted",TRUE,0.5,0.75,0.25,1,-2,0.428571428571429,4
"localized_positive",477,"Holm",TRUE,0.166666666666667,1,0,0,-5,0.166666666666667,1
"localized_positive",477,"BY",TRUE,0.166666666666667,1,0,0,-5,0.166666666666667,1
"localized_positive",478,"unadjusted",TRUE,0.333333333333333,1,0,0,-4,0.333333333333333,2
"localized_positive",478,"Holm",TRUE,0.166666666666667,1,0,0,-5,0.166666666666667,1
"localized_positive",478,"BY",TRUE,0,0,0,0,-6,0,0
"localized_positive",479,"unadjusted",TRUE,0.833333333333333,1,0,0,-1,0.833333333333333,5
"localized_positive",479,"Holm",TRUE,0.166666666666667,1,0,0,-5,0.166666666666667,1
"localized_positive",479,"BY",TRUE,0.166666666666667,1,0,0,-5,0.166666666666667,1
"localized_positive",480,"unadjusted",TRUE,0.666666666666667,1,0,0,-2,0.666666666666667,4
"localized_positive",480,"Holm",TRUE,0.333333333333333,1,0,0,-4,0.333333333333333,2
"localized_positive",480,"BY",TRUE,0,0,0,0,-6,0,0
"localized_positive",481,"unadjusted",TRUE,0.666666666666667,1,0,0,-2,0.666666666666667,4
"localized_positive",481,"Holm",TRUE,0.333333333333333,1,0,0,-4,0.333333333333333,2
"localized_positive",481,"BY",TRUE,0.333333333333333,1,0,0,-4,0.333333333333333,2
"localized_positive",482,"unadjusted",TRUE,0.833333333333333,0.833333333333333,0.166666666666667,1,0,0.714285714285714,6
"localized_positive",482,"Holm",TRUE,0.5,1,0,0,-3,0.5,3
"localized_positive",482,"BY",TRUE,0.5,1,0,0,-3,0.5,3
"localized_positive",483,"unadjusted",TRUE,0.5,0.5,0.5,1,0,0.333333333333333,6
"localized_positive",483,"Holm",TRUE,0.333333333333333,1,0,0,-4,0.333333333333333,2
"localized_positive",483,"BY",TRUE,0.166666666666667,1,0,0,-5,0.166666666666667,1
"localized_positive",484,"unadjusted",TRUE,0.5,0.6,0.4,1,-1,0.375,5
"localized_positive",484,"Holm",TRUE,0.333333333333333,1,0,0,-4,0.333333333333333,2
"localized_positive",484,"BY",TRUE,0,0,0,0,-6,0,0
"localized_positive",485,"unadjusted",TRUE,0.5,0.75,0.25,1,-2,0.428571428571429,4
"localized_positive",485,"Holm",TRUE,0,0,0,0,-6,0,0
"localized_positive",485,"BY",TRUE,0,0,0,0,-6,0,0
"localized_positive",486,"unadjusted",TRUE,0.333333333333333,0.666666666666667,0.333333333333333,1,-3,0.285714285714286,3
"localized_positive",486,"Holm",TRUE,0,0,0,0,-6,0,0
"localized_positive",486,"BY",TRUE,0,0,0,0,-6,0,0
"localized_positive",487,"unadjusted",TRUE,0.833333333333333,1,0,0,-1,0.833333333333333,5
"localized_positive",487,"Holm",TRUE,0,0,0,0,-6,0,0
"localized_positive",487,"BY",TRUE,0,0,0,0,-6,0,0
"localized_positive",488,"unadjusted",TRUE,0.666666666666667,1,0,0,-2,0.666666666666667,4
"localized_positive",488,"Holm",TRUE,0.5,1,0,0,-3,0.5,3
"localized_positive",488,"BY",TRUE,0.5,1,0,0,-3,0.5,3
"localized_positive",489,"unadjusted",TRUE,0.666666666666667,1,0,0,-2,0.666666666666667,4
"localized_positive",489,"Holm",TRUE,0.166666666666667,1,0,0,-5,0.166666666666667,1
"localized_positive",489,"BY",TRUE,0.166666666666667,1,0,0,-5,0.166666666666667,1
"localized_positive",490,"unadjusted",TRUE,0.666666666666667,1,0,0,-2,0.666666666666667,4
"localized_positive",490,"Holm",TRUE,0,0,0,0,-6,0,0
"localized_positive",490,"BY",TRUE,0,0,0,0,-6,0,0
"localized_positive",491,"unadjusted",TRUE,0.666666666666667,1,0,0,-2,0.666666666666667,4
"localized_positive",491,"Holm",TRUE,0.333333333333333,1,0,0,-4,0.333333333333333,2
"localized_positive",491,"BY",TRUE,0.333333333333333,1,0,0,-4,0.333333333333333,2
"localized_positive",492,"unadjusted",TRUE,1,1,0,0,0,1,6
"localized_positive",492,"Holm",TRUE,0.5,1,0,0,-3,0.5,3
"localized_positive",492,"BY",TRUE,0.5,1,0,0,-3,0.5,3
"localized_positive",493,"unadjusted",TRUE,0.5,1,0,0,-3,0.5,3
"localized_positive",493,"Holm",TRUE,0.333333333333333,1,0,0,-4,0.333333333333333,2
"localized_positive",493,"BY",TRUE,0.166666666666667,1,0,0,-5,0.166666666666667,1
"localized_positive",494,"unadjusted",TRUE,0.833333333333333,0.833333333333333,0.166666666666667,1,0,0.714285714285714,6
"localized_positive",494,"Holm",TRUE,0.666666666666667,1,0,0,-2,0.666666666666667,4
"localized_positive",494,"BY",TRUE,0.666666666666667,1,0,0,-2,0.666666666666667,4
"localized_positive",495,"unadjusted",TRUE,0.833333333333333,1,0,0,-1,0.833333333333333,5
"localized_positive",495,"Holm",TRUE,0,0,0,0,-6,0,0
"localized_positive",495,"BY",TRUE,0,0,0,0,-6,0,0
"localized_positive",496,"unadjusted",TRUE,0.666666666666667,1,0,0,-2,0.666666666666667,4
"localized_positive",496,"Holm",TRUE,0.166666666666667,1,0,0,-5,0.166666666666667,1
"localized_positive",496,"BY",TRUE,0.166666666666667,1,0,0,-5,0.166666666666667,1
"localized_positive",497,"unadjusted",TRUE,0.666666666666667,0.8,0.2,1,-1,0.571428571428571,5
"localized_positive",497,"Holm",TRUE,0.333333333333333,1,0,0,-4,0.333333333333333,2
"localized_positive",497,"BY",TRUE,0.333333333333333,1,0,0,-4,0.333333333333333,2
"localized_positive",498,"unadjusted",TRUE,0.833333333333333,0.833333333333333,0.166666666666667,1,0,0.714285714285714,6
"localized_positive",498,"Holm",TRUE,0.166666666666667,1,0,0,-5,0.166666666666667,1
"localized_positive",498,"BY",TRUE,0.166666666666667,1,0,0,-5,0.166666666666667,1
"localized_positive",499,"unadjusted",TRUE,0.833333333333333,0.833333333333333,0.166666666666667,1,0,0.714285714285714,6
"localized_positive",499,"Holm",TRUE,0.166666666666667,1,0,0,-5,0.166666666666667,1
"localized_positive",499,"BY",TRUE,0.166666666666667,1,0,0,-5,0.166666666666667,1
"localized_positive",500,"unadjusted",TRUE,0.666666666666667,1,0,0,-2,0.666666666666667,4
"localized_positive",500,"Holm",TRUE,0,0,0,0,-6,0,0
"localized_positive",500,"BY",TRUE,0,0,0,0,-6,0,0
"localized_positive",501,"unadjusted",TRUE,0.5,1,0,0,-3,0.5,3
"localized_positive",501,"Holm",TRUE,0.333333333333333,1,0,0,-4,0.333333333333333,2
"localized_positive",501,"BY",TRUE,0.333333333333333,1,0,0,-4,0.333333333333333,2
"localized_positive",502,"unadjusted",TRUE,1,0.857142857142857,0.142857142857143,1,1,0.857142857142857,7
"localized_positive",502,"Holm",TRUE,0.5,1,0,0,-3,0.5,3
"localized_positive",502,"BY",TRUE,0.5,1,0,0,-3,0.5,3
"localized_positive",503,"unadjusted",TRUE,0.666666666666667,0.8,0.2,1,-1,0.571428571428571,5
"localized_positive",503,"Holm",TRUE,0,0,0,0,-6,0,0
"localized_positive",503,"BY",TRUE,0,0,0,0,-6,0,0
"localized_positive",504,"unadjusted",TRUE,0.666666666666667,0.8,0.2,1,-1,0.571428571428571,5
"localized_positive",504,"Holm",TRUE,0,0,0,0,-6,0,0
"localized_positive",504,"BY",TRUE,0,0,0,0,-6,0,0
"localized_positive",505,"unadjusted",TRUE,0.666666666666667,1,0,0,-2,0.666666666666667,4
"localized_positive",505,"Holm",TRUE,0.5,1,0,0,-3,0.5,3
"localized_positive",505,"BY",TRUE,0.5,1,0,0,-3,0.5,3
"localized_positive",506,"unadjusted",TRUE,0.666666666666667,0.8,0.2,1,-1,0.571428571428571,5
"localized_positive",506,"Holm",TRUE,0.166666666666667,1,0,0,-5,0.166666666666667,1
"localized_positive",506,"BY",TRUE,0.166666666666667,1,0,0,-5,0.166666666666667,1
"localized_positive",507,"unadjusted",TRUE,0.833333333333333,1,0,0,-1,0.833333333333333,5
"localized_positive",507,"Holm",TRUE,0.333333333333333,1,0,0,-4,0.333333333333333,2
"localized_positive",507,"BY",TRUE,0,0,0,0,-6,0,0
"localized_positive",508,"unadjusted",TRUE,0.5,1,0,0,-3,0.5,3
"localized_positive",508,"Holm",TRUE,0.333333333333333,1,0,0,-4,0.333333333333333,2
"localized_positive",508,"BY",TRUE,0,0,0,0,-6,0,0
"localized_positive",509,"unadjusted",TRUE,0.666666666666667,1,0,0,-2,0.666666666666667,4
"localized_positive",509,"Holm",TRUE,0.333333333333333,1,0,0,-4,0.333333333333333,2
"localized_positive",509,"BY",TRUE,0.166666666666667,1,0,0,-5,0.166666666666667,1
"localized_positive",510,"unadjusted",TRUE,0.833333333333333,1,0,0,-1,0.833333333333333,5
"localized_positive",510,"Holm",TRUE,0.166666666666667,1,0,0,-5,0.166666666666667,1
"localized_positive",510,"BY",TRUE,0.166666666666667,1,0,0,-5,0.166666666666667,1
"localized_positive",511,"unadjusted",TRUE,0.833333333333333,0.714285714285714,0.285714285714286,1,1,0.625,7
"localized_positive",511,"Holm",TRUE,0.5,1,0,0,-3,0.5,3
"localized_positive",511,"BY",TRUE,0.5,1,0,0,-3,0.5,3
"localized_positive",512,"unadjusted",TRUE,0.666666666666667,1,0,0,-2,0.666666666666667,4
"localized_positive",512,"Holm",TRUE,0,0,0,0,-6,0,0
"localized_positive",512,"BY",TRUE,0,0,0,0,-6,0,0
"localized_positive",513,"unadjusted",TRUE,0.666666666666667,1,0,0,-2,0.666666666666667,4
"localized_positive",513,"Holm",TRUE,0.166666666666667,1,0,0,-5,0.166666666666667,1
"localized_positive",513,"BY",TRUE,0.166666666666667,1,0,0,-5,0.166666666666667,1
"localized_positive",514,"unadjusted",TRUE,0.5,1,0,0,-3,0.5,3
"localized_positive",514,"Holm",TRUE,0,0,0,0,-6,0,0
"localized_positive",514,"BY",TRUE,0,0,0,0,-6,0,0
"localized_positive",515,"unadjusted",TRUE,0.5,1,0,0,-3,0.5,3
"localized_positive",515,"Holm",TRUE,0,0,0,0,-6,0,0
"localized_positive",515,"BY",TRUE,0,0,0,0,-6,0,0
"localized_positive",516,"unadjusted",TRUE,0.5,0.75,0.25,1,-2,0.428571428571429,4
"localized_positive",516,"Holm",TRUE,0,0,0,0,-6,0,0
"localized_positive",516,"BY",TRUE,0,0,0,0,-6,0,0
"localized_positive",517,"unadjusted",TRUE,0.666666666666667,1,0,0,-2,0.666666666666667,4
"localized_positive",517,"Holm",TRUE,0.166666666666667,1,0,0,-5,0.166666666666667,1
"localized_positive",517,"BY",TRUE,0.166666666666667,1,0,0,-5,0.166666666666667,1
"localized_positive",518,"unadjusted",TRUE,0.5,0.6,0.4,1,-1,0.375,5
"localized_positive",518,"Holm",TRUE,0,0,0,0,-6,0,0
"localized_positive",518,"BY",TRUE,0,0,0,0,-6,0,0
"localized_positive",519,"unadjusted",TRUE,0.666666666666667,1,0,0,-2,0.666666666666667,4
"localized_positive",519,"Holm",TRUE,0,0,0,0,-6,0,0
"localized_positive",519,"BY",TRUE,0,0,0,0,-6,0,0
"localized_positive",520,"unadjusted",TRUE,0.666666666666667,1,0,0,-2,0.666666666666667,4
"localized_positive",520,"Holm",TRUE,0.333333333333333,1,0,0,-4,0.333333333333333,2
"localized_positive",520,"BY",TRUE,0.166666666666667,1,0,0,-5,0.166666666666667,1
"localized_positive",521,"unadjusted",TRUE,0.666666666666667,1,0,0,-2,0.666666666666667,4
"localized_positive",521,"Holm",TRUE,0,0,0,0,-6,0,0
"localized_positive",521,"BY",TRUE,0,0,0,0,-6,0,0
"localized_positive",522,"unadjusted",TRUE,0.666666666666667,1,0,0,-2,0.666666666666667,4
"localized_positive",522,"Holm",TRUE,0,0,0,0,-6,0,0
"localized_positive",522,"BY",TRUE,0,0,0,0,-6,0,0
"localized_positive",523,"unadjusted",TRUE,0.666666666666667,1,0,0,-2,0.666666666666667,4
"localized_positive",523,"Holm",TRUE,0.166666666666667,1,0,0,-5,0.166666666666667,1
"localized_positive",523,"BY",TRUE,0,0,0,0,-6,0,0
"localized_positive",524,"unadjusted",TRUE,0.833333333333333,1,0,0,-1,0.833333333333333,5
"localized_positive",524,"Holm",TRUE,0.333333333333333,1,0,0,-4,0.333333333333333,2
"localized_positive",524,"BY",TRUE,0.333333333333333,1,0,0,-4,0.333333333333333,2
"localized_positive",525,"unadjusted",TRUE,0.5,1,0,0,-3,0.5,3
"localized_positive",525,"Holm",TRUE,0.166666666666667,1,0,0,-5,0.166666666666667,1
"localized_positive",525,"BY",TRUE,0.166666666666667,1,0,0,-5,0.166666666666667,1
"localized_positive",526,"unadjusted",TRUE,0.5,1,0,0,-3,0.5,3
"localized_positive",526,"Holm",TRUE,0.166666666666667,1,0,0,-5,0.166666666666667,1
"localized_positive",526,"BY",TRUE,0.166666666666667,1,0,0,-5,0.166666666666667,1
"localized_positive",527,"unadjusted",TRUE,0.666666666666667,1,0,0,-2,0.666666666666667,4
"localized_positive",527,"Holm",TRUE,0,0,0,0,-6,0,0
"localized_positive",527,"BY",TRUE,0,0,0,0,-6,0,0
"localized_positive",528,"unadjusted",TRUE,0.666666666666667,1,0,0,-2,0.666666666666667,4
"localized_positive",528,"Holm",TRUE,0.5,1,0,0,-3,0.5,3
"localized_positive",528,"BY",TRUE,0.5,1,0,0,-3,0.5,3
"localized_positive",529,"unadjusted",TRUE,0.666666666666667,0.666666666666667,0.333333333333333,1,0,0.5,6
"localized_positive",529,"Holm",TRUE,0.333333333333333,1,0,0,-4,0.333333333333333,2
"localized_positive",529,"BY",TRUE,0.166666666666667,1,0,0,-5,0.166666666666667,1
"localized_positive",530,"unadjusted",TRUE,0.5,1,0,0,-3,0.5,3
"localized_positive",530,"Holm",TRUE,0,0,0,0,-6,0,0
"localized_positive",530,"BY",TRUE,0,0,0,0,-6,0,0
"localized_positive",531,"unadjusted",TRUE,0.666666666666667,0.8,0.2,1,-1,0.571428571428571,5
"localized_positive",531,"Holm",TRUE,0.166666666666667,1,0,0,-5,0.166666666666667,1
"localized_positive",531,"BY",TRUE,0,0,0,0,-6,0,0
"localized_positive",532,"unadjusted",TRUE,0.833333333333333,1,0,0,-1,0.833333333333333,5
"localized_positive",532,"Holm",TRUE,0.666666666666667,1,0,0,-2,0.666666666666667,4
"localized_positive",532,"BY",TRUE,0.666666666666667,1,0,0,-2,0.666666666666667,4
"localized_positive",533,"unadjusted",TRUE,0.666666666666667,1,0,0,-2,0.666666666666667,4
"localized_positive",533,"Holm",TRUE,0,0,0,0,-6,0,0
"localized_positive",533,"BY",TRUE,0,0,0,0,-6,0,0
"localized_positive",534,"unadjusted",TRUE,0.666666666666667,0.8,0.2,1,-1,0.571428571428571,5
"localized_positive",534,"Holm",TRUE,0,0,0,0,-6,0,0
"localized_positive",534,"BY",TRUE,0,0,0,0,-6,0,0
"localized_positive",535,"unadjusted",TRUE,0.5,1,0,0,-3,0.5,3
"localized_positive",535,"Holm",TRUE,0,0,0,0,-6,0,0
"localized_positive",535,"BY",TRUE,0,0,0,0,-6,0,0
"localized_positive",536,"unadjusted",TRUE,0.833333333333333,0.833333333333333,0.166666666666667,1,0,0.714285714285714,6
"localized_positive",536,"Holm",TRUE,0.333333333333333,1,0,0,-4,0.333333333333333,2
"localized_positive",536,"BY",TRUE,0,0,0,0,-6,0,0
"localized_positive",537,"unadjusted",TRUE,0.166666666666667,0.333333333333333,0.666666666666667,1,-3,0.125,3
"localized_positive",537,"Holm",TRUE,0.166666666666667,1,0,0,-5,0.166666666666667,1
"localized_positive",537,"BY",TRUE,0,0,0,0,-6,0,0
"localized_positive",538,"unadjusted",TRUE,1,1,0,0,0,1,6
"localized_positive",538,"Holm",TRUE,0.166666666666667,1,0,0,-5,0.166666666666667,1
"localized_positive",538,"BY",TRUE,0,0,0,0,-6,0,0
"localized_positive",539,"unadjusted",TRUE,0.333333333333333,1,0,0,-4,0.333333333333333,2
"localized_positive",539,"Holm",TRUE,0.166666666666667,1,0,0,-5,0.166666666666667,1
"localized_positive",539,"BY",TRUE,0.166666666666667,1,0,0,-5,0.166666666666667,1
"localized_positive",540,"unadjusted",TRUE,0.666666666666667,1,0,0,-2,0.666666666666667,4
"localized_positive",540,"Holm",TRUE,0.333333333333333,1,0,0,-4,0.333333333333333,2
"localized_positive",540,"BY",TRUE,0,0,0,0,-6,0,0
"localized_positive",541,"unadjusted",TRUE,0.666666666666667,1,0,0,-2,0.666666666666667,4
"localized_positive",541,"Holm",TRUE,0.333333333333333,1,0,0,-4,0.333333333333333,2
"localized_positive",541,"BY",TRUE,0,0,0,0,-6,0,0
"localized_positive",542,"unadjusted",TRUE,0.166666666666667,1,0,0,-5,0.166666666666667,1
"localized_positive",542,"Holm",TRUE,0,0,0,0,-6,0,0
"localized_positive",542,"BY",TRUE,0,0,0,0,-6,0,0
"localized_positive",543,"unadjusted",TRUE,0.333333333333333,0.666666666666667,0.333333333333333,1,-3,0.285714285714286,3
"localized_positive",543,"Holm",TRUE,0.333333333333333,1,0,0,-4,0.333333333333333,2
"localized_positive",543,"BY",TRUE,0.166666666666667,1,0,0,-5,0.166666666666667,1
"localized_positive",544,"unadjusted",TRUE,0.833333333333333,0.833333333333333,0.166666666666667,1,0,0.714285714285714,6
"localized_positive",544,"Holm",TRUE,0,0,0,0,-6,0,0
"localized_positive",544,"BY",TRUE,0,0,0,0,-6,0,0
"localized_positive",545,"unadjusted",TRUE,0.833333333333333,1,0,0,-1,0.833333333333333,5
"localized_positive",545,"Holm",TRUE,0.166666666666667,1,0,0,-5,0.166666666666667,1
"localized_positive",545,"BY",TRUE,0.166666666666667,1,0,0,-5,0.166666666666667,1
"localized_positive",546,"unadjusted",TRUE,0.666666666666667,1,0,0,-2,0.666666666666667,4
"localized_positive",546,"Holm",TRUE,0,0,0,0,-6,0,0
"localized_positive",546,"BY",TRUE,0,0,0,0,-6,0,0
"localized_positive",547,"unadjusted",TRUE,0.666666666666667,0.8,0.2,1,-1,0.571428571428571,5
"localized_positive",547,"Holm",TRUE,0.166666666666667,1,0,0,-5,0.166666666666667,1
"localized_positive",547,"BY",TRUE,0.166666666666667,1,0,0,-5,0.166666666666667,1
"localized_positive",548,"unadjusted",TRUE,0.833333333333333,0.833333333333333,0.166666666666667,1,0,0.714285714285714,6
"localized_positive",548,"Holm",TRUE,0.166666666666667,1,0,0,-5,0.166666666666667,1
"localized_positive",548,"BY",TRUE,0,0,0,0,-6,0,0
"localized_positive",549,"unadjusted",TRUE,0.5,0.75,0.25,1,-2,0.428571428571429,4
"localized_positive",549,"Holm",TRUE,0,0,0,0,-6,0,0
"localized_positive",549,"BY",TRUE,0,0,0,0,-6,0,0
"localized_positive",550,"unadjusted",TRUE,0.333333333333333,1,0,0,-4,0.333333333333333,2
"localized_positive",550,"Holm",TRUE,0,0,0,0,-6,0,0
"localized_positive",550,"BY",TRUE,0,0,0,0,-6,0,0
"localized_positive",551,"unadjusted",TRUE,0.333333333333333,0.666666666666667,0.333333333333333,1,-3,0.285714285714286,3
"localized_positive",551,"Holm",TRUE,0.166666666666667,0.5,0.5,1,-4,0.142857142857143,2
"localized_positive",551,"BY",TRUE,0,0,0,0,-6,0,0
"localized_positive",552,"unadjusted",TRUE,0.5,0.75,0.25,1,-2,0.428571428571429,4
"localized_positive",552,"Holm",TRUE,0,0,0,0,-6,0,0
"localized_positive",552,"BY",TRUE,0,0,0,0,-6,0,0
"localized_positive",553,"unadjusted",TRUE,0.333333333333333,0.666666666666667,0.333333333333333,1,-3,0.285714285714286,3
"localized_positive",553,"Holm",TRUE,0.166666666666667,1,0,0,-5,0.166666666666667,1
"localized_positive",553,"BY",TRUE,0,0,0,0,-6,0,0
"localized_positive",554,"unadjusted",TRUE,0.5,0.75,0.25,1,-2,0.428571428571429,4
"localized_positive",554,"Holm",TRUE,0,0,0,0,-6,0,0
"localized_positive",554,"BY",TRUE,0,0,0,0,-6,0,0
"localized_positive",555,"unadjusted",TRUE,0.666666666666667,0.8,0.2,1,-1,0.571428571428571,5
"localized_positive",555,"Holm",TRUE,0.333333333333333,1,0,0,-4,0.333333333333333,2
"localized_positive",555,"BY",TRUE,0.333333333333333,1,0,0,-4,0.333333333333333,2
"localized_positive",556,"unadjusted",TRUE,0.5,1,0,0,-3,0.5,3
"localized_positive",556,"Holm",TRUE,0.166666666666667,1,0,0,-5,0.166666666666667,1
"localized_positive",556,"BY",TRUE,0.166666666666667,1,0,0,-5,0.166666666666667,1
"localized_positive",557,"unadjusted",TRUE,0.833333333333333,1,0,0,-1,0.833333333333333,5
"localized_positive",557,"Holm",TRUE,0.166666666666667,1,0,0,-5,0.166666666666667,1
"localized_positive",557,"BY",TRUE,0.166666666666667,1,0,0,-5,0.166666666666667,1
"localized_positive",558,"unadjusted",TRUE,0.666666666666667,0.8,0.2,1,-1,0.571428571428571,5
"localized_positive",558,"Holm",TRUE,0.333333333333333,0.666666666666667,0.333333333333333,1,-3,0.285714285714286,3
"localized_positive",558,"BY",TRUE,0.333333333333333,0.666666666666667,0.333333333333333,1,-3,0.285714285714286,3
"localized_positive",559,"unadjusted",TRUE,0.333333333333333,1,0,0,-4,0.333333333333333,2
"localized_positive",559,"Holm",TRUE,0.166666666666667,1,0,0,-5,0.166666666666667,1
"localized_positive",559,"BY",TRUE,0.166666666666667,1,0,0,-5,0.166666666666667,1
"localized_positive",560,"unadjusted",TRUE,0.333333333333333,0.5,0.5,1,-2,0.25,4
"localized_positive",560,"Holm",TRUE,0.166666666666667,1,0,0,-5,0.166666666666667,1
"localized_positive",560,"BY",TRUE,0.166666666666667,1,0,0,-5,0.166666666666667,1
"localized_positive",561,"unadjusted",TRUE,0.5,1,0,0,-3,0.5,3
"localized_positive",561,"Holm",TRUE,0,0,0,0,-6,0,0
"localized_positive",561,"BY",TRUE,0,0,0,0,-6,0,0
"localized_positive",562,"unadjusted",TRUE,0.666666666666667,1,0,0,-2,0.666666666666667,4
"localized_positive",562,"Holm",TRUE,0.166666666666667,1,0,0,-5,0.166666666666667,1
"localized_positive",562,"BY",TRUE,0.166666666666667,1,0,0,-5,0.166666666666667,1
"localized_positive",563,"unadjusted",TRUE,0.333333333333333,1,0,0,-4,0.333333333333333,2
"localized_positive",563,"Holm",TRUE,0.166666666666667,1,0,0,-5,0.166666666666667,1
"localized_positive",563,"BY",TRUE,0.166666666666667,1,0,0,-5,0.166666666666667,1
"localized_positive",564,"unadjusted",TRUE,0.333333333333333,0.666666666666667,0.333333333333333,1,-3,0.285714285714286,3
"localized_positive",564,"Holm",TRUE,0,0,0,0,-6,0,0
"localized_positive",564,"BY",TRUE,0,0,0,0,-6,0,0
"localized_positive",565,"unadjusted",TRUE,0.666666666666667,1,0,0,-2,0.666666666666667,4
"localized_positive",565,"Holm",TRUE,0,0,0,0,-6,0,0
"localized_positive",565,"BY",TRUE,0,0,0,0,-6,0,0
"localized_positive",566,"unadjusted",TRUE,0.5,0.75,0.25,1,-2,0.428571428571429,4
"localized_positive",566,"Holm",TRUE,0,0,0,0,-6,0,0
"localized_positive",566,"BY",TRUE,0,0,0,0,-6,0,0
"localized_positive",567,"unadjusted",TRUE,0.666666666666667,1,0,0,-2,0.666666666666667,4
"localized_positive",567,"Holm",TRUE,0.166666666666667,1,0,0,-5,0.166666666666667,1
"localized_positive",567,"BY",TRUE,0.166666666666667,1,0,0,-5,0.166666666666667,1
"localized_positive",568,"unadjusted",TRUE,0.666666666666667,1,0,0,-2,0.666666666666667,4
"localized_positive",568,"Holm",TRUE,0.166666666666667,1,0,0,-5,0.166666666666667,1
"localized_positive",568,"BY",TRUE,0,0,0,0,-6,0,0
"localized_positive",569,"unadjusted",TRUE,0.166666666666667,1,0,0,-5,0.166666666666667,1
"localized_positive",569,"Holm",TRUE,0,0,0,0,-6,0,0
"localized_positive",569,"BY",TRUE,0,0,0,0,-6,0,0
"localized_positive",570,"unadjusted",TRUE,0.833333333333333,1,0,0,-1,0.833333333333333,5
"localized_positive",570,"Holm",TRUE,0.5,1,0,0,-3,0.5,3
"localized_positive",570,"BY",TRUE,0.5,1,0,0,-3,0.5,3
"localized_positive",571,"unadjusted",TRUE,0.333333333333333,1,0,0,-4,0.333333333333333,2
"localized_positive",571,"Holm",TRUE,0,0,0,0,-6,0,0
"localized_positive",571,"BY",TRUE,0,0,0,0,-6,0,0
"localized_positive",572,"unadjusted",TRUE,0.5,1,0,0,-3,0.5,3
"localized_positive",572,"Holm",TRUE,0.166666666666667,1,0,0,-5,0.166666666666667,1
"localized_positive",572,"BY",TRUE,0.166666666666667,1,0,0,-5,0.166666666666667,1
"localized_positive",573,"unadjusted",TRUE,0.5,0.75,0.25,1,-2,0.428571428571429,4
"localized_positive",573,"Holm",TRUE,0.166666666666667,1,0,0,-5,0.166666666666667,1
"localized_positive",573,"BY",TRUE,0,0,0,0,-6,0,0
"localized_positive",574,"unadjusted",TRUE,0.5,1,0,0,-3,0.5,3
"localized_positive",574,"Holm",TRUE,0.333333333333333,1,0,0,-4,0.333333333333333,2
"localized_positive",574,"BY",TRUE,0.333333333333333,1,0,0,-4,0.333333333333333,2
"localized_positive",575,"unadjusted",TRUE,0.666666666666667,1,0,0,-2,0.666666666666667,4
"localized_positive",575,"Holm",TRUE,0.333333333333333,1,0,0,-4,0.333333333333333,2
"localized_positive",575,"BY",TRUE,0.333333333333333,1,0,0,-4,0.333333333333333,2
"localized_positive",576,"unadjusted",TRUE,0.5,1,0,0,-3,0.5,3
"localized_positive",576,"Holm",TRUE,0.333333333333333,1,0,0,-4,0.333333333333333,2
"localized_positive",576,"BY",TRUE,0.333333333333333,1,0,0,-4,0.333333333333333,2
"localized_positive",577,"unadjusted",TRUE,0.5,1,0,0,-3,0.5,3
"localized_positive",577,"Holm",TRUE,0.333333333333333,1,0,0,-4,0.333333333333333,2
"localized_positive",577,"BY",TRUE,0.333333333333333,1,0,0,-4,0.333333333333333,2
"localized_positive",578,"unadjusted",TRUE,0.833333333333333,1,0,0,-1,0.833333333333333,5
"localized_positive",578,"Holm",TRUE,0.333333333333333,1,0,0,-4,0.333333333333333,2
"localized_positive",578,"BY",TRUE,0.166666666666667,1,0,0,-5,0.166666666666667,1
"localized_positive",579,"unadjusted",TRUE,0.666666666666667,1,0,0,-2,0.666666666666667,4
"localized_positive",579,"Holm",TRUE,0,0,0,0,-6,0,0
"localized_positive",579,"BY",TRUE,0,0,0,0,-6,0,0
"localized_positive",580,"unadjusted",TRUE,0.5,1,0,0,-3,0.5,3
"localized_positive",580,"Holm",TRUE,0.333333333333333,1,0,0,-4,0.333333333333333,2
"localized_positive",580,"BY",TRUE,0,0,0,0,-6,0,0
"localized_positive",581,"unadjusted",TRUE,1,0.857142857142857,0.142857142857143,1,1,0.857142857142857,7
"localized_positive",581,"Holm",TRUE,0.166666666666667,1,0,0,-5,0.166666666666667,1
"localized_positive",581,"BY",TRUE,0.166666666666667,1,0,0,-5,0.166666666666667,1
"localized_positive",582,"unadjusted",TRUE,0.833333333333333,0.833333333333333,0.166666666666667,1,0,0.714285714285714,6
"localized_positive",582,"Holm",TRUE,0.666666666666667,1,0,0,-2,0.666666666666667,4
"localized_positive",582,"BY",TRUE,0.666666666666667,1,0,0,-2,0.666666666666667,4
"localized_positive",583,"unadjusted",TRUE,0.666666666666667,0.8,0.2,1,-1,0.571428571428571,5
"localized_positive",583,"Holm",TRUE,0.333333333333333,1,0,0,-4,0.333333333333333,2
"localized_positive",583,"BY",TRUE,0.333333333333333,1,0,0,-4,0.333333333333333,2
"localized_positive",584,"unadjusted",TRUE,0.5,1,0,0,-3,0.5,3
"localized_positive",584,"Holm",TRUE,0.166666666666667,1,0,0,-5,0.166666666666667,1
"localized_positive",584,"BY",TRUE,0.166666666666667,1,0,0,-5,0.166666666666667,1
"localized_positive",585,"unadjusted",TRUE,0.666666666666667,0.8,0.2,1,-1,0.571428571428571,5
"localized_positive",585,"Holm",TRUE,0.166666666666667,1,0,0,-5,0.166666666666667,1
"localized_positive",585,"BY",TRUE,0.166666666666667,1,0,0,-5,0.166666666666667,1
"localized_positive",586,"unadjusted",TRUE,0.666666666666667,0.8,0.2,1,-1,0.571428571428571,5
"localized_positive",586,"Holm",TRUE,0.166666666666667,1,0,0,-5,0.166666666666667,1
"localized_positive",586,"BY",TRUE,0,0,0,0,-6,0,0
"localized_positive",587,"unadjusted",TRUE,0.833333333333333,1,0,0,-1,0.833333333333333,5
"localized_positive",587,"Holm",TRUE,0.5,1,0,0,-3,0.5,3
"localized_positive",587,"BY",TRUE,0.5,1,0,0,-3,0.5,3
"localized_positive",588,"unadjusted",TRUE,1,1,0,0,0,1,6
"localized_positive",588,"Holm",TRUE,0.333333333333333,1,0,0,-4,0.333333333333333,2
"localized_positive",588,"BY",TRUE,0.333333333333333,1,0,0,-4,0.333333333333333,2
"localized_positive",589,"unadjusted",TRUE,0.833333333333333,0.833333333333333,0.166666666666667,1,0,0.714285714285714,6
"localized_positive",589,"Holm",TRUE,0.166666666666667,1,0,0,-5,0.166666666666667,1
"localized_positive",589,"BY",TRUE,0.166666666666667,1,0,0,-5,0.166666666666667,1
"localized_positive",590,"unadjusted",TRUE,0.5,1,0,0,-3,0.5,3
"localized_positive",590,"Holm",TRUE,0.166666666666667,1,0,0,-5,0.166666666666667,1
"localized_positive",590,"BY",TRUE,0.166666666666667,1,0,0,-5,0.166666666666667,1
"localized_positive",591,"unadjusted",TRUE,0.333333333333333,0.666666666666667,0.333333333333333,1,-3,0.285714285714286,3
"localized_positive",591,"Holm",TRUE,0,0,0,0,-6,0,0
"localized_positive",591,"BY",TRUE,0,0,0,0,-6,0,0
"localized_positive",592,"unadjusted",TRUE,1,1,0,0,0,1,6
"localized_positive",592,"Holm",TRUE,0,0,0,0,-6,0,0
"localized_positive",592,"BY",TRUE,0,0,0,0,-6,0,0
"localized_positive",593,"unadjusted",TRUE,0.666666666666667,1,0,0,-2,0.666666666666667,4
"localized_positive",593,"Holm",TRUE,0.166666666666667,1,0,0,-5,0.166666666666667,1
"localized_positive",593,"BY",TRUE,0.166666666666667,1,0,0,-5,0.166666666666667,1
"localized_positive",594,"unadjusted",TRUE,0.666666666666667,0.8,0.2,1,-1,0.571428571428571,5
"localized_positive",594,"Holm",TRUE,0.5,0.75,0.25,1,-2,0.428571428571429,4
"localized_positive",594,"BY",TRUE,0.5,0.75,0.25,1,-2,0.428571428571429,4
"localized_positive",595,"unadjusted",TRUE,0.666666666666667,0.8,0.2,1,-1,0.571428571428571,5
"localized_positive",595,"Holm",TRUE,0.166666666666667,1,0,0,-5,0.166666666666667,1
"localized_positive",595,"BY",TRUE,0.166666666666667,1,0,0,-5,0.166666666666667,1
"localized_positive",596,"unadjusted",TRUE,0.166666666666667,0.5,0.5,1,-4,0.142857142857143,2
"localized_positive",596,"Holm",TRUE,0.166666666666667,1,0,0,-5,0.166666666666667,1
"localized_positive",596,"BY",TRUE,0.166666666666667,1,0,0,-5,0.166666666666667,1
"localized_positive",597,"unadjusted",TRUE,0.666666666666667,0.8,0.2,1,-1,0.571428571428571,5
"localized_positive",597,"Holm",TRUE,0,0,0,0,-6,0,0
"localized_positive",597,"BY",TRUE,0,0,0,0,-6,0,0
"localized_positive",598,"unadjusted",TRUE,0.333333333333333,0.666666666666667,0.333333333333333,1,-3,0.285714285714286,3
"localized_positive",598,"Holm",TRUE,0.166666666666667,1,0,0,-5,0.166666666666667,1
"localized_positive",598,"BY",TRUE,0,0,0,0,-6,0,0
"localized_positive",599,"unadjusted",TRUE,0.666666666666667,0.571428571428571,0.428571428571429,1,1,0.444444444444444,7
"localized_positive",599,"Holm",TRUE,0,0,0,0,-6,0,0
"localized_positive",599,"BY",TRUE,0,0,0,0,-6,0,0
"localized_positive",600,"unadjusted",TRUE,0.666666666666667,0.8,0.2,1,-1,0.571428571428571,5
"localized_positive",600,"Holm",TRUE,0.333333333333333,1,0,0,-4,0.333333333333333,2
"localized_positive",600,"BY",TRUE,0.333333333333333,1,0,0,-4,0.333333333333333,2
"localized_positive",601,"unadjusted",TRUE,0.5,0.75,0.25,1,-2,0.428571428571429,4
"localized_positive",601,"Holm",TRUE,0.166666666666667,1,0,0,-5,0.166666666666667,1
"localized_positive",601,"BY",TRUE,0.166666666666667,1,0,0,-5,0.166666666666667,1
"localized_positive",602,"unadjusted",TRUE,0.833333333333333,1,0,0,-1,0.833333333333333,5
"localized_positive",602,"Holm",TRUE,0,0,0,0,-6,0,0
"localized_positive",602,"BY",TRUE,0,0,0,0,-6,0,0
"localized_positive",603,"unadjusted",TRUE,0.5,0.75,0.25,1,-2,0.428571428571429,4
"localized_positive",603,"Holm",TRUE,0,0,0,0,-6,0,0
"localized_positive",603,"BY",TRUE,0,0,0,0,-6,0,0
"localized_positive",604,"unadjusted",TRUE,0.166666666666667,0.5,0.5,1,-4,0.142857142857143,2
"localized_positive",604,"Holm",TRUE,0,0,0,0,-6,0,0
"localized_positive",604,"BY",TRUE,0,0,0,0,-6,0,0
"localized_positive",605,"unadjusted",TRUE,0.833333333333333,1,0,0,-1,0.833333333333333,5
"localized_positive",605,"Holm",TRUE,0.333333333333333,1,0,0,-4,0.333333333333333,2
"localized_positive",605,"BY",TRUE,0.333333333333333,1,0,0,-4,0.333333333333333,2
"localized_positive",606,"unadjusted",TRUE,0.833333333333333,1,0,0,-1,0.833333333333333,5
"localized_positive",606,"Holm",TRUE,0.166666666666667,1,0,0,-5,0.166666666666667,1
"localized_positive",606,"BY",TRUE,0.166666666666667,1,0,0,-5,0.166666666666667,1
"localized_positive",607,"unadjusted",TRUE,0.666666666666667,1,0,0,-2,0.666666666666667,4
"localized_positive",607,"Holm",TRUE,0,0,0,0,-6,0,0
"localized_positive",607,"BY",TRUE,0,0,0,0,-6,0,0
"localized_positive",608,"unadjusted",TRUE,0.666666666666667,0.8,0.2,1,-1,0.571428571428571,5
"localized_positive",608,"Holm",TRUE,0.333333333333333,1,0,0,-4,0.333333333333333,2
"localized_positive",608,"BY",TRUE,0.166666666666667,1,0,0,-5,0.166666666666667,1
"localized_positive",609,"unadjusted",TRUE,0.833333333333333,1,0,0,-1,0.833333333333333,5
"localized_positive",609,"Holm",TRUE,0,0,0,0,-6,0,0
"localized_positive",609,"BY",TRUE,0,0,0,0,-6,0,0
"localized_positive",610,"unadjusted",TRUE,1,0.857142857142857,0.142857142857143,1,1,0.857142857142857,7
"localized_positive",610,"Holm",TRUE,0.333333333333333,1,0,0,-4,0.333333333333333,2
"localized_positive",610,"BY",TRUE,0.333333333333333,1,0,0,-4,0.333333333333333,2
"localized_positive",611,"unadjusted",TRUE,0.833333333333333,1,0,0,-1,0.833333333333333,5
"localized_positive",611,"Holm",TRUE,0,0,0,0,-6,0,0
"localized_positive",611,"BY",TRUE,0,0,0,0,-6,0,0
"localized_positive",612,"unadjusted",TRUE,0.333333333333333,1,0,0,-4,0.333333333333333,2
"localized_positive",612,"Holm",TRUE,0,0,0,0,-6,0,0
"localized_positive",612,"BY",TRUE,0,0,0,0,-6,0,0
"localized_positive",613,"unadjusted",TRUE,0.5,0.6,0.4,1,-1,0.375,5
"localized_positive",613,"Holm",TRUE,0.166666666666667,1,0,0,-5,0.166666666666667,1
"localized_positive",613,"BY",TRUE,0.166666666666667,1,0,0,-5,0.166666666666667,1
"localized_positive",614,"unadjusted",TRUE,1,0.857142857142857,0.142857142857143,1,1,0.857142857142857,7
"localized_positive",614,"Holm",TRUE,0.5,1,0,0,-3,0.5,3
"localized_positive",614,"BY",TRUE,0.5,1,0,0,-3,0.5,3
"localized_positive",615,"unadjusted",TRUE,0.5,0.75,0.25,1,-2,0.428571428571429,4
"localized_positive",615,"Holm",TRUE,0.333333333333333,1,0,0,-4,0.333333333333333,2
"localized_positive",615,"BY",TRUE,0.333333333333333,1,0,0,-4,0.333333333333333,2
"localized_positive",616,"unadjusted",TRUE,0.5,1,0,0,-3,0.5,3
"localized_positive",616,"Holm",TRUE,0.166666666666667,1,0,0,-5,0.166666666666667,1
"localized_positive",616,"BY",TRUE,0.166666666666667,1,0,0,-5,0.166666666666667,1
"localized_positive",617,"unadjusted",TRUE,0.833333333333333,1,0,0,-1,0.833333333333333,5
"localized_positive",617,"Holm",TRUE,0.166666666666667,1,0,0,-5,0.166666666666667,1
"localized_positive",617,"BY",TRUE,0,0,0,0,-6,0,0
"localized_positive",618,"unadjusted",TRUE,0.666666666666667,1,0,0,-2,0.666666666666667,4
"localized_positive",618,"Holm",TRUE,0.166666666666667,1,0,0,-5,0.166666666666667,1
"localized_positive",618,"BY",TRUE,0.166666666666667,1,0,0,-5,0.166666666666667,1
"localized_positive",619,"unadjusted",TRUE,0.166666666666667,1,0,0,-5,0.166666666666667,1
"localized_positive",619,"Holm",TRUE,0,0,0,0,-6,0,0
"localized_positive",619,"BY",TRUE,0,0,0,0,-6,0,0
"localized_positive",620,"unadjusted",TRUE,0.5,1,0,0,-3,0.5,3
"localized_positive",620,"Holm",TRUE,0,0,0,0,-6,0,0
"localized_positive",620,"BY",TRUE,0,0,0,0,-6,0,0
"localized_positive",621,"unadjusted",TRUE,0.833333333333333,1,0,0,-1,0.833333333333333,5
"localized_positive",621,"Holm",TRUE,0.166666666666667,1,0,0,-5,0.166666666666667,1
"localized_positive",621,"BY",TRUE,0.166666666666667,1,0,0,-5,0.166666666666667,1
"localized_positive",622,"unadjusted",TRUE,0.5,0.6,0.4,1,-1,0.375,5
"localized_positive",622,"Holm",TRUE,0.166666666666667,1,0,0,-5,0.166666666666667,1
"localized_positive",622,"BY",TRUE,0,0,0,0,-6,0,0
"localized_positive",623,"unadjusted",TRUE,0.666666666666667,1,0,0,-2,0.666666666666667,4
"localized_positive",623,"Holm",TRUE,0.166666666666667,1,0,0,-5,0.166666666666667,1
"localized_positive",623,"BY",TRUE,0.166666666666667,1,0,0,-5,0.166666666666667,1
"localized_positive",624,"unadjusted",TRUE,0.666666666666667,1,0,0,-2,0.666666666666667,4
"localized_positive",624,"Holm",TRUE,0,0,0,0,-6,0,0
"localized_positive",624,"BY",TRUE,0,0,0,0,-6,0,0
"localized_positive",625,"unadjusted",TRUE,0.833333333333333,1,0,0,-1,0.833333333333333,5
"localized_positive",625,"Holm",TRUE,0.166666666666667,1,0,0,-5,0.166666666666667,1
"localized_positive",625,"BY",TRUE,0.166666666666667,1,0,0,-5,0.166666666666667,1
"localized_positive",626,"unadjusted",TRUE,1,0.857142857142857,0.142857142857143,1,1,0.857142857142857,7
"localized_positive",626,"Holm",TRUE,0.5,1,0,0,-3,0.5,3
"localized_positive",626,"BY",TRUE,0.5,1,0,0,-3,0.5,3
"localized_positive",627,"unadjusted",TRUE,0.5,1,0,0,-3,0.5,3
"localized_positive",627,"Holm",TRUE,0.333333333333333,1,0,0,-4,0.333333333333333,2
"localized_positive",627,"BY",TRUE,0,0,0,0,-6,0,0
"localized_positive",628,"unadjusted",TRUE,0.666666666666667,1,0,0,-2,0.666666666666667,4
"localized_positive",628,"Holm",TRUE,0.333333333333333,1,0,0,-4,0.333333333333333,2
"localized_positive",628,"BY",TRUE,0.333333333333333,1,0,0,-4,0.333333333333333,2
"localized_positive",629,"unadjusted",TRUE,0.833333333333333,1,0,0,-1,0.833333333333333,5
"localized_positive",629,"Holm",TRUE,0.166666666666667,1,0,0,-5,0.166666666666667,1
"localized_positive",629,"BY",TRUE,0,0,0,0,-6,0,0
"localized_positive",630,"unadjusted",TRUE,0.5,0.5,0.5,1,0,0.333333333333333,6
"localized_positive",630,"Holm",TRUE,0.333333333333333,1,0,0,-4,0.333333333333333,2
"localized_positive",630,"BY",TRUE,0,0,0,0,-6,0,0
"localized_positive",631,"unadjusted",TRUE,0.5,0.6,0.4,1,-1,0.375,5
"localized_positive",631,"Holm",TRUE,0.166666666666667,1,0,0,-5,0.166666666666667,1
"localized_positive",631,"BY",TRUE,0.166666666666667,1,0,0,-5,0.166666666666667,1
"localized_positive",632,"unadjusted",TRUE,0.666666666666667,0.8,0.2,1,-1,0.571428571428571,5
"localized_positive",632,"Holm",TRUE,0.333333333333333,1,0,0,-4,0.333333333333333,2
"localized_positive",632,"BY",TRUE,0,0,0,0,-6,0,0
"localized_positive",633,"unadjusted",TRUE,0.5,1,0,0,-3,0.5,3
"localized_positive",633,"Holm",TRUE,0.166666666666667,1,0,0,-5,0.166666666666667,1
"localized_positive",633,"BY",TRUE,0.166666666666667,1,0,0,-5,0.166666666666667,1
"localized_positive",634,"unadjusted",TRUE,0.833333333333333,1,0,0,-1,0.833333333333333,5
"localized_positive",634,"Holm",TRUE,0.333333333333333,1,0,0,-4,0.333333333333333,2
"localized_positive",634,"BY",TRUE,0.333333333333333,1,0,0,-4,0.333333333333333,2
"localized_positive",635,"unadjusted",TRUE,0.5,1,0,0,-3,0.5,3
"localized_positive",635,"Holm",TRUE,0,0,0,0,-6,0,0
"localized_positive",635,"BY",TRUE,0,0,0,0,-6,0,0
"localized_positive",636,"unadjusted",TRUE,0.333333333333333,1,0,0,-4,0.333333333333333,2
"localized_positive",636,"Holm",TRUE,0,0,0,0,-6,0,0
"localized_positive",636,"BY",TRUE,0,0,0,0,-6,0,0
"localized_positive",637,"unadjusted",TRUE,0.833333333333333,0.833333333333333,0.166666666666667,1,0,0.714285714285714,6
"localized_positive",637,"Holm",TRUE,0.166666666666667,1,0,0,-5,0.166666666666667,1
"localized_positive",637,"BY",TRUE,0,0,0,0,-6,0,0
"localized_positive",638,"unadjusted",TRUE,0.833333333333333,0.833333333333333,0.166666666666667,1,0,0.714285714285714,6
"localized_positive",638,"Holm",TRUE,0.166666666666667,1,0,0,-5,0.166666666666667,1
"localized_positive",638,"BY",TRUE,0,0,0,0,-6,0,0
"localized_positive",639,"unadjusted",TRUE,0.333333333333333,1,0,0,-4,0.333333333333333,2
"localized_positive",639,"Holm",TRUE,0.333333333333333,1,0,0,-4,0.333333333333333,2
"localized_positive",639,"BY",TRUE,0.166666666666667,1,0,0,-5,0.166666666666667,1
"localized_positive",640,"unadjusted",TRUE,0.5,1,0,0,-3,0.5,3
"localized_positive",640,"Holm",TRUE,0.166666666666667,1,0,0,-5,0.166666666666667,1
"localized_positive",640,"BY",TRUE,0.166666666666667,1,0,0,-5,0.166666666666667,1
"localized_positive",641,"unadjusted",TRUE,0.666666666666667,0.8,0.2,1,-1,0.571428571428571,5
"localized_positive",641,"Holm",TRUE,0.5,1,0,0,-3,0.5,3
"localized_positive",641,"BY",TRUE,0.5,1,0,0,-3,0.5,3
"localized_positive",642,"unadjusted",TRUE,0.666666666666667,1,0,0,-2,0.666666666666667,4
"localized_positive",642,"Holm",TRUE,0.166666666666667,1,0,0,-5,0.166666666666667,1
"localized_positive",642,"BY",TRUE,0.166666666666667,1,0,0,-5,0.166666666666667,1
"localized_positive",643,"unadjusted",TRUE,0.666666666666667,0.8,0.2,1,-1,0.571428571428571,5
"localized_positive",643,"Holm",TRUE,0.166666666666667,1,0,0,-5,0.166666666666667,1
"localized_positive",643,"BY",TRUE,0.166666666666667,1,0,0,-5,0.166666666666667,1
"localized_positive",644,"unadjusted",TRUE,0.833333333333333,1,0,0,-1,0.833333333333333,5
"localized_positive",644,"Holm",TRUE,0.333333333333333,1,0,0,-4,0.333333333333333,2
"localized_positive",644,"BY",TRUE,0.166666666666667,1,0,0,-5,0.166666666666667,1
"localized_positive",645,"unadjusted",TRUE,0.666666666666667,1,0,0,-2,0.666666666666667,4
"localized_positive",645,"Holm",TRUE,0.333333333333333,1,0,0,-4,0.333333333333333,2
"localized_positive",645,"BY",TRUE,0.333333333333333,1,0,0,-4,0.333333333333333,2
"localized_positive",646,"unadjusted",TRUE,0.833333333333333,0.714285714285714,0.285714285714286,1,1,0.625,7
"localized_positive",646,"Holm",TRUE,0.5,1,0,0,-3,0.5,3
"localized_positive",646,"BY",TRUE,0.5,1,0,0,-3,0.5,3
"localized_positive",647,"unadjusted",TRUE,0.833333333333333,1,0,0,-1,0.833333333333333,5
"localized_positive",647,"Holm",TRUE,0,0,0,0,-6,0,0
"localized_positive",647,"BY",TRUE,0,0,0,0,-6,0,0
"localized_positive",648,"unadjusted",TRUE,0.666666666666667,0.666666666666667,0.333333333333333,1,0,0.5,6
"localized_positive",648,"Holm",TRUE,0.166666666666667,1,0,0,-5,0.166666666666667,1
"localized_positive",648,"BY",TRUE,0.166666666666667,1,0,0,-5,0.166666666666667,1
"localized_positive",649,"unadjusted",TRUE,0.666666666666667,0.8,0.2,1,-1,0.571428571428571,5
"localized_positive",649,"Holm",TRUE,0.166666666666667,1,0,0,-5,0.166666666666667,1
"localized_positive",649,"BY",TRUE,0.166666666666667,1,0,0,-5,0.166666666666667,1
"localized_positive",650,"unadjusted",TRUE,0.833333333333333,0.833333333333333,0.166666666666667,1,0,0.714285714285714,6
"localized_positive",650,"Holm",TRUE,0.5,1,0,0,-3,0.5,3
"localized_positive",650,"BY",TRUE,0.5,1,0,0,-3,0.5,3
"localized_positive",651,"unadjusted",TRUE,0.5,1,0,0,-3,0.5,3
"localized_positive",651,"Holm",TRUE,0.166666666666667,1,0,0,-5,0.166666666666667,1
"localized_positive",651,"BY",TRUE,0.166666666666667,1,0,0,-5,0.166666666666667,1
"localized_positive",652,"unadjusted",TRUE,0.5,1,0,0,-3,0.5,3
"localized_positive",652,"Holm",TRUE,0.333333333333333,1,0,0,-4,0.333333333333333,2
"localized_positive",652,"BY",TRUE,0.333333333333333,1,0,0,-4,0.333333333333333,2
"localized_positive",653,"unadjusted",TRUE,0.5,0.75,0.25,1,-2,0.428571428571429,4
"localized_positive",653,"Holm",TRUE,0,0,0,0,-6,0,0
"localized_positive",653,"BY",TRUE,0,0,0,0,-6,0,0
"localized_positive",654,"unadjusted",TRUE,1,1,0,0,0,1,6
"localized_positive",654,"Holm",TRUE,0.333333333333333,1,0,0,-4,0.333333333333333,2
"localized_positive",654,"BY",TRUE,0,0,0,0,-6,0,0
"localized_positive",655,"unadjusted",TRUE,0.666666666666667,0.8,0.2,1,-1,0.571428571428571,5
"localized_positive",655,"Holm",TRUE,0.166666666666667,1,0,0,-5,0.166666666666667,1
"localized_positive",655,"BY",TRUE,0,0,0,0,-6,0,0
"localized_positive",656,"unadjusted",TRUE,0.833333333333333,1,0,0,-1,0.833333333333333,5
"localized_positive",656,"Holm",TRUE,0,0,0,0,-6,0,0
"localized_positive",656,"BY",TRUE,0,0,0,0,-6,0,0
"localized_positive",657,"unadjusted",TRUE,0.666666666666667,1,0,0,-2,0.666666666666667,4
"localized_positive",657,"Holm",TRUE,0.166666666666667,1,0,0,-5,0.166666666666667,1
"localized_positive",657,"BY",TRUE,0.166666666666667,1,0,0,-5,0.166666666666667,1
"localized_positive",658,"unadjusted",TRUE,0.666666666666667,1,0,0,-2,0.666666666666667,4
"localized_positive",658,"Holm",TRUE,0,0,0,0,-6,0,0
"localized_positive",658,"BY",TRUE,0,0,0,0,-6,0,0
"localized_positive",659,"unadjusted",TRUE,0.833333333333333,1,0,0,-1,0.833333333333333,5
"localized_positive",659,"Holm",TRUE,0.166666666666667,1,0,0,-5,0.166666666666667,1
"localized_positive",659,"BY",TRUE,0.166666666666667,1,0,0,-5,0.166666666666667,1
"localized_positive",660,"unadjusted",TRUE,0.666666666666667,1,0,0,-2,0.666666666666667,4
"localized_positive",660,"Holm",TRUE,0.333333333333333,1,0,0,-4,0.333333333333333,2
"localized_positive",660,"BY",TRUE,0.333333333333333,1,0,0,-4,0.333333333333333,2
"localized_positive",661,"unadjusted",TRUE,0.5,0.75,0.25,1,-2,0.428571428571429,4
"localized_positive",661,"Holm",TRUE,0.166666666666667,1,0,0,-5,0.166666666666667,1
"localized_positive",661,"BY",TRUE,0.166666666666667,1,0,0,-5,0.166666666666667,1
"localized_positive",662,"unadjusted",TRUE,0.833333333333333,0.833333333333333,0.166666666666667,1,0,0.714285714285714,6
"localized_positive",662,"Holm",TRUE,0,0,0,0,-6,0,0
"localized_positive",662,"BY",TRUE,0,0,0,0,-6,0,0
"localized_positive",663,"unadjusted",TRUE,0.666666666666667,0.8,0.2,1,-1,0.571428571428571,5
"localized_positive",663,"Holm",TRUE,0,0,0,0,-6,0,0
"localized_positive",663,"BY",TRUE,0,0,0,0,-6,0,0
"localized_positive",664,"unadjusted",TRUE,0.166666666666667,1,0,0,-5,0.166666666666667,1
"localized_positive",664,"Holm",TRUE,0,0,0,0,-6,0,0
"localized_positive",664,"BY",TRUE,0,0,0,0,-6,0,0
"localized_positive",665,"unadjusted",TRUE,1,0.75,0.25,1,2,0.75,8
"localized_positive",665,"Holm",TRUE,0.5,1,0,0,-3,0.5,3
"localized_positive",665,"BY",TRUE,0.5,1,0,0,-3,0.5,3
"localized_positive",666,"unadjusted",TRUE,0.333333333333333,1,0,0,-4,0.333333333333333,2
"localized_positive",666,"Holm",TRUE,0,0,0,0,-6,0,0
"localized_positive",666,"BY",TRUE,0,0,0,0,-6,0,0
"localized_positive",667,"unadjusted",TRUE,0.5,0.75,0.25,1,-2,0.428571428571429,4
"localized_positive",667,"Holm",TRUE,0,0,0,0,-6,0,0
"localized_positive",667,"BY",TRUE,0,0,0,0,-6,0,0
"localized_positive",668,"unadjusted",TRUE,0.833333333333333,1,0,0,-1,0.833333333333333,5
"localized_positive",668,"Holm",TRUE,0.166666666666667,1,0,0,-5,0.166666666666667,1
"localized_positive",668,"BY",TRUE,0.166666666666667,1,0,0,-5,0.166666666666667,1
"localized_positive",669,"unadjusted",TRUE,0.5,0.75,0.25,1,-2,0.428571428571429,4
"localized_positive",669,"Holm",TRUE,0.166666666666667,1,0,0,-5,0.166666666666667,1
"localized_positive",669,"BY",TRUE,0.166666666666667,1,0,0,-5,0.166666666666667,1
"localized_positive",670,"unadjusted",TRUE,0.666666666666667,1,0,0,-2,0.666666666666667,4
"localized_positive",670,"Holm",TRUE,0.5,1,0,0,-3,0.5,3
"localized_positive",670,"BY",TRUE,0.5,1,0,0,-3,0.5,3
"localized_positive",671,"unadjusted",TRUE,1,1,0,0,0,1,6
"localized_positive",671,"Holm",TRUE,0.5,1,0,0,-3,0.5,3
"localized_positive",671,"BY",TRUE,0.5,1,0,0,-3,0.5,3
"localized_positive",672,"unadjusted",TRUE,0.333333333333333,1,0,0,-4,0.333333333333333,2
"localized_positive",672,"Holm",TRUE,0.166666666666667,1,0,0,-5,0.166666666666667,1
"localized_positive",672,"BY",TRUE,0,0,0,0,-6,0,0
"localized_positive",673,"unadjusted",TRUE,0.666666666666667,1,0,0,-2,0.666666666666667,4
"localized_positive",673,"Holm",TRUE,0.5,1,0,0,-3,0.5,3
"localized_positive",673,"BY",TRUE,0.5,1,0,0,-3,0.5,3
"localized_positive",674,"unadjusted",TRUE,1,1,0,0,0,1,6
"localized_positive",674,"Holm",TRUE,0.5,1,0,0,-3,0.5,3
"localized_positive",674,"BY",TRUE,0.5,1,0,0,-3,0.5,3
"localized_positive",675,"unadjusted",TRUE,0.5,1,0,0,-3,0.5,3
"localized_positive",675,"Holm",TRUE,0.166666666666667,1,0,0,-5,0.166666666666667,1
"localized_positive",675,"BY",TRUE,0.166666666666667,1,0,0,-5,0.166666666666667,1
"localized_positive",676,"unadjusted",TRUE,0.666666666666667,1,0,0,-2,0.666666666666667,4
"localized_positive",676,"Holm",TRUE,0,0,0,0,-6,0,0
"localized_positive",676,"BY",TRUE,0,0,0,0,-6,0,0
"localized_positive",677,"unadjusted",TRUE,0.666666666666667,1,0,0,-2,0.666666666666667,4
"localized_positive",677,"Holm",TRUE,0.333333333333333,1,0,0,-4,0.333333333333333,2
"localized_positive",677,"BY",TRUE,0.166666666666667,1,0,0,-5,0.166666666666667,1
"localized_positive",678,"unadjusted",TRUE,1,0.857142857142857,0.142857142857143,1,1,0.857142857142857,7
"localized_positive",678,"Holm",TRUE,0.5,1,0,0,-3,0.5,3
"localized_positive",678,"BY",TRUE,0.5,1,0,0,-3,0.5,3
"localized_positive",679,"unadjusted",TRUE,0.5,1,0,0,-3,0.5,3
"localized_positive",679,"Holm",TRUE,0.166666666666667,1,0,0,-5,0.166666666666667,1
"localized_positive",679,"BY",TRUE,0.166666666666667,1,0,0,-5,0.166666666666667,1
"localized_positive",680,"unadjusted",TRUE,0.833333333333333,0.833333333333333,0.166666666666667,1,0,0.714285714285714,6
"localized_positive",680,"Holm",TRUE,0.333333333333333,1,0,0,-4,0.333333333333333,2
"localized_positive",680,"BY",TRUE,0.333333333333333,1,0,0,-4,0.333333333333333,2
"localized_positive",681,"unadjusted",TRUE,0.833333333333333,0.833333333333333,0.166666666666667,1,0,0.714285714285714,6
"localized_positive",681,"Holm",TRUE,0.5,1,0,0,-3,0.5,3
"localized_positive",681,"BY",TRUE,0.5,1,0,0,-3,0.5,3
"localized_positive",682,"unadjusted",TRUE,1,1,0,0,0,1,6
"localized_positive",682,"Holm",TRUE,0.166666666666667,1,0,0,-5,0.166666666666667,1
"localized_positive",682,"BY",TRUE,0,0,0,0,-6,0,0
"localized_positive",683,"unadjusted",TRUE,0.333333333333333,1,0,0,-4,0.333333333333333,2
"localized_positive",683,"Holm",TRUE,0.166666666666667,1,0,0,-5,0.166666666666667,1
"localized_positive",683,"BY",TRUE,0.166666666666667,1,0,0,-5,0.166666666666667,1
"localized_positive",684,"unadjusted",TRUE,0.666666666666667,1,0,0,-2,0.666666666666667,4
"localized_positive",684,"Holm",TRUE,0.333333333333333,1,0,0,-4,0.333333333333333,2
"localized_positive",684,"BY",TRUE,0.333333333333333,1,0,0,-4,0.333333333333333,2
"localized_positive",685,"unadjusted",TRUE,0.666666666666667,0.8,0.2,1,-1,0.571428571428571,5
"localized_positive",685,"Holm",TRUE,0.5,1,0,0,-3,0.5,3
"localized_positive",685,"BY",TRUE,0.5,1,0,0,-3,0.5,3
"localized_positive",686,"unadjusted",TRUE,0.833333333333333,1,0,0,-1,0.833333333333333,5
"localized_positive",686,"Holm",TRUE,0.333333333333333,1,0,0,-4,0.333333333333333,2
"localized_positive",686,"BY",TRUE,0.333333333333333,1,0,0,-4,0.333333333333333,2
"localized_positive",687,"unadjusted",TRUE,1,0.666666666666667,0.333333333333333,1,3,0.666666666666667,9
"localized_positive",687,"Holm",TRUE,0.333333333333333,1,0,0,-4,0.333333333333333,2
"localized_positive",687,"BY",TRUE,0.333333333333333,1,0,0,-4,0.333333333333333,2
"localized_positive",688,"unadjusted",TRUE,0.5,1,0,0,-3,0.5,3
"localized_positive",688,"Holm",TRUE,0.166666666666667,1,0,0,-5,0.166666666666667,1
"localized_positive",688,"BY",TRUE,0,0,0,0,-6,0,0
"localized_positive",689,"unadjusted",TRUE,1,1,0,0,0,1,6
"localized_positive",689,"Holm",TRUE,0.5,1,0,0,-3,0.5,3
"localized_positive",689,"BY",TRUE,0.5,1,0,0,-3,0.5,3
"localized_positive",690,"unadjusted",TRUE,0.5,1,0,0,-3,0.5,3
"localized_positive",690,"Holm",TRUE,0.166666666666667,1,0,0,-5,0.166666666666667,1
"localized_positive",690,"BY",TRUE,0,0,0,0,-6,0,0
"localized_positive",691,"unadjusted",TRUE,0.666666666666667,1,0,0,-2,0.666666666666667,4
"localized_positive",691,"Holm",TRUE,0,0,0,0,-6,0,0
"localized_positive",691,"BY",TRUE,0,0,0,0,-6,0,0
"localized_positive",692,"unadjusted",TRUE,0.666666666666667,1,0,0,-2,0.666666666666667,4
"localized_positive",692,"Holm",TRUE,0.166666666666667,1,0,0,-5,0.166666666666667,1
"localized_positive",692,"BY",TRUE,0.166666666666667,1,0,0,-5,0.166666666666667,1
"localized_positive",693,"unadjusted",TRUE,0.5,0.75,0.25,1,-2,0.428571428571429,4
"localized_positive",693,"Holm",TRUE,0.166666666666667,1,0,0,-5,0.166666666666667,1
"localized_positive",693,"BY",TRUE,0,0,0,0,-6,0,0
"localized_positive",694,"unadjusted",TRUE,0.833333333333333,0.833333333333333,0.166666666666667,1,0,0.714285714285714,6
"localized_positive",694,"Holm",TRUE,0.333333333333333,1,0,0,-4,0.333333333333333,2
"localized_positive",694,"BY",TRUE,0,0,0,0,-6,0,0
"localized_positive",695,"unadjusted",TRUE,0.833333333333333,0.833333333333333,0.166666666666667,1,0,0.714285714285714,6
"localized_positive",695,"Holm",TRUE,0.166666666666667,1,0,0,-5,0.166666666666667,1
"localized_positive",695,"BY",TRUE,0.166666666666667,1,0,0,-5,0.166666666666667,1
"localized_positive",696,"unadjusted",TRUE,0.666666666666667,0.8,0.2,1,-1,0.571428571428571,5
"localized_positive",696,"Holm",TRUE,0,0,0,0,-6,0,0
"localized_positive",696,"BY",TRUE,0,0,0,0,-6,0,0
"localized_positive",697,"unadjusted",TRUE,0.833333333333333,1,0,0,-1,0.833333333333333,5
"localized_positive",697,"Holm",TRUE,0,0,0,0,-6,0,0
"localized_positive",697,"BY",TRUE,0,0,0,0,-6,0,0
"localized_positive",698,"unadjusted",TRUE,0.5,0.75,0.25,1,-2,0.428571428571429,4
"localized_positive",698,"Holm",TRUE,0.333333333333333,1,0,0,-4,0.333333333333333,2
"localized_positive",698,"BY",TRUE,0,0,0,0,-6,0,0
"localized_positive",699,"unadjusted",TRUE,0.5,1,0,0,-3,0.5,3
"localized_positive",699,"Holm",TRUE,0,0,0,0,-6,0,0
"localized_positive",699,"BY",TRUE,0,0,0,0,-6,0,0
"localized_positive",700,"unadjusted",TRUE,0.5,1,0,0,-3,0.5,3
"localized_positive",700,"Holm",TRUE,0.333333333333333,1,0,0,-4,0.333333333333333,2
"localized_positive",700,"BY",TRUE,0,0,0,0,-6,0,0
"localized_positive",701,"unadjusted",TRUE,0.5,1,0,0,-3,0.5,3
"localized_positive",701,"Holm",TRUE,0,0,0,0,-6,0,0
"localized_positive",701,"BY",TRUE,0,0,0,0,-6,0,0
"localized_positive",702,"unadjusted",TRUE,0.666666666666667,0.666666666666667,0.333333333333333,1,0,0.5,6
"localized_positive",702,"Holm",TRUE,0.333333333333333,1,0,0,-4,0.333333333333333,2
"localized_positive",702,"BY",TRUE,0.166666666666667,1,0,0,-5,0.166666666666667,1
"localized_positive",703,"unadjusted",TRUE,0.5,0.75,0.25,1,-2,0.428571428571429,4
"localized_positive",703,"Holm",TRUE,0.166666666666667,1,0,0,-5,0.166666666666667,1
"localized_positive",703,"BY",TRUE,0.166666666666667,1,0,0,-5,0.166666666666667,1
"localized_positive",704,"unadjusted",TRUE,0.5,0.6,0.4,1,-1,0.375,5
"localized_positive",704,"Holm",TRUE,0.166666666666667,1,0,0,-5,0.166666666666667,1
"localized_positive",704,"BY",TRUE,0,0,0,0,-6,0,0
"localized_positive",705,"unadjusted",TRUE,0.833333333333333,0.714285714285714,0.285714285714286,1,1,0.625,7
"localized_positive",705,"Holm",TRUE,0,0,0,0,-6,0,0
"localized_positive",705,"BY",TRUE,0,0,0,0,-6,0,0
"localized_positive",706,"unadjusted",TRUE,0.5,1,0,0,-3,0.5,3
"localized_positive",706,"Holm",TRUE,0.166666666666667,1,0,0,-5,0.166666666666667,1
"localized_positive",706,"BY",TRUE,0.166666666666667,1,0,0,-5,0.166666666666667,1
"localized_positive",707,"unadjusted",TRUE,0.666666666666667,1,0,0,-2,0.666666666666667,4
"localized_positive",707,"Holm",TRUE,0,0,0,0,-6,0,0
"localized_positive",707,"BY",TRUE,0,0,0,0,-6,0,0
"localized_positive",708,"unadjusted",TRUE,0.833333333333333,0.833333333333333,0.166666666666667,1,0,0.714285714285714,6
"localized_positive",708,"Holm",TRUE,0.166666666666667,1,0,0,-5,0.166666666666667,1
"localized_positive",708,"BY",TRUE,0.166666666666667,1,0,0,-5,0.166666666666667,1
"localized_positive",709,"unadjusted",TRUE,0.5,1,0,0,-3,0.5,3
"localized_positive",709,"Holm",TRUE,0.166666666666667,1,0,0,-5,0.166666666666667,1
"localized_positive",709,"BY",TRUE,0.166666666666667,1,0,0,-5,0.166666666666667,1
"localized_positive",710,"unadjusted",TRUE,0.166666666666667,0.333333333333333,0.666666666666667,1,-3,0.125,3
"localized_positive",710,"Holm",TRUE,0,0,0,0,-6,0,0
"localized_positive",710,"BY",TRUE,0,0,0,0,-6,0,0
"localized_positive",711,"unadjusted",TRUE,0.666666666666667,1,0,0,-2,0.666666666666667,4
"localized_positive",711,"Holm",TRUE,0.166666666666667,1,0,0,-5,0.166666666666667,1
"localized_positive",711,"BY",TRUE,0.166666666666667,1,0,0,-5,0.166666666666667,1
"localized_positive",712,"unadjusted",TRUE,0.666666666666667,0.8,0.2,1,-1,0.571428571428571,5
"localized_positive",712,"Holm",TRUE,0,0,0,0,-6,0,0
"localized_positive",712,"BY",TRUE,0,0,0,0,-6,0,0
"localized_positive",713,"unadjusted",TRUE,0.666666666666667,0.8,0.2,1,-1,0.571428571428571,5
"localized_positive",713,"Holm",TRUE,0,0,0,0,-6,0,0
"localized_positive",713,"BY",TRUE,0,0,0,0,-6,0,0
"localized_positive",714,"unadjusted",TRUE,0.5,0.75,0.25,1,-2,0.428571428571429,4
"localized_positive",714,"Holm",TRUE,0.166666666666667,1,0,0,-5,0.166666666666667,1
"localized_positive",714,"BY",TRUE,0.166666666666667,1,0,0,-5,0.166666666666667,1
"localized_positive",715,"unadjusted",TRUE,0.333333333333333,0.666666666666667,0.333333333333333,1,-3,0.285714285714286,3
"localized_positive",715,"Holm",TRUE,0,0,0,0,-6,0,0
"localized_positive",715,"BY",TRUE,0,0,0,0,-6,0,0
"localized_positive",716,"unadjusted",TRUE,0.833333333333333,1,0,0,-1,0.833333333333333,5
"localized_positive",716,"Holm",TRUE,0.5,1,0,0,-3,0.5,3
"localized_positive",716,"BY",TRUE,0.5,1,0,0,-3,0.5,3
"localized_positive",717,"unadjusted",TRUE,0.833333333333333,1,0,0,-1,0.833333333333333,5
"localized_positive",717,"Holm",TRUE,0.166666666666667,1,0,0,-5,0.166666666666667,1
"localized_positive",717,"BY",TRUE,0.166666666666667,1,0,0,-5,0.166666666666667,1
"localized_positive",718,"unadjusted",TRUE,0.833333333333333,1,0,0,-1,0.833333333333333,5
"localized_positive",718,"Holm",TRUE,0,0,0,0,-6,0,0
"localized_positive",718,"BY",TRUE,0,0,0,0,-6,0,0
"localized_positive",719,"unadjusted",TRUE,0.166666666666667,1,0,0,-5,0.166666666666667,1
"localized_positive",719,"Holm",TRUE,0,0,0,0,-6,0,0
"localized_positive",719,"BY",TRUE,0,0,0,0,-6,0,0
"localized_positive",720,"unadjusted",TRUE,0.833333333333333,1,0,0,-1,0.833333333333333,5
"localized_positive",720,"Holm",TRUE,0.333333333333333,1,0,0,-4,0.333333333333333,2
"localized_positive",720,"BY",TRUE,0.166666666666667,1,0,0,-5,0.166666666666667,1
"localized_positive",721,"unadjusted",TRUE,0.833333333333333,1,0,0,-1,0.833333333333333,5
"localized_positive",721,"Holm",TRUE,0.166666666666667,1,0,0,-5,0.166666666666667,1
"localized_positive",721,"BY",TRUE,0.166666666666667,1,0,0,-5,0.166666666666667,1
"localized_positive",722,"unadjusted",TRUE,0.666666666666667,1,0,0,-2,0.666666666666667,4
"localized_positive",722,"Holm",TRUE,0.5,1,0,0,-3,0.5,3
"localized_positive",722,"BY",TRUE,0.5,1,0,0,-3,0.5,3
"localized_positive",723,"unadjusted",TRUE,0.5,1,0,0,-3,0.5,3
"localized_positive",723,"Holm",TRUE,0,0,0,0,-6,0,0
"localized_positive",723,"BY",TRUE,0,0,0,0,-6,0,0
"localized_positive",724,"unadjusted",TRUE,0.833333333333333,1,0,0,-1,0.833333333333333,5
"localized_positive",724,"Holm",TRUE,0.5,1,0,0,-3,0.5,3
"localized_positive",724,"BY",TRUE,0.5,1,0,0,-3,0.5,3
"localized_positive",725,"unadjusted",TRUE,1,0.857142857142857,0.142857142857143,1,1,0.857142857142857,7
"localized_positive",725,"Holm",TRUE,0,0,0,0,-6,0,0
"localized_positive",725,"BY",TRUE,0,0,0,0,-6,0,0
"localized_positive",726,"unadjusted",TRUE,0.666666666666667,1,0,0,-2,0.666666666666667,4
"localized_positive",726,"Holm",TRUE,0.5,1,0,0,-3,0.5,3
"localized_positive",726,"BY",TRUE,0.5,1,0,0,-3,0.5,3
"localized_positive",727,"unadjusted",TRUE,0.666666666666667,1,0,0,-2,0.666666666666667,4
"localized_positive",727,"Holm",TRUE,0,0,0,0,-6,0,0
"localized_positive",727,"BY",TRUE,0,0,0,0,-6,0,0
"localized_positive",728,"unadjusted",TRUE,0.666666666666667,1,0,0,-2,0.666666666666667,4
"localized_positive",728,"Holm",TRUE,0.166666666666667,1,0,0,-5,0.166666666666667,1
"localized_positive",728,"BY",TRUE,0.166666666666667,1,0,0,-5,0.166666666666667,1
"localized_positive",729,"unadjusted",TRUE,0.833333333333333,1,0,0,-1,0.833333333333333,5
"localized_positive",729,"Holm",TRUE,0.166666666666667,1,0,0,-5,0.166666666666667,1
"localized_positive",729,"BY",TRUE,0.166666666666667,1,0,0,-5,0.166666666666667,1
"localized_positive",730,"unadjusted",TRUE,0.5,0.75,0.25,1,-2,0.428571428571429,4
"localized_positive",730,"Holm",TRUE,0.166666666666667,1,0,0,-5,0.166666666666667,1
"localized_positive",730,"BY",TRUE,0,0,0,0,-6,0,0
"localized_positive",731,"unadjusted",TRUE,0.666666666666667,1,0,0,-2,0.666666666666667,4
"localized_positive",731,"Holm",TRUE,0.166666666666667,1,0,0,-5,0.166666666666667,1
"localized_positive",731,"BY",TRUE,0.166666666666667,1,0,0,-5,0.166666666666667,1
"localized_positive",732,"unadjusted",TRUE,0.5,0.75,0.25,1,-2,0.428571428571429,4
"localized_positive",732,"Holm",TRUE,0.166666666666667,1,0,0,-5,0.166666666666667,1
"localized_positive",732,"BY",TRUE,0.166666666666667,1,0,0,-5,0.166666666666667,1
"localized_positive",733,"unadjusted",TRUE,0.833333333333333,1,0,0,-1,0.833333333333333,5
"localized_positive",733,"Holm",TRUE,0.166666666666667,1,0,0,-5,0.166666666666667,1
"localized_positive",733,"BY",TRUE,0.166666666666667,1,0,0,-5,0.166666666666667,1
"localized_positive",734,"unadjusted",TRUE,1,1,0,0,0,1,6
"localized_positive",734,"Holm",TRUE,0.333333333333333,1,0,0,-4,0.333333333333333,2
"localized_positive",734,"BY",TRUE,0.166666666666667,1,0,0,-5,0.166666666666667,1
"localized_positive",735,"unadjusted",TRUE,0.5,1,0,0,-3,0.5,3
"localized_positive",735,"Holm",TRUE,0.166666666666667,1,0,0,-5,0.166666666666667,1
"localized_positive",735,"BY",TRUE,0.166666666666667,1,0,0,-5,0.166666666666667,1
"localized_positive",736,"unadjusted",TRUE,0.666666666666667,1,0,0,-2,0.666666666666667,4
"localized_positive",736,"Holm",TRUE,0.166666666666667,1,0,0,-5,0.166666666666667,1
"localized_positive",736,"BY",TRUE,0.166666666666667,1,0,0,-5,0.166666666666667,1
"localized_positive",737,"unadjusted",TRUE,0.833333333333333,1,0,0,-1,0.833333333333333,5
"localized_positive",737,"Holm",TRUE,0.333333333333333,1,0,0,-4,0.333333333333333,2
"localized_positive",737,"BY",TRUE,0.166666666666667,1,0,0,-5,0.166666666666667,1
"localized_positive",738,"unadjusted",TRUE,0.666666666666667,1,0,0,-2,0.666666666666667,4
"localized_positive",738,"Holm",TRUE,0,0,0,0,-6,0,0
"localized_positive",738,"BY",TRUE,0,0,0,0,-6,0,0
"localized_positive",739,"unadjusted",TRUE,0.666666666666667,1,0,0,-2,0.666666666666667,4
"localized_positive",739,"Holm",TRUE,0.333333333333333,1,0,0,-4,0.333333333333333,2
"localized_positive",739,"BY",TRUE,0.166666666666667,1,0,0,-5,0.166666666666667,1
"localized_positive",740,"unadjusted",TRUE,0.5,1,0,0,-3,0.5,3
"localized_positive",740,"Holm",TRUE,0.166666666666667,1,0,0,-5,0.166666666666667,1
"localized_positive",740,"BY",TRUE,0.166666666666667,1,0,0,-5,0.166666666666667,1
"localized_positive",741,"unadjusted",TRUE,0.666666666666667,0.8,0.2,1,-1,0.571428571428571,5
"localized_positive",741,"Holm",TRUE,0.166666666666667,1,0,0,-5,0.166666666666667,1
"localized_positive",741,"BY",TRUE,0,0,0,0,-6,0,0
"localized_positive",742,"unadjusted",TRUE,0.833333333333333,1,0,0,-1,0.833333333333333,5
"localized_positive",742,"Holm",TRUE,0.333333333333333,1,0,0,-4,0.333333333333333,2
"localized_positive",742,"BY",TRUE,0.166666666666667,1,0,0,-5,0.166666666666667,1
"localized_positive",743,"unadjusted",TRUE,0.5,0.75,0.25,1,-2,0.428571428571429,4
"localized_positive",743,"Holm",TRUE,0.166666666666667,1,0,0,-5,0.166666666666667,1
"localized_positive",743,"BY",TRUE,0.166666666666667,1,0,0,-5,0.166666666666667,1
"localized_positive",744,"unadjusted",TRUE,1,0.75,0.25,1,2,0.75,8
"localized_positive",744,"Holm",TRUE,0.166666666666667,1,0,0,-5,0.166666666666667,1
"localized_positive",744,"BY",TRUE,0,0,0,0,-6,0,0
"localized_positive",745,"unadjusted",TRUE,0.666666666666667,1,0,0,-2,0.666666666666667,4
"localized_positive",745,"Holm",TRUE,0.166666666666667,1,0,0,-5,0.166666666666667,1
"localized_positive",745,"BY",TRUE,0.166666666666667,1,0,0,-5,0.166666666666667,1
"localized_positive",746,"unadjusted",TRUE,0.333333333333333,1,0,0,-4,0.333333333333333,2
"localized_positive",746,"Holm",TRUE,0,0,0,0,-6,0,0
"localized_positive",746,"BY",TRUE,0,0,0,0,-6,0,0
"localized_positive",747,"unadjusted",TRUE,0.666666666666667,0.8,0.2,1,-1,0.571428571428571,5
"localized_positive",747,"Holm",TRUE,0.166666666666667,1,0,0,-5,0.166666666666667,1
"localized_positive",747,"BY",TRUE,0.166666666666667,1,0,0,-5,0.166666666666667,1
"localized_positive",748,"unadjusted",TRUE,0.833333333333333,1,0,0,-1,0.833333333333333,5
"localized_positive",748,"Holm",TRUE,0.5,1,0,0,-3,0.5,3
"localized_positive",748,"BY",TRUE,0.5,1,0,0,-3,0.5,3
"localized_positive",749,"unadjusted",TRUE,0.5,1,0,0,-3,0.5,3
"localized_positive",749,"Holm",TRUE,0.166666666666667,1,0,0,-5,0.166666666666667,1
"localized_positive",749,"BY",TRUE,0.166666666666667,1,0,0,-5,0.166666666666667,1
"localized_positive",750,"unadjusted",TRUE,0.666666666666667,0.8,0.2,1,-1,0.571428571428571,5
"localized_positive",750,"Holm",TRUE,0.333333333333333,1,0,0,-4,0.333333333333333,2
"localized_positive",750,"BY",TRUE,0.333333333333333,1,0,0,-4,0.333333333333333,2
"localized_positive",751,"unadjusted",TRUE,0.833333333333333,0.833333333333333,0.166666666666667,1,0,0.714285714285714,6
"localized_positive",751,"Holm",TRUE,0.166666666666667,1,0,0,-5,0.166666666666667,1
"localized_positive",751,"BY",TRUE,0.166666666666667,1,0,0,-5,0.166666666666667,1
"localized_positive",752,"unadjusted",TRUE,0.666666666666667,1,0,0,-2,0.666666666666667,4
"localized_positive",752,"Holm",TRUE,0.333333333333333,1,0,0,-4,0.333333333333333,2
"localized_positive",752,"BY",TRUE,0.333333333333333,1,0,0,-4,0.333333333333333,2
"localized_positive",753,"unadjusted",TRUE,0.666666666666667,1,0,0,-2,0.666666666666667,4
"localized_positive",753,"Holm",TRUE,0.166666666666667,1,0,0,-5,0.166666666666667,1
"localized_positive",753,"BY",TRUE,0,0,0,0,-6,0,0
"localized_positive",754,"unadjusted",TRUE,0.666666666666667,0.8,0.2,1,-1,0.571428571428571,5
"localized_positive",754,"Holm",TRUE,0.166666666666667,1,0,0,-5,0.166666666666667,1
"localized_positive",754,"BY",TRUE,0.166666666666667,1,0,0,-5,0.166666666666667,1
"localized_positive",755,"unadjusted",TRUE,0.333333333333333,0.666666666666667,0.333333333333333,1,-3,0.285714285714286,3
"localized_positive",755,"Holm",TRUE,0.166666666666667,1,0,0,-5,0.166666666666667,1
"localized_positive",755,"BY",TRUE,0.166666666666667,1,0,0,-5,0.166666666666667,1
"localized_positive",756,"unadjusted",TRUE,0.666666666666667,0.8,0.2,1,-1,0.571428571428571,5
"localized_positive",756,"Holm",TRUE,0.333333333333333,1,0,0,-4,0.333333333333333,2
"localized_positive",756,"BY",TRUE,0,0,0,0,-6,0,0
"localized_positive",757,"unadjusted",TRUE,0.666666666666667,1,0,0,-2,0.666666666666667,4
"localized_positive",757,"Holm",TRUE,0.333333333333333,1,0,0,-4,0.333333333333333,2
"localized_positive",757,"BY",TRUE,0.333333333333333,1,0,0,-4,0.333333333333333,2
"localized_positive",758,"unadjusted",TRUE,0.666666666666667,0.8,0.2,1,-1,0.571428571428571,5
"localized_positive",758,"Holm",TRUE,0.333333333333333,1,0,0,-4,0.333333333333333,2
"localized_positive",758,"BY",TRUE,0.166666666666667,1,0,0,-5,0.166666666666667,1
"localized_positive",759,"unadjusted",TRUE,1,1,0,0,0,1,6
"localized_positive",759,"Holm",TRUE,0.333333333333333,1,0,0,-4,0.333333333333333,2
"localized_positive",759,"BY",TRUE,0.333333333333333,1,0,0,-4,0.333333333333333,2
"localized_positive",760,"unadjusted",TRUE,0.833333333333333,0.833333333333333,0.166666666666667,1,0,0.714285714285714,6
"localized_positive",760,"Holm",TRUE,0.166666666666667,1,0,0,-5,0.166666666666667,1
"localized_positive",760,"BY",TRUE,0,0,0,0,-6,0,0
"localized_positive",761,"unadjusted",TRUE,0.666666666666667,1,0,0,-2,0.666666666666667,4
"localized_positive",761,"Holm",TRUE,0,0,0,0,-6,0,0
"localized_positive",761,"BY",TRUE,0,0,0,0,-6,0,0
"localized_positive",762,"unadjusted",TRUE,0.833333333333333,1,0,0,-1,0.833333333333333,5
"localized_positive",762,"Holm",TRUE,0.333333333333333,1,0,0,-4,0.333333333333333,2
"localized_positive",762,"BY",TRUE,0.333333333333333,1,0,0,-4,0.333333333333333,2
"localized_positive",763,"unadjusted",TRUE,1,0.857142857142857,0.142857142857143,1,1,0.857142857142857,7
"localized_positive",763,"Holm",TRUE,0.333333333333333,1,0,0,-4,0.333333333333333,2
"localized_positive",763,"BY",TRUE,0.166666666666667,1,0,0,-5,0.166666666666667,1
"localized_positive",764,"unadjusted",TRUE,0.833333333333333,1,0,0,-1,0.833333333333333,5
"localized_positive",764,"Holm",TRUE,0,0,0,0,-6,0,0
"localized_positive",764,"BY",TRUE,0,0,0,0,-6,0,0
"localized_positive",765,"unadjusted",TRUE,0.5,1,0,0,-3,0.5,3
"localized_positive",765,"Holm",TRUE,0.333333333333333,1,0,0,-4,0.333333333333333,2
"localized_positive",765,"BY",TRUE,0.166666666666667,1,0,0,-5,0.166666666666667,1
"localized_positive",766,"unadjusted",TRUE,0.5,0.6,0.4,1,-1,0.375,5
"localized_positive",766,"Holm",TRUE,0,0,0,0,-6,0,0
"localized_positive",766,"BY",TRUE,0,0,0,0,-6,0,0
"localized_positive",767,"unadjusted",TRUE,0.5,1,0,0,-3,0.5,3
"localized_positive",767,"Holm",TRUE,0,0,0,0,-6,0,0
"localized_positive",767,"BY",TRUE,0,0,0,0,-6,0,0
"localized_positive",768,"unadjusted",TRUE,0.333333333333333,1,0,0,-4,0.333333333333333,2
"localized_positive",768,"Holm",TRUE,0,0,0,0,-6,0,0
"localized_positive",768,"BY",TRUE,0,0,0,0,-6,0,0
"localized_positive",769,"unadjusted",TRUE,0.166666666666667,0.5,0.5,1,-4,0.142857142857143,2
"localized_positive",769,"Holm",TRUE,0,0,0,0,-6,0,0
"localized_positive",769,"BY",TRUE,0,0,0,0,-6,0,0
"localized_positive",770,"unadjusted",TRUE,0.666666666666667,1,0,0,-2,0.666666666666667,4
"localized_positive",770,"Holm",TRUE,0,0,0,0,-6,0,0
"localized_positive",770,"BY",TRUE,0,0,0,0,-6,0,0
"localized_positive",771,"unadjusted",TRUE,0.5,0.75,0.25,1,-2,0.428571428571429,4
"localized_positive",771,"Holm",TRUE,0,0,0,0,-6,0,0
"localized_positive",771,"BY",TRUE,0,0,0,0,-6,0,0
"localized_positive",772,"unadjusted",TRUE,0.5,0.5,0.5,1,0,0.333333333333333,6
"localized_positive",772,"Holm",TRUE,0,0,0,0,-6,0,0
"localized_positive",772,"BY",TRUE,0,0,0,0,-6,0,0
"localized_positive",773,"unadjusted",TRUE,0.333333333333333,1,0,0,-4,0.333333333333333,2
"localized_positive",773,"Holm",TRUE,0,0,0,0,-6,0,0
"localized_positive",773,"BY",TRUE,0,0,0,0,-6,0,0
"localized_positive",774,"unadjusted",TRUE,0.666666666666667,1,0,0,-2,0.666666666666667,4
"localized_positive",774,"Holm",TRUE,0.333333333333333,1,0,0,-4,0.333333333333333,2
"localized_positive",774,"BY",TRUE,0,0,0,0,-6,0,0
"localized_positive",775,"unadjusted",TRUE,0.833333333333333,0.833333333333333,0.166666666666667,1,0,0.714285714285714,6
"localized_positive",775,"Holm",TRUE,0.166666666666667,1,0,0,-5,0.166666666666667,1
"localized_positive",775,"BY",TRUE,0.166666666666667,1,0,0,-5,0.166666666666667,1
"localized_positive",776,"unadjusted",TRUE,0.666666666666667,0.666666666666667,0.333333333333333,1,0,0.5,6
"localized_positive",776,"Holm",TRUE,0,0,0,0,-6,0,0
"localized_positive",776,"BY",TRUE,0,0,0,0,-6,0,0
"localized_positive",777,"unadjusted",TRUE,0.5,1,0,0,-3,0.5,3
"localized_positive",777,"Holm",TRUE,0.166666666666667,1,0,0,-5,0.166666666666667,1
"localized_positive",777,"BY",TRUE,0.166666666666667,1,0,0,-5,0.166666666666667,1
"localized_positive",778,"unadjusted",TRUE,0.833333333333333,0.833333333333333,0.166666666666667,1,0,0.714285714285714,6
"localized_positive",778,"Holm",TRUE,0.166666666666667,1,0,0,-5,0.166666666666667,1
"localized_positive",778,"BY",TRUE,0,0,0,0,-6,0,0
"localized_positive",779,"unadjusted",TRUE,0.666666666666667,1,0,0,-2,0.666666666666667,4
"localized_positive",779,"Holm",TRUE,0,0,0,0,-6,0,0
"localized_positive",779,"BY",TRUE,0,0,0,0,-6,0,0
"localized_positive",780,"unadjusted",TRUE,0.5,1,0,0,-3,0.5,3
"localized_positive",780,"Holm",TRUE,0.166666666666667,1,0,0,-5,0.166666666666667,1
"localized_positive",780,"BY",TRUE,0,0,0,0,-6,0,0
"localized_positive",781,"unadjusted",TRUE,0.833333333333333,1,0,0,-1,0.833333333333333,5
"localized_positive",781,"Holm",TRUE,0.333333333333333,1,0,0,-4,0.333333333333333,2
"localized_positive",781,"BY",TRUE,0.166666666666667,1,0,0,-5,0.166666666666667,1
"localized_positive",782,"unadjusted",TRUE,0.333333333333333,1,0,0,-4,0.333333333333333,2
"localized_positive",782,"Holm",TRUE,0,0,0,0,-6,0,0
"localized_positive",782,"BY",TRUE,0,0,0,0,-6,0,0
"localized_positive",783,"unadjusted",TRUE,1,0.857142857142857,0.142857142857143,1,1,0.857142857142857,7
"localized_positive",783,"Holm",TRUE,0.333333333333333,1,0,0,-4,0.333333333333333,2
"localized_positive",783,"BY",TRUE,0.333333333333333,1,0,0,-4,0.333333333333333,2
"localized_positive",784,"unadjusted",TRUE,0.666666666666667,0.666666666666667,0.333333333333333,1,0,0.5,6
"localized_positive",784,"Holm",TRUE,0.166666666666667,1,0,0,-5,0.166666666666667,1
"localized_positive",784,"BY",TRUE,0.166666666666667,1,0,0,-5,0.166666666666667,1
"localized_positive",785,"unadjusted",TRUE,0.833333333333333,1,0,0,-1,0.833333333333333,5
"localized_positive",785,"Holm",TRUE,0.166666666666667,1,0,0,-5,0.166666666666667,1
"localized_positive",785,"BY",TRUE,0.166666666666667,1,0,0,-5,0.166666666666667,1
"localized_positive",786,"unadjusted",TRUE,0.5,1,0,0,-3,0.5,3
"localized_positive",786,"Holm",TRUE,0.333333333333333,1,0,0,-4,0.333333333333333,2
"localized_positive",786,"BY",TRUE,0.333333333333333,1,0,0,-4,0.333333333333333,2
"localized_positive",787,"unadjusted",TRUE,0.666666666666667,1,0,0,-2,0.666666666666667,4
"localized_positive",787,"Holm",TRUE,0.166666666666667,1,0,0,-5,0.166666666666667,1
"localized_positive",787,"BY",TRUE,0.166666666666667,1,0,0,-5,0.166666666666667,1
"localized_positive",788,"unadjusted",TRUE,0.5,1,0,0,-3,0.5,3
"localized_positive",788,"Holm",TRUE,0,0,0,0,-6,0,0
"localized_positive",788,"BY",TRUE,0,0,0,0,-6,0,0
"localized_positive",789,"unadjusted",TRUE,0.666666666666667,0.8,0.2,1,-1,0.571428571428571,5
"localized_positive",789,"Holm",TRUE,0.166666666666667,1,0,0,-5,0.166666666666667,1
"localized_positive",789,"BY",TRUE,0,0,0,0,-6,0,0
"localized_positive",790,"unadjusted",TRUE,0.333333333333333,1,0,0,-4,0.333333333333333,2
"localized_positive",790,"Holm",TRUE,0.166666666666667,1,0,0,-5,0.166666666666667,1
"localized_positive",790,"BY",TRUE,0,0,0,0,-6,0,0
"localized_positive",791,"unadjusted",TRUE,1,1,0,0,0,1,6
"localized_positive",791,"Holm",TRUE,0.666666666666667,1,0,0,-2,0.666666666666667,4
"localized_positive",791,"BY",TRUE,0.666666666666667,1,0,0,-2,0.666666666666667,4
"localized_positive",792,"unadjusted",TRUE,0.5,1,0,0,-3,0.5,3
"localized_positive",792,"Holm",TRUE,0.166666666666667,1,0,0,-5,0.166666666666667,1
"localized_positive",792,"BY",TRUE,0.166666666666667,1,0,0,-5,0.166666666666667,1
"localized_positive",793,"unadjusted",TRUE,0.833333333333333,1,0,0,-1,0.833333333333333,5
"localized_positive",793,"Holm",TRUE,0.333333333333333,1,0,0,-4,0.333333333333333,2
"localized_positive",793,"BY",TRUE,0,0,0,0,-6,0,0
"localized_positive",794,"unadjusted",TRUE,0.833333333333333,1,0,0,-1,0.833333333333333,5
"localized_positive",794,"Holm",TRUE,0.166666666666667,1,0,0,-5,0.166666666666667,1
"localized_positive",794,"BY",TRUE,0,0,0,0,-6,0,0
"localized_positive",795,"unadjusted",TRUE,0.833333333333333,1,0,0,-1,0.833333333333333,5
"localized_positive",795,"Holm",TRUE,0.166666666666667,1,0,0,-5,0.166666666666667,1
"localized_positive",795,"BY",TRUE,0.166666666666667,1,0,0,-5,0.166666666666667,1
"localized_positive",796,"unadjusted",TRUE,0.666666666666667,1,0,0,-2,0.666666666666667,4
"localized_positive",796,"Holm",TRUE,0.5,1,0,0,-3,0.5,3
"localized_positive",796,"BY",TRUE,0.5,1,0,0,-3,0.5,3
"localized_positive",797,"unadjusted",TRUE,0.5,0.6,0.4,1,-1,0.375,5
"localized_positive",797,"Holm",TRUE,0,0,0,0,-6,0,0
"localized_positive",797,"BY",TRUE,0,0,0,0,-6,0,0
"localized_positive",798,"unadjusted",TRUE,0.5,1,0,0,-3,0.5,3
"localized_positive",798,"Holm",TRUE,0.166666666666667,1,0,0,-5,0.166666666666667,1
"localized_positive",798,"BY",TRUE,0.166666666666667,1,0,0,-5,0.166666666666667,1
"localized_positive",799,"unadjusted",TRUE,0.666666666666667,1,0,0,-2,0.666666666666667,4
"localized_positive",799,"Holm",TRUE,0,0,0,0,-6,0,0
"localized_positive",799,"BY",TRUE,0,0,0,0,-6,0,0
"localized_positive",800,"unadjusted",TRUE,0.833333333333333,1,0,0,-1,0.833333333333333,5
"localized_positive",800,"Holm",TRUE,0.5,1,0,0,-3,0.5,3
"localized_positive",800,"BY",TRUE,0.5,1,0,0,-3,0.5,3
"localized_positive",801,"unadjusted",TRUE,0.5,1,0,0,-3,0.5,3
"localized_positive",801,"Holm",TRUE,0,0,0,0,-6,0,0
"localized_positive",801,"BY",TRUE,0,0,0,0,-6,0,0
"localized_positive",802,"unadjusted",TRUE,1,1,0,0,0,1,6
"localized_positive",802,"Holm",TRUE,0.333333333333333,1,0,0,-4,0.333333333333333,2
"localized_positive",802,"BY",TRUE,0.333333333333333,1,0,0,-4,0.333333333333333,2
"localized_positive",803,"unadjusted",TRUE,1,0.857142857142857,0.142857142857143,1,1,0.857142857142857,7
"localized_positive",803,"Holm",TRUE,0.333333333333333,1,0,0,-4,0.333333333333333,2
"localized_positive",803,"BY",TRUE,0.333333333333333,1,0,0,-4,0.333333333333333,2
"localized_positive",804,"unadjusted",TRUE,0.5,1,0,0,-3,0.5,3
"localized_positive",804,"Holm",TRUE,0,0,0,0,-6,0,0
"localized_positive",804,"BY",TRUE,0,0,0,0,-6,0,0
"localized_positive",805,"unadjusted",TRUE,0.833333333333333,1,0,0,-1,0.833333333333333,5
"localized_positive",805,"Holm",TRUE,0,0,0,0,-6,0,0
"localized_positive",805,"BY",TRUE,0,0,0,0,-6,0,0
"localized_positive",806,"unadjusted",TRUE,0.5,1,0,0,-3,0.5,3
"localized_positive",806,"Holm",TRUE,0.333333333333333,1,0,0,-4,0.333333333333333,2
"localized_positive",806,"BY",TRUE,0.166666666666667,1,0,0,-5,0.166666666666667,1
"localized_positive",807,"unadjusted",TRUE,0.5,0.75,0.25,1,-2,0.428571428571429,4
"localized_positive",807,"Holm",TRUE,0.166666666666667,1,0,0,-5,0.166666666666667,1
"localized_positive",807,"BY",TRUE,0,0,0,0,-6,0,0
"localized_positive",808,"unadjusted",TRUE,1,1,0,0,0,1,6
"localized_positive",808,"Holm",TRUE,0,0,0,0,-6,0,0
"localized_positive",808,"BY",TRUE,0,0,0,0,-6,0,0
"localized_positive",809,"unadjusted",TRUE,0.666666666666667,1,0,0,-2,0.666666666666667,4
"localized_positive",809,"Holm",TRUE,0.333333333333333,1,0,0,-4,0.333333333333333,2
"localized_positive",809,"BY",TRUE,0.166666666666667,1,0,0,-5,0.166666666666667,1
"localized_positive",810,"unadjusted",TRUE,0.5,0.75,0.25,1,-2,0.428571428571429,4
"localized_positive",810,"Holm",TRUE,0.166666666666667,1,0,0,-5,0.166666666666667,1
"localized_positive",810,"BY",TRUE,0,0,0,0,-6,0,0
"localized_positive",811,"unadjusted",TRUE,0.5,1,0,0,-3,0.5,3
"localized_positive",811,"Holm",TRUE,0.166666666666667,1,0,0,-5,0.166666666666667,1
"localized_positive",811,"BY",TRUE,0,0,0,0,-6,0,0
"localized_positive",812,"unadjusted",TRUE,0.666666666666667,1,0,0,-2,0.666666666666667,4
"localized_positive",812,"Holm",TRUE,0,0,0,0,-6,0,0
"localized_positive",812,"BY",TRUE,0,0,0,0,-6,0,0
"localized_positive",813,"unadjusted",TRUE,0.5,0.75,0.25,1,-2,0.428571428571429,4
"localized_positive",813,"Holm",TRUE,0,0,0,0,-6,0,0
"localized_positive",813,"BY",TRUE,0,0,0,0,-6,0,0
"localized_positive",814,"unadjusted",TRUE,0.5,1,0,0,-3,0.5,3
"localized_positive",814,"Holm",TRUE,0.333333333333333,1,0,0,-4,0.333333333333333,2
"localized_positive",814,"BY",TRUE,0.333333333333333,1,0,0,-4,0.333333333333333,2
"localized_positive",815,"unadjusted",TRUE,0.833333333333333,0.833333333333333,0.166666666666667,1,0,0.714285714285714,6
"localized_positive",815,"Holm",TRUE,0.166666666666667,1,0,0,-5,0.166666666666667,1
"localized_positive",815,"BY",TRUE,0.166666666666667,1,0,0,-5,0.166666666666667,1
"localized_positive",816,"unadjusted",TRUE,0.5,1,0,0,-3,0.5,3
"localized_positive",816,"Holm",TRUE,0.166666666666667,1,0,0,-5,0.166666666666667,1
"localized_positive",816,"BY",TRUE,0,0,0,0,-6,0,0
"localized_positive",817,"unadjusted",TRUE,0.666666666666667,1,0,0,-2,0.666666666666667,4
"localized_positive",817,"Holm",TRUE,0,0,0,0,-6,0,0
"localized_positive",817,"BY",TRUE,0,0,0,0,-6,0,0
"localized_positive",818,"unadjusted",TRUE,0.5,1,0,0,-3,0.5,3
"localized_positive",818,"Holm",TRUE,0.333333333333333,1,0,0,-4,0.333333333333333,2
"localized_positive",818,"BY",TRUE,0.333333333333333,1,0,0,-4,0.333333333333333,2
"localized_positive",819,"unadjusted",TRUE,0.666666666666667,1,0,0,-2,0.666666666666667,4
"localized_positive",819,"Holm",TRUE,0.166666666666667,1,0,0,-5,0.166666666666667,1
"localized_positive",819,"BY",TRUE,0,0,0,0,-6,0,0
"localized_positive",820,"unadjusted",TRUE,0.5,1,0,0,-3,0.5,3
"localized_positive",820,"Holm",TRUE,0,0,0,0,-6,0,0
"localized_positive",820,"BY",TRUE,0,0,0,0,-6,0,0
"localized_positive",821,"unadjusted",TRUE,1,1,0,0,0,1,6
"localized_positive",821,"Holm",TRUE,0.666666666666667,1,0,0,-2,0.666666666666667,4
"localized_positive",821,"BY",TRUE,0.666666666666667,1,0,0,-2,0.666666666666667,4
"localized_positive",822,"unadjusted",TRUE,0.666666666666667,1,0,0,-2,0.666666666666667,4
"localized_positive",822,"Holm",TRUE,0.166666666666667,1,0,0,-5,0.166666666666667,1
"localized_positive",822,"BY",TRUE,0.166666666666667,1,0,0,-5,0.166666666666667,1
"localized_positive",823,"unadjusted",TRUE,0.333333333333333,1,0,0,-4,0.333333333333333,2
"localized_positive",823,"Holm",TRUE,0.166666666666667,1,0,0,-5,0.166666666666667,1
"localized_positive",823,"BY",TRUE,0.166666666666667,1,0,0,-5,0.166666666666667,1
"localized_positive",824,"unadjusted",TRUE,0.333333333333333,1,0,0,-4,0.333333333333333,2
"localized_positive",824,"Holm",TRUE,0.333333333333333,1,0,0,-4,0.333333333333333,2
"localized_positive",824,"BY",TRUE,0.333333333333333,1,0,0,-4,0.333333333333333,2
"localized_positive",825,"unadjusted",TRUE,0.666666666666667,1,0,0,-2,0.666666666666667,4
"localized_positive",825,"Holm",TRUE,0,0,0,0,-6,0,0
"localized_positive",825,"BY",TRUE,0,0,0,0,-6,0,0
"localized_positive",826,"unadjusted",TRUE,0.833333333333333,1,0,0,-1,0.833333333333333,5
"localized_positive",826,"Holm",TRUE,0.333333333333333,1,0,0,-4,0.333333333333333,2
"localized_positive",826,"BY",TRUE,0.333333333333333,1,0,0,-4,0.333333333333333,2
"localized_positive",827,"unadjusted",TRUE,0.666666666666667,1,0,0,-2,0.666666666666667,4
"localized_positive",827,"Holm",TRUE,0.166666666666667,1,0,0,-5,0.166666666666667,1
"localized_positive",827,"BY",TRUE,0,0,0,0,-6,0,0
"localized_positive",828,"unadjusted",TRUE,0,0,0,0,-6,0,0
"localized_positive",828,"Holm",TRUE,0,0,0,0,-6,0,0
"localized_positive",828,"BY",TRUE,0,0,0,0,-6,0,0
"localized_positive",829,"unadjusted",TRUE,0.666666666666667,1,0,0,-2,0.666666666666667,4
"localized_positive",829,"Holm",TRUE,0,0,0,0,-6,0,0
"localized_positive",829,"BY",TRUE,0,0,0,0,-6,0,0
"localized_positive",830,"unadjusted",TRUE,0.666666666666667,0.8,0.2,1,-1,0.571428571428571,5
"localized_positive",830,"Holm",TRUE,0.166666666666667,1,0,0,-5,0.166666666666667,1
"localized_positive",830,"BY",TRUE,0.166666666666667,1,0,0,-5,0.166666666666667,1
"localized_positive",831,"unadjusted",TRUE,0.833333333333333,1,0,0,-1,0.833333333333333,5
"localized_positive",831,"Holm",TRUE,0.333333333333333,1,0,0,-4,0.333333333333333,2
"localized_positive",831,"BY",TRUE,0.333333333333333,1,0,0,-4,0.333333333333333,2
"localized_positive",832,"unadjusted",TRUE,0.333333333333333,1,0,0,-4,0.333333333333333,2
"localized_positive",832,"Holm",TRUE,0.166666666666667,1,0,0,-5,0.166666666666667,1
"localized_positive",832,"BY",TRUE,0,0,0,0,-6,0,0
"localized_positive",833,"unadjusted",TRUE,0.666666666666667,0.666666666666667,0.333333333333333,1,0,0.5,6
"localized_positive",833,"Holm",TRUE,0.166666666666667,1,0,0,-5,0.166666666666667,1
"localized_positive",833,"BY",TRUE,0.166666666666667,1,0,0,-5,0.166666666666667,1
"localized_positive",834,"unadjusted",TRUE,0.666666666666667,1,0,0,-2,0.666666666666667,4
"localized_positive",834,"Holm",TRUE,0,0,0,0,-6,0,0
"localized_positive",834,"BY",TRUE,0,0,0,0,-6,0,0
"localized_positive",835,"unadjusted",TRUE,0.666666666666667,1,0,0,-2,0.666666666666667,4
"localized_positive",835,"Holm",TRUE,0,0,0,0,-6,0,0
"localized_positive",835,"BY",TRUE,0,0,0,0,-6,0,0
"localized_positive",836,"unadjusted",TRUE,0.5,1,0,0,-3,0.5,3
"localized_positive",836,"Holm",TRUE,0,0,0,0,-6,0,0
"localized_positive",836,"BY",TRUE,0,0,0,0,-6,0,0
"localized_positive",837,"unadjusted",TRUE,0.5,1,0,0,-3,0.5,3
"localized_positive",837,"Holm",TRUE,0,0,0,0,-6,0,0
"localized_positive",837,"BY",TRUE,0,0,0,0,-6,0,0
"localized_positive",838,"unadjusted",TRUE,0.833333333333333,0.833333333333333,0.166666666666667,1,0,0.714285714285714,6
"localized_positive",838,"Holm",TRUE,0.333333333333333,1,0,0,-4,0.333333333333333,2
"localized_positive",838,"BY",TRUE,0.166666666666667,1,0,0,-5,0.166666666666667,1
"localized_positive",839,"unadjusted",TRUE,0.666666666666667,1,0,0,-2,0.666666666666667,4
"localized_positive",839,"Holm",TRUE,0.166666666666667,1,0,0,-5,0.166666666666667,1
"localized_positive",839,"BY",TRUE,0.166666666666667,1,0,0,-5,0.166666666666667,1
"localized_positive",840,"unadjusted",TRUE,0.5,1,0,0,-3,0.5,3
"localized_positive",840,"Holm",TRUE,0.166666666666667,1,0,0,-5,0.166666666666667,1
"localized_positive",840,"BY",TRUE,0.166666666666667,1,0,0,-5,0.166666666666667,1
"localized_positive",841,"unadjusted",TRUE,0.666666666666667,0.571428571428571,0.428571428571429,1,1,0.444444444444444,7
"localized_positive",841,"Holm",TRUE,0.166666666666667,1,0,0,-5,0.166666666666667,1
"localized_positive",841,"BY",TRUE,0.166666666666667,1,0,0,-5,0.166666666666667,1
"localized_positive",842,"unadjusted",TRUE,0.5,0.75,0.25,1,-2,0.428571428571429,4
"localized_positive",842,"Holm",TRUE,0,0,0,0,-6,0,0
"localized_positive",842,"BY",TRUE,0,0,0,0,-6,0,0
"localized_positive",843,"unadjusted",TRUE,0.833333333333333,1,0,0,-1,0.833333333333333,5
"localized_positive",843,"Holm",TRUE,0.5,1,0,0,-3,0.5,3
"localized_positive",843,"BY",TRUE,0.5,1,0,0,-3,0.5,3
"localized_positive",844,"unadjusted",TRUE,0.666666666666667,0.8,0.2,1,-1,0.571428571428571,5
"localized_positive",844,"Holm",TRUE,0.166666666666667,0.5,0.5,1,-4,0.142857142857143,2
"localized_positive",844,"BY",TRUE,0,0,0,0,-6,0,0
"localized_positive",845,"unadjusted",TRUE,0.5,1,0,0,-3,0.5,3
"localized_positive",845,"Holm",TRUE,0.166666666666667,1,0,0,-5,0.166666666666667,1
"localized_positive",845,"BY",TRUE,0,0,0,0,-6,0,0
"localized_positive",846,"unadjusted",TRUE,0.666666666666667,0.8,0.2,1,-1,0.571428571428571,5
"localized_positive",846,"Holm",TRUE,0.5,1,0,0,-3,0.5,3
"localized_positive",846,"BY",TRUE,0.5,1,0,0,-3,0.5,3
"localized_positive",847,"unadjusted",TRUE,0.333333333333333,1,0,0,-4,0.333333333333333,2
"localized_positive",847,"Holm",TRUE,0,0,0,0,-6,0,0
"localized_positive",847,"BY",TRUE,0,0,0,0,-6,0,0
"localized_positive",848,"unadjusted",TRUE,0.666666666666667,0.8,0.2,1,-1,0.571428571428571,5
"localized_positive",848,"Holm",TRUE,0,0,0,0,-6,0,0
"localized_positive",848,"BY",TRUE,0,0,0,0,-6,0,0
"localized_positive",849,"unadjusted",TRUE,0.666666666666667,1,0,0,-2,0.666666666666667,4
"localized_positive",849,"Holm",TRUE,0.166666666666667,1,0,0,-5,0.166666666666667,1
"localized_positive",849,"BY",TRUE,0.166666666666667,1,0,0,-5,0.166666666666667,1
"localized_positive",850,"unadjusted",TRUE,0.5,0.75,0.25,1,-2,0.428571428571429,4
"localized_positive",850,"Holm",TRUE,0.166666666666667,1,0,0,-5,0.166666666666667,1
"localized_positive",850,"BY",TRUE,0.166666666666667,1,0,0,-5,0.166666666666667,1
"localized_positive",851,"unadjusted",TRUE,0.833333333333333,1,0,0,-1,0.833333333333333,5
"localized_positive",851,"Holm",TRUE,0.166666666666667,1,0,0,-5,0.166666666666667,1
"localized_positive",851,"BY",TRUE,0.166666666666667,1,0,0,-5,0.166666666666667,1
"localized_positive",852,"unadjusted",TRUE,0.833333333333333,1,0,0,-1,0.833333333333333,5
"localized_positive",852,"Holm",TRUE,0.166666666666667,1,0,0,-5,0.166666666666667,1
"localized_positive",852,"BY",TRUE,0,0,0,0,-6,0,0
"localized_positive",853,"unadjusted",TRUE,0.666666666666667,1,0,0,-2,0.666666666666667,4
"localized_positive",853,"Holm",TRUE,0,0,0,0,-6,0,0
"localized_positive",853,"BY",TRUE,0,0,0,0,-6,0,0
"localized_positive",854,"unadjusted",TRUE,0.5,0.75,0.25,1,-2,0.428571428571429,4
"localized_positive",854,"Holm",TRUE,0.166666666666667,1,0,0,-5,0.166666666666667,1
"localized_positive",854,"BY",TRUE,0.166666666666667,1,0,0,-5,0.166666666666667,1
"localized_positive",855,"unadjusted",TRUE,0.833333333333333,1,0,0,-1,0.833333333333333,5
"localized_positive",855,"Holm",TRUE,0.166666666666667,1,0,0,-5,0.166666666666667,1
"localized_positive",855,"BY",TRUE,0.166666666666667,1,0,0,-5,0.166666666666667,1
"localized_positive",856,"unadjusted",TRUE,0.833333333333333,1,0,0,-1,0.833333333333333,5
"localized_positive",856,"Holm",TRUE,0,0,0,0,-6,0,0
"localized_positive",856,"BY",TRUE,0,0,0,0,-6,0,0
"localized_positive",857,"unadjusted",TRUE,0.833333333333333,0.714285714285714,0.285714285714286,1,1,0.625,7
"localized_positive",857,"Holm",TRUE,0.166666666666667,1,0,0,-5,0.166666666666667,1
"localized_positive",857,"BY",TRUE,0.166666666666667,1,0,0,-5,0.166666666666667,1
"localized_positive",858,"unadjusted",TRUE,0.666666666666667,1,0,0,-2,0.666666666666667,4
"localized_positive",858,"Holm",TRUE,0.166666666666667,1,0,0,-5,0.166666666666667,1
"localized_positive",858,"BY",TRUE,0.166666666666667,1,0,0,-5,0.166666666666667,1
"localized_positive",859,"unadjusted",TRUE,0.5,1,0,0,-3,0.5,3
"localized_positive",859,"Holm",TRUE,0.5,1,0,0,-3,0.5,3
"localized_positive",859,"BY",TRUE,0.5,1,0,0,-3,0.5,3
"localized_positive",860,"unadjusted",TRUE,0.833333333333333,1,0,0,-1,0.833333333333333,5
"localized_positive",860,"Holm",TRUE,0.333333333333333,1,0,0,-4,0.333333333333333,2
"localized_positive",860,"BY",TRUE,0.166666666666667,1,0,0,-5,0.166666666666667,1
"localized_positive",861,"unadjusted",TRUE,0.666666666666667,1,0,0,-2,0.666666666666667,4
"localized_positive",861,"Holm",TRUE,0.5,1,0,0,-3,0.5,3
"localized_positive",861,"BY",TRUE,0.5,1,0,0,-3,0.5,3
"localized_positive",862,"unadjusted",TRUE,1,0.857142857142857,0.142857142857143,1,1,0.857142857142857,7
"localized_positive",862,"Holm",TRUE,0.5,1,0,0,-3,0.5,3
"localized_positive",862,"BY",TRUE,0.5,1,0,0,-3,0.5,3
"localized_positive",863,"unadjusted",TRUE,1,1,0,0,0,1,6
"localized_positive",863,"Holm",TRUE,0.333333333333333,1,0,0,-4,0.333333333333333,2
"localized_positive",863,"BY",TRUE,0,0,0,0,-6,0,0
"localized_positive",864,"unadjusted",TRUE,0.666666666666667,1,0,0,-2,0.666666666666667,4
"localized_positive",864,"Holm",TRUE,0.166666666666667,1,0,0,-5,0.166666666666667,1
"localized_positive",864,"BY",TRUE,0,0,0,0,-6,0,0
"localized_positive",865,"unadjusted",TRUE,0.833333333333333,1,0,0,-1,0.833333333333333,5
"localized_positive",865,"Holm",TRUE,0.5,1,0,0,-3,0.5,3
"localized_positive",865,"BY",TRUE,0.5,1,0,0,-3,0.5,3
"localized_positive",866,"unadjusted",TRUE,0.666666666666667,0.666666666666667,0.333333333333333,1,0,0.5,6
"localized_positive",866,"Holm",TRUE,0.333333333333333,1,0,0,-4,0.333333333333333,2
"localized_positive",866,"BY",TRUE,0.333333333333333,1,0,0,-4,0.333333333333333,2
"localized_positive",867,"unadjusted",TRUE,0.5,0.75,0.25,1,-2,0.428571428571429,4
"localized_positive",867,"Holm",TRUE,0.5,1,0,0,-3,0.5,3
"localized_positive",867,"BY",TRUE,0.5,1,0,0,-3,0.5,3
"localized_positive",868,"unadjusted",TRUE,0.666666666666667,1,0,0,-2,0.666666666666667,4
"localized_positive",868,"Holm",TRUE,0.166666666666667,1,0,0,-5,0.166666666666667,1
"localized_positive",868,"BY",TRUE,0.166666666666667,1,0,0,-5,0.166666666666667,1
"localized_positive",869,"unadjusted",TRUE,0.333333333333333,0.5,0.5,1,-2,0.25,4
"localized_positive",869,"Holm",TRUE,0,0,0,0,-6,0,0
"localized_positive",869,"BY",TRUE,0,0,0,0,-6,0,0
"localized_positive",870,"unadjusted",TRUE,0.833333333333333,1,0,0,-1,0.833333333333333,5
"localized_positive",870,"Holm",TRUE,0.166666666666667,1,0,0,-5,0.166666666666667,1
"localized_positive",870,"BY",TRUE,0.166666666666667,1,0,0,-5,0.166666666666667,1
"localized_positive",871,"unadjusted",TRUE,0.833333333333333,1,0,0,-1,0.833333333333333,5
"localized_positive",871,"Holm",TRUE,0,0,0,0,-6,0,0
"localized_positive",871,"BY",TRUE,0,0,0,0,-6,0,0
"localized_positive",872,"unadjusted",TRUE,0.5,1,0,0,-3,0.5,3
"localized_positive",872,"Holm",TRUE,0.333333333333333,1,0,0,-4,0.333333333333333,2
"localized_positive",872,"BY",TRUE,0.333333333333333,1,0,0,-4,0.333333333333333,2
"localized_positive",873,"unadjusted",TRUE,0.833333333333333,0.714285714285714,0.285714285714286,1,1,0.625,7
"localized_positive",873,"Holm",TRUE,0.166666666666667,1,0,0,-5,0.166666666666667,1
"localized_positive",873,"BY",TRUE,0,0,0,0,-6,0,0
"localized_positive",874,"unadjusted",TRUE,0.666666666666667,1,0,0,-2,0.666666666666667,4
"localized_positive",874,"Holm",TRUE,0.166666666666667,1,0,0,-5,0.166666666666667,1
"localized_positive",874,"BY",TRUE,0,0,0,0,-6,0,0
"localized_positive",875,"unadjusted",TRUE,0.333333333333333,0.666666666666667,0.333333333333333,1,-3,0.285714285714286,3
"localized_positive",875,"Holm",TRUE,0,0,0,0,-6,0,0
"localized_positive",875,"BY",TRUE,0,0,0,0,-6,0,0
"localized_positive",876,"unadjusted",TRUE,0.5,0.75,0.25,1,-2,0.428571428571429,4
"localized_positive",876,"Holm",TRUE,0.166666666666667,1,0,0,-5,0.166666666666667,1
"localized_positive",876,"BY",TRUE,0,0,0,0,-6,0,0
"localized_positive",877,"unadjusted",TRUE,0.666666666666667,0.666666666666667,0.333333333333333,1,0,0.5,6
"localized_positive",877,"Holm",TRUE,0,0,0,0,-6,0,0
"localized_positive",877,"BY",TRUE,0,0,0,0,-6,0,0
"localized_positive",878,"unadjusted",TRUE,0.833333333333333,1,0,0,-1,0.833333333333333,5
"localized_positive",878,"Holm",TRUE,0.5,1,0,0,-3,0.5,3
"localized_positive",878,"BY",TRUE,0.5,1,0,0,-3,0.5,3
"localized_positive",879,"unadjusted",TRUE,0.5,0.6,0.4,1,-1,0.375,5
"localized_positive",879,"Holm",TRUE,0.333333333333333,1,0,0,-4,0.333333333333333,2
"localized_positive",879,"BY",TRUE,0.333333333333333,1,0,0,-4,0.333333333333333,2
"localized_positive",880,"unadjusted",TRUE,0.666666666666667,1,0,0,-2,0.666666666666667,4
"localized_positive",880,"Holm",TRUE,0.166666666666667,1,0,0,-5,0.166666666666667,1
"localized_positive",880,"BY",TRUE,0.166666666666667,1,0,0,-5,0.166666666666667,1
"localized_positive",881,"unadjusted",TRUE,0.5,1,0,0,-3,0.5,3
"localized_positive",881,"Holm",TRUE,0,0,0,0,-6,0,0
"localized_positive",881,"BY",TRUE,0,0,0,0,-6,0,0
"localized_positive",882,"unadjusted",TRUE,0.833333333333333,0.714285714285714,0.285714285714286,1,1,0.625,7
"localized_positive",882,"Holm",TRUE,0.333333333333333,1,0,0,-4,0.333333333333333,2
"localized_positive",882,"BY",TRUE,0.166666666666667,1,0,0,-5,0.166666666666667,1
"localized_positive",883,"unadjusted",FALSE,0.166666666666667,0.5,0.5,1,-4,0.142857142857143,2
"localized_positive",883,"Holm",FALSE,0,0,0,0,-6,0,0
"localized_positive",883,"BY",FALSE,0,0,0,0,-6,0,0
"localized_positive",884,"unadjusted",TRUE,0.5,0.75,0.25,1,-2,0.428571428571429,4
"localized_positive",884,"Holm",TRUE,0,0,0,0,-6,0,0
"localized_positive",884,"BY",TRUE,0,0,0,0,-6,0,0
"localized_positive",885,"unadjusted",TRUE,0.666666666666667,1,0,0,-2,0.666666666666667,4
"localized_positive",885,"Holm",TRUE,0.333333333333333,1,0,0,-4,0.333333333333333,2
"localized_positive",885,"BY",TRUE,0.166666666666667,1,0,0,-5,0.166666666666667,1
"localized_positive",886,"unadjusted",TRUE,0.666666666666667,0.8,0.2,1,-1,0.571428571428571,5
"localized_positive",886,"Holm",TRUE,0,0,0,0,-6,0,0
"localized_positive",886,"BY",TRUE,0,0,0,0,-6,0,0
"localized_positive",887,"unadjusted",TRUE,0.333333333333333,1,0,0,-4,0.333333333333333,2
"localized_positive",887,"Holm",TRUE,0.166666666666667,1,0,0,-5,0.166666666666667,1
"localized_positive",887,"BY",TRUE,0,0,0,0,-6,0,0
"localized_positive",888,"unadjusted",TRUE,0.833333333333333,1,0,0,-1,0.833333333333333,5
"localized_positive",888,"Holm",TRUE,0,0,0,0,-6,0,0
"localized_positive",888,"BY",TRUE,0,0,0,0,-6,0,0
"localized_positive",889,"unadjusted",TRUE,0.666666666666667,1,0,0,-2,0.666666666666667,4
"localized_positive",889,"Holm",TRUE,0.166666666666667,1,0,0,-5,0.166666666666667,1
"localized_positive",889,"BY",TRUE,0.166666666666667,1,0,0,-5,0.166666666666667,1
"localized_positive",890,"unadjusted",TRUE,0.333333333333333,1,0,0,-4,0.333333333333333,2
"localized_positive",890,"Holm",TRUE,0.333333333333333,1,0,0,-4,0.333333333333333,2
"localized_positive",890,"BY",TRUE,0.166666666666667,1,0,0,-5,0.166666666666667,1
"localized_positive",891,"unadjusted",TRUE,0.166666666666667,0.5,0.5,1,-4,0.142857142857143,2
"localized_positive",891,"Holm",TRUE,0,0,0,0,-6,0,0
"localized_positive",891,"BY",TRUE,0,0,0,0,-6,0,0
"localized_positive",892,"unadjusted",TRUE,0.666666666666667,0.8,0.2,1,-1,0.571428571428571,5
"localized_positive",892,"Holm",TRUE,0.166666666666667,1,0,0,-5,0.166666666666667,1
"localized_positive",892,"BY",TRUE,0.166666666666667,1,0,0,-5,0.166666666666667,1
"localized_positive",893,"unadjusted",TRUE,1,1,0,0,0,1,6
"localized_positive",893,"Holm",TRUE,0.166666666666667,1,0,0,-5,0.166666666666667,1
"localized_positive",893,"BY",TRUE,0,0,0,0,-6,0,0
"localized_positive",894,"unadjusted",TRUE,0.666666666666667,1,0,0,-2,0.666666666666667,4
"localized_positive",894,"Holm",TRUE,0.166666666666667,1,0,0,-5,0.166666666666667,1
"localized_positive",894,"BY",TRUE,0.166666666666667,1,0,0,-5,0.166666666666667,1
"localized_positive",895,"unadjusted",TRUE,0.833333333333333,1,0,0,-1,0.833333333333333,5
"localized_positive",895,"Holm",TRUE,0.166666666666667,1,0,0,-5,0.166666666666667,1
"localized_positive",895,"BY",TRUE,0.166666666666667,1,0,0,-5,0.166666666666667,1
"localized_positive",896,"unadjusted",TRUE,0.833333333333333,1,0,0,-1,0.833333333333333,5
"localized_positive",896,"Holm",TRUE,0,0,0,0,-6,0,0
"localized_positive",896,"BY",TRUE,0,0,0,0,-6,0,0
"localized_positive",897,"unadjusted",TRUE,0.5,1,0,0,-3,0.5,3
"localized_positive",897,"Holm",TRUE,0.333333333333333,1,0,0,-4,0.333333333333333,2
"localized_positive",897,"BY",TRUE,0.166666666666667,1,0,0,-5,0.166666666666667,1
"localized_positive",898,"unadjusted",TRUE,0.833333333333333,0.833333333333333,0.166666666666667,1,0,0.714285714285714,6
"localized_positive",898,"Holm",TRUE,0.333333333333333,1,0,0,-4,0.333333333333333,2
"localized_positive",898,"BY",TRUE,0.333333333333333,1,0,0,-4,0.333333333333333,2
"localized_positive",899,"unadjusted",TRUE,0.333333333333333,1,0,0,-4,0.333333333333333,2
"localized_positive",899,"Holm",TRUE,0,0,0,0,-6,0,0
"localized_positive",899,"BY",TRUE,0,0,0,0,-6,0,0
"localized_positive",900,"unadjusted",TRUE,0.833333333333333,0.714285714285714,0.285714285714286,1,1,0.625,7
"localized_positive",900,"Holm",TRUE,0.5,1,0,0,-3,0.5,3
"localized_positive",900,"BY",TRUE,0.5,1,0,0,-3,0.5,3
"localized_positive",901,"unadjusted",TRUE,1,0.857142857142857,0.142857142857143,1,1,0.857142857142857,7
"localized_positive",901,"Holm",TRUE,0.166666666666667,1,0,0,-5,0.166666666666667,1
"localized_positive",901,"BY",TRUE,0.166666666666667,1,0,0,-5,0.166666666666667,1
"localized_positive",902,"unadjusted",TRUE,0.666666666666667,1,0,0,-2,0.666666666666667,4
"localized_positive",902,"Holm",TRUE,0.166666666666667,1,0,0,-5,0.166666666666667,1
"localized_positive",902,"BY",TRUE,0,0,0,0,-6,0,0
"localized_positive",903,"unadjusted",TRUE,0.5,1,0,0,-3,0.5,3
"localized_positive",903,"Holm",TRUE,0.166666666666667,1,0,0,-5,0.166666666666667,1
"localized_positive",903,"BY",TRUE,0.166666666666667,1,0,0,-5,0.166666666666667,1
"localized_positive",904,"unadjusted",TRUE,0.5,1,0,0,-3,0.5,3
"localized_positive",904,"Holm",TRUE,0.333333333333333,1,0,0,-4,0.333333333333333,2
"localized_positive",904,"BY",TRUE,0,0,0,0,-6,0,0
"localized_positive",905,"unadjusted",TRUE,0.833333333333333,1,0,0,-1,0.833333333333333,5
"localized_positive",905,"Holm",TRUE,0.333333333333333,1,0,0,-4,0.333333333333333,2
"localized_positive",905,"BY",TRUE,0.333333333333333,1,0,0,-4,0.333333333333333,2
"localized_positive",906,"unadjusted",TRUE,0.5,1,0,0,-3,0.5,3
"localized_positive",906,"Holm",TRUE,0.166666666666667,1,0,0,-5,0.166666666666667,1
"localized_positive",906,"BY",TRUE,0.166666666666667,1,0,0,-5,0.166666666666667,1
"localized_positive",907,"unadjusted",TRUE,0.666666666666667,0.8,0.2,1,-1,0.571428571428571,5
"localized_positive",907,"Holm",TRUE,0.166666666666667,1,0,0,-5,0.166666666666667,1
"localized_positive",907,"BY",TRUE,0.166666666666667,1,0,0,-5,0.166666666666667,1
"localized_positive",908,"unadjusted",TRUE,0.666666666666667,0.8,0.2,1,-1,0.571428571428571,5
"localized_positive",908,"Holm",TRUE,0.5,1,0,0,-3,0.5,3
"localized_positive",908,"BY",TRUE,0.5,1,0,0,-3,0.5,3
"localized_positive",909,"unadjusted",TRUE,0,0,1,1,-5,0,1
"localized_positive",909,"Holm",TRUE,0,0,0,0,-6,0,0
"localized_positive",909,"BY",TRUE,0,0,0,0,-6,0,0
"localized_positive",910,"unadjusted",TRUE,0.5,1,0,0,-3,0.5,3
"localized_positive",910,"Holm",TRUE,0.166666666666667,1,0,0,-5,0.166666666666667,1
"localized_positive",910,"BY",TRUE,0.166666666666667,1,0,0,-5,0.166666666666667,1
"localized_positive",911,"unadjusted",TRUE,0.666666666666667,1,0,0,-2,0.666666666666667,4
"localized_positive",911,"Holm",TRUE,0.333333333333333,1,0,0,-4,0.333333333333333,2
"localized_positive",911,"BY",TRUE,0.166666666666667,1,0,0,-5,0.166666666666667,1
"localized_positive",912,"unadjusted",TRUE,0.833333333333333,1,0,0,-1,0.833333333333333,5
"localized_positive",912,"Holm",TRUE,0.333333333333333,1,0,0,-4,0.333333333333333,2
"localized_positive",912,"BY",TRUE,0.333333333333333,1,0,0,-4,0.333333333333333,2
"localized_positive",913,"unadjusted",TRUE,0.833333333333333,0.833333333333333,0.166666666666667,1,0,0.714285714285714,6
"localized_positive",913,"Holm",TRUE,0,0,0,0,-6,0,0
"localized_positive",913,"BY",TRUE,0,0,0,0,-6,0,0
"localized_positive",914,"unadjusted",TRUE,0.333333333333333,0.666666666666667,0.333333333333333,1,-3,0.285714285714286,3
"localized_positive",914,"Holm",TRUE,0,0,0,0,-6,0,0
"localized_positive",914,"BY",TRUE,0,0,0,0,-6,0,0
"localized_positive",915,"unadjusted",TRUE,0.666666666666667,0.666666666666667,0.333333333333333,1,0,0.5,6
"localized_positive",915,"Holm",TRUE,0,0,0,0,-6,0,0
"localized_positive",915,"BY",TRUE,0,0,0,0,-6,0,0
"localized_positive",916,"unadjusted",TRUE,0.666666666666667,1,0,0,-2,0.666666666666667,4
"localized_positive",916,"Holm",TRUE,0,0,0,0,-6,0,0
"localized_positive",916,"BY",TRUE,0,0,0,0,-6,0,0
"localized_positive",917,"unadjusted",TRUE,0.833333333333333,1,0,0,-1,0.833333333333333,5
"localized_positive",917,"Holm",TRUE,0.166666666666667,1,0,0,-5,0.166666666666667,1
"localized_positive",917,"BY",TRUE,0.166666666666667,1,0,0,-5,0.166666666666667,1
"localized_positive",918,"unadjusted",TRUE,0.333333333333333,1,0,0,-4,0.333333333333333,2
"localized_positive",918,"Holm",TRUE,0,0,0,0,-6,0,0
"localized_positive",918,"BY",TRUE,0,0,0,0,-6,0,0
"localized_positive",919,"unadjusted",TRUE,0.5,0.75,0.25,1,-2,0.428571428571429,4
"localized_positive",919,"Holm",TRUE,0.166666666666667,1,0,0,-5,0.166666666666667,1
"localized_positive",919,"BY",TRUE,0.166666666666667,1,0,0,-5,0.166666666666667,1
"localized_positive",920,"unadjusted",TRUE,0.666666666666667,0.666666666666667,0.333333333333333,1,0,0.5,6
"localized_positive",920,"Holm",TRUE,0.333333333333333,1,0,0,-4,0.333333333333333,2
"localized_positive",920,"BY",TRUE,0.333333333333333,1,0,0,-4,0.333333333333333,2
"localized_positive",921,"unadjusted",TRUE,0.333333333333333,0.666666666666667,0.333333333333333,1,-3,0.285714285714286,3
"localized_positive",921,"Holm",TRUE,0,0,0,0,-6,0,0
"localized_positive",921,"BY",TRUE,0,0,0,0,-6,0,0
"localized_positive",922,"unadjusted",TRUE,0.333333333333333,1,0,0,-4,0.333333333333333,2
"localized_positive",922,"Holm",TRUE,0.166666666666667,1,0,0,-5,0.166666666666667,1
"localized_positive",922,"BY",TRUE,0,0,0,0,-6,0,0
"localized_positive",923,"unadjusted",TRUE,0.666666666666667,0.666666666666667,0.333333333333333,1,0,0.5,6
"localized_positive",923,"Holm",TRUE,0.333333333333333,1,0,0,-4,0.333333333333333,2
"localized_positive",923,"BY",TRUE,0.333333333333333,1,0,0,-4,0.333333333333333,2
"localized_positive",924,"unadjusted",TRUE,0.666666666666667,1,0,0,-2,0.666666666666667,4
"localized_positive",924,"Holm",TRUE,0,0,0,0,-6,0,0
"localized_positive",924,"BY",TRUE,0,0,0,0,-6,0,0
"localized_positive",925,"unadjusted",TRUE,0.5,1,0,0,-3,0.5,3
"localized_positive",925,"Holm",TRUE,0.166666666666667,1,0,0,-5,0.166666666666667,1
"localized_positive",925,"BY",TRUE,0.166666666666667,1,0,0,-5,0.166666666666667,1
"localized_positive",926,"unadjusted",TRUE,0.666666666666667,0.8,0.2,1,-1,0.571428571428571,5
"localized_positive",926,"Holm",TRUE,0.166666666666667,1,0,0,-5,0.166666666666667,1
"localized_positive",926,"BY",TRUE,0.166666666666667,1,0,0,-5,0.166666666666667,1
"localized_positive",927,"unadjusted",TRUE,1,1,0,0,0,1,6
"localized_positive",927,"Holm",TRUE,0,0,0,0,-6,0,0
"localized_positive",927,"BY",TRUE,0,0,0,0,-6,0,0
"localized_positive",928,"unadjusted",TRUE,0.666666666666667,1,0,0,-2,0.666666666666667,4
"localized_positive",928,"Holm",TRUE,0.166666666666667,1,0,0,-5,0.166666666666667,1
"localized_positive",928,"BY",TRUE,0.166666666666667,1,0,0,-5,0.166666666666667,1
"localized_positive",929,"unadjusted",TRUE,0.5,0.75,0.25,1,-2,0.428571428571429,4
"localized_positive",929,"Holm",TRUE,0,0,0,0,-6,0,0
"localized_positive",929,"BY",TRUE,0,0,0,0,-6,0,0
"localized_positive",930,"unadjusted",TRUE,0.5,1,0,0,-3,0.5,3
"localized_positive",930,"Holm",TRUE,0,0,0,0,-6,0,0
"localized_positive",930,"BY",TRUE,0,0,0,0,-6,0,0
"localized_positive",931,"unadjusted",TRUE,0.666666666666667,0.8,0.2,1,-1,0.571428571428571,5
"localized_positive",931,"Holm",TRUE,0.5,1,0,0,-3,0.5,3
"localized_positive",931,"BY",TRUE,0.5,1,0,0,-3,0.5,3
"localized_positive",932,"unadjusted",TRUE,0.5,1,0,0,-3,0.5,3
"localized_positive",932,"Holm",TRUE,0.333333333333333,1,0,0,-4,0.333333333333333,2
"localized_positive",932,"BY",TRUE,0.333333333333333,1,0,0,-4,0.333333333333333,2
"localized_positive",933,"unadjusted",TRUE,0.5,1,0,0,-3,0.5,3
"localized_positive",933,"Holm",TRUE,0,0,0,0,-6,0,0
"localized_positive",933,"BY",TRUE,0,0,0,0,-6,0,0
"localized_positive",934,"unadjusted",TRUE,0.666666666666667,1,0,0,-2,0.666666666666667,4
"localized_positive",934,"Holm",TRUE,0.5,1,0,0,-3,0.5,3
"localized_positive",934,"BY",TRUE,0.5,1,0,0,-3,0.5,3
"localized_positive",935,"unadjusted",TRUE,1,1,0,0,0,1,6
"localized_positive",935,"Holm",TRUE,0.166666666666667,1,0,0,-5,0.166666666666667,1
"localized_positive",935,"BY",TRUE,0,0,0,0,-6,0,0
"localized_positive",936,"unadjusted",TRUE,0.833333333333333,1,0,0,-1,0.833333333333333,5
"localized_positive",936,"Holm",TRUE,0.166666666666667,1,0,0,-5,0.166666666666667,1
"localized_positive",936,"BY",TRUE,0.166666666666667,1,0,0,-5,0.166666666666667,1
"localized_positive",937,"unadjusted",TRUE,0.833333333333333,0.833333333333333,0.166666666666667,1,0,0.714285714285714,6
"localized_positive",937,"Holm",TRUE,0,0,0,0,-6,0,0
"localized_positive",937,"BY",TRUE,0,0,0,0,-6,0,0
"localized_positive",938,"unadjusted",TRUE,0.666666666666667,0.8,0.2,1,-1,0.571428571428571,5
"localized_positive",938,"Holm",TRUE,0.333333333333333,1,0,0,-4,0.333333333333333,2
"localized_positive",938,"BY",TRUE,0.333333333333333,1,0,0,-4,0.333333333333333,2
"localized_positive",939,"unadjusted",TRUE,0.5,0.75,0.25,1,-2,0.428571428571429,4
"localized_positive",939,"Holm",TRUE,0.166666666666667,1,0,0,-5,0.166666666666667,1
"localized_positive",939,"BY",TRUE,0.166666666666667,1,0,0,-5,0.166666666666667,1
"localized_positive",940,"unadjusted",TRUE,0.833333333333333,1,0,0,-1,0.833333333333333,5
"localized_positive",940,"Holm",TRUE,0,0,0,0,-6,0,0
"localized_positive",940,"BY",TRUE,0,0,0,0,-6,0,0
"localized_positive",941,"unadjusted",TRUE,0.5,0.75,0.25,1,-2,0.428571428571429,4
"localized_positive",941,"Holm",TRUE,0.166666666666667,1,0,0,-5,0.166666666666667,1
"localized_positive",941,"BY",TRUE,0,0,0,0,-6,0,0
"localized_positive",942,"unadjusted",TRUE,0.5,1,0,0,-3,0.5,3
"localized_positive",942,"Holm",TRUE,0.333333333333333,1,0,0,-4,0.333333333333333,2
"localized_positive",942,"BY",TRUE,0.166666666666667,1,0,0,-5,0.166666666666667,1
"localized_positive",943,"unadjusted",TRUE,0.333333333333333,0.666666666666667,0.333333333333333,1,-3,0.285714285714286,3
"localized_positive",943,"Holm",TRUE,0.166666666666667,1,0,0,-5,0.166666666666667,1
"localized_positive",943,"BY",TRUE,0.166666666666667,1,0,0,-5,0.166666666666667,1
"localized_positive",944,"unadjusted",TRUE,0.166666666666667,1,0,0,-5,0.166666666666667,1
"localized_positive",944,"Holm",TRUE,0,0,0,0,-6,0,0
"localized_positive",944,"BY",TRUE,0,0,0,0,-6,0,0
"localized_positive",945,"unadjusted",TRUE,0.666666666666667,1,0,0,-2,0.666666666666667,4
"localized_positive",945,"Holm",TRUE,0.333333333333333,1,0,0,-4,0.333333333333333,2
"localized_positive",945,"BY",TRUE,0.333333333333333,1,0,0,-4,0.333333333333333,2
"localized_positive",946,"unadjusted",TRUE,0.833333333333333,1,0,0,-1,0.833333333333333,5
"localized_positive",946,"Holm",TRUE,0.5,1,0,0,-3,0.5,3
"localized_positive",946,"BY",TRUE,0.5,1,0,0,-3,0.5,3
"localized_positive",947,"unadjusted",TRUE,0.5,0.75,0.25,1,-2,0.428571428571429,4
"localized_positive",947,"Holm",TRUE,0.166666666666667,1,0,0,-5,0.166666666666667,1
"localized_positive",947,"BY",TRUE,0.166666666666667,1,0,0,-5,0.166666666666667,1
"localized_positive",948,"unadjusted",TRUE,0.5,1,0,0,-3,0.5,3
"localized_positive",948,"Holm",TRUE,0.166666666666667,1,0,0,-5,0.166666666666667,1
"localized_positive",948,"BY",TRUE,0,0,0,0,-6,0,0
"localized_positive",949,"unadjusted",TRUE,0.833333333333333,0.833333333333333,0.166666666666667,1,0,0.714285714285714,6
"localized_positive",949,"Holm",TRUE,0.333333333333333,1,0,0,-4,0.333333333333333,2
"localized_positive",949,"BY",TRUE,0.166666666666667,1,0,0,-5,0.166666666666667,1
"localized_positive",950,"unadjusted",TRUE,0.833333333333333,1,0,0,-1,0.833333333333333,5
"localized_positive",950,"Holm",TRUE,0.166666666666667,1,0,0,-5,0.166666666666667,1
"localized_positive",950,"BY",TRUE,0,0,0,0,-6,0,0
"localized_positive",951,"unadjusted",TRUE,0.833333333333333,1,0,0,-1,0.833333333333333,5
"localized_positive",951,"Holm",TRUE,0,0,0,0,-6,0,0
"localized_positive",951,"BY",TRUE,0,0,0,0,-6,0,0
"localized_positive",952,"unadjusted",TRUE,0.666666666666667,1,0,0,-2,0.666666666666667,4
"localized_positive",952,"Holm",TRUE,0.333333333333333,1,0,0,-4,0.333333333333333,2
"localized_positive",952,"BY",TRUE,0.333333333333333,1,0,0,-4,0.333333333333333,2
"localized_positive",953,"unadjusted",TRUE,0.833333333333333,0.833333333333333,0.166666666666667,1,0,0.714285714285714,6
"localized_positive",953,"Holm",TRUE,0.166666666666667,1,0,0,-5,0.166666666666667,1
"localized_positive",953,"BY",TRUE,0,0,0,0,-6,0,0
"localized_positive",954,"unadjusted",TRUE,0.666666666666667,1,0,0,-2,0.666666666666667,4
"localized_positive",954,"Holm",TRUE,0,0,0,0,-6,0,0
"localized_positive",954,"BY",TRUE,0,0,0,0,-6,0,0
"localized_positive",955,"unadjusted",TRUE,0.833333333333333,1,0,0,-1,0.833333333333333,5
"localized_positive",955,"Holm",TRUE,0.333333333333333,1,0,0,-4,0.333333333333333,2
"localized_positive",955,"BY",TRUE,0,0,0,0,-6,0,0
"localized_positive",956,"unadjusted",TRUE,0.5,1,0,0,-3,0.5,3
"localized_positive",956,"Holm",TRUE,0,0,0,0,-6,0,0
"localized_positive",956,"BY",TRUE,0,0,0,0,-6,0,0
"localized_positive",957,"unadjusted",TRUE,0.833333333333333,1,0,0,-1,0.833333333333333,5
"localized_positive",957,"Holm",TRUE,0.166666666666667,1,0,0,-5,0.166666666666667,1
"localized_positive",957,"BY",TRUE,0.166666666666667,1,0,0,-5,0.166666666666667,1
"localized_positive",958,"unadjusted",TRUE,0.5,1,0,0,-3,0.5,3
"localized_positive",958,"Holm",TRUE,0,0,0,0,-6,0,0
"localized_positive",958,"BY",TRUE,0,0,0,0,-6,0,0
"localized_positive",959,"unadjusted",TRUE,0.5,1,0,0,-3,0.5,3
"localized_positive",959,"Holm",TRUE,0.166666666666667,1,0,0,-5,0.166666666666667,1
"localized_positive",959,"BY",TRUE,0.166666666666667,1,0,0,-5,0.166666666666667,1
"localized_positive",960,"unadjusted",TRUE,0.833333333333333,1,0,0,-1,0.833333333333333,5
"localized_positive",960,"Holm",TRUE,0.166666666666667,1,0,0,-5,0.166666666666667,1
"localized_positive",960,"BY",TRUE,0.166666666666667,1,0,0,-5,0.166666666666667,1
"localized_positive",961,"unadjusted",TRUE,1,1,0,0,0,1,6
"localized_positive",961,"Holm",TRUE,0.666666666666667,1,0,0,-2,0.666666666666667,4
"localized_positive",961,"BY",TRUE,0.666666666666667,1,0,0,-2,0.666666666666667,4
"localized_positive",962,"unadjusted",TRUE,0.5,0.75,0.25,1,-2,0.428571428571429,4
"localized_positive",962,"Holm",TRUE,0,0,0,0,-6,0,0
"localized_positive",962,"BY",TRUE,0,0,0,0,-6,0,0
"localized_positive",963,"unadjusted",TRUE,0.666666666666667,0.8,0.2,1,-1,0.571428571428571,5
"localized_positive",963,"Holm",TRUE,0.166666666666667,1,0,0,-5,0.166666666666667,1
"localized_positive",963,"BY",TRUE,0,0,0,0,-6,0,0
"localized_positive",964,"unadjusted",TRUE,0.666666666666667,1,0,0,-2,0.666666666666667,4
"localized_positive",964,"Holm",TRUE,0.333333333333333,1,0,0,-4,0.333333333333333,2
"localized_positive",964,"BY",TRUE,0.166666666666667,1,0,0,-5,0.166666666666667,1
"localized_positive",965,"unadjusted",TRUE,0.833333333333333,1,0,0,-1,0.833333333333333,5
"localized_positive",965,"Holm",TRUE,0.333333333333333,1,0,0,-4,0.333333333333333,2
"localized_positive",965,"BY",TRUE,0.333333333333333,1,0,0,-4,0.333333333333333,2
"localized_positive",966,"unadjusted",TRUE,0.833333333333333,1,0,0,-1,0.833333333333333,5
"localized_positive",966,"Holm",TRUE,0.166666666666667,1,0,0,-5,0.166666666666667,1
"localized_positive",966,"BY",TRUE,0,0,0,0,-6,0,0
"localized_positive",967,"unadjusted",TRUE,0.5,0.75,0.25,1,-2,0.428571428571429,4
"localized_positive",967,"Holm",TRUE,0.166666666666667,1,0,0,-5,0.166666666666667,1
"localized_positive",967,"BY",TRUE,0,0,0,0,-6,0,0
"localized_positive",968,"unadjusted",TRUE,0.833333333333333,0.555555555555556,0.444444444444444,1,3,0.5,9
"localized_positive",968,"Holm",TRUE,0.333333333333333,1,0,0,-4,0.333333333333333,2
"localized_positive",968,"BY",TRUE,0.333333333333333,1,0,0,-4,0.333333333333333,2
"localized_positive",969,"unadjusted",TRUE,0.5,0.75,0.25,1,-2,0.428571428571429,4
"localized_positive",969,"Holm",TRUE,0,0,0,0,-6,0,0
"localized_positive",969,"BY",TRUE,0,0,0,0,-6,0,0
"localized_positive",970,"unadjusted",TRUE,0.5,1,0,0,-3,0.5,3
"localized_positive",970,"Holm",TRUE,0,0,0,0,-6,0,0
"localized_positive",970,"BY",TRUE,0,0,0,0,-6,0,0
"localized_positive",971,"unadjusted",TRUE,0.333333333333333,0.666666666666667,0.333333333333333,1,-3,0.285714285714286,3
"localized_positive",971,"Holm",TRUE,0,0,0,0,-6,0,0
"localized_positive",971,"BY",TRUE,0,0,0,0,-6,0,0
"localized_positive",972,"unadjusted",TRUE,0.5,1,0,0,-3,0.5,3
"localized_positive",972,"Holm",TRUE,0.166666666666667,1,0,0,-5,0.166666666666667,1
"localized_positive",972,"BY",TRUE,0.166666666666667,1,0,0,-5,0.166666666666667,1
"localized_positive",973,"unadjusted",TRUE,0.666666666666667,0.8,0.2,1,-1,0.571428571428571,5
"localized_positive",973,"Holm",TRUE,0.166666666666667,1,0,0,-5,0.166666666666667,1
"localized_positive",973,"BY",TRUE,0.166666666666667,1,0,0,-5,0.166666666666667,1
"localized_positive",974,"unadjusted",TRUE,0.666666666666667,1,0,0,-2,0.666666666666667,4
"localized_positive",974,"Holm",TRUE,0.333333333333333,1,0,0,-4,0.333333333333333,2
"localized_positive",974,"BY",TRUE,0.333333333333333,1,0,0,-4,0.333333333333333,2
"localized_positive",975,"unadjusted",TRUE,0.166666666666667,1,0,0,-5,0.166666666666667,1
"localized_positive",975,"Holm",TRUE,0,0,0,0,-6,0,0
"localized_positive",975,"BY",TRUE,0,0,0,0,-6,0,0
"localized_positive",976,"unadjusted",TRUE,0.333333333333333,1,0,0,-4,0.333333333333333,2
"localized_positive",976,"Holm",TRUE,0.166666666666667,1,0,0,-5,0.166666666666667,1
"localized_positive",976,"BY",TRUE,0,0,0,0,-6,0,0
"localized_positive",977,"unadjusted",TRUE,0.666666666666667,1,0,0,-2,0.666666666666667,4
"localized_positive",977,"Holm",TRUE,0,0,0,0,-6,0,0
"localized_positive",977,"BY",TRUE,0,0,0,0,-6,0,0
"localized_positive",978,"unadjusted",TRUE,0.833333333333333,1,0,0,-1,0.833333333333333,5
"localized_positive",978,"Holm",TRUE,0.166666666666667,1,0,0,-5,0.166666666666667,1
"localized_positive",978,"BY",TRUE,0,0,0,0,-6,0,0
"localized_positive",979,"unadjusted",TRUE,0.5,1,0,0,-3,0.5,3
"localized_positive",979,"Holm",TRUE,0,0,0,0,-6,0,0
"localized_positive",979,"BY",TRUE,0,0,0,0,-6,0,0
"localized_positive",980,"unadjusted",TRUE,0.5,0.75,0.25,1,-2,0.428571428571429,4
"localized_positive",980,"Holm",TRUE,0.333333333333333,1,0,0,-4,0.333333333333333,2
"localized_positive",980,"BY",TRUE,0.333333333333333,1,0,0,-4,0.333333333333333,2
"localized_positive",981,"unadjusted",TRUE,0.5,1,0,0,-3,0.5,3
"localized_positive",981,"Holm",TRUE,0.166666666666667,1,0,0,-5,0.166666666666667,1
"localized_positive",981,"BY",TRUE,0,0,0,0,-6,0,0
"localized_positive",982,"unadjusted",TRUE,0.5,1,0,0,-3,0.5,3
"localized_positive",982,"Holm",TRUE,0.166666666666667,1,0,0,-5,0.166666666666667,1
"localized_positive",982,"BY",TRUE,0,0,0,0,-6,0,0
"localized_positive",983,"unadjusted",TRUE,0.833333333333333,0.833333333333333,0.166666666666667,1,0,0.714285714285714,6
"localized_positive",983,"Holm",TRUE,0,0,0,0,-6,0,0
"localized_positive",983,"BY",TRUE,0,0,0,0,-6,0,0
"localized_positive",984,"unadjusted",TRUE,0.5,1,0,0,-3,0.5,3
"localized_positive",984,"Holm",TRUE,0.333333333333333,1,0,0,-4,0.333333333333333,2
"localized_positive",984,"BY",TRUE,0.333333333333333,1,0,0,-4,0.333333333333333,2
"localized_positive",985,"unadjusted",TRUE,0.833333333333333,0.833333333333333,0.166666666666667,1,0,0.714285714285714,6
"localized_positive",985,"Holm",TRUE,0,0,0,0,-6,0,0
"localized_positive",985,"BY",TRUE,0,0,0,0,-6,0,0
"localized_positive",986,"unadjusted",TRUE,0.333333333333333,1,0,0,-4,0.333333333333333,2
"localized_positive",986,"Holm",TRUE,0,0,0,0,-6,0,0
"localized_positive",986,"BY",TRUE,0,0,0,0,-6,0,0
"localized_positive",987,"unadjusted",TRUE,0.666666666666667,1,0,0,-2,0.666666666666667,4
"localized_positive",987,"Holm",TRUE,0,0,0,0,-6,0,0
"localized_positive",987,"BY",TRUE,0,0,0,0,-6,0,0
"localized_positive",988,"unadjusted",TRUE,0.833333333333333,1,0,0,-1,0.833333333333333,5
"localized_positive",988,"Holm",TRUE,0,0,0,0,-6,0,0
"localized_positive",988,"BY",TRUE,0,0,0,0,-6,0,0
"localized_positive",989,"unadjusted",TRUE,0,0,0,0,-6,0,0
"localized_positive",989,"Holm",TRUE,0,0,0,0,-6,0,0
"localized_positive",989,"BY",TRUE,0,0,0,0,-6,0,0
"localized_positive",990,"unadjusted",TRUE,0.5,0.6,0.4,1,-1,0.375,5
"localized_positive",990,"Holm",TRUE,0.166666666666667,1,0,0,-5,0.166666666666667,1
"localized_positive",990,"BY",TRUE,0.166666666666667,1,0,0,-5,0.166666666666667,1
"localized_positive",991,"unadjusted",TRUE,0.666666666666667,0.8,0.2,1,-1,0.571428571428571,5
"localized_positive",991,"Holm",TRUE,0.166666666666667,1,0,0,-5,0.166666666666667,1
"localized_positive",991,"BY",TRUE,0,0,0,0,-6,0,0
"localized_positive",992,"unadjusted",TRUE,0.666666666666667,1,0,0,-2,0.666666666666667,4
"localized_positive",992,"Holm",TRUE,0,0,0,0,-6,0,0
"localized_positive",992,"BY",TRUE,0,0,0,0,-6,0,0
"localized_positive",993,"unadjusted",TRUE,0.666666666666667,1,0,0,-2,0.666666666666667,4
"localized_positive",993,"Holm",TRUE,0.166666666666667,1,0,0,-5,0.166666666666667,1
"localized_positive",993,"BY",TRUE,0,0,0,0,-6,0,0
"localized_positive",994,"unadjusted",TRUE,0.666666666666667,1,0,0,-2,0.666666666666667,4
"localized_positive",994,"Holm",TRUE,0.166666666666667,1,0,0,-5,0.166666666666667,1
"localized_positive",994,"BY",TRUE,0,0,0,0,-6,0,0
"localized_positive",995,"unadjusted",TRUE,0.5,1,0,0,-3,0.5,3
"localized_positive",995,"Holm",TRUE,0.166666666666667,1,0,0,-5,0.166666666666667,1
"localized_positive",995,"BY",TRUE,0,0,0,0,-6,0,0
"localized_positive",996,"unadjusted",TRUE,0.333333333333333,1,0,0,-4,0.333333333333333,2
"localized_positive",996,"Holm",TRUE,0,0,0,0,-6,0,0
"localized_positive",996,"BY",TRUE,0,0,0,0,-6,0,0
"localized_positive",997,"unadjusted",TRUE,0.833333333333333,1,0,0,-1,0.833333333333333,5
"localized_positive",997,"Holm",TRUE,0.333333333333333,1,0,0,-4,0.333333333333333,2
"localized_positive",997,"BY",TRUE,0.166666666666667,1,0,0,-5,0.166666666666667,1
"localized_positive",998,"unadjusted",TRUE,0.5,0.75,0.25,1,-2,0.428571428571429,4
"localized_positive",998,"Holm",TRUE,0,0,0,0,-6,0,0
"localized_positive",998,"BY",TRUE,0,0,0,0,-6,0,0
"localized_positive",999,"unadjusted",TRUE,0.833333333333333,0.833333333333333,0.166666666666667,1,0,0.714285714285714,6
"localized_positive",999,"Holm",TRUE,0.5,1,0,0,-3,0.5,3
"localized_positive",999,"BY",TRUE,0.5,1,0,0,-3,0.5,3
"localized_positive",1000,"unadjusted",TRUE,0.333333333333333,0.666666666666667,0.333333333333333,1,-3,0.285714285714286,3
"localized_positive",1000,"Holm",TRUE,0,0,0,0,-6,0,0
"localized_positive",1000,"BY",TRUE,0,0,0,0,-6,0,0
"scattered_mixed",1,"unadjusted",TRUE,0.833333333333333,0.625,0.375,1,2,0.555555555555556,8
"scattered_mixed",1,"Holm",TRUE,0.333333333333333,1,0,0,-4,0.333333333333333,2
"scattered_mixed",1,"BY",TRUE,0.333333333333333,1,0,0,-4,0.333333333333333,2
"scattered_mixed",2,"unadjusted",TRUE,0.666666666666667,1,0,0,-2,0.666666666666667,4
"scattered_mixed",2,"Holm",TRUE,0.166666666666667,1,0,0,-5,0.166666666666667,1
"scattered_mixed",2,"BY",TRUE,0.166666666666667,1,0,0,-5,0.166666666666667,1
"scattered_mixed",3,"unadjusted",TRUE,0.666666666666667,0.8,0.2,1,-1,0.571428571428571,5
"scattered_mixed",3,"Holm",TRUE,0.166666666666667,1,0,0,-5,0.166666666666667,1
"scattered_mixed",3,"BY",TRUE,0.166666666666667,1,0,0,-5,0.166666666666667,1
"scattered_mixed",4,"unadjusted",TRUE,0.666666666666667,1,0,0,-2,0.666666666666667,4
"scattered_mixed",4,"Holm",TRUE,0,0,0,0,-6,0,0
"scattered_mixed",4,"BY",TRUE,0,0,0,0,-6,0,0
"scattered_mixed",5,"unadjusted",TRUE,0.333333333333333,0.666666666666667,0.333333333333333,1,-3,0.285714285714286,3
"scattered_mixed",5,"Holm",TRUE,0,0,0,0,-6,0,0
"scattered_mixed",5,"BY",TRUE,0,0,0,0,-6,0,0
"scattered_mixed",6,"unadjusted",TRUE,0.833333333333333,0.714285714285714,0.285714285714286,1,1,0.625,7
"scattered_mixed",6,"Holm",TRUE,0,0,0,0,-6,0,0
"scattered_mixed",6,"BY",TRUE,0,0,0,0,-6,0,0
"scattered_mixed",7,"unadjusted",TRUE,0.666666666666667,1,0,0,-2,0.666666666666667,4
"scattered_mixed",7,"Holm",TRUE,0.333333333333333,1,0,0,-4,0.333333333333333,2
"scattered_mixed",7,"BY",TRUE,0.166666666666667,1,0,0,-5,0.166666666666667,1
"scattered_mixed",8,"unadjusted",TRUE,0.833333333333333,0.833333333333333,0.166666666666667,1,0,0.714285714285714,6
"scattered_mixed",8,"Holm",TRUE,0.5,1,0,0,-3,0.5,3
"scattered_mixed",8,"BY",TRUE,0.5,1,0,0,-3,0.5,3
"scattered_mixed",9,"unadjusted",TRUE,0.833333333333333,1,0,0,-1,0.833333333333333,5
"scattered_mixed",9,"Holm",TRUE,0.166666666666667,1,0,0,-5,0.166666666666667,1
"scattered_mixed",9,"BY",TRUE,0.166666666666667,1,0,0,-5,0.166666666666667,1
"scattered_mixed",10,"unadjusted",TRUE,0.333333333333333,1,0,0,-4,0.333333333333333,2
"scattered_mixed",10,"Holm",TRUE,0,0,0,0,-6,0,0
"scattered_mixed",10,"BY",TRUE,0,0,0,0,-6,0,0
"scattered_mixed",11,"unadjusted",TRUE,0.666666666666667,0.8,0.2,1,-1,0.571428571428571,5
"scattered_mixed",11,"Holm",TRUE,0,0,0,0,-6,0,0
"scattered_mixed",11,"BY",TRUE,0,0,0,0,-6,0,0
"scattered_mixed",12,"unadjusted",TRUE,0.333333333333333,1,0,0,-4,0.333333333333333,2
"scattered_mixed",12,"Holm",TRUE,0,0,0,0,-6,0,0
"scattered_mixed",12,"BY",TRUE,0,0,0,0,-6,0,0
"scattered_mixed",13,"unadjusted",TRUE,0.5,1,0,0,-3,0.5,3
"scattered_mixed",13,"Holm",TRUE,0,0,0,0,-6,0,0
"scattered_mixed",13,"BY",TRUE,0,0,0,0,-6,0,0
"scattered_mixed",14,"unadjusted",TRUE,0.666666666666667,1,0,0,-2,0.666666666666667,4
"scattered_mixed",14,"Holm",TRUE,0.333333333333333,1,0,0,-4,0.333333333333333,2
"scattered_mixed",14,"BY",TRUE,0.333333333333333,1,0,0,-4,0.333333333333333,2
"scattered_mixed",15,"unadjusted",TRUE,0.833333333333333,1,0,0,-1,0.833333333333333,5
"scattered_mixed",15,"Holm",TRUE,0,0,0,0,-6,0,0
"scattered_mixed",15,"BY",TRUE,0,0,0,0,-6,0,0
"scattered_mixed",16,"unadjusted",TRUE,0.5,0.75,0.25,1,-2,0.428571428571429,4
"scattered_mixed",16,"Holm",TRUE,0,0,0,0,-6,0,0
"scattered_mixed",16,"BY",TRUE,0,0,0,0,-6,0,0
"scattered_mixed",17,"unadjusted",TRUE,0.833333333333333,0.833333333333333,0.166666666666667,1,0,0.714285714285714,6
"scattered_mixed",17,"Holm",TRUE,0.166666666666667,0.5,0.5,1,-4,0.142857142857143,2
"scattered_mixed",17,"BY",TRUE,0.166666666666667,1,0,0,-5,0.166666666666667,1
"scattered_mixed",18,"unadjusted",TRUE,0.666666666666667,1,0,0,-2,0.666666666666667,4
"scattered_mixed",18,"Holm",TRUE,0.166666666666667,1,0,0,-5,0.166666666666667,1
"scattered_mixed",18,"BY",TRUE,0,0,0,0,-6,0,0
"scattered_mixed",19,"unadjusted",TRUE,0.833333333333333,1,0,0,-1,0.833333333333333,5
"scattered_mixed",19,"Holm",TRUE,0.166666666666667,1,0,0,-5,0.166666666666667,1
"scattered_mixed",19,"BY",TRUE,0,0,0,0,-6,0,0
"scattered_mixed",20,"unadjusted",TRUE,0.666666666666667,0.8,0.2,1,-1,0.571428571428571,5
"scattered_mixed",20,"Holm",TRUE,0.166666666666667,1,0,0,-5,0.166666666666667,1
"scattered_mixed",20,"BY",TRUE,0.166666666666667,1,0,0,-5,0.166666666666667,1
"scattered_mixed",21,"unadjusted",TRUE,0.5,1,0,0,-3,0.5,3
"scattered_mixed",21,"Holm",TRUE,0.166666666666667,1,0,0,-5,0.166666666666667,1
"scattered_mixed",21,"BY",TRUE,0.166666666666667,1,0,0,-5,0.166666666666667,1
"scattered_mixed",22,"unadjusted",TRUE,0.333333333333333,0.666666666666667,0.333333333333333,1,-3,0.285714285714286,3
"scattered_mixed",22,"Holm",TRUE,0.333333333333333,1,0,0,-4,0.333333333333333,2
"scattered_mixed",22,"BY",TRUE,0.333333333333333,1,0,0,-4,0.333333333333333,2
"scattered_mixed",23,"unadjusted",TRUE,0.833333333333333,1,0,0,-1,0.833333333333333,5
"scattered_mixed",23,"Holm",TRUE,0.333333333333333,1,0,0,-4,0.333333333333333,2
"scattered_mixed",23,"BY",TRUE,0,0,0,0,-6,0,0
"scattered_mixed",24,"unadjusted",TRUE,0.833333333333333,1,0,0,-1,0.833333333333333,5
"scattered_mixed",24,"Holm",TRUE,0.333333333333333,1,0,0,-4,0.333333333333333,2
"scattered_mixed",24,"BY",TRUE,0.333333333333333,1,0,0,-4,0.333333333333333,2
"scattered_mixed",25,"unadjusted",TRUE,1,0.857142857142857,0.142857142857143,1,1,0.857142857142857,7
"scattered_mixed",25,"Holm",TRUE,0.5,1,0,0,-3,0.5,3
"scattered_mixed",25,"BY",TRUE,0.5,1,0,0,-3,0.5,3
"scattered_mixed",26,"unadjusted",TRUE,0.5,0.75,0.25,1,-2,0.428571428571429,4
"scattered_mixed",26,"Holm",TRUE,0.166666666666667,1,0,0,-5,0.166666666666667,1
"scattered_mixed",26,"BY",TRUE,0,0,0,0,-6,0,0
"scattered_mixed",27,"unadjusted",TRUE,0.5,0.75,0.25,1,-2,0.428571428571429,4
"scattered_mixed",27,"Holm",TRUE,0.166666666666667,1,0,0,-5,0.166666666666667,1
"scattered_mixed",27,"BY",TRUE,0.166666666666667,1,0,0,-5,0.166666666666667,1
"scattered_mixed",28,"unadjusted",TRUE,0.833333333333333,1,0,0,-1,0.833333333333333,5
"scattered_mixed",28,"Holm",TRUE,0.333333333333333,1,0,0,-4,0.333333333333333,2
"scattered_mixed",28,"BY",TRUE,0.166666666666667,1,0,0,-5,0.166666666666667,1
"scattered_mixed",29,"unadjusted",TRUE,0.666666666666667,1,0,0,-2,0.666666666666667,4
"scattered_mixed",29,"Holm",TRUE,0.166666666666667,1,0,0,-5,0.166666666666667,1
"scattered_mixed",29,"BY",TRUE,0.166666666666667,1,0,0,-5,0.166666666666667,1
"scattered_mixed",30,"unadjusted",TRUE,0.833333333333333,1,0,0,-1,0.833333333333333,5
"scattered_mixed",30,"Holm",TRUE,0.166666666666667,1,0,0,-5,0.166666666666667,1
"scattered_mixed",30,"BY",TRUE,0.166666666666667,1,0,0,-5,0.166666666666667,1
"scattered_mixed",31,"unadjusted",TRUE,0.666666666666667,1,0,0,-2,0.666666666666667,4
"scattered_mixed",31,"Holm",TRUE,0,0,0,0,-6,0,0
"scattered_mixed",31,"BY",TRUE,0,0,0,0,-6,0,0
"scattered_mixed",32,"unadjusted",TRUE,0.833333333333333,0.714285714285714,0.285714285714286,1,1,0.625,7
"scattered_mixed",32,"Holm",TRUE,0.333333333333333,1,0,0,-4,0.333333333333333,2
"scattered_mixed",32,"BY",TRUE,0.333333333333333,1,0,0,-4,0.333333333333333,2
"scattered_mixed",33,"unadjusted",TRUE,0.833333333333333,1,0,0,-1,0.833333333333333,5
"scattered_mixed",33,"Holm",TRUE,0.166666666666667,1,0,0,-5,0.166666666666667,1
"scattered_mixed",33,"BY",TRUE,0.166666666666667,1,0,0,-5,0.166666666666667,1
"scattered_mixed",34,"unadjusted",TRUE,0.666666666666667,1,0,0,-2,0.666666666666667,4
"scattered_mixed",34,"Holm",TRUE,0.166666666666667,1,0,0,-5,0.166666666666667,1
"scattered_mixed",34,"BY",TRUE,0.166666666666667,1,0,0,-5,0.166666666666667,1
"scattered_mixed",35,"unadjusted",TRUE,0.666666666666667,0.8,0.2,1,-1,0.571428571428571,5
"scattered_mixed",35,"Holm",TRUE,0,0,0,0,-6,0,0
"scattered_mixed",35,"BY",TRUE,0,0,0,0,-6,0,0
"scattered_mixed",36,"unadjusted",TRUE,0.666666666666667,1,0,0,-2,0.666666666666667,4
"scattered_mixed",36,"Holm",TRUE,0.333333333333333,1,0,0,-4,0.333333333333333,2
"scattered_mixed",36,"BY",TRUE,0.333333333333333,1,0,0,-4,0.333333333333333,2
"scattered_mixed",37,"unadjusted",TRUE,0.666666666666667,0.8,0.2,1,-1,0.571428571428571,5
"scattered_mixed",37,"Holm",TRUE,0.333333333333333,1,0,0,-4,0.333333333333333,2
"scattered_mixed",37,"BY",TRUE,0.166666666666667,1,0,0,-5,0.166666666666667,1
"scattered_mixed",38,"unadjusted",TRUE,0.5,1,0,0,-3,0.5,3
"scattered_mixed",38,"Holm",TRUE,0.166666666666667,1,0,0,-5,0.166666666666667,1
"scattered_mixed",38,"BY",TRUE,0.166666666666667,1,0,0,-5,0.166666666666667,1
"scattered_mixed",39,"unadjusted",TRUE,0.5,1,0,0,-3,0.5,3
"scattered_mixed",39,"Holm",TRUE,0.166666666666667,1,0,0,-5,0.166666666666667,1
"scattered_mixed",39,"BY",TRUE,0,0,0,0,-6,0,0
"scattered_mixed",40,"unadjusted",TRUE,0.666666666666667,1,0,0,-2,0.666666666666667,4
"scattered_mixed",40,"Holm",TRUE,0.166666666666667,1,0,0,-5,0.166666666666667,1
"scattered_mixed",40,"BY",TRUE,0.166666666666667,1,0,0,-5,0.166666666666667,1
"scattered_mixed",41,"unadjusted",TRUE,0.5,0.75,0.25,1,-2,0.428571428571429,4
"scattered_mixed",41,"Holm",TRUE,0,0,0,0,-6,0,0
"scattered_mixed",41,"BY",TRUE,0,0,0,0,-6,0,0
"scattered_mixed",42,"unadjusted",TRUE,0.666666666666667,1,0,0,-2,0.666666666666667,4
"scattered_mixed",42,"Holm",TRUE,0.166666666666667,1,0,0,-5,0.166666666666667,1
"scattered_mixed",42,"BY",TRUE,0.166666666666667,1,0,0,-5,0.166666666666667,1
"scattered_mixed",43,"unadjusted",TRUE,0.666666666666667,0.8,0.2,1,-1,0.571428571428571,5
"scattered_mixed",43,"Holm",TRUE,0.166666666666667,1,0,0,-5,0.166666666666667,1
"scattered_mixed",43,"BY",TRUE,0,0,0,0,-6,0,0
"scattered_mixed",44,"unadjusted",TRUE,1,1,0,0,0,1,6
"scattered_mixed",44,"Holm",TRUE,0,0,0,0,-6,0,0
"scattered_mixed",44,"BY",TRUE,0,0,0,0,-6,0,0
"scattered_mixed",45,"unadjusted",TRUE,0.833333333333333,0.625,0.375,1,2,0.555555555555556,8
"scattered_mixed",45,"Holm",TRUE,0.166666666666667,1,0,0,-5,0.166666666666667,1
"scattered_mixed",45,"BY",TRUE,0.166666666666667,1,0,0,-5,0.166666666666667,1
"scattered_mixed",46,"unadjusted",TRUE,0.666666666666667,1,0,0,-2,0.666666666666667,4
"scattered_mixed",46,"Holm",TRUE,0,0,0,0,-6,0,0
"scattered_mixed",46,"BY",TRUE,0,0,0,0,-6,0,0
"scattered_mixed",47,"unadjusted",TRUE,0.833333333333333,0.714285714285714,0.285714285714286,1,1,0.625,7
"scattered_mixed",47,"Holm",TRUE,0.5,1,0,0,-3,0.5,3
"scattered_mixed",47,"BY",TRUE,0.5,1,0,0,-3,0.5,3
"scattered_mixed",48,"unadjusted",TRUE,0.666666666666667,1,0,0,-2,0.666666666666667,4
"scattered_mixed",48,"Holm",TRUE,0.166666666666667,1,0,0,-5,0.166666666666667,1
"scattered_mixed",48,"BY",TRUE,0,0,0,0,-6,0,0
"scattered_mixed",49,"unadjusted",TRUE,0.5,1,0,0,-3,0.5,3
"scattered_mixed",49,"Holm",TRUE,0,0,0,0,-6,0,0
"scattered_mixed",49,"BY",TRUE,0,0,0,0,-6,0,0
"scattered_mixed",50,"unadjusted",TRUE,0.333333333333333,1,0,0,-4,0.333333333333333,2
"scattered_mixed",50,"Holm",TRUE,0.166666666666667,1,0,0,-5,0.166666666666667,1
"scattered_mixed",50,"BY",TRUE,0,0,0,0,-6,0,0
"scattered_mixed",51,"unadjusted",TRUE,0.666666666666667,1,0,0,-2,0.666666666666667,4
"scattered_mixed",51,"Holm",TRUE,0.333333333333333,1,0,0,-4,0.333333333333333,2
"scattered_mixed",51,"BY",TRUE,0,0,0,0,-6,0,0
"scattered_mixed",52,"unadjusted",TRUE,0.666666666666667,0.8,0.2,1,-1,0.571428571428571,5
"scattered_mixed",52,"Holm",TRUE,0.5,1,0,0,-3,0.5,3
"scattered_mixed",52,"BY",TRUE,0.5,1,0,0,-3,0.5,3
"scattered_mixed",53,"unadjusted",TRUE,0.5,1,0,0,-3,0.5,3
"scattered_mixed",53,"Holm",TRUE,0.333333333333333,1,0,0,-4,0.333333333333333,2
"scattered_mixed",53,"BY",TRUE,0.333333333333333,1,0,0,-4,0.333333333333333,2
"scattered_mixed",54,"unadjusted",TRUE,0.5,0.75,0.25,1,-2,0.428571428571429,4
"scattered_mixed",54,"Holm",TRUE,0,0,0,0,-6,0,0
"scattered_mixed",54,"BY",TRUE,0,0,0,0,-6,0,0
"scattered_mixed",55,"unadjusted",TRUE,0.833333333333333,1,0,0,-1,0.833333333333333,5
"scattered_mixed",55,"Holm",TRUE,0,0,0,0,-6,0,0
"scattered_mixed",55,"BY",TRUE,0,0,0,0,-6,0,0
"scattered_mixed",56,"unadjusted",TRUE,0.5,0.75,0.25,1,-2,0.428571428571429,4
"scattered_mixed",56,"Holm",TRUE,0.166666666666667,1,0,0,-5,0.166666666666667,1
"scattered_mixed",56,"BY",TRUE,0.166666666666667,1,0,0,-5,0.166666666666667,1
"scattered_mixed",57,"unadjusted",TRUE,0.5,1,0,0,-3,0.5,3
"scattered_mixed",57,"Holm",TRUE,0.166666666666667,1,0,0,-5,0.166666666666667,1
"scattered_mixed",57,"BY",TRUE,0.166666666666667,1,0,0,-5,0.166666666666667,1
"scattered_mixed",58,"unadjusted",TRUE,0.333333333333333,0.666666666666667,0.333333333333333,1,-3,0.285714285714286,3
"scattered_mixed",58,"Holm",TRUE,0,0,0,0,-6,0,0
"scattered_mixed",58,"BY",TRUE,0,0,0,0,-6,0,0
"scattered_mixed",59,"unadjusted",TRUE,0.666666666666667,1,0,0,-2,0.666666666666667,4
"scattered_mixed",59,"Holm",TRUE,0.166666666666667,1,0,0,-5,0.166666666666667,1
"scattered_mixed",59,"BY",TRUE,0,0,0,0,-6,0,0
"scattered_mixed",60,"unadjusted",TRUE,1,0.857142857142857,0.142857142857143,1,1,0.857142857142857,7
"scattered_mixed",60,"Holm",TRUE,0.666666666666667,1,0,0,-2,0.666666666666667,4
"scattered_mixed",60,"BY",TRUE,0.666666666666667,1,0,0,-2,0.666666666666667,4
"scattered_mixed",61,"unadjusted",TRUE,0.833333333333333,0.833333333333333,0.166666666666667,1,0,0.714285714285714,6
"scattered_mixed",61,"Holm",TRUE,0.166666666666667,1,0,0,-5,0.166666666666667,1
"scattered_mixed",61,"BY",TRUE,0,0,0,0,-6,0,0
"scattered_mixed",62,"unadjusted",TRUE,0.833333333333333,1,0,0,-1,0.833333333333333,5
"scattered_mixed",62,"Holm",TRUE,0.166666666666667,1,0,0,-5,0.166666666666667,1
"scattered_mixed",62,"BY",TRUE,0,0,0,0,-6,0,0
"scattered_mixed",63,"unadjusted",TRUE,1,1,0,0,0,1,6
"scattered_mixed",63,"Holm",TRUE,0.5,1,0,0,-3,0.5,3
"scattered_mixed",63,"BY",TRUE,0.5,1,0,0,-3,0.5,3
"scattered_mixed",64,"unadjusted",TRUE,1,0.857142857142857,0.142857142857143,1,1,0.857142857142857,7
"scattered_mixed",64,"Holm",TRUE,0.333333333333333,1,0,0,-4,0.333333333333333,2
"scattered_mixed",64,"BY",TRUE,0.333333333333333,1,0,0,-4,0.333333333333333,2
"scattered_mixed",65,"unadjusted",TRUE,0.833333333333333,0.833333333333333,0.166666666666667,1,0,0.714285714285714,6
"scattered_mixed",65,"Holm",TRUE,0.333333333333333,1,0,0,-4,0.333333333333333,2
"scattered_mixed",65,"BY",TRUE,0.333333333333333,1,0,0,-4,0.333333333333333,2
"scattered_mixed",66,"unadjusted",TRUE,0.666666666666667,0.666666666666667,0.333333333333333,1,0,0.5,6
"scattered_mixed",66,"Holm",TRUE,0.166666666666667,1,0,0,-5,0.166666666666667,1
"scattered_mixed",66,"BY",TRUE,0,0,0,0,-6,0,0
"scattered_mixed",67,"unadjusted",TRUE,0.833333333333333,1,0,0,-1,0.833333333333333,5
"scattered_mixed",67,"Holm",TRUE,0.5,1,0,0,-3,0.5,3
"scattered_mixed",67,"BY",TRUE,0.5,1,0,0,-3,0.5,3
"scattered_mixed",68,"unadjusted",TRUE,0.666666666666667,1,0,0,-2,0.666666666666667,4
"scattered_mixed",68,"Holm",TRUE,0.166666666666667,1,0,0,-5,0.166666666666667,1
"scattered_mixed",68,"BY",TRUE,0.166666666666667,1,0,0,-5,0.166666666666667,1
"scattered_mixed",69,"unadjusted",TRUE,0.666666666666667,1,0,0,-2,0.666666666666667,4
"scattered_mixed",69,"Holm",TRUE,0.333333333333333,1,0,0,-4,0.333333333333333,2
"scattered_mixed",69,"BY",TRUE,0.166666666666667,1,0,0,-5,0.166666666666667,1
"scattered_mixed",70,"unadjusted",TRUE,0.5,1,0,0,-3,0.5,3
"scattered_mixed",70,"Holm",TRUE,0.166666666666667,1,0,0,-5,0.166666666666667,1
"scattered_mixed",70,"BY",TRUE,0,0,0,0,-6,0,0
"scattered_mixed",71,"unadjusted",TRUE,0.666666666666667,1,0,0,-2,0.666666666666667,4
"scattered_mixed",71,"Holm",TRUE,0.333333333333333,1,0,0,-4,0.333333333333333,2
"scattered_mixed",71,"BY",TRUE,0.333333333333333,1,0,0,-4,0.333333333333333,2
"scattered_mixed",72,"unadjusted",TRUE,0.833333333333333,1,0,0,-1,0.833333333333333,5
"scattered_mixed",72,"Holm",TRUE,0.333333333333333,1,0,0,-4,0.333333333333333,2
"scattered_mixed",72,"BY",TRUE,0,0,0,0,-6,0,0
"scattered_mixed",73,"unadjusted",TRUE,0.666666666666667,1,0,0,-2,0.666666666666667,4
"scattered_mixed",73,"Holm",TRUE,0.166666666666667,1,0,0,-5,0.166666666666667,1
"scattered_mixed",73,"BY",TRUE,0,0,0,0,-6,0,0
"scattered_mixed",74,"unadjusted",TRUE,1,1,0,0,0,1,6
"scattered_mixed",74,"Holm",TRUE,0.5,1,0,0,-3,0.5,3
"scattered_mixed",74,"BY",TRUE,0.5,1,0,0,-3,0.5,3
"scattered_mixed",75,"unadjusted",TRUE,0.5,0.75,0.25,1,-2,0.428571428571429,4
"scattered_mixed",75,"Holm",TRUE,0,0,0,0,-6,0,0
"scattered_mixed",75,"BY",TRUE,0,0,0,0,-6,0,0
"scattered_mixed",76,"unadjusted",TRUE,0.333333333333333,1,0,0,-4,0.333333333333333,2
"scattered_mixed",76,"Holm",TRUE,0.166666666666667,1,0,0,-5,0.166666666666667,1
"scattered_mixed",76,"BY",TRUE,0.166666666666667,1,0,0,-5,0.166666666666667,1
"scattered_mixed",77,"unadjusted",TRUE,0.833333333333333,0.833333333333333,0.166666666666667,1,0,0.714285714285714,6
"scattered_mixed",77,"Holm",TRUE,0,0,0,0,-6,0,0
"scattered_mixed",77,"BY",TRUE,0,0,0,0,-6,0,0
"scattered_mixed",78,"unadjusted",TRUE,0.666666666666667,1,0,0,-2,0.666666666666667,4
"scattered_mixed",78,"Holm",TRUE,0.333333333333333,1,0,0,-4,0.333333333333333,2
"scattered_mixed",78,"BY",TRUE,0.333333333333333,1,0,0,-4,0.333333333333333,2
"scattered_mixed",79,"unadjusted",TRUE,1,1,0,0,0,1,6
"scattered_mixed",79,"Holm",TRUE,0.5,1,0,0,-3,0.5,3
"scattered_mixed",79,"BY",TRUE,0.5,1,0,0,-3,0.5,3
"scattered_mixed",80,"unadjusted",TRUE,0.5,1,0,0,-3,0.5,3
"scattered_mixed",80,"Holm",TRUE,0,0,0,0,-6,0,0
"scattered_mixed",80,"BY",TRUE,0,0,0,0,-6,0,0
"scattered_mixed",81,"unadjusted",TRUE,0.833333333333333,0.833333333333333,0.166666666666667,1,0,0.714285714285714,6
"scattered_mixed",81,"Holm",TRUE,0.166666666666667,1,0,0,-5,0.166666666666667,1
"scattered_mixed",81,"BY",TRUE,0.166666666666667,1,0,0,-5,0.166666666666667,1
"scattered_mixed",82,"unadjusted",TRUE,0.666666666666667,0.666666666666667,0.333333333333333,1,0,0.5,6
"scattered_mixed",82,"Holm",TRUE,0.166666666666667,1,0,0,-5,0.166666666666667,1
"scattered_mixed",82,"BY",TRUE,0.166666666666667,1,0,0,-5,0.166666666666667,1
"scattered_mixed",83,"unadjusted",TRUE,0.333333333333333,0.666666666666667,0.333333333333333,1,-3,0.285714285714286,3
"scattered_mixed",83,"Holm",TRUE,0.166666666666667,1,0,0,-5,0.166666666666667,1
"scattered_mixed",83,"BY",TRUE,0,0,0,0,-6,0,0
"scattered_mixed",84,"unadjusted",TRUE,0.833333333333333,1,0,0,-1,0.833333333333333,5
"scattered_mixed",84,"Holm",TRUE,0.166666666666667,1,0,0,-5,0.166666666666667,1
"scattered_mixed",84,"BY",TRUE,0,0,0,0,-6,0,0
"scattered_mixed",85,"unadjusted",TRUE,0.5,1,0,0,-3,0.5,3
"scattered_mixed",85,"Holm",TRUE,0.166666666666667,1,0,0,-5,0.166666666666667,1
"scattered_mixed",85,"BY",TRUE,0,0,0,0,-6,0,0
"scattered_mixed",86,"unadjusted",TRUE,0.5,0.75,0.25,1,-2,0.428571428571429,4
"scattered_mixed",86,"Holm",TRUE,0,0,0,0,-6,0,0
"scattered_mixed",86,"BY",TRUE,0,0,0,0,-6,0,0
"scattered_mixed",87,"unadjusted",TRUE,0.833333333333333,1,0,0,-1,0.833333333333333,5
"scattered_mixed",87,"Holm",TRUE,0.333333333333333,1,0,0,-4,0.333333333333333,2
"scattered_mixed",87,"BY",TRUE,0.333333333333333,1,0,0,-4,0.333333333333333,2
"scattered_mixed",88,"unadjusted",TRUE,0.666666666666667,0.8,0.2,1,-1,0.571428571428571,5
"scattered_mixed",88,"Holm",TRUE,0,0,0,0,-6,0,0
"scattered_mixed",88,"BY",TRUE,0,0,0,0,-6,0,0
"scattered_mixed",89,"unadjusted",TRUE,0.666666666666667,0.666666666666667,0.333333333333333,1,0,0.5,6
"scattered_mixed",89,"Holm",TRUE,0.166666666666667,1,0,0,-5,0.166666666666667,1
"scattered_mixed",89,"BY",TRUE,0,0,0,0,-6,0,0
"scattered_mixed",90,"unadjusted",TRUE,0.666666666666667,0.8,0.2,1,-1,0.571428571428571,5
"scattered_mixed",90,"Holm",TRUE,0.333333333333333,1,0,0,-4,0.333333333333333,2
"scattered_mixed",90,"BY",TRUE,0.333333333333333,1,0,0,-4,0.333333333333333,2
"scattered_mixed",91,"unadjusted",TRUE,0.833333333333333,1,0,0,-1,0.833333333333333,5
"scattered_mixed",91,"Holm",TRUE,0.333333333333333,1,0,0,-4,0.333333333333333,2
"scattered_mixed",91,"BY",TRUE,0.333333333333333,1,0,0,-4,0.333333333333333,2
"scattered_mixed",92,"unadjusted",TRUE,0.666666666666667,1,0,0,-2,0.666666666666667,4
"scattered_mixed",92,"Holm",TRUE,0,0,0,0,-6,0,0
"scattered_mixed",92,"BY",TRUE,0,0,0,0,-6,0,0
"scattered_mixed",93,"unadjusted",TRUE,0.833333333333333,1,0,0,-1,0.833333333333333,5
"scattered_mixed",93,"Holm",TRUE,0.166666666666667,1,0,0,-5,0.166666666666667,1
"scattered_mixed",93,"BY",TRUE,0,0,0,0,-6,0,0
"scattered_mixed",94,"unadjusted",TRUE,0.833333333333333,1,0,0,-1,0.833333333333333,5
"scattered_mixed",94,"Holm",TRUE,0,0,0,0,-6,0,0
"scattered_mixed",94,"BY",TRUE,0,0,0,0,-6,0,0
"scattered_mixed",95,"unadjusted",TRUE,0.666666666666667,0.8,0.2,1,-1,0.571428571428571,5
"scattered_mixed",95,"Holm",TRUE,0.333333333333333,1,0,0,-4,0.333333333333333,2
"scattered_mixed",95,"BY",TRUE,0.166666666666667,1,0,0,-5,0.166666666666667,1
"scattered_mixed",96,"unadjusted",TRUE,0.833333333333333,0.833333333333333,0.166666666666667,1,0,0.714285714285714,6
"scattered_mixed",96,"Holm",TRUE,0.166666666666667,1,0,0,-5,0.166666666666667,1
"scattered_mixed",96,"BY",TRUE,0,0,0,0,-6,0,0
"scattered_mixed",97,"unadjusted",TRUE,0.333333333333333,1,0,0,-4,0.333333333333333,2
"scattered_mixed",97,"Holm",TRUE,0.166666666666667,1,0,0,-5,0.166666666666667,1
"scattered_mixed",97,"BY",TRUE,0,0,0,0,-6,0,0
"scattered_mixed",98,"unadjusted",TRUE,0.5,0.75,0.25,1,-2,0.428571428571429,4
"scattered_mixed",98,"Holm",TRUE,0,0,0,0,-6,0,0
"scattered_mixed",98,"BY",TRUE,0,0,0,0,-6,0,0
"scattered_mixed",99,"unadjusted",TRUE,0.5,0.75,0.25,1,-2,0.428571428571429,4
"scattered_mixed",99,"Holm",TRUE,0.166666666666667,1,0,0,-5,0.166666666666667,1
"scattered_mixed",99,"BY",TRUE,0.166666666666667,1,0,0,-5,0.166666666666667,1
"scattered_mixed",100,"unadjusted",TRUE,0.666666666666667,0.8,0.2,1,-1,0.571428571428571,5
"scattered_mixed",100,"Holm",TRUE,0.166666666666667,1,0,0,-5,0.166666666666667,1
"scattered_mixed",100,"BY",TRUE,0,0,0,0,-6,0,0
"scattered_mixed",101,"unadjusted",TRUE,0.666666666666667,1,0,0,-2,0.666666666666667,4
"scattered_mixed",101,"Holm",TRUE,0,0,0,0,-6,0,0
"scattered_mixed",101,"BY",TRUE,0,0,0,0,-6,0,0
"scattered_mixed",102,"unadjusted",TRUE,1,0.857142857142857,0.142857142857143,1,1,0.857142857142857,7
"scattered_mixed",102,"Holm",TRUE,0.5,1,0,0,-3,0.5,3
"scattered_mixed",102,"BY",TRUE,0.5,1,0,0,-3,0.5,3
"scattered_mixed",103,"unadjusted",TRUE,0.5,1,0,0,-3,0.5,3
"scattered_mixed",103,"Holm",TRUE,0.166666666666667,1,0,0,-5,0.166666666666667,1
"scattered_mixed",103,"BY",TRUE,0.166666666666667,1,0,0,-5,0.166666666666667,1
"scattered_mixed",104,"unadjusted",TRUE,0.833333333333333,1,0,0,-1,0.833333333333333,5
"scattered_mixed",104,"Holm",TRUE,0.333333333333333,1,0,0,-4,0.333333333333333,2
"scattered_mixed",104,"BY",TRUE,0,0,0,0,-6,0,0
"scattered_mixed",105,"unadjusted",TRUE,0.666666666666667,1,0,0,-2,0.666666666666667,4
"scattered_mixed",105,"Holm",TRUE,0,0,0,0,-6,0,0
"scattered_mixed",105,"BY",TRUE,0,0,0,0,-6,0,0
"scattered_mixed",106,"unadjusted",TRUE,0.666666666666667,0.8,0.2,1,-1,0.571428571428571,5
"scattered_mixed",106,"Holm",TRUE,0,0,0,0,-6,0,0
"scattered_mixed",106,"BY",TRUE,0,0,0,0,-6,0,0
"scattered_mixed",107,"unadjusted",TRUE,0.833333333333333,1,0,0,-1,0.833333333333333,5
"scattered_mixed",107,"Holm",TRUE,0.5,1,0,0,-3,0.5,3
"scattered_mixed",107,"BY",TRUE,0.5,1,0,0,-3,0.5,3
"scattered_mixed",108,"unadjusted",TRUE,0.666666666666667,1,0,0,-2,0.666666666666667,4
"scattered_mixed",108,"Holm",TRUE,0.333333333333333,1,0,0,-4,0.333333333333333,2
"scattered_mixed",108,"BY",TRUE,0.333333333333333,1,0,0,-4,0.333333333333333,2
"scattered_mixed",109,"unadjusted",TRUE,0.833333333333333,1,0,0,-1,0.833333333333333,5
"scattered_mixed",109,"Holm",TRUE,0.666666666666667,1,0,0,-2,0.666666666666667,4
"scattered_mixed",109,"BY",TRUE,0.666666666666667,1,0,0,-2,0.666666666666667,4
"scattered_mixed",110,"unadjusted",TRUE,0.833333333333333,0.833333333333333,0.166666666666667,1,0,0.714285714285714,6
"scattered_mixed",110,"Holm",TRUE,0.5,1,0,0,-3,0.5,3
"scattered_mixed",110,"BY",TRUE,0.5,1,0,0,-3,0.5,3
"scattered_mixed",111,"unadjusted",TRUE,0.5,1,0,0,-3,0.5,3
"scattered_mixed",111,"Holm",TRUE,0.166666666666667,1,0,0,-5,0.166666666666667,1
"scattered_mixed",111,"BY",TRUE,0.166666666666667,1,0,0,-5,0.166666666666667,1
"scattered_mixed",112,"unadjusted",TRUE,0.666666666666667,0.8,0.2,1,-1,0.571428571428571,5
"scattered_mixed",112,"Holm",TRUE,0.166666666666667,1,0,0,-5,0.166666666666667,1
"scattered_mixed",112,"BY",TRUE,0.166666666666667,1,0,0,-5,0.166666666666667,1
"scattered_mixed",113,"unadjusted",TRUE,0.833333333333333,0.833333333333333,0.166666666666667,1,0,0.714285714285714,6
"scattered_mixed",113,"Holm",TRUE,0.333333333333333,1,0,0,-4,0.333333333333333,2
"scattered_mixed",113,"BY",TRUE,0.333333333333333,1,0,0,-4,0.333333333333333,2
"scattered_mixed",114,"unadjusted",TRUE,0.5,1,0,0,-3,0.5,3
"scattered_mixed",114,"Holm",TRUE,0,0,0,0,-6,0,0
"scattered_mixed",114,"BY",TRUE,0,0,0,0,-6,0,0
"scattered_mixed",115,"unadjusted",TRUE,0.833333333333333,0.714285714285714,0.285714285714286,1,1,0.625,7
"scattered_mixed",115,"Holm",TRUE,0.333333333333333,1,0,0,-4,0.333333333333333,2
"scattered_mixed",115,"BY",TRUE,0.333333333333333,1,0,0,-4,0.333333333333333,2
"scattered_mixed",116,"unadjusted",TRUE,0.833333333333333,1,0,0,-1,0.833333333333333,5
"scattered_mixed",116,"Holm",TRUE,0.666666666666667,1,0,0,-2,0.666666666666667,4
"scattered_mixed",116,"BY",TRUE,0.666666666666667,1,0,0,-2,0.666666666666667,4
"scattered_mixed",117,"unadjusted",TRUE,0.666666666666667,1,0,0,-2,0.666666666666667,4
"scattered_mixed",117,"Holm",TRUE,0.333333333333333,1,0,0,-4,0.333333333333333,2
"scattered_mixed",117,"BY",TRUE,0,0,0,0,-6,0,0
"scattered_mixed",118,"unadjusted",TRUE,0.833333333333333,1,0,0,-1,0.833333333333333,5
"scattered_mixed",118,"Holm",TRUE,0.5,1,0,0,-3,0.5,3
"scattered_mixed",118,"BY",TRUE,0.5,1,0,0,-3,0.5,3
"scattered_mixed",119,"unadjusted",TRUE,0.666666666666667,1,0,0,-2,0.666666666666667,4
"scattered_mixed",119,"Holm",TRUE,0.166666666666667,1,0,0,-5,0.166666666666667,1
"scattered_mixed",119,"BY",TRUE,0,0,0,0,-6,0,0
"scattered_mixed",120,"unadjusted",TRUE,0.5,1,0,0,-3,0.5,3
"scattered_mixed",120,"Holm",TRUE,0.166666666666667,1,0,0,-5,0.166666666666667,1
"scattered_mixed",120,"BY",TRUE,0,0,0,0,-6,0,0
"scattered_mixed",121,"unadjusted",TRUE,0.666666666666667,1,0,0,-2,0.666666666666667,4
"scattered_mixed",121,"Holm",TRUE,0.166666666666667,1,0,0,-5,0.166666666666667,1
"scattered_mixed",121,"BY",TRUE,0.166666666666667,1,0,0,-5,0.166666666666667,1
"scattered_mixed",122,"unadjusted",TRUE,0.833333333333333,1,0,0,-1,0.833333333333333,5
"scattered_mixed",122,"Holm",TRUE,0.166666666666667,1,0,0,-5,0.166666666666667,1
"scattered_mixed",122,"BY",TRUE,0.166666666666667,1,0,0,-5,0.166666666666667,1
"scattered_mixed",123,"unadjusted",TRUE,0.666666666666667,0.8,0.2,1,-1,0.571428571428571,5
"scattered_mixed",123,"Holm",TRUE,0.5,1,0,0,-3,0.5,3
"scattered_mixed",123,"BY",TRUE,0.5,1,0,0,-3,0.5,3
"scattered_mixed",124,"unadjusted",TRUE,0.5,1,0,0,-3,0.5,3
"scattered_mixed",124,"Holm",TRUE,0,0,0,0,-6,0,0
"scattered_mixed",124,"BY",TRUE,0,0,0,0,-6,0,0
"scattered_mixed",125,"unadjusted",TRUE,0.166666666666667,1,0,0,-5,0.166666666666667,1
"scattered_mixed",125,"Holm",TRUE,0,0,0,0,-6,0,0
"scattered_mixed",125,"BY",TRUE,0,0,0,0,-6,0,0
"scattered_mixed",126,"unadjusted",TRUE,0.666666666666667,1,0,0,-2,0.666666666666667,4
"scattered_mixed",126,"Holm",TRUE,0.5,1,0,0,-3,0.5,3
"scattered_mixed",126,"BY",TRUE,0.5,1,0,0,-3,0.5,3
"scattered_mixed",127,"unadjusted",TRUE,1,1,0,0,0,1,6
"scattered_mixed",127,"Holm",TRUE,0.333333333333333,1,0,0,-4,0.333333333333333,2
"scattered_mixed",127,"BY",TRUE,0.166666666666667,1,0,0,-5,0.166666666666667,1
"scattered_mixed",128,"unadjusted",TRUE,1,1,0,0,0,1,6
"scattered_mixed",128,"Holm",TRUE,0.333333333333333,1,0,0,-4,0.333333333333333,2
"scattered_mixed",128,"BY",TRUE,0.166666666666667,1,0,0,-5,0.166666666666667,1
"scattered_mixed",129,"unadjusted",TRUE,0.5,0.75,0.25,1,-2,0.428571428571429,4
"scattered_mixed",129,"Holm",TRUE,0,0,0,0,-6,0,0
"scattered_mixed",129,"BY",TRUE,0,0,0,0,-6,0,0
"scattered_mixed",130,"unadjusted",TRUE,0.666666666666667,1,0,0,-2,0.666666666666667,4
"scattered_mixed",130,"Holm",TRUE,0.5,1,0,0,-3,0.5,3
"scattered_mixed",130,"BY",TRUE,0.5,1,0,0,-3,0.5,3
"scattered_mixed",131,"unadjusted",TRUE,0.5,1,0,0,-3,0.5,3
"scattered_mixed",131,"Holm",TRUE,0,0,0,0,-6,0,0
"scattered_mixed",131,"BY",TRUE,0,0,0,0,-6,0,0
"scattered_mixed",132,"unadjusted",TRUE,1,0.666666666666667,0.333333333333333,1,3,0.666666666666667,9
"scattered_mixed",132,"Holm",TRUE,0,0,0,0,-6,0,0
"scattered_mixed",132,"BY",TRUE,0,0,0,0,-6,0,0
"scattered_mixed",133,"unadjusted",TRUE,0.833333333333333,0.833333333333333,0.166666666666667,1,0,0.714285714285714,6
"scattered_mixed",133,"Holm",TRUE,0.166666666666667,1,0,0,-5,0.166666666666667,1
"scattered_mixed",133,"BY",TRUE,0,0,0,0,-6,0,0
"scattered_mixed",134,"unadjusted",TRUE,0.5,0.6,0.4,1,-1,0.375,5
"scattered_mixed",134,"Holm",TRUE,0.166666666666667,1,0,0,-5,0.166666666666667,1
"scattered_mixed",134,"BY",TRUE,0,0,0,0,-6,0,0
"scattered_mixed",135,"unadjusted",TRUE,0.5,1,0,0,-3,0.5,3
"scattered_mixed",135,"Holm",TRUE,0.333333333333333,1,0,0,-4,0.333333333333333,2
"scattered_mixed",135,"BY",TRUE,0,0,0,0,-6,0,0
"scattered_mixed",136,"unadjusted",TRUE,0.666666666666667,1,0,0,-2,0.666666666666667,4
"scattered_mixed",136,"Holm",TRUE,0.166666666666667,1,0,0,-5,0.166666666666667,1
"scattered_mixed",136,"BY",TRUE,0.166666666666667,1,0,0,-5,0.166666666666667,1
"scattered_mixed",137,"unadjusted",TRUE,0.5,0.75,0.25,1,-2,0.428571428571429,4
"scattered_mixed",137,"Holm",TRUE,0.333333333333333,1,0,0,-4,0.333333333333333,2
"scattered_mixed",137,"BY",TRUE,0.166666666666667,1,0,0,-5,0.166666666666667,1
"scattered_mixed",138,"unadjusted",TRUE,0.666666666666667,0.8,0.2,1,-1,0.571428571428571,5
"scattered_mixed",138,"Holm",TRUE,0.166666666666667,0.5,0.5,1,-4,0.142857142857143,2
"scattered_mixed",138,"BY",TRUE,0.166666666666667,1,0,0,-5,0.166666666666667,1
"scattered_mixed",139,"unadjusted",TRUE,0.5,1,0,0,-3,0.5,3
"scattered_mixed",139,"Holm",TRUE,0,0,0,0,-6,0,0
"scattered_mixed",139,"BY",TRUE,0,0,0,0,-6,0,0
"scattered_mixed",140,"unadjusted",TRUE,0.833333333333333,1,0,0,-1,0.833333333333333,5
"scattered_mixed",140,"Holm",TRUE,0.333333333333333,1,0,0,-4,0.333333333333333,2
"scattered_mixed",140,"BY",TRUE,0.166666666666667,1,0,0,-5,0.166666666666667,1
"scattered_mixed",141,"unadjusted",TRUE,0.666666666666667,0.8,0.2,1,-1,0.571428571428571,5
"scattered_mixed",141,"Holm",TRUE,0.166666666666667,1,0,0,-5,0.166666666666667,1
"scattered_mixed",141,"BY",TRUE,0.166666666666667,1,0,0,-5,0.166666666666667,1
"scattered_mixed",142,"unadjusted",TRUE,0.666666666666667,1,0,0,-2,0.666666666666667,4
"scattered_mixed",142,"Holm",TRUE,0.333333333333333,1,0,0,-4,0.333333333333333,2
"scattered_mixed",142,"BY",TRUE,0.333333333333333,1,0,0,-4,0.333333333333333,2
"scattered_mixed",143,"unadjusted",TRUE,0.666666666666667,1,0,0,-2,0.666666666666667,4
"scattered_mixed",143,"Holm",TRUE,0,0,0,0,-6,0,0
"scattered_mixed",143,"BY",TRUE,0,0,0,0,-6,0,0
"scattered_mixed",144,"unadjusted",TRUE,0.833333333333333,1,0,0,-1,0.833333333333333,5
"scattered_mixed",144,"Holm",TRUE,0.333333333333333,1,0,0,-4,0.333333333333333,2
"scattered_mixed",144,"BY",TRUE,0.166666666666667,1,0,0,-5,0.166666666666667,1
"scattered_mixed",145,"unadjusted",TRUE,0.5,1,0,0,-3,0.5,3
"scattered_mixed",145,"Holm",TRUE,0.166666666666667,1,0,0,-5,0.166666666666667,1
"scattered_mixed",145,"BY",TRUE,0.166666666666667,1,0,0,-5,0.166666666666667,1
"scattered_mixed",146,"unadjusted",TRUE,0.5,0.75,0.25,1,-2,0.428571428571429,4
"scattered_mixed",146,"Holm",TRUE,0.166666666666667,1,0,0,-5,0.166666666666667,1
"scattered_mixed",146,"BY",TRUE,0.166666666666667,1,0,0,-5,0.166666666666667,1
"scattered_mixed",147,"unadjusted",TRUE,0.833333333333333,1,0,0,-1,0.833333333333333,5
"scattered_mixed",147,"Holm",TRUE,0.166666666666667,1,0,0,-5,0.166666666666667,1
"scattered_mixed",147,"BY",TRUE,0.166666666666667,1,0,0,-5,0.166666666666667,1
"scattered_mixed",148,"unadjusted",TRUE,0.5,1,0,0,-3,0.5,3
"scattered_mixed",148,"Holm",TRUE,0.166666666666667,1,0,0,-5,0.166666666666667,1
"scattered_mixed",148,"BY",TRUE,0,0,0,0,-6,0,0
"scattered_mixed",149,"unadjusted",TRUE,0.5,1,0,0,-3,0.5,3
"scattered_mixed",149,"Holm",TRUE,0.166666666666667,1,0,0,-5,0.166666666666667,1
"scattered_mixed",149,"BY",TRUE,0.166666666666667,1,0,0,-5,0.166666666666667,1
"scattered_mixed",150,"unadjusted",TRUE,0.833333333333333,0.833333333333333,0.166666666666667,1,0,0.714285714285714,6
"scattered_mixed",150,"Holm",TRUE,0.333333333333333,1,0,0,-4,0.333333333333333,2
"scattered_mixed",150,"BY",TRUE,0.333333333333333,1,0,0,-4,0.333333333333333,2
"scattered_mixed",151,"unadjusted",TRUE,0.666666666666667,0.8,0.2,1,-1,0.571428571428571,5
"scattered_mixed",151,"Holm",TRUE,0.166666666666667,1,0,0,-5,0.166666666666667,1
"scattered_mixed",151,"BY",TRUE,0.166666666666667,1,0,0,-5,0.166666666666667,1
"scattered_mixed",152,"unadjusted",TRUE,0.666666666666667,1,0,0,-2,0.666666666666667,4
"scattered_mixed",152,"Holm",TRUE,0,0,0,0,-6,0,0
"scattered_mixed",152,"BY",TRUE,0,0,0,0,-6,0,0
"scattered_mixed",153,"unadjusted",TRUE,0.666666666666667,1,0,0,-2,0.666666666666667,4
"scattered_mixed",153,"Holm",TRUE,0.166666666666667,1,0,0,-5,0.166666666666667,1
"scattered_mixed",153,"BY",TRUE,0,0,0,0,-6,0,0
"scattered_mixed",154,"unadjusted",TRUE,0.5,0.75,0.25,1,-2,0.428571428571429,4
"scattered_mixed",154,"Holm",TRUE,0.166666666666667,1,0,0,-5,0.166666666666667,1
"scattered_mixed",154,"BY",TRUE,0,0,0,0,-6,0,0
"scattered_mixed",155,"unadjusted",TRUE,0.5,0.6,0.4,1,-1,0.375,5
"scattered_mixed",155,"Holm",TRUE,0.166666666666667,1,0,0,-5,0.166666666666667,1
"scattered_mixed",155,"BY",TRUE,0.166666666666667,1,0,0,-5,0.166666666666667,1
"scattered_mixed",156,"unadjusted",TRUE,0.833333333333333,1,0,0,-1,0.833333333333333,5
"scattered_mixed",156,"Holm",TRUE,0.166666666666667,1,0,0,-5,0.166666666666667,1
"scattered_mixed",156,"BY",TRUE,0.166666666666667,1,0,0,-5,0.166666666666667,1
"scattered_mixed",157,"unadjusted",TRUE,0.666666666666667,0.8,0.2,1,-1,0.571428571428571,5
"scattered_mixed",157,"Holm",TRUE,0.333333333333333,1,0,0,-4,0.333333333333333,2
"scattered_mixed",157,"BY",TRUE,0,0,0,0,-6,0,0
"scattered_mixed",158,"unadjusted",TRUE,0.666666666666667,0.8,0.2,1,-1,0.571428571428571,5
"scattered_mixed",158,"Holm",TRUE,0,0,0,0,-6,0,0
"scattered_mixed",158,"BY",TRUE,0,0,0,0,-6,0,0
"scattered_mixed",159,"unadjusted",TRUE,1,0.857142857142857,0.142857142857143,1,1,0.857142857142857,7
"scattered_mixed",159,"Holm",TRUE,0.166666666666667,1,0,0,-5,0.166666666666667,1
"scattered_mixed",159,"BY",TRUE,0.166666666666667,1,0,0,-5,0.166666666666667,1
"scattered_mixed",160,"unadjusted",TRUE,0.666666666666667,1,0,0,-2,0.666666666666667,4
"scattered_mixed",160,"Holm",TRUE,0.666666666666667,1,0,0,-2,0.666666666666667,4
"scattered_mixed",160,"BY",TRUE,0.666666666666667,1,0,0,-2,0.666666666666667,4
"scattered_mixed",161,"unadjusted",TRUE,0.666666666666667,1,0,0,-2,0.666666666666667,4
"scattered_mixed",161,"Holm",TRUE,0.166666666666667,1,0,0,-5,0.166666666666667,1
"scattered_mixed",161,"BY",TRUE,0.166666666666667,1,0,0,-5,0.166666666666667,1
"scattered_mixed",162,"unadjusted",TRUE,0.666666666666667,0.8,0.2,1,-1,0.571428571428571,5
"scattered_mixed",162,"Holm",TRUE,0,0,0,0,-6,0,0
"scattered_mixed",162,"BY",TRUE,0,0,0,0,-6,0,0
"scattered_mixed",163,"unadjusted",TRUE,0.666666666666667,1,0,0,-2,0.666666666666667,4
"scattered_mixed",163,"Holm",TRUE,0.333333333333333,1,0,0,-4,0.333333333333333,2
"scattered_mixed",163,"BY",TRUE,0.333333333333333,1,0,0,-4,0.333333333333333,2
"scattered_mixed",164,"unadjusted",TRUE,0.5,1,0,0,-3,0.5,3
"scattered_mixed",164,"Holm",TRUE,0.166666666666667,1,0,0,-5,0.166666666666667,1
"scattered_mixed",164,"BY",TRUE,0.166666666666667,1,0,0,-5,0.166666666666667,1
"scattered_mixed",165,"unadjusted",TRUE,0.833333333333333,0.714285714285714,0.285714285714286,1,1,0.625,7
"scattered_mixed",165,"Holm",TRUE,0,0,0,0,-6,0,0
"scattered_mixed",165,"BY",TRUE,0,0,0,0,-6,0,0
"scattered_mixed",166,"unadjusted",TRUE,0.5,1,0,0,-3,0.5,3
"scattered_mixed",166,"Holm",TRUE,0.333333333333333,1,0,0,-4,0.333333333333333,2
"scattered_mixed",166,"BY",TRUE,0.333333333333333,1,0,0,-4,0.333333333333333,2
"scattered_mixed",167,"unadjusted",TRUE,0.666666666666667,1,0,0,-2,0.666666666666667,4
"scattered_mixed",167,"Holm",TRUE,0.333333333333333,1,0,0,-4,0.333333333333333,2
"scattered_mixed",167,"BY",TRUE,0.333333333333333,1,0,0,-4,0.333333333333333,2
"scattered_mixed",168,"unadjusted",TRUE,0.333333333333333,1,0,0,-4,0.333333333333333,2
"scattered_mixed",168,"Holm",TRUE,0.166666666666667,1,0,0,-5,0.166666666666667,1
"scattered_mixed",168,"BY",TRUE,0,0,0,0,-6,0,0
"scattered_mixed",169,"unadjusted",TRUE,0.666666666666667,0.666666666666667,0.333333333333333,1,0,0.5,6
"scattered_mixed",169,"Holm",TRUE,0,0,0,0,-6,0,0
"scattered_mixed",169,"BY",TRUE,0,0,0,0,-6,0,0
"scattered_mixed",170,"unadjusted",TRUE,0.5,0.75,0.25,1,-2,0.428571428571429,4
"scattered_mixed",170,"Holm",TRUE,0.166666666666667,1,0,0,-5,0.166666666666667,1
"scattered_mixed",170,"BY",TRUE,0.166666666666667,1,0,0,-5,0.166666666666667,1
"scattered_mixed",171,"unadjusted",TRUE,0.833333333333333,1,0,0,-1,0.833333333333333,5
"scattered_mixed",171,"Holm",TRUE,0.333333333333333,1,0,0,-4,0.333333333333333,2
"scattered_mixed",171,"BY",TRUE,0.166666666666667,1,0,0,-5,0.166666666666667,1
"scattered_mixed",172,"unadjusted",TRUE,0.166666666666667,1,0,0,-5,0.166666666666667,1
"scattered_mixed",172,"Holm",TRUE,0.166666666666667,1,0,0,-5,0.166666666666667,1
"scattered_mixed",172,"BY",TRUE,0,0,0,0,-6,0,0
"scattered_mixed",173,"unadjusted",TRUE,0.666666666666667,1,0,0,-2,0.666666666666667,4
"scattered_mixed",173,"Holm",TRUE,0.166666666666667,1,0,0,-5,0.166666666666667,1
"scattered_mixed",173,"BY",TRUE,0.166666666666667,1,0,0,-5,0.166666666666667,1
"scattered_mixed",174,"unadjusted",TRUE,0.5,0.75,0.25,1,-2,0.428571428571429,4
"scattered_mixed",174,"Holm",TRUE,0,0,0,0,-6,0,0
"scattered_mixed",174,"BY",TRUE,0,0,0,0,-6,0,0
"scattered_mixed",175,"unadjusted",TRUE,0.666666666666667,1,0,0,-2,0.666666666666667,4
"scattered_mixed",175,"Holm",TRUE,0.5,1,0,0,-3,0.5,3
"scattered_mixed",175,"BY",TRUE,0.5,1,0,0,-3,0.5,3
"scattered_mixed",176,"unadjusted",TRUE,0.333333333333333,0.5,0.5,1,-2,0.25,4
"scattered_mixed",176,"Holm",TRUE,0.166666666666667,1,0,0,-5,0.166666666666667,1
"scattered_mixed",176,"BY",TRUE,0.166666666666667,1,0,0,-5,0.166666666666667,1
"scattered_mixed",177,"unadjusted",TRUE,0.5,1,0,0,-3,0.5,3
"scattered_mixed",177,"Holm",TRUE,0.166666666666667,1,0,0,-5,0.166666666666667,1
"scattered_mixed",177,"BY",TRUE,0,0,0,0,-6,0,0
"scattered_mixed",178,"unadjusted",TRUE,0.833333333333333,0.714285714285714,0.285714285714286,1,1,0.625,7
"scattered_mixed",178,"Holm",TRUE,0.5,1,0,0,-3,0.5,3
"scattered_mixed",178,"BY",TRUE,0.5,1,0,0,-3,0.5,3
"scattered_mixed",179,"unadjusted",TRUE,0.5,0.75,0.25,1,-2,0.428571428571429,4
"scattered_mixed",179,"Holm",TRUE,0,0,0,0,-6,0,0
"scattered_mixed",179,"BY",TRUE,0,0,0,0,-6,0,0
"scattered_mixed",180,"unadjusted",TRUE,0.833333333333333,1,0,0,-1,0.833333333333333,5
"scattered_mixed",180,"Holm",TRUE,0.333333333333333,1,0,0,-4,0.333333333333333,2
"scattered_mixed",180,"BY",TRUE,0.166666666666667,1,0,0,-5,0.166666666666667,1
"scattered_mixed",181,"unadjusted",TRUE,0.666666666666667,0.8,0.2,1,-1,0.571428571428571,5
"scattered_mixed",181,"Holm",TRUE,0.166666666666667,1,0,0,-5,0.166666666666667,1
"scattered_mixed",181,"BY",TRUE,0.166666666666667,1,0,0,-5,0.166666666666667,1
"scattered_mixed",182,"unadjusted",TRUE,0.666666666666667,1,0,0,-2,0.666666666666667,4
"scattered_mixed",182,"Holm",TRUE,0.166666666666667,1,0,0,-5,0.166666666666667,1
"scattered_mixed",182,"BY",TRUE,0.166666666666667,1,0,0,-5,0.166666666666667,1
"scattered_mixed",183,"unadjusted",TRUE,0.833333333333333,1,0,0,-1,0.833333333333333,5
"scattered_mixed",183,"Holm",TRUE,0.166666666666667,1,0,0,-5,0.166666666666667,1
"scattered_mixed",183,"BY",TRUE,0.166666666666667,1,0,0,-5,0.166666666666667,1
"scattered_mixed",184,"unadjusted",TRUE,0.666666666666667,0.666666666666667,0.333333333333333,1,0,0.5,6
"scattered_mixed",184,"Holm",TRUE,0.5,1,0,0,-3,0.5,3
"scattered_mixed",184,"BY",TRUE,0.5,1,0,0,-3,0.5,3
"scattered_mixed",185,"unadjusted",TRUE,0.666666666666667,1,0,0,-2,0.666666666666667,4
"scattered_mixed",185,"Holm",TRUE,0.333333333333333,1,0,0,-4,0.333333333333333,2
"scattered_mixed",185,"BY",TRUE,0.333333333333333,1,0,0,-4,0.333333333333333,2
"scattered_mixed",186,"unadjusted",TRUE,1,0.857142857142857,0.142857142857143,1,1,0.857142857142857,7
"scattered_mixed",186,"Holm",TRUE,0.166666666666667,1,0,0,-5,0.166666666666667,1
"scattered_mixed",186,"BY",TRUE,0.166666666666667,1,0,0,-5,0.166666666666667,1
"scattered_mixed",187,"unadjusted",TRUE,0.833333333333333,1,0,0,-1,0.833333333333333,5
"scattered_mixed",187,"Holm",TRUE,0.333333333333333,1,0,0,-4,0.333333333333333,2
"scattered_mixed",187,"BY",TRUE,0.333333333333333,1,0,0,-4,0.333333333333333,2
"scattered_mixed",188,"unadjusted",TRUE,0.833333333333333,0.833333333333333,0.166666666666667,1,0,0.714285714285714,6
"scattered_mixed",188,"Holm",TRUE,0.333333333333333,1,0,0,-4,0.333333333333333,2
"scattered_mixed",188,"BY",TRUE,0.166666666666667,1,0,0,-5,0.166666666666667,1
"scattered_mixed",189,"unadjusted",TRUE,0.5,1,0,0,-3,0.5,3
"scattered_mixed",189,"Holm",TRUE,0.166666666666667,1,0,0,-5,0.166666666666667,1
"scattered_mixed",189,"BY",TRUE,0,0,0,0,-6,0,0
"scattered_mixed",190,"unadjusted",TRUE,0.833333333333333,0.833333333333333,0.166666666666667,1,0,0.714285714285714,6
"scattered_mixed",190,"Holm",TRUE,0.166666666666667,1,0,0,-5,0.166666666666667,1
"scattered_mixed",190,"BY",TRUE,0.166666666666667,1,0,0,-5,0.166666666666667,1
"scattered_mixed",191,"unadjusted",TRUE,0.666666666666667,0.8,0.2,1,-1,0.571428571428571,5
"scattered_mixed",191,"Holm",TRUE,0,0,0,0,-6,0,0
"scattered_mixed",191,"BY",TRUE,0,0,0,0,-6,0,0
"scattered_mixed",192,"unadjusted",TRUE,1,0.75,0.25,1,2,0.75,8
"scattered_mixed",192,"Holm",TRUE,0,0,0,0,-6,0,0
"scattered_mixed",192,"BY",TRUE,0,0,0,0,-6,0,0
"scattered_mixed",193,"unadjusted",TRUE,0.666666666666667,0.8,0.2,1,-1,0.571428571428571,5
"scattered_mixed",193,"Holm",TRUE,0.166666666666667,1,0,0,-5,0.166666666666667,1
"scattered_mixed",193,"BY",TRUE,0.166666666666667,1,0,0,-5,0.166666666666667,1
"scattered_mixed",194,"unadjusted",TRUE,0.333333333333333,1,0,0,-4,0.333333333333333,2
"scattered_mixed",194,"Holm",TRUE,0.166666666666667,1,0,0,-5,0.166666666666667,1
"scattered_mixed",194,"BY",TRUE,0,0,0,0,-6,0,0
"scattered_mixed",195,"unadjusted",TRUE,0.333333333333333,1,0,0,-4,0.333333333333333,2
"scattered_mixed",195,"Holm",TRUE,0.166666666666667,1,0,0,-5,0.166666666666667,1
"scattered_mixed",195,"BY",TRUE,0,0,0,0,-6,0,0
"scattered_mixed",196,"unadjusted",TRUE,0.5,1,0,0,-3,0.5,3
"scattered_mixed",196,"Holm",TRUE,0.166666666666667,1,0,0,-5,0.166666666666667,1
"scattered_mixed",196,"BY",TRUE,0.166666666666667,1,0,0,-5,0.166666666666667,1
"scattered_mixed",197,"unadjusted",TRUE,0.833333333333333,1,0,0,-1,0.833333333333333,5
"scattered_mixed",197,"Holm",TRUE,0.166666666666667,1,0,0,-5,0.166666666666667,1
"scattered_mixed",197,"BY",TRUE,0,0,0,0,-6,0,0
"scattered_mixed",198,"unadjusted",TRUE,0.833333333333333,1,0,0,-1,0.833333333333333,5
"scattered_mixed",198,"Holm",TRUE,0.166666666666667,1,0,0,-5,0.166666666666667,1
"scattered_mixed",198,"BY",TRUE,0.166666666666667,1,0,0,-5,0.166666666666667,1
"scattered_mixed",199,"unadjusted",TRUE,0.666666666666667,1,0,0,-2,0.666666666666667,4
"scattered_mixed",199,"Holm",TRUE,0.166666666666667,1,0,0,-5,0.166666666666667,1
"scattered_mixed",199,"BY",TRUE,0.166666666666667,1,0,0,-5,0.166666666666667,1
"scattered_mixed",200,"unadjusted",TRUE,0.833333333333333,1,0,0,-1,0.833333333333333,5
"scattered_mixed",200,"Holm",TRUE,0,0,0,0,-6,0,0
"scattered_mixed",200,"BY",TRUE,0,0,0,0,-6,0,0
"scattered_mixed",201,"unadjusted",TRUE,0.5,0.6,0.4,1,-1,0.375,5
"scattered_mixed",201,"Holm",TRUE,0,0,0,0,-6,0,0
"scattered_mixed",201,"BY",TRUE,0,0,0,0,-6,0,0
"scattered_mixed",202,"unadjusted",TRUE,0.666666666666667,1,0,0,-2,0.666666666666667,4
"scattered_mixed",202,"Holm",TRUE,0.333333333333333,1,0,0,-4,0.333333333333333,2
"scattered_mixed",202,"BY",TRUE,0,0,0,0,-6,0,0
"scattered_mixed",203,"unadjusted",TRUE,0.833333333333333,0.833333333333333,0.166666666666667,1,0,0.714285714285714,6
"scattered_mixed",203,"Holm",TRUE,0.166666666666667,1,0,0,-5,0.166666666666667,1
"scattered_mixed",203,"BY",TRUE,0,0,0,0,-6,0,0
"scattered_mixed",204,"unadjusted",TRUE,0.166666666666667,0.5,0.5,1,-4,0.142857142857143,2
"scattered_mixed",204,"Holm",TRUE,0,0,0,0,-6,0,0
"scattered_mixed",204,"BY",TRUE,0,0,0,0,-6,0,0
"scattered_mixed",205,"unadjusted",TRUE,0.333333333333333,1,0,0,-4,0.333333333333333,2
"scattered_mixed",205,"Holm",TRUE,0.166666666666667,1,0,0,-5,0.166666666666667,1
"scattered_mixed",205,"BY",TRUE,0.166666666666667,1,0,0,-5,0.166666666666667,1
"scattered_mixed",206,"unadjusted",TRUE,0.666666666666667,1,0,0,-2,0.666666666666667,4
"scattered_mixed",206,"Holm",TRUE,0.166666666666667,1,0,0,-5,0.166666666666667,1
"scattered_mixed",206,"BY",TRUE,0,0,0,0,-6,0,0
"scattered_mixed",207,"unadjusted",TRUE,0.833333333333333,1,0,0,-1,0.833333333333333,5
"scattered_mixed",207,"Holm",TRUE,0.166666666666667,1,0,0,-5,0.166666666666667,1
"scattered_mixed",207,"BY",TRUE,0.166666666666667,1,0,0,-5,0.166666666666667,1
"scattered_mixed",208,"unadjusted",TRUE,0.5,1,0,0,-3,0.5,3
"scattered_mixed",208,"Holm",TRUE,0.166666666666667,1,0,0,-5,0.166666666666667,1
"scattered_mixed",208,"BY",TRUE,0.166666666666667,1,0,0,-5,0.166666666666667,1
"scattered_mixed",209,"unadjusted",TRUE,0.166666666666667,0.5,0.5,1,-4,0.142857142857143,2
"scattered_mixed",209,"Holm",TRUE,0,0,0,0,-6,0,0
"scattered_mixed",209,"BY",TRUE,0,0,0,0,-6,0,0
"scattered_mixed",210,"unadjusted",TRUE,1,0.857142857142857,0.142857142857143,1,1,0.857142857142857,7
"scattered_mixed",210,"Holm",TRUE,0.333333333333333,1,0,0,-4,0.333333333333333,2
"scattered_mixed",210,"BY",TRUE,0.333333333333333,1,0,0,-4,0.333333333333333,2
"scattered_mixed",211,"unadjusted",TRUE,0.666666666666667,1,0,0,-2,0.666666666666667,4
"scattered_mixed",211,"Holm",TRUE,0,0,0,0,-6,0,0
"scattered_mixed",211,"BY",TRUE,0,0,0,0,-6,0,0
"scattered_mixed",212,"unadjusted",TRUE,0.666666666666667,1,0,0,-2,0.666666666666667,4
"scattered_mixed",212,"Holm",TRUE,0.166666666666667,1,0,0,-5,0.166666666666667,1
"scattered_mixed",212,"BY",TRUE,0,0,0,0,-6,0,0
"scattered_mixed",213,"unadjusted",TRUE,0.666666666666667,1,0,0,-2,0.666666666666667,4
"scattered_mixed",213,"Holm",TRUE,0,0,0,0,-6,0,0
"scattered_mixed",213,"BY",TRUE,0,0,0,0,-6,0,0
"scattered_mixed",214,"unadjusted",TRUE,0.666666666666667,1,0,0,-2,0.666666666666667,4
"scattered_mixed",214,"Holm",TRUE,0.166666666666667,1,0,0,-5,0.166666666666667,1
"scattered_mixed",214,"BY",TRUE,0,0,0,0,-6,0,0
"scattered_mixed",215,"unadjusted",TRUE,0.666666666666667,1,0,0,-2,0.666666666666667,4
"scattered_mixed",215,"Holm",TRUE,0.166666666666667,1,0,0,-5,0.166666666666667,1
"scattered_mixed",215,"BY",TRUE,0,0,0,0,-6,0,0
"scattered_mixed",216,"unadjusted",TRUE,0.666666666666667,1,0,0,-2,0.666666666666667,4
"scattered_mixed",216,"Holm",TRUE,0.166666666666667,1,0,0,-5,0.166666666666667,1
"scattered_mixed",216,"BY",TRUE,0.166666666666667,1,0,0,-5,0.166666666666667,1
"scattered_mixed",217,"unadjusted",TRUE,0.166666666666667,1,0,0,-5,0.166666666666667,1
"scattered_mixed",217,"Holm",TRUE,0.166666666666667,1,0,0,-5,0.166666666666667,1
"scattered_mixed",217,"BY",TRUE,0,0,0,0,-6,0,0
"scattered_mixed",218,"unadjusted",TRUE,0.833333333333333,1,0,0,-1,0.833333333333333,5
"scattered_mixed",218,"Holm",TRUE,0.333333333333333,1,0,0,-4,0.333333333333333,2
"scattered_mixed",218,"BY",TRUE,0.333333333333333,1,0,0,-4,0.333333333333333,2
"scattered_mixed",219,"unadjusted",TRUE,0.666666666666667,1,0,0,-2,0.666666666666667,4
"scattered_mixed",219,"Holm",TRUE,0.166666666666667,1,0,0,-5,0.166666666666667,1
"scattered_mixed",219,"BY",TRUE,0,0,0,0,-6,0,0
"scattered_mixed",220,"unadjusted",TRUE,0.333333333333333,0.666666666666667,0.333333333333333,1,-3,0.285714285714286,3
"scattered_mixed",220,"Holm",TRUE,0.166666666666667,1,0,0,-5,0.166666666666667,1
"scattered_mixed",220,"BY",TRUE,0,0,0,0,-6,0,0
"scattered_mixed",221,"unadjusted",TRUE,0.666666666666667,1,0,0,-2,0.666666666666667,4
"scattered_mixed",221,"Holm",TRUE,0.166666666666667,1,0,0,-5,0.166666666666667,1
"scattered_mixed",221,"BY",TRUE,0.166666666666667,1,0,0,-5,0.166666666666667,1
"scattered_mixed",222,"unadjusted",TRUE,0.666666666666667,0.8,0.2,1,-1,0.571428571428571,5
"scattered_mixed",222,"Holm",TRUE,0.166666666666667,1,0,0,-5,0.166666666666667,1
"scattered_mixed",222,"BY",TRUE,0.166666666666667,1,0,0,-5,0.166666666666667,1
"scattered_mixed",223,"unadjusted",TRUE,0.5,0.75,0.25,1,-2,0.428571428571429,4
"scattered_mixed",223,"Holm",TRUE,0.166666666666667,1,0,0,-5,0.166666666666667,1
"scattered_mixed",223,"BY",TRUE,0.166666666666667,1,0,0,-5,0.166666666666667,1
"scattered_mixed",224,"unadjusted",TRUE,0.833333333333333,1,0,0,-1,0.833333333333333,5
"scattered_mixed",224,"Holm",TRUE,0.166666666666667,1,0,0,-5,0.166666666666667,1
"scattered_mixed",224,"BY",TRUE,0.166666666666667,1,0,0,-5,0.166666666666667,1
"scattered_mixed",225,"unadjusted",TRUE,0.666666666666667,1,0,0,-2,0.666666666666667,4
"scattered_mixed",225,"Holm",TRUE,0.333333333333333,1,0,0,-4,0.333333333333333,2
"scattered_mixed",225,"BY",TRUE,0.166666666666667,1,0,0,-5,0.166666666666667,1
"scattered_mixed",226,"unadjusted",TRUE,0.833333333333333,0.714285714285714,0.285714285714286,1,1,0.625,7
"scattered_mixed",226,"Holm",TRUE,0.166666666666667,1,0,0,-5,0.166666666666667,1
"scattered_mixed",226,"BY",TRUE,0.166666666666667,1,0,0,-5,0.166666666666667,1
"scattered_mixed",227,"unadjusted",TRUE,0.5,0.75,0.25,1,-2,0.428571428571429,4
"scattered_mixed",227,"Holm",TRUE,0.166666666666667,1,0,0,-5,0.166666666666667,1
"scattered_mixed",227,"BY",TRUE,0.166666666666667,1,0,0,-5,0.166666666666667,1
"scattered_mixed",228,"unadjusted",TRUE,0.5,1,0,0,-3,0.5,3
"scattered_mixed",228,"Holm",TRUE,0.166666666666667,1,0,0,-5,0.166666666666667,1
"scattered_mixed",228,"BY",TRUE,0,0,0,0,-6,0,0
"scattered_mixed",229,"unadjusted",TRUE,0.666666666666667,1,0,0,-2,0.666666666666667,4
"scattered_mixed",229,"Holm",TRUE,0.166666666666667,1,0,0,-5,0.166666666666667,1
"scattered_mixed",229,"BY",TRUE,0.166666666666667,1,0,0,-5,0.166666666666667,1
"scattered_mixed",230,"unadjusted",TRUE,0.333333333333333,1,0,0,-4,0.333333333333333,2
"scattered_mixed",230,"Holm",TRUE,0.166666666666667,1,0,0,-5,0.166666666666667,1
"scattered_mixed",230,"BY",TRUE,0.166666666666667,1,0,0,-5,0.166666666666667,1
"scattered_mixed",231,"unadjusted",TRUE,0.666666666666667,1,0,0,-2,0.666666666666667,4
"scattered_mixed",231,"Holm",TRUE,0.333333333333333,1,0,0,-4,0.333333333333333,2
"scattered_mixed",231,"BY",TRUE,0.166666666666667,1,0,0,-5,0.166666666666667,1
"scattered_mixed",232,"unadjusted",TRUE,0.333333333333333,1,0,0,-4,0.333333333333333,2
"scattered_mixed",232,"Holm",TRUE,0.166666666666667,1,0,0,-5,0.166666666666667,1
"scattered_mixed",232,"BY",TRUE,0.166666666666667,1,0,0,-5,0.166666666666667,1
"scattered_mixed",233,"unadjusted",TRUE,0.5,1,0,0,-3,0.5,3
"scattered_mixed",233,"Holm",TRUE,0.333333333333333,1,0,0,-4,0.333333333333333,2
"scattered_mixed",233,"BY",TRUE,0.333333333333333,1,0,0,-4,0.333333333333333,2
"scattered_mixed",234,"unadjusted",TRUE,0.833333333333333,0.833333333333333,0.166666666666667,1,0,0.714285714285714,6
"scattered_mixed",234,"Holm",TRUE,0,0,0,0,-6,0,0
"scattered_mixed",234,"BY",TRUE,0,0,0,0,-6,0,0
"scattered_mixed",235,"unadjusted",TRUE,0.666666666666667,1,0,0,-2,0.666666666666667,4
"scattered_mixed",235,"Holm",TRUE,0,0,0,0,-6,0,0
"scattered_mixed",235,"BY",TRUE,0,0,0,0,-6,0,0
"scattered_mixed",236,"unadjusted",TRUE,0.333333333333333,0.5,0.5,1,-2,0.25,4
"scattered_mixed",236,"Holm",TRUE,0.166666666666667,1,0,0,-5,0.166666666666667,1
"scattered_mixed",236,"BY",TRUE,0.166666666666667,1,0,0,-5,0.166666666666667,1
"scattered_mixed",237,"unadjusted",TRUE,0.5,0.75,0.25,1,-2,0.428571428571429,4
"scattered_mixed",237,"Holm",TRUE,0.166666666666667,1,0,0,-5,0.166666666666667,1
"scattered_mixed",237,"BY",TRUE,0,0,0,0,-6,0,0
"scattered_mixed",238,"unadjusted",TRUE,0.666666666666667,0.8,0.2,1,-1,0.571428571428571,5
"scattered_mixed",238,"Holm",TRUE,0.166666666666667,1,0,0,-5,0.166666666666667,1
"scattered_mixed",238,"BY",TRUE,0,0,0,0,-6,0,0
"scattered_mixed",239,"unadjusted",TRUE,0.833333333333333,1,0,0,-1,0.833333333333333,5
"scattered_mixed",239,"Holm",TRUE,0,0,0,0,-6,0,0
"scattered_mixed",239,"BY",TRUE,0,0,0,0,-6,0,0
"scattered_mixed",240,"unadjusted",TRUE,0.833333333333333,0.714285714285714,0.285714285714286,1,1,0.625,7
"scattered_mixed",240,"Holm",TRUE,0.5,1,0,0,-3,0.5,3
"scattered_mixed",240,"BY",TRUE,0.5,1,0,0,-3,0.5,3
"scattered_mixed",241,"unadjusted",TRUE,0.666666666666667,1,0,0,-2,0.666666666666667,4
"scattered_mixed",241,"Holm",TRUE,0,0,0,0,-6,0,0
"scattered_mixed",241,"BY",TRUE,0,0,0,0,-6,0,0
"scattered_mixed",242,"unadjusted",TRUE,0.666666666666667,0.8,0.2,1,-1,0.571428571428571,5
"scattered_mixed",242,"Holm",TRUE,0.166666666666667,1,0,0,-5,0.166666666666667,1
"scattered_mixed",242,"BY",TRUE,0,0,0,0,-6,0,0
"scattered_mixed",243,"unadjusted",TRUE,0.666666666666667,0.666666666666667,0.333333333333333,1,0,0.5,6
"scattered_mixed",243,"Holm",TRUE,0.5,1,0,0,-3,0.5,3
"scattered_mixed",243,"BY",TRUE,0.5,1,0,0,-3,0.5,3
"scattered_mixed",244,"unadjusted",TRUE,0.666666666666667,0.8,0.2,1,-1,0.571428571428571,5
"scattered_mixed",244,"Holm",TRUE,0.333333333333333,1,0,0,-4,0.333333333333333,2
"scattered_mixed",244,"BY",TRUE,0.166666666666667,1,0,0,-5,0.166666666666667,1
"scattered_mixed",245,"unadjusted",TRUE,0.666666666666667,1,0,0,-2,0.666666666666667,4
"scattered_mixed",245,"Holm",TRUE,0.166666666666667,1,0,0,-5,0.166666666666667,1
"scattered_mixed",245,"BY",TRUE,0,0,0,0,-6,0,0
"scattered_mixed",246,"unadjusted",TRUE,0.333333333333333,1,0,0,-4,0.333333333333333,2
"scattered_mixed",246,"Holm",TRUE,0,0,0,0,-6,0,0
"scattered_mixed",246,"BY",TRUE,0,0,0,0,-6,0,0
"scattered_mixed",247,"unadjusted",TRUE,1,1,0,0,0,1,6
"scattered_mixed",247,"Holm",TRUE,0.333333333333333,1,0,0,-4,0.333333333333333,2
"scattered_mixed",247,"BY",TRUE,0,0,0,0,-6,0,0
"scattered_mixed",248,"unadjusted",TRUE,0.833333333333333,1,0,0,-1,0.833333333333333,5
"scattered_mixed",248,"Holm",TRUE,0.166666666666667,1,0,0,-5,0.166666666666667,1
"scattered_mixed",248,"BY",TRUE,0.166666666666667,1,0,0,-5,0.166666666666667,1
"scattered_mixed",249,"unadjusted",TRUE,0.833333333333333,1,0,0,-1,0.833333333333333,5
"scattered_mixed",249,"Holm",TRUE,0.166666666666667,1,0,0,-5,0.166666666666667,1
"scattered_mixed",249,"BY",TRUE,0,0,0,0,-6,0,0
"scattered_mixed",250,"unadjusted",TRUE,0.333333333333333,0.666666666666667,0.333333333333333,1,-3,0.285714285714286,3
"scattered_mixed",250,"Holm",TRUE,0,0,0,0,-6,0,0
"scattered_mixed",250,"BY",TRUE,0,0,0,0,-6,0,0
"scattered_mixed",251,"unadjusted",TRUE,0.833333333333333,0.833333333333333,0.166666666666667,1,0,0.714285714285714,6
"scattered_mixed",251,"Holm",TRUE,0.333333333333333,1,0,0,-4,0.333333333333333,2
"scattered_mixed",251,"BY",TRUE,0,0,0,0,-6,0,0
"scattered_mixed",252,"unadjusted",TRUE,0.833333333333333,1,0,0,-1,0.833333333333333,5
"scattered_mixed",252,"Holm",TRUE,0.166666666666667,1,0,0,-5,0.166666666666667,1
"scattered_mixed",252,"BY",TRUE,0.166666666666667,1,0,0,-5,0.166666666666667,1
"scattered_mixed",253,"unadjusted",TRUE,0.833333333333333,1,0,0,-1,0.833333333333333,5
"scattered_mixed",253,"Holm",TRUE,0.166666666666667,1,0,0,-5,0.166666666666667,1
"scattered_mixed",253,"BY",TRUE,0,0,0,0,-6,0,0
"scattered_mixed",254,"unadjusted",TRUE,0.666666666666667,1,0,0,-2,0.666666666666667,4
"scattered_mixed",254,"Holm",TRUE,0.333333333333333,1,0,0,-4,0.333333333333333,2
"scattered_mixed",254,"BY",TRUE,0.166666666666667,1,0,0,-5,0.166666666666667,1
"scattered_mixed",255,"unadjusted",TRUE,0.666666666666667,1,0,0,-2,0.666666666666667,4
"scattered_mixed",255,"Holm",TRUE,0.333333333333333,1,0,0,-4,0.333333333333333,2
"scattered_mixed",255,"BY",TRUE,0.333333333333333,1,0,0,-4,0.333333333333333,2
"scattered_mixed",256,"unadjusted",TRUE,0.666666666666667,0.8,0.2,1,-1,0.571428571428571,5
"scattered_mixed",256,"Holm",TRUE,0.166666666666667,1,0,0,-5,0.166666666666667,1
"scattered_mixed",256,"BY",TRUE,0.166666666666667,1,0,0,-5,0.166666666666667,1
"scattered_mixed",257,"unadjusted",TRUE,0.333333333333333,0.666666666666667,0.333333333333333,1,-3,0.285714285714286,3
"scattered_mixed",257,"Holm",TRUE,0.333333333333333,1,0,0,-4,0.333333333333333,2
"scattered_mixed",257,"BY",TRUE,0.166666666666667,1,0,0,-5,0.166666666666667,1
"scattered_mixed",258,"unadjusted",TRUE,0.833333333333333,1,0,0,-1,0.833333333333333,5
"scattered_mixed",258,"Holm",TRUE,0.333333333333333,1,0,0,-4,0.333333333333333,2
"scattered_mixed",258,"BY",TRUE,0.166666666666667,1,0,0,-5,0.166666666666667,1
"scattered_mixed",259,"unadjusted",TRUE,0.666666666666667,0.8,0.2,1,-1,0.571428571428571,5
"scattered_mixed",259,"Holm",TRUE,0.166666666666667,1,0,0,-5,0.166666666666667,1
"scattered_mixed",259,"BY",TRUE,0,0,0,0,-6,0,0
"scattered_mixed",260,"unadjusted",TRUE,0.666666666666667,0.666666666666667,0.333333333333333,1,0,0.5,6
"scattered_mixed",260,"Holm",TRUE,0.166666666666667,1,0,0,-5,0.166666666666667,1
"scattered_mixed",260,"BY",TRUE,0.166666666666667,1,0,0,-5,0.166666666666667,1
"scattered_mixed",261,"unadjusted",TRUE,0.333333333333333,0.5,0.5,1,-2,0.25,4
"scattered_mixed",261,"Holm",TRUE,0.166666666666667,1,0,0,-5,0.166666666666667,1
"scattered_mixed",261,"BY",TRUE,0.166666666666667,1,0,0,-5,0.166666666666667,1
"scattered_mixed",262,"unadjusted",TRUE,0.5,0.6,0.4,1,-1,0.375,5
"scattered_mixed",262,"Holm",TRUE,0.166666666666667,1,0,0,-5,0.166666666666667,1
"scattered_mixed",262,"BY",TRUE,0.166666666666667,1,0,0,-5,0.166666666666667,1
"scattered_mixed",263,"unadjusted",TRUE,0.333333333333333,1,0,0,-4,0.333333333333333,2
"scattered_mixed",263,"Holm",TRUE,0.166666666666667,1,0,0,-5,0.166666666666667,1
"scattered_mixed",263,"BY",TRUE,0.166666666666667,1,0,0,-5,0.166666666666667,1
"scattered_mixed",264,"unadjusted",TRUE,1,1,0,0,0,1,6
"scattered_mixed",264,"Holm",TRUE,0,0,0,0,-6,0,0
"scattered_mixed",264,"BY",TRUE,0,0,0,0,-6,0,0
"scattered_mixed",265,"unadjusted",TRUE,0.666666666666667,0.8,0.2,1,-1,0.571428571428571,5
"scattered_mixed",265,"Holm",TRUE,0,0,0,0,-6,0,0
"scattered_mixed",265,"BY",TRUE,0,0,0,0,-6,0,0
"scattered_mixed",266,"unadjusted",TRUE,0.666666666666667,0.8,0.2,1,-1,0.571428571428571,5
"scattered_mixed",266,"Holm",TRUE,0.333333333333333,1,0,0,-4,0.333333333333333,2
"scattered_mixed",266,"BY",TRUE,0.333333333333333,1,0,0,-4,0.333333333333333,2
"scattered_mixed",267,"unadjusted",TRUE,0.5,1,0,0,-3,0.5,3
"scattered_mixed",267,"Holm",TRUE,0.333333333333333,1,0,0,-4,0.333333333333333,2
"scattered_mixed",267,"BY",TRUE,0.333333333333333,1,0,0,-4,0.333333333333333,2
"scattered_mixed",268,"unadjusted",TRUE,0.5,1,0,0,-3,0.5,3
"scattered_mixed",268,"Holm",TRUE,0.166666666666667,1,0,0,-5,0.166666666666667,1
"scattered_mixed",268,"BY",TRUE,0.166666666666667,1,0,0,-5,0.166666666666667,1
"scattered_mixed",269,"unadjusted",TRUE,0.833333333333333,1,0,0,-1,0.833333333333333,5
"scattered_mixed",269,"Holm",TRUE,0.333333333333333,1,0,0,-4,0.333333333333333,2
"scattered_mixed",269,"BY",TRUE,0.166666666666667,1,0,0,-5,0.166666666666667,1
"scattered_mixed",270,"unadjusted",TRUE,0.833333333333333,0.714285714285714,0.285714285714286,1,1,0.625,7
"scattered_mixed",270,"Holm",TRUE,0.5,1,0,0,-3,0.5,3
"scattered_mixed",270,"BY",TRUE,0.5,1,0,0,-3,0.5,3
"scattered_mixed",271,"unadjusted",TRUE,0.833333333333333,0.833333333333333,0.166666666666667,1,0,0.714285714285714,6
"scattered_mixed",271,"Holm",TRUE,0.166666666666667,1,0,0,-5,0.166666666666667,1
"scattered_mixed",271,"BY",TRUE,0.166666666666667,1,0,0,-5,0.166666666666667,1
"scattered_mixed",272,"unadjusted",TRUE,0.333333333333333,0.5,0.5,1,-2,0.25,4
"scattered_mixed",272,"Holm",TRUE,0,0,0,0,-6,0,0
"scattered_mixed",272,"BY",TRUE,0,0,0,0,-6,0,0
"scattered_mixed",273,"unadjusted",TRUE,0.333333333333333,1,0,0,-4,0.333333333333333,2
"scattered_mixed",273,"Holm",TRUE,0,0,0,0,-6,0,0
"scattered_mixed",273,"BY",TRUE,0,0,0,0,-6,0,0
"scattered_mixed",274,"unadjusted",TRUE,0.666666666666667,0.8,0.2,1,-1,0.571428571428571,5
"scattered_mixed",274,"Holm",TRUE,0.166666666666667,1,0,0,-5,0.166666666666667,1
"scattered_mixed",274,"BY",TRUE,0,0,0,0,-6,0,0
"scattered_mixed",275,"unadjusted",TRUE,1,0.75,0.25,1,2,0.75,8
"scattered_mixed",275,"Holm",TRUE,0,0,0,0,-6,0,0
"scattered_mixed",275,"BY",TRUE,0,0,0,0,-6,0,0
"scattered_mixed",276,"unadjusted",TRUE,0.5,0.75,0.25,1,-2,0.428571428571429,4
"scattered_mixed",276,"Holm",TRUE,0,0,0,0,-6,0,0
"scattered_mixed",276,"BY",TRUE,0,0,0,0,-6,0,0
"scattered_mixed",277,"unadjusted",TRUE,0.833333333333333,1,0,0,-1,0.833333333333333,5
"scattered_mixed",277,"Holm",TRUE,0.166666666666667,1,0,0,-5,0.166666666666667,1
"scattered_mixed",277,"BY",TRUE,0,0,0,0,-6,0,0
"scattered_mixed",278,"unadjusted",TRUE,0.666666666666667,0.8,0.2,1,-1,0.571428571428571,5
"scattered_mixed",278,"Holm",TRUE,0.166666666666667,1,0,0,-5,0.166666666666667,1
"scattered_mixed",278,"BY",TRUE,0.166666666666667,1,0,0,-5,0.166666666666667,1
"scattered_mixed",279,"unadjusted",TRUE,0.833333333333333,1,0,0,-1,0.833333333333333,5
"scattered_mixed",279,"Holm",TRUE,0,0,0,0,-6,0,0
"scattered_mixed",279,"BY",TRUE,0,0,0,0,-6,0,0
"scattered_mixed",280,"unadjusted",TRUE,0.666666666666667,1,0,0,-2,0.666666666666667,4
"scattered_mixed",280,"Holm",TRUE,0.333333333333333,1,0,0,-4,0.333333333333333,2
"scattered_mixed",280,"BY",TRUE,0.166666666666667,1,0,0,-5,0.166666666666667,1
"scattered_mixed",281,"unadjusted",TRUE,0.666666666666667,0.8,0.2,1,-1,0.571428571428571,5
"scattered_mixed",281,"Holm",TRUE,0,0,0,0,-6,0,0
"scattered_mixed",281,"BY",TRUE,0,0,0,0,-6,0,0
"scattered_mixed",282,"unadjusted",TRUE,0.333333333333333,1,0,0,-4,0.333333333333333,2
"scattered_mixed",282,"Holm",TRUE,0.166666666666667,1,0,0,-5,0.166666666666667,1
"scattered_mixed",282,"BY",TRUE,0,0,0,0,-6,0,0
"scattered_mixed",283,"unadjusted",TRUE,1,1,0,0,0,1,6
"scattered_mixed",283,"Holm",TRUE,0.166666666666667,1,0,0,-5,0.166666666666667,1
"scattered_mixed",283,"BY",TRUE,0,0,0,0,-6,0,0
"scattered_mixed",284,"unadjusted",TRUE,1,0.857142857142857,0.142857142857143,1,1,0.857142857142857,7
"scattered_mixed",284,"Holm",TRUE,0.333333333333333,1,0,0,-4,0.333333333333333,2
"scattered_mixed",284,"BY",TRUE,0.166666666666667,1,0,0,-5,0.166666666666667,1
"scattered_mixed",285,"unadjusted",TRUE,0.5,1,0,0,-3,0.5,3
"scattered_mixed",285,"Holm",TRUE,0,0,0,0,-6,0,0
"scattered_mixed",285,"BY",TRUE,0,0,0,0,-6,0,0
"scattered_mixed",286,"unadjusted",TRUE,0.666666666666667,1,0,0,-2,0.666666666666667,4
"scattered_mixed",286,"Holm",TRUE,0.166666666666667,1,0,0,-5,0.166666666666667,1
"scattered_mixed",286,"BY",TRUE,0,0,0,0,-6,0,0
"scattered_mixed",287,"unadjusted",TRUE,0.666666666666667,0.8,0.2,1,-1,0.571428571428571,5
"scattered_mixed",287,"Holm",TRUE,0.166666666666667,1,0,0,-5,0.166666666666667,1
"scattered_mixed",287,"BY",TRUE,0.166666666666667,1,0,0,-5,0.166666666666667,1
"scattered_mixed",288,"unadjusted",TRUE,0.5,0.75,0.25,1,-2,0.428571428571429,4
"scattered_mixed",288,"Holm",TRUE,0.166666666666667,1,0,0,-5,0.166666666666667,1
"scattered_mixed",288,"BY",TRUE,0.166666666666667,1,0,0,-5,0.166666666666667,1
"scattered_mixed",289,"unadjusted",TRUE,0.833333333333333,0.833333333333333,0.166666666666667,1,0,0.714285714285714,6
"scattered_mixed",289,"Holm",TRUE,0.166666666666667,1,0,0,-5,0.166666666666667,1
"scattered_mixed",289,"BY",TRUE,0.166666666666667,1,0,0,-5,0.166666666666667,1
"scattered_mixed",290,"unadjusted",TRUE,0.666666666666667,1,0,0,-2,0.666666666666667,4
"scattered_mixed",290,"Holm",TRUE,0.166666666666667,1,0,0,-5,0.166666666666667,1
"scattered_mixed",290,"BY",TRUE,0,0,0,0,-6,0,0
"scattered_mixed",291,"unadjusted",TRUE,0.666666666666667,1,0,0,-2,0.666666666666667,4
"scattered_mixed",291,"Holm",TRUE,0.333333333333333,1,0,0,-4,0.333333333333333,2
"scattered_mixed",291,"BY",TRUE,0,0,0,0,-6,0,0
"scattered_mixed",292,"unadjusted",TRUE,0.5,0.75,0.25,1,-2,0.428571428571429,4
"scattered_mixed",292,"Holm",TRUE,0,0,0,0,-6,0,0
"scattered_mixed",292,"BY",TRUE,0,0,0,0,-6,0,0
"scattered_mixed",293,"unadjusted",TRUE,0.166666666666667,0.333333333333333,0.666666666666667,1,-3,0.125,3
"scattered_mixed",293,"Holm",TRUE,0,0,0,0,-6,0,0
"scattered_mixed",293,"BY",TRUE,0,0,0,0,-6,0,0
"scattered_mixed",294,"unadjusted",TRUE,0.666666666666667,1,0,0,-2,0.666666666666667,4
"scattered_mixed",294,"Holm",TRUE,0.166666666666667,1,0,0,-5,0.166666666666667,1
"scattered_mixed",294,"BY",TRUE,0,0,0,0,-6,0,0
"scattered_mixed",295,"unadjusted",TRUE,0.5,0.75,0.25,1,-2,0.428571428571429,4
"scattered_mixed",295,"Holm",TRUE,0.333333333333333,1,0,0,-4,0.333333333333333,2
"scattered_mixed",295,"BY",TRUE,0.333333333333333,1,0,0,-4,0.333333333333333,2
"scattered_mixed",296,"unadjusted",TRUE,0.666666666666667,1,0,0,-2,0.666666666666667,4
"scattered_mixed",296,"Holm",TRUE,0.5,1,0,0,-3,0.5,3
"scattered_mixed",296,"BY",TRUE,0.5,1,0,0,-3,0.5,3
"scattered_mixed",297,"unadjusted",TRUE,0.833333333333333,1,0,0,-1,0.833333333333333,5
"scattered_mixed",297,"Holm",TRUE,0.333333333333333,1,0,0,-4,0.333333333333333,2
"scattered_mixed",297,"BY",TRUE,0.333333333333333,1,0,0,-4,0.333333333333333,2
"scattered_mixed",298,"unadjusted",TRUE,0.666666666666667,0.8,0.2,1,-1,0.571428571428571,5
"scattered_mixed",298,"Holm",TRUE,0.5,1,0,0,-3,0.5,3
"scattered_mixed",298,"BY",TRUE,0.5,1,0,0,-3,0.5,3
"scattered_mixed",299,"unadjusted",TRUE,0.833333333333333,1,0,0,-1,0.833333333333333,5
"scattered_mixed",299,"Holm",TRUE,0.333333333333333,1,0,0,-4,0.333333333333333,2
"scattered_mixed",299,"BY",TRUE,0.333333333333333,1,0,0,-4,0.333333333333333,2
"scattered_mixed",300,"unadjusted",TRUE,0.5,1,0,0,-3,0.5,3
"scattered_mixed",300,"Holm",TRUE,0.166666666666667,1,0,0,-5,0.166666666666667,1
"scattered_mixed",300,"BY",TRUE,0.166666666666667,1,0,0,-5,0.166666666666667,1
"scattered_mixed",301,"unadjusted",TRUE,1,0.857142857142857,0.142857142857143,1,1,0.857142857142857,7
"scattered_mixed",301,"Holm",TRUE,0.166666666666667,1,0,0,-5,0.166666666666667,1
"scattered_mixed",301,"BY",TRUE,0.166666666666667,1,0,0,-5,0.166666666666667,1
"scattered_mixed",302,"unadjusted",TRUE,0.5,0.75,0.25,1,-2,0.428571428571429,4
"scattered_mixed",302,"Holm",TRUE,0.333333333333333,1,0,0,-4,0.333333333333333,2
"scattered_mixed",302,"BY",TRUE,0.333333333333333,1,0,0,-4,0.333333333333333,2
"scattered_mixed",303,"unadjusted",TRUE,0.666666666666667,0.8,0.2,1,-1,0.571428571428571,5
"scattered_mixed",303,"Holm",TRUE,0.166666666666667,1,0,0,-5,0.166666666666667,1
"scattered_mixed",303,"BY",TRUE,0,0,0,0,-6,0,0
"scattered_mixed",304,"unadjusted",TRUE,0.833333333333333,1,0,0,-1,0.833333333333333,5
"scattered_mixed",304,"Holm",TRUE,0.166666666666667,1,0,0,-5,0.166666666666667,1
"scattered_mixed",304,"BY",TRUE,0.166666666666667,1,0,0,-5,0.166666666666667,1
"scattered_mixed",305,"unadjusted",TRUE,0.666666666666667,0.8,0.2,1,-1,0.571428571428571,5
"scattered_mixed",305,"Holm",TRUE,0,0,0,0,-6,0,0
"scattered_mixed",305,"BY",TRUE,0,0,0,0,-6,0,0
"scattered_mixed",306,"unadjusted",TRUE,0.833333333333333,0.833333333333333,0.166666666666667,1,0,0.714285714285714,6
"scattered_mixed",306,"Holm",TRUE,0.166666666666667,1,0,0,-5,0.166666666666667,1
"scattered_mixed",306,"BY",TRUE,0.166666666666667,1,0,0,-5,0.166666666666667,1
"scattered_mixed",307,"unadjusted",TRUE,0.833333333333333,0.833333333333333,0.166666666666667,1,0,0.714285714285714,6
"scattered_mixed",307,"Holm",TRUE,0.166666666666667,1,0,0,-5,0.166666666666667,1
"scattered_mixed",307,"BY",TRUE,0.166666666666667,1,0,0,-5,0.166666666666667,1
"scattered_mixed",308,"unadjusted",TRUE,0.5,1,0,0,-3,0.5,3
"scattered_mixed",308,"Holm",TRUE,0.166666666666667,1,0,0,-5,0.166666666666667,1
"scattered_mixed",308,"BY",TRUE,0,0,0,0,-6,0,0
"scattered_mixed",309,"unadjusted",TRUE,0.5,0.75,0.25,1,-2,0.428571428571429,4
"scattered_mixed",309,"Holm",TRUE,0.333333333333333,1,0,0,-4,0.333333333333333,2
"scattered_mixed",309,"BY",TRUE,0.333333333333333,1,0,0,-4,0.333333333333333,2
"scattered_mixed",310,"unadjusted",TRUE,0.666666666666667,0.8,0.2,1,-1,0.571428571428571,5
"scattered_mixed",310,"Holm",TRUE,0,0,0,0,-6,0,0
"scattered_mixed",310,"BY",TRUE,0,0,0,0,-6,0,0
"scattered_mixed",311,"unadjusted",TRUE,0.833333333333333,1,0,0,-1,0.833333333333333,5
"scattered_mixed",311,"Holm",TRUE,0.333333333333333,1,0,0,-4,0.333333333333333,2
"scattered_mixed",311,"BY",TRUE,0.333333333333333,1,0,0,-4,0.333333333333333,2
"scattered_mixed",312,"unadjusted",TRUE,0.833333333333333,0.714285714285714,0.285714285714286,1,1,0.625,7
"scattered_mixed",312,"Holm",TRUE,0.333333333333333,1,0,0,-4,0.333333333333333,2
"scattered_mixed",312,"BY",TRUE,0.166666666666667,1,0,0,-5,0.166666666666667,1
"scattered_mixed",313,"unadjusted",TRUE,1,0.857142857142857,0.142857142857143,1,1,0.857142857142857,7
"scattered_mixed",313,"Holm",TRUE,0.333333333333333,1,0,0,-4,0.333333333333333,2
"scattered_mixed",313,"BY",TRUE,0.333333333333333,1,0,0,-4,0.333333333333333,2
"scattered_mixed",314,"unadjusted",TRUE,0.5,1,0,0,-3,0.5,3
"scattered_mixed",314,"Holm",TRUE,0,0,0,0,-6,0,0
"scattered_mixed",314,"BY",TRUE,0,0,0,0,-6,0,0
"scattered_mixed",315,"unadjusted",TRUE,0.833333333333333,0.833333333333333,0.166666666666667,1,0,0.714285714285714,6
"scattered_mixed",315,"Holm",TRUE,0.333333333333333,1,0,0,-4,0.333333333333333,2
"scattered_mixed",315,"BY",TRUE,0.333333333333333,1,0,0,-4,0.333333333333333,2
"scattered_mixed",316,"unadjusted",TRUE,0.666666666666667,0.8,0.2,1,-1,0.571428571428571,5
"scattered_mixed",316,"Holm",TRUE,0,0,0,0,-6,0,0
"scattered_mixed",316,"BY",TRUE,0,0,0,0,-6,0,0
"scattered_mixed",317,"unadjusted",TRUE,0.833333333333333,0.833333333333333,0.166666666666667,1,0,0.714285714285714,6
"scattered_mixed",317,"Holm",TRUE,0.5,1,0,0,-3,0.5,3
"scattered_mixed",317,"BY",TRUE,0.5,1,0,0,-3,0.5,3
"scattered_mixed",318,"unadjusted",TRUE,0.333333333333333,0.666666666666667,0.333333333333333,1,-3,0.285714285714286,3
"scattered_mixed",318,"Holm",TRUE,0,0,0,0,-6,0,0
"scattered_mixed",318,"BY",TRUE,0,0,0,0,-6,0,0
"scattered_mixed",319,"unadjusted",TRUE,0.833333333333333,0.833333333333333,0.166666666666667,1,0,0.714285714285714,6
"scattered_mixed",319,"Holm",TRUE,0,0,0,0,-6,0,0
"scattered_mixed",319,"BY",TRUE,0,0,0,0,-6,0,0
"scattered_mixed",320,"unadjusted",TRUE,0.666666666666667,1,0,0,-2,0.666666666666667,4
"scattered_mixed",320,"Holm",TRUE,0,0,0,0,-6,0,0
"scattered_mixed",320,"BY",TRUE,0,0,0,0,-6,0,0
"scattered_mixed",321,"unadjusted",TRUE,0.666666666666667,0.8,0.2,1,-1,0.571428571428571,5
"scattered_mixed",321,"Holm",TRUE,0,0,0,0,-6,0,0
"scattered_mixed",321,"BY",TRUE,0,0,0,0,-6,0,0
"scattered_mixed",322,"unadjusted",TRUE,0.666666666666667,0.8,0.2,1,-1,0.571428571428571,5
"scattered_mixed",322,"Holm",TRUE,0.333333333333333,1,0,0,-4,0.333333333333333,2
"scattered_mixed",322,"BY",TRUE,0.333333333333333,1,0,0,-4,0.333333333333333,2
"scattered_mixed",323,"unadjusted",TRUE,0.833333333333333,0.833333333333333,0.166666666666667,1,0,0.714285714285714,6
"scattered_mixed",323,"Holm",TRUE,0.166666666666667,1,0,0,-5,0.166666666666667,1
"scattered_mixed",323,"BY",TRUE,0,0,0,0,-6,0,0
"scattered_mixed",324,"unadjusted",TRUE,0.833333333333333,0.833333333333333,0.166666666666667,1,0,0.714285714285714,6
"scattered_mixed",324,"Holm",TRUE,0,0,0,0,-6,0,0
"scattered_mixed",324,"BY",TRUE,0,0,0,0,-6,0,0
"scattered_mixed",325,"unadjusted",TRUE,0.666666666666667,0.666666666666667,0.333333333333333,1,0,0.5,6
"scattered_mixed",325,"Holm",TRUE,0.333333333333333,1,0,0,-4,0.333333333333333,2
"scattered_mixed",325,"BY",TRUE,0.333333333333333,1,0,0,-4,0.333333333333333,2
"scattered_mixed",326,"unadjusted",TRUE,0.666666666666667,1,0,0,-2,0.666666666666667,4
"scattered_mixed",326,"Holm",TRUE,0.166666666666667,1,0,0,-5,0.166666666666667,1
"scattered_mixed",326,"BY",TRUE,0.166666666666667,1,0,0,-5,0.166666666666667,1
"scattered_mixed",327,"unadjusted",TRUE,0.666666666666667,1,0,0,-2,0.666666666666667,4
"scattered_mixed",327,"Holm",TRUE,0,0,0,0,-6,0,0
"scattered_mixed",327,"BY",TRUE,0,0,0,0,-6,0,0
"scattered_mixed",328,"unadjusted",TRUE,0.833333333333333,1,0,0,-1,0.833333333333333,5
"scattered_mixed",328,"Holm",TRUE,0.333333333333333,1,0,0,-4,0.333333333333333,2
"scattered_mixed",328,"BY",TRUE,0.166666666666667,1,0,0,-5,0.166666666666667,1
"scattered_mixed",329,"unadjusted",TRUE,0.666666666666667,0.8,0.2,1,-1,0.571428571428571,5
"scattered_mixed",329,"Holm",TRUE,0.166666666666667,1,0,0,-5,0.166666666666667,1
"scattered_mixed",329,"BY",TRUE,0.166666666666667,1,0,0,-5,0.166666666666667,1
"scattered_mixed",330,"unadjusted",TRUE,0.666666666666667,1,0,0,-2,0.666666666666667,4
"scattered_mixed",330,"Holm",TRUE,0,0,0,0,-6,0,0
"scattered_mixed",330,"BY",TRUE,0,0,0,0,-6,0,0
"scattered_mixed",331,"unadjusted",TRUE,0.833333333333333,0.714285714285714,0.285714285714286,1,1,0.625,7
"scattered_mixed",331,"Holm",TRUE,0.333333333333333,1,0,0,-4,0.333333333333333,2
"scattered_mixed",331,"BY",TRUE,0.166666666666667,1,0,0,-5,0.166666666666667,1
"scattered_mixed",332,"unadjusted",TRUE,0.833333333333333,1,0,0,-1,0.833333333333333,5
"scattered_mixed",332,"Holm",TRUE,0.166666666666667,1,0,0,-5,0.166666666666667,1
"scattered_mixed",332,"BY",TRUE,0,0,0,0,-6,0,0
"scattered_mixed",333,"unadjusted",TRUE,0.833333333333333,0.714285714285714,0.285714285714286,1,1,0.625,7
"scattered_mixed",333,"Holm",TRUE,0.333333333333333,1,0,0,-4,0.333333333333333,2
"scattered_mixed",333,"BY",TRUE,0.166666666666667,1,0,0,-5,0.166666666666667,1
"scattered_mixed",334,"unadjusted",TRUE,0.666666666666667,0.8,0.2,1,-1,0.571428571428571,5
"scattered_mixed",334,"Holm",TRUE,0.333333333333333,1,0,0,-4,0.333333333333333,2
"scattered_mixed",334,"BY",TRUE,0.166666666666667,1,0,0,-5,0.166666666666667,1
"scattered_mixed",335,"unadjusted",TRUE,1,1,0,0,0,1,6
"scattered_mixed",335,"Holm",TRUE,0.333333333333333,1,0,0,-4,0.333333333333333,2
"scattered_mixed",335,"BY",TRUE,0.166666666666667,1,0,0,-5,0.166666666666667,1
"scattered_mixed",336,"unadjusted",TRUE,0.5,1,0,0,-3,0.5,3
"scattered_mixed",336,"Holm",TRUE,0.333333333333333,1,0,0,-4,0.333333333333333,2
"scattered_mixed",336,"BY",TRUE,0.333333333333333,1,0,0,-4,0.333333333333333,2
"scattered_mixed",337,"unadjusted",TRUE,0.5,1,0,0,-3,0.5,3
"scattered_mixed",337,"Holm",TRUE,0.166666666666667,1,0,0,-5,0.166666666666667,1
"scattered_mixed",337,"BY",TRUE,0,0,0,0,-6,0,0
"scattered_mixed",338,"unadjusted",TRUE,0.833333333333333,1,0,0,-1,0.833333333333333,5
"scattered_mixed",338,"Holm",TRUE,0.166666666666667,1,0,0,-5,0.166666666666667,1
"scattered_mixed",338,"BY",TRUE,0,0,0,0,-6,0,0
"scattered_mixed",339,"unadjusted",TRUE,0.5,0.75,0.25,1,-2,0.428571428571429,4
"scattered_mixed",339,"Holm",TRUE,0,0,0,0,-6,0,0
"scattered_mixed",339,"BY",TRUE,0,0,0,0,-6,0,0
"scattered_mixed",340,"unadjusted",TRUE,0.5,0.6,0.4,1,-1,0.375,5
"scattered_mixed",340,"Holm",TRUE,0,0,0,0,-6,0,0
"scattered_mixed",340,"BY",TRUE,0,0,0,0,-6,0,0
"scattered_mixed",341,"unadjusted",TRUE,0.833333333333333,0.833333333333333,0.166666666666667,1,0,0.714285714285714,6
"scattered_mixed",341,"Holm",TRUE,0.333333333333333,1,0,0,-4,0.333333333333333,2
"scattered_mixed",341,"BY",TRUE,0.333333333333333,1,0,0,-4,0.333333333333333,2
"scattered_mixed",342,"unadjusted",TRUE,0.333333333333333,0.5,0.5,1,-2,0.25,4
"scattered_mixed",342,"Holm",TRUE,0,0,0,0,-6,0,0
"scattered_mixed",342,"BY",TRUE,0,0,0,0,-6,0,0
"scattered_mixed",343,"unadjusted",TRUE,0.666666666666667,1,0,0,-2,0.666666666666667,4
"scattered_mixed",343,"Holm",TRUE,0.166666666666667,1,0,0,-5,0.166666666666667,1
"scattered_mixed",343,"BY",TRUE,0.166666666666667,1,0,0,-5,0.166666666666667,1
"scattered_mixed",344,"unadjusted",TRUE,0.5,0.75,0.25,1,-2,0.428571428571429,4
"scattered_mixed",344,"Holm",TRUE,0.166666666666667,0.5,0.5,1,-4,0.142857142857143,2
"scattered_mixed",344,"BY",TRUE,0,0,0,0,-6,0,0
"scattered_mixed",345,"unadjusted",TRUE,0.5,0.75,0.25,1,-2,0.428571428571429,4
"scattered_mixed",345,"Holm",TRUE,0.5,1,0,0,-3,0.5,3
"scattered_mixed",345,"BY",TRUE,0.5,1,0,0,-3,0.5,3
"scattered_mixed",346,"unadjusted",TRUE,0.666666666666667,1,0,0,-2,0.666666666666667,4
"scattered_mixed",346,"Holm",TRUE,0.166666666666667,1,0,0,-5,0.166666666666667,1
"scattered_mixed",346,"BY",TRUE,0.166666666666667,1,0,0,-5,0.166666666666667,1
"scattered_mixed",347,"unadjusted",TRUE,0.5,1,0,0,-3,0.5,3
"scattered_mixed",347,"Holm",TRUE,0,0,0,0,-6,0,0
"scattered_mixed",347,"BY",TRUE,0,0,0,0,-6,0,0
"scattered_mixed",348,"unadjusted",TRUE,0.5,0.75,0.25,1,-2,0.428571428571429,4
"scattered_mixed",348,"Holm",TRUE,0,0,0,0,-6,0,0
"scattered_mixed",348,"BY",TRUE,0,0,0,0,-6,0,0
"scattered_mixed",349,"unadjusted",TRUE,1,1,0,0,0,1,6
"scattered_mixed",349,"Holm",TRUE,0,0,0,0,-6,0,0
"scattered_mixed",349,"BY",TRUE,0,0,0,0,-6,0,0
"scattered_mixed",350,"unadjusted",TRUE,0.666666666666667,0.666666666666667,0.333333333333333,1,0,0.5,6
"scattered_mixed",350,"Holm",TRUE,0.333333333333333,1,0,0,-4,0.333333333333333,2
"scattered_mixed",350,"BY",TRUE,0.333333333333333,1,0,0,-4,0.333333333333333,2
"scattered_mixed",351,"unadjusted",TRUE,0.333333333333333,1,0,0,-4,0.333333333333333,2
"scattered_mixed",351,"Holm",TRUE,0.166666666666667,1,0,0,-5,0.166666666666667,1
"scattered_mixed",351,"BY",TRUE,0,0,0,0,-6,0,0
"scattered_mixed",352,"unadjusted",TRUE,0.833333333333333,1,0,0,-1,0.833333333333333,5
"scattered_mixed",352,"Holm",TRUE,0.166666666666667,1,0,0,-5,0.166666666666667,1
"scattered_mixed",352,"BY",TRUE,0.166666666666667,1,0,0,-5,0.166666666666667,1
"scattered_mixed",353,"unadjusted",TRUE,1,1,0,0,0,1,6
"scattered_mixed",353,"Holm",TRUE,0.166666666666667,1,0,0,-5,0.166666666666667,1
"scattered_mixed",353,"BY",TRUE,0,0,0,0,-6,0,0
"scattered_mixed",354,"unadjusted",TRUE,0.666666666666667,1,0,0,-2,0.666666666666667,4
"scattered_mixed",354,"Holm",TRUE,0.166666666666667,1,0,0,-5,0.166666666666667,1
"scattered_mixed",354,"BY",TRUE,0.166666666666667,1,0,0,-5,0.166666666666667,1
"scattered_mixed",355,"unadjusted",TRUE,0.5,1,0,0,-3,0.5,3
"scattered_mixed",355,"Holm",TRUE,0,0,0,0,-6,0,0
"scattered_mixed",355,"BY",TRUE,0,0,0,0,-6,0,0
"scattered_mixed",356,"unadjusted",TRUE,0.333333333333333,0.666666666666667,0.333333333333333,1,-3,0.285714285714286,3
"scattered_mixed",356,"Holm",TRUE,0.166666666666667,1,0,0,-5,0.166666666666667,1
"scattered_mixed",356,"BY",TRUE,0,0,0,0,-6,0,0
"scattered_mixed",357,"unadjusted",TRUE,0.833333333333333,1,0,0,-1,0.833333333333333,5
"scattered_mixed",357,"Holm",TRUE,0.166666666666667,1,0,0,-5,0.166666666666667,1
"scattered_mixed",357,"BY",TRUE,0,0,0,0,-6,0,0
"scattered_mixed",358,"unadjusted",TRUE,1,1,0,0,0,1,6
"scattered_mixed",358,"Holm",TRUE,0.166666666666667,1,0,0,-5,0.166666666666667,1
"scattered_mixed",358,"BY",TRUE,0.166666666666667,1,0,0,-5,0.166666666666667,1
"scattered_mixed",359,"unadjusted",TRUE,0.666666666666667,0.8,0.2,1,-1,0.571428571428571,5
"scattered_mixed",359,"Holm",TRUE,0.333333333333333,1,0,0,-4,0.333333333333333,2
"scattered_mixed",359,"BY",TRUE,0.333333333333333,1,0,0,-4,0.333333333333333,2
"scattered_mixed",360,"unadjusted",TRUE,0.833333333333333,0.833333333333333,0.166666666666667,1,0,0.714285714285714,6
"scattered_mixed",360,"Holm",TRUE,0.333333333333333,1,0,0,-4,0.333333333333333,2
"scattered_mixed",360,"BY",TRUE,0.166666666666667,1,0,0,-5,0.166666666666667,1
"scattered_mixed",361,"unadjusted",TRUE,0.5,0.75,0.25,1,-2,0.428571428571429,4
"scattered_mixed",361,"Holm",TRUE,0.333333333333333,1,0,0,-4,0.333333333333333,2
"scattered_mixed",361,"BY",TRUE,0.166666666666667,1,0,0,-5,0.166666666666667,1
"scattered_mixed",362,"unadjusted",TRUE,0.333333333333333,1,0,0,-4,0.333333333333333,2
"scattered_mixed",362,"Holm",TRUE,0.166666666666667,1,0,0,-5,0.166666666666667,1
"scattered_mixed",362,"BY",TRUE,0.166666666666667,1,0,0,-5,0.166666666666667,1
"scattered_mixed",363,"unadjusted",TRUE,0.5,1,0,0,-3,0.5,3
"scattered_mixed",363,"Holm",TRUE,0,0,0,0,-6,0,0
"scattered_mixed",363,"BY",TRUE,0,0,0,0,-6,0,0
"scattered_mixed",364,"unadjusted",TRUE,0.833333333333333,1,0,0,-1,0.833333333333333,5
"scattered_mixed",364,"Holm",TRUE,0.166666666666667,1,0,0,-5,0.166666666666667,1
"scattered_mixed",364,"BY",TRUE,0.166666666666667,1,0,0,-5,0.166666666666667,1
"scattered_mixed",365,"unadjusted",TRUE,0.666666666666667,1,0,0,-2,0.666666666666667,4
"scattered_mixed",365,"Holm",TRUE,0,0,0,0,-6,0,0
"scattered_mixed",365,"BY",TRUE,0,0,0,0,-6,0,0
"scattered_mixed",366,"unadjusted",TRUE,0.833333333333333,1,0,0,-1,0.833333333333333,5
"scattered_mixed",366,"Holm",TRUE,0.166666666666667,1,0,0,-5,0.166666666666667,1
"scattered_mixed",366,"BY",TRUE,0.166666666666667,1,0,0,-5,0.166666666666667,1
"scattered_mixed",367,"unadjusted",TRUE,0.833333333333333,1,0,0,-1,0.833333333333333,5
"scattered_mixed",367,"Holm",TRUE,0.166666666666667,1,0,0,-5,0.166666666666667,1
"scattered_mixed",367,"BY",TRUE,0.166666666666667,1,0,0,-5,0.166666666666667,1
"scattered_mixed",368,"unadjusted",TRUE,0.5,1,0,0,-3,0.5,3
"scattered_mixed",368,"Holm",TRUE,0.5,1,0,0,-3,0.5,3
"scattered_mixed",368,"BY",TRUE,0.5,1,0,0,-3,0.5,3
"scattered_mixed",369,"unadjusted",TRUE,0.166666666666667,1,0,0,-5,0.166666666666667,1
"scattered_mixed",369,"Holm",TRUE,0.166666666666667,1,0,0,-5,0.166666666666667,1
"scattered_mixed",369,"BY",TRUE,0.166666666666667,1,0,0,-5,0.166666666666667,1
"scattered_mixed",370,"unadjusted",TRUE,0.5,1,0,0,-3,0.5,3
"scattered_mixed",370,"Holm",TRUE,0.166666666666667,1,0,0,-5,0.166666666666667,1
"scattered_mixed",370,"BY",TRUE,0,0,0,0,-6,0,0
"scattered_mixed",371,"unadjusted",TRUE,0.833333333333333,1,0,0,-1,0.833333333333333,5
"scattered_mixed",371,"Holm",TRUE,0,0,0,0,-6,0,0
"scattered_mixed",371,"BY",TRUE,0,0,0,0,-6,0,0
"scattered_mixed",372,"unadjusted",TRUE,0.666666666666667,0.8,0.2,1,-1,0.571428571428571,5
"scattered_mixed",372,"Holm",TRUE,0.333333333333333,1,0,0,-4,0.333333333333333,2
"scattered_mixed",372,"BY",TRUE,0.333333333333333,1,0,0,-4,0.333333333333333,2
"scattered_mixed",373,"unadjusted",TRUE,0.666666666666667,0.8,0.2,1,-1,0.571428571428571,5
"scattered_mixed",373,"Holm",TRUE,0,0,0,0,-6,0,0
"scattered_mixed",373,"BY",TRUE,0,0,0,0,-6,0,0
"scattered_mixed",374,"unadjusted",TRUE,0.333333333333333,1,0,0,-4,0.333333333333333,2
"scattered_mixed",374,"Holm",TRUE,0.333333333333333,1,0,0,-4,0.333333333333333,2
"scattered_mixed",374,"BY",TRUE,0.333333333333333,1,0,0,-4,0.333333333333333,2
"scattered_mixed",375,"unadjusted",TRUE,0.833333333333333,1,0,0,-1,0.833333333333333,5
"scattered_mixed",375,"Holm",TRUE,0.166666666666667,1,0,0,-5,0.166666666666667,1
"scattered_mixed",375,"BY",TRUE,0,0,0,0,-6,0,0
"scattered_mixed",376,"unadjusted",TRUE,0.833333333333333,1,0,0,-1,0.833333333333333,5
"scattered_mixed",376,"Holm",TRUE,0.333333333333333,1,0,0,-4,0.333333333333333,2
"scattered_mixed",376,"BY",TRUE,0.333333333333333,1,0,0,-4,0.333333333333333,2
"scattered_mixed",377,"unadjusted",TRUE,0.833333333333333,1,0,0,-1,0.833333333333333,5
"scattered_mixed",377,"Holm",TRUE,0.333333333333333,1,0,0,-4,0.333333333333333,2
"scattered_mixed",377,"BY",TRUE,0,0,0,0,-6,0,0
"scattered_mixed",378,"unadjusted",TRUE,0.833333333333333,1,0,0,-1,0.833333333333333,5
"scattered_mixed",378,"Holm",TRUE,0,0,0,0,-6,0,0
"scattered_mixed",378,"BY",TRUE,0,0,0,0,-6,0,0
"scattered_mixed",379,"unadjusted",TRUE,0.666666666666667,0.8,0.2,1,-1,0.571428571428571,5
"scattered_mixed",379,"Holm",TRUE,0,0,0,0,-6,0,0
"scattered_mixed",379,"BY",TRUE,0,0,0,0,-6,0,0
"scattered_mixed",380,"unadjusted",TRUE,0.666666666666667,1,0,0,-2,0.666666666666667,4
"scattered_mixed",380,"Holm",TRUE,0.166666666666667,1,0,0,-5,0.166666666666667,1
"scattered_mixed",380,"BY",TRUE,0,0,0,0,-6,0,0
"scattered_mixed",381,"unadjusted",TRUE,0.833333333333333,1,0,0,-1,0.833333333333333,5
"scattered_mixed",381,"Holm",TRUE,0.5,1,0,0,-3,0.5,3
"scattered_mixed",381,"BY",TRUE,0.5,1,0,0,-3,0.5,3
"scattered_mixed",382,"unadjusted",TRUE,0.5,1,0,0,-3,0.5,3
"scattered_mixed",382,"Holm",TRUE,0,0,0,0,-6,0,0
"scattered_mixed",382,"BY",TRUE,0,0,0,0,-6,0,0
"scattered_mixed",383,"unadjusted",TRUE,0.833333333333333,1,0,0,-1,0.833333333333333,5
"scattered_mixed",383,"Holm",TRUE,0.333333333333333,1,0,0,-4,0.333333333333333,2
"scattered_mixed",383,"BY",TRUE,0.333333333333333,1,0,0,-4,0.333333333333333,2
"scattered_mixed",384,"unadjusted",TRUE,0.5,1,0,0,-3,0.5,3
"scattered_mixed",384,"Holm",TRUE,0,0,0,0,-6,0,0
"scattered_mixed",384,"BY",TRUE,0,0,0,0,-6,0,0
"scattered_mixed",385,"unadjusted",TRUE,0.833333333333333,1,0,0,-1,0.833333333333333,5
"scattered_mixed",385,"Holm",TRUE,0.5,1,0,0,-3,0.5,3
"scattered_mixed",385,"BY",TRUE,0.5,1,0,0,-3,0.5,3
"scattered_mixed",386,"unadjusted",TRUE,1,1,0,0,0,1,6
"scattered_mixed",386,"Holm",TRUE,0.5,1,0,0,-3,0.5,3
"scattered_mixed",386,"BY",TRUE,0.5,1,0,0,-3,0.5,3
"scattered_mixed",387,"unadjusted",TRUE,0.833333333333333,1,0,0,-1,0.833333333333333,5
"scattered_mixed",387,"Holm",TRUE,0.333333333333333,1,0,0,-4,0.333333333333333,2
"scattered_mixed",387,"BY",TRUE,0.333333333333333,1,0,0,-4,0.333333333333333,2
"scattered_mixed",388,"unadjusted",TRUE,0.833333333333333,1,0,0,-1,0.833333333333333,5
"scattered_mixed",388,"Holm",TRUE,0.333333333333333,1,0,0,-4,0.333333333333333,2
"scattered_mixed",388,"BY",TRUE,0.166666666666667,1,0,0,-5,0.166666666666667,1
"scattered_mixed",389,"unadjusted",TRUE,0.5,1,0,0,-3,0.5,3
"scattered_mixed",389,"Holm",TRUE,0.166666666666667,1,0,0,-5,0.166666666666667,1
"scattered_mixed",389,"BY",TRUE,0.166666666666667,1,0,0,-5,0.166666666666667,1
"scattered_mixed",390,"unadjusted",TRUE,0.666666666666667,1,0,0,-2,0.666666666666667,4
"scattered_mixed",390,"Holm",TRUE,0,0,0,0,-6,0,0
"scattered_mixed",390,"BY",TRUE,0,0,0,0,-6,0,0
"scattered_mixed",391,"unadjusted",TRUE,0.833333333333333,1,0,0,-1,0.833333333333333,5
"scattered_mixed",391,"Holm",TRUE,0.666666666666667,1,0,0,-2,0.666666666666667,4
"scattered_mixed",391,"BY",TRUE,0.666666666666667,1,0,0,-2,0.666666666666667,4
"scattered_mixed",392,"unadjusted",TRUE,0.833333333333333,1,0,0,-1,0.833333333333333,5
"scattered_mixed",392,"Holm",TRUE,0,0,0,0,-6,0,0
"scattered_mixed",392,"BY",TRUE,0,0,0,0,-6,0,0
"scattered_mixed",393,"unadjusted",TRUE,0.666666666666667,0.666666666666667,0.333333333333333,1,0,0.5,6
"scattered_mixed",393,"Holm",TRUE,0,0,0,0,-6,0,0
"scattered_mixed",393,"BY",TRUE,0,0,0,0,-6,0,0
"scattered_mixed",394,"unadjusted",TRUE,1,1,0,0,0,1,6
"scattered_mixed",394,"Holm",TRUE,0,0,0,0,-6,0,0
"scattered_mixed",394,"BY",TRUE,0,0,0,0,-6,0,0
"scattered_mixed",395,"unadjusted",TRUE,0.666666666666667,1,0,0,-2,0.666666666666667,4
"scattered_mixed",395,"Holm",TRUE,0.333333333333333,1,0,0,-4,0.333333333333333,2
"scattered_mixed",395,"BY",TRUE,0,0,0,0,-6,0,0
"scattered_mixed",396,"unadjusted",TRUE,1,0.857142857142857,0.142857142857143,1,1,0.857142857142857,7
"scattered_mixed",396,"Holm",TRUE,0,0,0,0,-6,0,0
"scattered_mixed",396,"BY",TRUE,0,0,0,0,-6,0,0
"scattered_mixed",397,"unadjusted",TRUE,0.5,1,0,0,-3,0.5,3
"scattered_mixed",397,"Holm",TRUE,0.166666666666667,1,0,0,-5,0.166666666666667,1
"scattered_mixed",397,"BY",TRUE,0,0,0,0,-6,0,0
"scattered_mixed",398,"unadjusted",TRUE,0.666666666666667,1,0,0,-2,0.666666666666667,4
"scattered_mixed",398,"Holm",TRUE,0.333333333333333,1,0,0,-4,0.333333333333333,2
"scattered_mixed",398,"BY",TRUE,0.166666666666667,1,0,0,-5,0.166666666666667,1
"scattered_mixed",399,"unadjusted",TRUE,0.666666666666667,1,0,0,-2,0.666666666666667,4
"scattered_mixed",399,"Holm",TRUE,0.166666666666667,1,0,0,-5,0.166666666666667,1
"scattered_mixed",399,"BY",TRUE,0,0,0,0,-6,0,0
"scattered_mixed",400,"unadjusted",TRUE,0.666666666666667,0.8,0.2,1,-1,0.571428571428571,5
"scattered_mixed",400,"Holm",TRUE,0.333333333333333,1,0,0,-4,0.333333333333333,2
"scattered_mixed",400,"BY",TRUE,0,0,0,0,-6,0,0
"scattered_mixed",401,"unadjusted",TRUE,0.833333333333333,1,0,0,-1,0.833333333333333,5
"scattered_mixed",401,"Holm",TRUE,0.5,1,0,0,-3,0.5,3
"scattered_mixed",401,"BY",TRUE,0.5,1,0,0,-3,0.5,3
"scattered_mixed",402,"unadjusted",TRUE,0.5,1,0,0,-3,0.5,3
"scattered_mixed",402,"Holm",TRUE,0.333333333333333,1,0,0,-4,0.333333333333333,2
"scattered_mixed",402,"BY",TRUE,0.333333333333333,1,0,0,-4,0.333333333333333,2
"scattered_mixed",403,"unadjusted",TRUE,1,0.75,0.25,1,2,0.75,8
"scattered_mixed",403,"Holm",TRUE,0,0,0,0,-6,0,0
"scattered_mixed",403,"BY",TRUE,0,0,0,0,-6,0,0
"scattered_mixed",404,"unadjusted",TRUE,0.833333333333333,1,0,0,-1,0.833333333333333,5
"scattered_mixed",404,"Holm",TRUE,0.333333333333333,1,0,0,-4,0.333333333333333,2
"scattered_mixed",404,"BY",TRUE,0,0,0,0,-6,0,0
"scattered_mixed",405,"unadjusted",TRUE,0.833333333333333,0.833333333333333,0.166666666666667,1,0,0.714285714285714,6
"scattered_mixed",405,"Holm",TRUE,0.166666666666667,1,0,0,-5,0.166666666666667,1
"scattered_mixed",405,"BY",TRUE,0.166666666666667,1,0,0,-5,0.166666666666667,1
"scattered_mixed",406,"unadjusted",TRUE,0.666666666666667,1,0,0,-2,0.666666666666667,4
"scattered_mixed",406,"Holm",TRUE,0,0,0,0,-6,0,0
"scattered_mixed",406,"BY",TRUE,0,0,0,0,-6,0,0
"scattered_mixed",407,"unadjusted",TRUE,0.333333333333333,0.666666666666667,0.333333333333333,1,-3,0.285714285714286,3
"scattered_mixed",407,"Holm",TRUE,0.166666666666667,1,0,0,-5,0.166666666666667,1
"scattered_mixed",407,"BY",TRUE,0,0,0,0,-6,0,0
"scattered_mixed",408,"unadjusted",TRUE,0.833333333333333,0.833333333333333,0.166666666666667,1,0,0.714285714285714,6
"scattered_mixed",408,"Holm",TRUE,0.166666666666667,1,0,0,-5,0.166666666666667,1
"scattered_mixed",408,"BY",TRUE,0,0,0,0,-6,0,0
"scattered_mixed",409,"unadjusted",TRUE,0.166666666666667,1,0,0,-5,0.166666666666667,1
"scattered_mixed",409,"Holm",TRUE,0,0,0,0,-6,0,0
"scattered_mixed",409,"BY",TRUE,0,0,0,0,-6,0,0
"scattered_mixed",410,"unadjusted",TRUE,0.833333333333333,0.833333333333333,0.166666666666667,1,0,0.714285714285714,6
"scattered_mixed",410,"Holm",TRUE,0.5,1,0,0,-3,0.5,3
"scattered_mixed",410,"BY",TRUE,0.5,1,0,0,-3,0.5,3
"scattered_mixed",411,"unadjusted",TRUE,0.666666666666667,1,0,0,-2,0.666666666666667,4
"scattered_mixed",411,"Holm",TRUE,0.333333333333333,1,0,0,-4,0.333333333333333,2
"scattered_mixed",411,"BY",TRUE,0.333333333333333,1,0,0,-4,0.333333333333333,2
"scattered_mixed",412,"unadjusted",TRUE,0.666666666666667,1,0,0,-2,0.666666666666667,4
"scattered_mixed",412,"Holm",TRUE,0,0,0,0,-6,0,0
"scattered_mixed",412,"BY",TRUE,0,0,0,0,-6,0,0
"scattered_mixed",413,"unadjusted",TRUE,0.666666666666667,0.8,0.2,1,-1,0.571428571428571,5
"scattered_mixed",413,"Holm",TRUE,0,0,0,0,-6,0,0
"scattered_mixed",413,"BY",TRUE,0,0,0,0,-6,0,0
"scattered_mixed",414,"unadjusted",TRUE,0.666666666666667,1,0,0,-2,0.666666666666667,4
"scattered_mixed",414,"Holm",TRUE,0.166666666666667,1,0,0,-5,0.166666666666667,1
"scattered_mixed",414,"BY",TRUE,0.166666666666667,1,0,0,-5,0.166666666666667,1
"scattered_mixed",415,"unadjusted",TRUE,0.666666666666667,1,0,0,-2,0.666666666666667,4
"scattered_mixed",415,"Holm",TRUE,0,0,0,0,-6,0,0
"scattered_mixed",415,"BY",TRUE,0,0,0,0,-6,0,0
"scattered_mixed",416,"unadjusted",TRUE,0.5,1,0,0,-3,0.5,3
"scattered_mixed",416,"Holm",TRUE,0.333333333333333,1,0,0,-4,0.333333333333333,2
"scattered_mixed",416,"BY",TRUE,0.166666666666667,1,0,0,-5,0.166666666666667,1
"scattered_mixed",417,"unadjusted",TRUE,1,1,0,0,0,1,6
"scattered_mixed",417,"Holm",TRUE,0,0,0,0,-6,0,0
"scattered_mixed",417,"BY",TRUE,0,0,0,0,-6,0,0
"scattered_mixed",418,"unadjusted",TRUE,0.333333333333333,1,0,0,-4,0.333333333333333,2
"scattered_mixed",418,"Holm",TRUE,0,0,0,0,-6,0,0
"scattered_mixed",418,"BY",TRUE,0,0,0,0,-6,0,0
"scattered_mixed",419,"unadjusted",TRUE,0.833333333333333,0.833333333333333,0.166666666666667,1,0,0.714285714285714,6
"scattered_mixed",419,"Holm",TRUE,0,0,0,0,-6,0,0
"scattered_mixed",419,"BY",TRUE,0,0,0,0,-6,0,0
"scattered_mixed",420,"unadjusted",TRUE,1,1,0,0,0,1,6
"scattered_mixed",420,"Holm",TRUE,0.333333333333333,1,0,0,-4,0.333333333333333,2
"scattered_mixed",420,"BY",TRUE,0.333333333333333,1,0,0,-4,0.333333333333333,2
"scattered_mixed",421,"unadjusted",TRUE,0.666666666666667,0.8,0.2,1,-1,0.571428571428571,5
"scattered_mixed",421,"Holm",TRUE,0.166666666666667,1,0,0,-5,0.166666666666667,1
"scattered_mixed",421,"BY",TRUE,0.166666666666667,1,0,0,-5,0.166666666666667,1
"scattered_mixed",422,"unadjusted",TRUE,0.5,0.6,0.4,1,-1,0.375,5
"scattered_mixed",422,"Holm",TRUE,0.166666666666667,1,0,0,-5,0.166666666666667,1
"scattered_mixed",422,"BY",TRUE,0,0,0,0,-6,0,0
"scattered_mixed",423,"unadjusted",TRUE,0.833333333333333,0.833333333333333,0.166666666666667,1,0,0.714285714285714,6
"scattered_mixed",423,"Holm",TRUE,0.166666666666667,1,0,0,-5,0.166666666666667,1
"scattered_mixed",423,"BY",TRUE,0.166666666666667,1,0,0,-5,0.166666666666667,1
"scattered_mixed",424,"unadjusted",TRUE,0.666666666666667,1,0,0,-2,0.666666666666667,4
"scattered_mixed",424,"Holm",TRUE,0.166666666666667,1,0,0,-5,0.166666666666667,1
"scattered_mixed",424,"BY",TRUE,0.166666666666667,1,0,0,-5,0.166666666666667,1
"scattered_mixed",425,"unadjusted",TRUE,0.666666666666667,0.666666666666667,0.333333333333333,1,0,0.5,6
"scattered_mixed",425,"Holm",TRUE,0,0,0,0,-6,0,0
"scattered_mixed",425,"BY",TRUE,0,0,0,0,-6,0,0
"scattered_mixed",426,"unadjusted",TRUE,0.666666666666667,0.666666666666667,0.333333333333333,1,0,0.5,6
"scattered_mixed",426,"Holm",TRUE,0.166666666666667,1,0,0,-5,0.166666666666667,1
"scattered_mixed",426,"BY",TRUE,0.166666666666667,1,0,0,-5,0.166666666666667,1
"scattered_mixed",427,"unadjusted",TRUE,1,0.857142857142857,0.142857142857143,1,1,0.857142857142857,7
"scattered_mixed",427,"Holm",TRUE,0.5,1,0,0,-3,0.5,3
"scattered_mixed",427,"BY",TRUE,0.5,1,0,0,-3,0.5,3
"scattered_mixed",428,"unadjusted",TRUE,0.5,1,0,0,-3,0.5,3
"scattered_mixed",428,"Holm",TRUE,0.166666666666667,1,0,0,-5,0.166666666666667,1
"scattered_mixed",428,"BY",TRUE,0,0,0,0,-6,0,0
"scattered_mixed",429,"unadjusted",TRUE,0.5,0.75,0.25,1,-2,0.428571428571429,4
"scattered_mixed",429,"Holm",TRUE,0.166666666666667,1,0,0,-5,0.166666666666667,1
"scattered_mixed",429,"BY",TRUE,0.166666666666667,1,0,0,-5,0.166666666666667,1
"scattered_mixed",430,"unadjusted",TRUE,1,1,0,0,0,1,6
"scattered_mixed",430,"Holm",TRUE,0.5,1,0,0,-3,0.5,3
"scattered_mixed",430,"BY",TRUE,0.5,1,0,0,-3,0.5,3
"scattered_mixed",431,"unadjusted",TRUE,0.5,0.75,0.25,1,-2,0.428571428571429,4
"scattered_mixed",431,"Holm",TRUE,0.333333333333333,1,0,0,-4,0.333333333333333,2
"scattered_mixed",431,"BY",TRUE,0.333333333333333,1,0,0,-4,0.333333333333333,2
"scattered_mixed",432,"unadjusted",FALSE,0.333333333333333,1,0,0,-4,0.333333333333333,2
"scattered_mixed",432,"Holm",FALSE,0,0,0,0,-6,0,0
"scattered_mixed",432,"BY",FALSE,0,0,0,0,-6,0,0
"scattered_mixed",433,"unadjusted",TRUE,0.833333333333333,0.833333333333333,0.166666666666667,1,0,0.714285714285714,6
"scattered_mixed",433,"Holm",TRUE,0,0,0,0,-6,0,0
"scattered_mixed",433,"BY",TRUE,0,0,0,0,-6,0,0
"scattered_mixed",434,"unadjusted",TRUE,0.333333333333333,1,0,0,-4,0.333333333333333,2
"scattered_mixed",434,"Holm",TRUE,0,0,0,0,-6,0,0
"scattered_mixed",434,"BY",TRUE,0,0,0,0,-6,0,0
"scattered_mixed",435,"unadjusted",TRUE,0.333333333333333,0.5,0.5,1,-2,0.25,4
"scattered_mixed",435,"Holm",TRUE,0.166666666666667,1,0,0,-5,0.166666666666667,1
"scattered_mixed",435,"BY",TRUE,0,0,0,0,-6,0,0
"scattered_mixed",436,"unadjusted",TRUE,0.666666666666667,0.8,0.2,1,-1,0.571428571428571,5
"scattered_mixed",436,"Holm",TRUE,0.166666666666667,1,0,0,-5,0.166666666666667,1
"scattered_mixed",436,"BY",TRUE,0.166666666666667,1,0,0,-5,0.166666666666667,1
"scattered_mixed",437,"unadjusted",TRUE,0.833333333333333,1,0,0,-1,0.833333333333333,5
"scattered_mixed",437,"Holm",TRUE,0,0,0,0,-6,0,0
"scattered_mixed",437,"BY",TRUE,0,0,0,0,-6,0,0
"scattered_mixed",438,"unadjusted",TRUE,0.5,0.6,0.4,1,-1,0.375,5
"scattered_mixed",438,"Holm",TRUE,0.166666666666667,1,0,0,-5,0.166666666666667,1
"scattered_mixed",438,"BY",TRUE,0.166666666666667,1,0,0,-5,0.166666666666667,1
"scattered_mixed",439,"unadjusted",TRUE,0.666666666666667,1,0,0,-2,0.666666666666667,4
"scattered_mixed",439,"Holm",TRUE,0.166666666666667,1,0,0,-5,0.166666666666667,1
"scattered_mixed",439,"BY",TRUE,0.166666666666667,1,0,0,-5,0.166666666666667,1
"scattered_mixed",440,"unadjusted",TRUE,1,0.75,0.25,1,2,0.75,8
"scattered_mixed",440,"Holm",TRUE,0.666666666666667,1,0,0,-2,0.666666666666667,4
"scattered_mixed",440,"BY",TRUE,0.666666666666667,1,0,0,-2,0.666666666666667,4
"scattered_mixed",441,"unadjusted",TRUE,0.666666666666667,1,0,0,-2,0.666666666666667,4
"scattered_mixed",441,"Holm",TRUE,0,0,0,0,-6,0,0
"scattered_mixed",441,"BY",TRUE,0,0,0,0,-6,0,0
"scattered_mixed",442,"unadjusted",TRUE,0.666666666666667,0.666666666666667,0.333333333333333,1,0,0.5,6
"scattered_mixed",442,"Holm",TRUE,0.333333333333333,1,0,0,-4,0.333333333333333,2
"scattered_mixed",442,"BY",TRUE,0.166666666666667,1,0,0,-5,0.166666666666667,1
"scattered_mixed",443,"unadjusted",TRUE,0.5,1,0,0,-3,0.5,3
"scattered_mixed",443,"Holm",TRUE,0,0,0,0,-6,0,0
"scattered_mixed",443,"BY",TRUE,0,0,0,0,-6,0,0
"scattered_mixed",444,"unadjusted",TRUE,0.833333333333333,0.625,0.375,1,2,0.555555555555556,8
"scattered_mixed",444,"Holm",TRUE,0.5,1,0,0,-3,0.5,3
"scattered_mixed",444,"BY",TRUE,0.5,1,0,0,-3,0.5,3
"scattered_mixed",445,"unadjusted",TRUE,0.833333333333333,1,0,0,-1,0.833333333333333,5
"scattered_mixed",445,"Holm",TRUE,0.5,1,0,0,-3,0.5,3
"scattered_mixed",445,"BY",TRUE,0.5,1,0,0,-3,0.5,3
"scattered_mixed",446,"unadjusted",TRUE,1,1,0,0,0,1,6
"scattered_mixed",446,"Holm",TRUE,0.333333333333333,1,0,0,-4,0.333333333333333,2
"scattered_mixed",446,"BY",TRUE,0.166666666666667,1,0,0,-5,0.166666666666667,1
"scattered_mixed",447,"unadjusted",TRUE,0.166666666666667,1,0,0,-5,0.166666666666667,1
"scattered_mixed",447,"Holm",TRUE,0,0,0,0,-6,0,0
"scattered_mixed",447,"BY",TRUE,0,0,0,0,-6,0,0
"scattered_mixed",448,"unadjusted",TRUE,0.833333333333333,1,0,0,-1,0.833333333333333,5
"scattered_mixed",448,"Holm",TRUE,0.166666666666667,1,0,0,-5,0.166666666666667,1
"scattered_mixed",448,"BY",TRUE,0.166666666666667,1,0,0,-5,0.166666666666667,1
"scattered_mixed",449,"unadjusted",TRUE,0.833333333333333,0.833333333333333,0.166666666666667,1,0,0.714285714285714,6
"scattered_mixed",449,"Holm",TRUE,0.5,1,0,0,-3,0.5,3
"scattered_mixed",449,"BY",TRUE,0.5,1,0,0,-3,0.5,3
"scattered_mixed",450,"unadjusted",TRUE,0.333333333333333,1,0,0,-4,0.333333333333333,2
"scattered_mixed",450,"Holm",TRUE,0.166666666666667,1,0,0,-5,0.166666666666667,1
"scattered_mixed",450,"BY",TRUE,0,0,0,0,-6,0,0
"scattered_mixed",451,"unadjusted",TRUE,0.666666666666667,1,0,0,-2,0.666666666666667,4
"scattered_mixed",451,"Holm",TRUE,0,0,0,0,-6,0,0
"scattered_mixed",451,"BY",TRUE,0,0,0,0,-6,0,0
"scattered_mixed",452,"unadjusted",TRUE,0.666666666666667,1,0,0,-2,0.666666666666667,4
"scattered_mixed",452,"Holm",TRUE,0.166666666666667,1,0,0,-5,0.166666666666667,1
"scattered_mixed",452,"BY",TRUE,0,0,0,0,-6,0,0
"scattered_mixed",453,"unadjusted",TRUE,0.333333333333333,1,0,0,-4,0.333333333333333,2
"scattered_mixed",453,"Holm",TRUE,0.333333333333333,1,0,0,-4,0.333333333333333,2
"scattered_mixed",453,"BY",TRUE,0.166666666666667,1,0,0,-5,0.166666666666667,1
"scattered_mixed",454,"unadjusted",TRUE,0.333333333333333,1,0,0,-4,0.333333333333333,2
"scattered_mixed",454,"Holm",TRUE,0.166666666666667,1,0,0,-5,0.166666666666667,1
"scattered_mixed",454,"BY",TRUE,0,0,0,0,-6,0,0
"scattered_mixed",455,"unadjusted",TRUE,0.333333333333333,1,0,0,-4,0.333333333333333,2
"scattered_mixed",455,"Holm",TRUE,0.333333333333333,1,0,0,-4,0.333333333333333,2
"scattered_mixed",455,"BY",TRUE,0.166666666666667,1,0,0,-5,0.166666666666667,1
"scattered_mixed",456,"unadjusted",TRUE,0.5,0.6,0.4,1,-1,0.375,5
"scattered_mixed",456,"Holm",TRUE,0.166666666666667,1,0,0,-5,0.166666666666667,1
"scattered_mixed",456,"BY",TRUE,0.166666666666667,1,0,0,-5,0.166666666666667,1
"scattered_mixed",457,"unadjusted",TRUE,0.666666666666667,1,0,0,-2,0.666666666666667,4
"scattered_mixed",457,"Holm",TRUE,0.166666666666667,1,0,0,-5,0.166666666666667,1
"scattered_mixed",457,"BY",TRUE,0,0,0,0,-6,0,0
"scattered_mixed",458,"unadjusted",TRUE,0.666666666666667,1,0,0,-2,0.666666666666667,4
"scattered_mixed",458,"Holm",TRUE,0.166666666666667,1,0,0,-5,0.166666666666667,1
"scattered_mixed",458,"BY",TRUE,0,0,0,0,-6,0,0
"scattered_mixed",459,"unadjusted",TRUE,0.833333333333333,1,0,0,-1,0.833333333333333,5
"scattered_mixed",459,"Holm",TRUE,0.166666666666667,1,0,0,-5,0.166666666666667,1
"scattered_mixed",459,"BY",TRUE,0,0,0,0,-6,0,0
"scattered_mixed",460,"unadjusted",TRUE,0.5,0.75,0.25,1,-2,0.428571428571429,4
"scattered_mixed",460,"Holm",TRUE,0,0,0,0,-6,0,0
"scattered_mixed",460,"BY",TRUE,0,0,0,0,-6,0,0
"scattered_mixed",461,"unadjusted",TRUE,0.666666666666667,1,0,0,-2,0.666666666666667,4
"scattered_mixed",461,"Holm",TRUE,0.166666666666667,1,0,0,-5,0.166666666666667,1
"scattered_mixed",461,"BY",TRUE,0.166666666666667,1,0,0,-5,0.166666666666667,1
"scattered_mixed",462,"unadjusted",TRUE,0.5,1,0,0,-3,0.5,3
"scattered_mixed",462,"Holm",TRUE,0.166666666666667,1,0,0,-5,0.166666666666667,1
"scattered_mixed",462,"BY",TRUE,0,0,0,0,-6,0,0
"scattered_mixed",463,"unadjusted",TRUE,0.666666666666667,1,0,0,-2,0.666666666666667,4
"scattered_mixed",463,"Holm",TRUE,0,0,0,0,-6,0,0
"scattered_mixed",463,"BY",TRUE,0,0,0,0,-6,0,0
"scattered_mixed",464,"unadjusted",TRUE,0.666666666666667,1,0,0,-2,0.666666666666667,4
"scattered_mixed",464,"Holm",TRUE,0.333333333333333,1,0,0,-4,0.333333333333333,2
"scattered_mixed",464,"BY",TRUE,0.166666666666667,1,0,0,-5,0.166666666666667,1
"scattered_mixed",465,"unadjusted",TRUE,0.333333333333333,1,0,0,-4,0.333333333333333,2
"scattered_mixed",465,"Holm",TRUE,0.166666666666667,1,0,0,-5,0.166666666666667,1
"scattered_mixed",465,"BY",TRUE,0.166666666666667,1,0,0,-5,0.166666666666667,1
"scattered_mixed",466,"unadjusted",TRUE,0.666666666666667,0.8,0.2,1,-1,0.571428571428571,5
"scattered_mixed",466,"Holm",TRUE,0.333333333333333,1,0,0,-4,0.333333333333333,2
"scattered_mixed",466,"BY",TRUE,0.333333333333333,1,0,0,-4,0.333333333333333,2
"scattered_mixed",467,"unadjusted",TRUE,1,1,0,0,0,1,6
"scattered_mixed",467,"Holm",TRUE,0.166666666666667,1,0,0,-5,0.166666666666667,1
"scattered_mixed",467,"BY",TRUE,0.166666666666667,1,0,0,-5,0.166666666666667,1
"scattered_mixed",468,"unadjusted",TRUE,0.833333333333333,1,0,0,-1,0.833333333333333,5
"scattered_mixed",468,"Holm",TRUE,0,0,0,0,-6,0,0
"scattered_mixed",468,"BY",TRUE,0,0,0,0,-6,0,0
"scattered_mixed",469,"unadjusted",TRUE,0.5,1,0,0,-3,0.5,3
"scattered_mixed",469,"Holm",TRUE,0,0,0,0,-6,0,0
"scattered_mixed",469,"BY",TRUE,0,0,0,0,-6,0,0
"scattered_mixed",470,"unadjusted",TRUE,0.833333333333333,1,0,0,-1,0.833333333333333,5
"scattered_mixed",470,"Holm",TRUE,0.5,1,0,0,-3,0.5,3
"scattered_mixed",470,"BY",TRUE,0.5,1,0,0,-3,0.5,3
"scattered_mixed",471,"unadjusted",TRUE,0.666666666666667,0.8,0.2,1,-1,0.571428571428571,5
"scattered_mixed",471,"Holm",TRUE,0.333333333333333,1,0,0,-4,0.333333333333333,2
"scattered_mixed",471,"BY",TRUE,0.333333333333333,1,0,0,-4,0.333333333333333,2
"scattered_mixed",472,"unadjusted",TRUE,0.666666666666667,0.8,0.2,1,-1,0.571428571428571,5
"scattered_mixed",472,"Holm",TRUE,0.166666666666667,1,0,0,-5,0.166666666666667,1
"scattered_mixed",472,"BY",TRUE,0.166666666666667,1,0,0,-5,0.166666666666667,1
"scattered_mixed",473,"unadjusted",TRUE,0.666666666666667,1,0,0,-2,0.666666666666667,4
"scattered_mixed",473,"Holm",TRUE,0.166666666666667,1,0,0,-5,0.166666666666667,1
"scattered_mixed",473,"BY",TRUE,0.166666666666667,1,0,0,-5,0.166666666666667,1
"scattered_mixed",474,"unadjusted",TRUE,0.666666666666667,1,0,0,-2,0.666666666666667,4
"scattered_mixed",474,"Holm",TRUE,0.166666666666667,1,0,0,-5,0.166666666666667,1
"scattered_mixed",474,"BY",TRUE,0.166666666666667,1,0,0,-5,0.166666666666667,1
"scattered_mixed",475,"unadjusted",TRUE,0.833333333333333,1,0,0,-1,0.833333333333333,5
"scattered_mixed",475,"Holm",TRUE,0.333333333333333,1,0,0,-4,0.333333333333333,2
"scattered_mixed",475,"BY",TRUE,0.166666666666667,1,0,0,-5,0.166666666666667,1
"scattered_mixed",476,"unadjusted",TRUE,0.666666666666667,1,0,0,-2,0.666666666666667,4
"scattered_mixed",476,"Holm",TRUE,0.333333333333333,1,0,0,-4,0.333333333333333,2
"scattered_mixed",476,"BY",TRUE,0.166666666666667,1,0,0,-5,0.166666666666667,1
"scattered_mixed",477,"unadjusted",TRUE,0.333333333333333,1,0,0,-4,0.333333333333333,2
"scattered_mixed",477,"Holm",TRUE,0.333333333333333,1,0,0,-4,0.333333333333333,2
"scattered_mixed",477,"BY",TRUE,0.333333333333333,1,0,0,-4,0.333333333333333,2
"scattered_mixed",478,"unadjusted",TRUE,0.833333333333333,0.833333333333333,0.166666666666667,1,0,0.714285714285714,6
"scattered_mixed",478,"Holm",TRUE,0,0,0,0,-6,0,0
"scattered_mixed",478,"BY",TRUE,0,0,0,0,-6,0,0
"scattered_mixed",479,"unadjusted",TRUE,0.666666666666667,0.8,0.2,1,-1,0.571428571428571,5
"scattered_mixed",479,"Holm",TRUE,0,0,0,0,-6,0,0
"scattered_mixed",479,"BY",TRUE,0,0,0,0,-6,0,0
"scattered_mixed",480,"unadjusted",TRUE,0.5,0.6,0.4,1,-1,0.375,5
"scattered_mixed",480,"Holm",TRUE,0,0,0,0,-6,0,0
"scattered_mixed",480,"BY",TRUE,0,0,0,0,-6,0,0
"scattered_mixed",481,"unadjusted",TRUE,0.5,1,0,0,-3,0.5,3
"scattered_mixed",481,"Holm",TRUE,0,0,0,0,-6,0,0
"scattered_mixed",481,"BY",TRUE,0,0,0,0,-6,0,0
"scattered_mixed",482,"unadjusted",TRUE,0.666666666666667,0.8,0.2,1,-1,0.571428571428571,5
"scattered_mixed",482,"Holm",TRUE,0.166666666666667,1,0,0,-5,0.166666666666667,1
"scattered_mixed",482,"BY",TRUE,0,0,0,0,-6,0,0
"scattered_mixed",483,"unadjusted",TRUE,0.666666666666667,0.8,0.2,1,-1,0.571428571428571,5
"scattered_mixed",483,"Holm",TRUE,0.166666666666667,1,0,0,-5,0.166666666666667,1
"scattered_mixed",483,"BY",TRUE,0.166666666666667,1,0,0,-5,0.166666666666667,1
"scattered_mixed",484,"unadjusted",TRUE,0.666666666666667,1,0,0,-2,0.666666666666667,4
"scattered_mixed",484,"Holm",TRUE,0,0,0,0,-6,0,0
"scattered_mixed",484,"BY",TRUE,0,0,0,0,-6,0,0
"scattered_mixed",485,"unadjusted",TRUE,0.5,1,0,0,-3,0.5,3
"scattered_mixed",485,"Holm",TRUE,0.166666666666667,1,0,0,-5,0.166666666666667,1
"scattered_mixed",485,"BY",TRUE,0.166666666666667,1,0,0,-5,0.166666666666667,1
"scattered_mixed",486,"unadjusted",TRUE,0.833333333333333,1,0,0,-1,0.833333333333333,5
"scattered_mixed",486,"Holm",TRUE,0.166666666666667,1,0,0,-5,0.166666666666667,1
"scattered_mixed",486,"BY",TRUE,0.166666666666667,1,0,0,-5,0.166666666666667,1
"scattered_mixed",487,"unadjusted",TRUE,0.833333333333333,1,0,0,-1,0.833333333333333,5
"scattered_mixed",487,"Holm",TRUE,0,0,0,0,-6,0,0
"scattered_mixed",487,"BY",TRUE,0,0,0,0,-6,0,0
"scattered_mixed",488,"unadjusted",TRUE,0.666666666666667,1,0,0,-2,0.666666666666667,4
"scattered_mixed",488,"Holm",TRUE,0.166666666666667,1,0,0,-5,0.166666666666667,1
"scattered_mixed",488,"BY",TRUE,0,0,0,0,-6,0,0
"scattered_mixed",489,"unadjusted",TRUE,0.666666666666667,0.666666666666667,0.333333333333333,1,0,0.5,6
"scattered_mixed",489,"Holm",TRUE,0.166666666666667,1,0,0,-5,0.166666666666667,1
"scattered_mixed",489,"BY",TRUE,0.166666666666667,1,0,0,-5,0.166666666666667,1
"scattered_mixed",490,"unadjusted",TRUE,0.666666666666667,1,0,0,-2,0.666666666666667,4
"scattered_mixed",490,"Holm",TRUE,0.166666666666667,1,0,0,-5,0.166666666666667,1
"scattered_mixed",490,"BY",TRUE,0.166666666666667,1,0,0,-5,0.166666666666667,1
"scattered_mixed",491,"unadjusted",TRUE,0.666666666666667,1,0,0,-2,0.666666666666667,4
"scattered_mixed",491,"Holm",TRUE,0.166666666666667,1,0,0,-5,0.166666666666667,1
"scattered_mixed",491,"BY",TRUE,0.166666666666667,1,0,0,-5,0.166666666666667,1
"scattered_mixed",492,"unadjusted",TRUE,0.666666666666667,0.8,0.2,1,-1,0.571428571428571,5
"scattered_mixed",492,"Holm",TRUE,0.333333333333333,1,0,0,-4,0.333333333333333,2
"scattered_mixed",492,"BY",TRUE,0,0,0,0,-6,0,0
"scattered_mixed",493,"unadjusted",TRUE,0.5,1,0,0,-3,0.5,3
"scattered_mixed",493,"Holm",TRUE,0.333333333333333,1,0,0,-4,0.333333333333333,2
"scattered_mixed",493,"BY",TRUE,0.333333333333333,1,0,0,-4,0.333333333333333,2
"scattered_mixed",494,"unadjusted",TRUE,0.833333333333333,0.714285714285714,0.285714285714286,1,1,0.625,7
"scattered_mixed",494,"Holm",TRUE,0,0,0,0,-6,0,0
"scattered_mixed",494,"BY",TRUE,0,0,0,0,-6,0,0
"scattered_mixed",495,"unadjusted",TRUE,1,1,0,0,0,1,6
"scattered_mixed",495,"Holm",TRUE,0.333333333333333,1,0,0,-4,0.333333333333333,2
"scattered_mixed",495,"BY",TRUE,0,0,0,0,-6,0,0
"scattered_mixed",496,"unadjusted",TRUE,0.5,1,0,0,-3,0.5,3
"scattered_mixed",496,"Holm",TRUE,0.333333333333333,1,0,0,-4,0.333333333333333,2
"scattered_mixed",496,"BY",TRUE,0.333333333333333,1,0,0,-4,0.333333333333333,2
"scattered_mixed",497,"unadjusted",TRUE,0.833333333333333,1,0,0,-1,0.833333333333333,5
"scattered_mixed",497,"Holm",TRUE,0.5,1,0,0,-3,0.5,3
"scattered_mixed",497,"BY",TRUE,0.833333333333333,1,0,0,-1,0.833333333333333,5
"scattered_mixed",498,"unadjusted",TRUE,0.833333333333333,1,0,0,-1,0.833333333333333,5
"scattered_mixed",498,"Holm",TRUE,0.5,1,0,0,-3,0.5,3
"scattered_mixed",498,"BY",TRUE,0.5,1,0,0,-3,0.5,3
"scattered_mixed",499,"unadjusted",TRUE,0.666666666666667,1,0,0,-2,0.666666666666667,4
"scattered_mixed",499,"Holm",TRUE,0,0,0,0,-6,0,0
"scattered_mixed",499,"BY",TRUE,0,0,0,0,-6,0,0
"scattered_mixed",500,"unadjusted",TRUE,0.333333333333333,0.666666666666667,0.333333333333333,1,-3,0.285714285714286,3
"scattered_mixed",500,"Holm",TRUE,0,0,0,0,-6,0,0
"scattered_mixed",500,"BY",TRUE,0,0,0,0,-6,0,0
"scattered_mixed",501,"unadjusted",TRUE,0.5,1,0,0,-3,0.5,3
"scattered_mixed",501,"Holm",TRUE,0.166666666666667,1,0,0,-5,0.166666666666667,1
"scattered_mixed",501,"BY",TRUE,0.166666666666667,1,0,0,-5,0.166666666666667,1
"scattered_mixed",502,"unadjusted",TRUE,0.333333333333333,0.666666666666667,0.333333333333333,1,-3,0.285714285714286,3
"scattered_mixed",502,"Holm",TRUE,0,0,0,0,-6,0,0
"scattered_mixed",502,"BY",TRUE,0,0,0,0,-6,0,0
"scattered_mixed",503,"unadjusted",TRUE,0.833333333333333,0.833333333333333,0.166666666666667,1,0,0.714285714285714,6
"scattered_mixed",503,"Holm",TRUE,0.166666666666667,1,0,0,-5,0.166666666666667,1
"scattered_mixed",503,"BY",TRUE,0.166666666666667,1,0,0,-5,0.166666666666667,1
"scattered_mixed",504,"unadjusted",TRUE,0.666666666666667,1,0,0,-2,0.666666666666667,4
"scattered_mixed",504,"Holm",TRUE,0.333333333333333,1,0,0,-4,0.333333333333333,2
"scattered_mixed",504,"BY",TRUE,0,0,0,0,-6,0,0
"scattered_mixed",505,"unadjusted",TRUE,0.666666666666667,1,0,0,-2,0.666666666666667,4
"scattered_mixed",505,"Holm",TRUE,0.166666666666667,1,0,0,-5,0.166666666666667,1
"scattered_mixed",505,"BY",TRUE,0.166666666666667,1,0,0,-5,0.166666666666667,1
"scattered_mixed",506,"unadjusted",TRUE,0.666666666666667,1,0,0,-2,0.666666666666667,4
"scattered_mixed",506,"Holm",TRUE,0.333333333333333,1,0,0,-4,0.333333333333333,2
"scattered_mixed",506,"BY",TRUE,0.166666666666667,1,0,0,-5,0.166666666666667,1
"scattered_mixed",507,"unadjusted",TRUE,0.5,1,0,0,-3,0.5,3
"scattered_mixed",507,"Holm",TRUE,0.333333333333333,1,0,0,-4,0.333333333333333,2
"scattered_mixed",507,"BY",TRUE,0,0,0,0,-6,0,0
"scattered_mixed",508,"unadjusted",TRUE,0.5,0.75,0.25,1,-2,0.428571428571429,4
"scattered_mixed",508,"Holm",TRUE,0,0,0,0,-6,0,0
"scattered_mixed",508,"BY",TRUE,0,0,0,0,-6,0,0
"scattered_mixed",509,"unadjusted",TRUE,0.333333333333333,1,0,0,-4,0.333333333333333,2
"scattered_mixed",509,"Holm",TRUE,0.166666666666667,1,0,0,-5,0.166666666666667,1
"scattered_mixed",509,"BY",TRUE,0.166666666666667,1,0,0,-5,0.166666666666667,1
"scattered_mixed",510,"unadjusted",TRUE,0.666666666666667,1,0,0,-2,0.666666666666667,4
"scattered_mixed",510,"Holm",TRUE,0.166666666666667,1,0,0,-5,0.166666666666667,1
"scattered_mixed",510,"BY",TRUE,0.166666666666667,1,0,0,-5,0.166666666666667,1
"scattered_mixed",511,"unadjusted",TRUE,0.833333333333333,1,0,0,-1,0.833333333333333,5
"scattered_mixed",511,"Holm",TRUE,0.5,1,0,0,-3,0.5,3
"scattered_mixed",511,"BY",TRUE,0.5,1,0,0,-3,0.5,3
"scattered_mixed",512,"unadjusted",TRUE,0.5,1,0,0,-3,0.5,3
"scattered_mixed",512,"Holm",TRUE,0.333333333333333,1,0,0,-4,0.333333333333333,2
"scattered_mixed",512,"BY",TRUE,0.333333333333333,1,0,0,-4,0.333333333333333,2
"scattered_mixed",513,"unadjusted",TRUE,0.5,1,0,0,-3,0.5,3
"scattered_mixed",513,"Holm",TRUE,0.166666666666667,1,0,0,-5,0.166666666666667,1
"scattered_mixed",513,"BY",TRUE,0.166666666666667,1,0,0,-5,0.166666666666667,1
"scattered_mixed",514,"unadjusted",TRUE,0.833333333333333,0.833333333333333,0.166666666666667,1,0,0.714285714285714,6
"scattered_mixed",514,"Holm",TRUE,0.5,1,0,0,-3,0.5,3
"scattered_mixed",514,"BY",TRUE,0.5,1,0,0,-3,0.5,3
"scattered_mixed",515,"unadjusted",TRUE,0.833333333333333,0.833333333333333,0.166666666666667,1,0,0.714285714285714,6
"scattered_mixed",515,"Holm",TRUE,0,0,0,0,-6,0,0
"scattered_mixed",515,"BY",TRUE,0,0,0,0,-6,0,0
"scattered_mixed",516,"unadjusted",TRUE,0.833333333333333,1,0,0,-1,0.833333333333333,5
"scattered_mixed",516,"Holm",TRUE,0.333333333333333,1,0,0,-4,0.333333333333333,2
"scattered_mixed",516,"BY",TRUE,0.333333333333333,1,0,0,-4,0.333333333333333,2
"scattered_mixed",517,"unadjusted",TRUE,0.666666666666667,1,0,0,-2,0.666666666666667,4
"scattered_mixed",517,"Holm",TRUE,0.5,1,0,0,-3,0.5,3
"scattered_mixed",517,"BY",TRUE,0.5,1,0,0,-3,0.5,3
"scattered_mixed",518,"unadjusted",TRUE,0.666666666666667,0.8,0.2,1,-1,0.571428571428571,5
"scattered_mixed",518,"Holm",TRUE,0.166666666666667,1,0,0,-5,0.166666666666667,1
"scattered_mixed",518,"BY",TRUE,0.166666666666667,1,0,0,-5,0.166666666666667,1
"scattered_mixed",519,"unadjusted",TRUE,0.5,1,0,0,-3,0.5,3
"scattered_mixed",519,"Holm",TRUE,0,0,0,0,-6,0,0
"scattered_mixed",519,"BY",TRUE,0,0,0,0,-6,0,0
"scattered_mixed",520,"unadjusted",TRUE,0.833333333333333,1,0,0,-1,0.833333333333333,5
"scattered_mixed",520,"Holm",TRUE,0,0,0,0,-6,0,0
"scattered_mixed",520,"BY",TRUE,0,0,0,0,-6,0,0
"scattered_mixed",521,"unadjusted",TRUE,0.833333333333333,1,0,0,-1,0.833333333333333,5
"scattered_mixed",521,"Holm",TRUE,0.166666666666667,1,0,0,-5,0.166666666666667,1
"scattered_mixed",521,"BY",TRUE,0.166666666666667,1,0,0,-5,0.166666666666667,1
"scattered_mixed",522,"unadjusted",TRUE,0.666666666666667,1,0,0,-2,0.666666666666667,4
"scattered_mixed",522,"Holm",TRUE,0.166666666666667,1,0,0,-5,0.166666666666667,1
"scattered_mixed",522,"BY",TRUE,0.166666666666667,1,0,0,-5,0.166666666666667,1
"scattered_mixed",523,"unadjusted",TRUE,0.666666666666667,0.8,0.2,1,-1,0.571428571428571,5
"scattered_mixed",523,"Holm",TRUE,0.333333333333333,1,0,0,-4,0.333333333333333,2
"scattered_mixed",523,"BY",TRUE,0.333333333333333,1,0,0,-4,0.333333333333333,2
"scattered_mixed",524,"unadjusted",TRUE,0.5,0.75,0.25,1,-2,0.428571428571429,4
"scattered_mixed",524,"Holm",TRUE,0.166666666666667,1,0,0,-5,0.166666666666667,1
"scattered_mixed",524,"BY",TRUE,0,0,0,0,-6,0,0
"scattered_mixed",525,"unadjusted",TRUE,0.5,0.6,0.4,1,-1,0.375,5
"scattered_mixed",525,"Holm",TRUE,0,0,0,0,-6,0,0
"scattered_mixed",525,"BY",TRUE,0,0,0,0,-6,0,0
"scattered_mixed",526,"unadjusted",TRUE,0.666666666666667,1,0,0,-2,0.666666666666667,4
"scattered_mixed",526,"Holm",TRUE,0.166666666666667,1,0,0,-5,0.166666666666667,1
"scattered_mixed",526,"BY",TRUE,0.166666666666667,1,0,0,-5,0.166666666666667,1
"scattered_mixed",527,"unadjusted",TRUE,0.833333333333333,1,0,0,-1,0.833333333333333,5
"scattered_mixed",527,"Holm",TRUE,0.166666666666667,1,0,0,-5,0.166666666666667,1
"scattered_mixed",527,"BY",TRUE,0.166666666666667,1,0,0,-5,0.166666666666667,1
"scattered_mixed",528,"unadjusted",TRUE,0.666666666666667,1,0,0,-2,0.666666666666667,4
"scattered_mixed",528,"Holm",TRUE,0,0,0,0,-6,0,0
"scattered_mixed",528,"BY",TRUE,0,0,0,0,-6,0,0
"scattered_mixed",529,"unadjusted",TRUE,1,1,0,0,0,1,6
"scattered_mixed",529,"Holm",TRUE,0.166666666666667,1,0,0,-5,0.166666666666667,1
"scattered_mixed",529,"BY",TRUE,0.166666666666667,1,0,0,-5,0.166666666666667,1
"scattered_mixed",530,"unadjusted",TRUE,0.333333333333333,0.666666666666667,0.333333333333333,1,-3,0.285714285714286,3
"scattered_mixed",530,"Holm",TRUE,0.333333333333333,1,0,0,-4,0.333333333333333,2
"scattered_mixed",530,"BY",TRUE,0,0,0,0,-6,0,0
"scattered_mixed",531,"unadjusted",TRUE,1,1,0,0,0,1,6
"scattered_mixed",531,"Holm",TRUE,0.333333333333333,1,0,0,-4,0.333333333333333,2
"scattered_mixed",531,"BY",TRUE,0.333333333333333,1,0,0,-4,0.333333333333333,2
"scattered_mixed",532,"unadjusted",TRUE,0.666666666666667,0.666666666666667,0.333333333333333,1,0,0.5,6
"scattered_mixed",532,"Holm",TRUE,0.166666666666667,1,0,0,-5,0.166666666666667,1
"scattered_mixed",532,"BY",TRUE,0.166666666666667,1,0,0,-5,0.166666666666667,1
"scattered_mixed",533,"unadjusted",TRUE,0.833333333333333,0.555555555555556,0.444444444444444,1,3,0.5,9
"scattered_mixed",533,"Holm",TRUE,0.666666666666667,1,0,0,-2,0.666666666666667,4
"scattered_mixed",533,"BY",TRUE,0.666666666666667,1,0,0,-2,0.666666666666667,4
"scattered_mixed",534,"unadjusted",TRUE,0.5,1,0,0,-3,0.5,3
"scattered_mixed",534,"Holm",TRUE,0.166666666666667,1,0,0,-5,0.166666666666667,1
"scattered_mixed",534,"BY",TRUE,0.166666666666667,1,0,0,-5,0.166666666666667,1
"scattered_mixed",535,"unadjusted",TRUE,0.5,1,0,0,-3,0.5,3
"scattered_mixed",535,"Holm",TRUE,0.333333333333333,1,0,0,-4,0.333333333333333,2
"scattered_mixed",535,"BY",TRUE,0.166666666666667,1,0,0,-5,0.166666666666667,1
"scattered_mixed",536,"unadjusted",TRUE,0.666666666666667,0.8,0.2,1,-1,0.571428571428571,5
"scattered_mixed",536,"Holm",TRUE,0.333333333333333,1,0,0,-4,0.333333333333333,2
"scattered_mixed",536,"BY",TRUE,0.333333333333333,1,0,0,-4,0.333333333333333,2
"scattered_mixed",537,"unadjusted",TRUE,0.666666666666667,1,0,0,-2,0.666666666666667,4
"scattered_mixed",537,"Holm",TRUE,0.333333333333333,1,0,0,-4,0.333333333333333,2
"scattered_mixed",537,"BY",TRUE,0.166666666666667,1,0,0,-5,0.166666666666667,1
"scattered_mixed",538,"unadjusted",TRUE,0.666666666666667,0.8,0.2,1,-1,0.571428571428571,5
"scattered_mixed",538,"Holm",TRUE,0.333333333333333,1,0,0,-4,0.333333333333333,2
"scattered_mixed",538,"BY",TRUE,0.333333333333333,1,0,0,-4,0.333333333333333,2
"scattered_mixed",539,"unadjusted",TRUE,0.5,1,0,0,-3,0.5,3
"scattered_mixed",539,"Holm",TRUE,0.166666666666667,1,0,0,-5,0.166666666666667,1
"scattered_mixed",539,"BY",TRUE,0,0,0,0,-6,0,0
"scattered_mixed",540,"unadjusted",TRUE,0.833333333333333,0.833333333333333,0.166666666666667,1,0,0.714285714285714,6
"scattered_mixed",540,"Holm",TRUE,0.333333333333333,1,0,0,-4,0.333333333333333,2
"scattered_mixed",540,"BY",TRUE,0.333333333333333,1,0,0,-4,0.333333333333333,2
"scattered_mixed",541,"unadjusted",TRUE,0.833333333333333,0.833333333333333,0.166666666666667,1,0,0.714285714285714,6
"scattered_mixed",541,"Holm",TRUE,0,0,0,0,-6,0,0
"scattered_mixed",541,"BY",TRUE,0,0,0,0,-6,0,0
"scattered_mixed",542,"unadjusted",TRUE,0.833333333333333,1,0,0,-1,0.833333333333333,5
"scattered_mixed",542,"Holm",TRUE,0.333333333333333,1,0,0,-4,0.333333333333333,2
"scattered_mixed",542,"BY",TRUE,0.166666666666667,1,0,0,-5,0.166666666666667,1
"scattered_mixed",543,"unadjusted",TRUE,0.833333333333333,1,0,0,-1,0.833333333333333,5
"scattered_mixed",543,"Holm",TRUE,0.333333333333333,1,0,0,-4,0.333333333333333,2
"scattered_mixed",543,"BY",TRUE,0.333333333333333,1,0,0,-4,0.333333333333333,2
"scattered_mixed",544,"unadjusted",TRUE,0.833333333333333,1,0,0,-1,0.833333333333333,5
"scattered_mixed",544,"Holm",TRUE,0.333333333333333,1,0,0,-4,0.333333333333333,2
"scattered_mixed",544,"BY",TRUE,0.333333333333333,1,0,0,-4,0.333333333333333,2
"scattered_mixed",545,"unadjusted",TRUE,0.833333333333333,1,0,0,-1,0.833333333333333,5
"scattered_mixed",545,"Holm",TRUE,0.333333333333333,1,0,0,-4,0.333333333333333,2
"scattered_mixed",545,"BY",TRUE,0.333333333333333,1,0,0,-4,0.333333333333333,2
"scattered_mixed",546,"unadjusted",TRUE,0.666666666666667,0.8,0.2,1,-1,0.571428571428571,5
"scattered_mixed",546,"Holm",TRUE,0,0,0,0,-6,0,0
"scattered_mixed",546,"BY",TRUE,0,0,0,0,-6,0,0
"scattered_mixed",547,"unadjusted",TRUE,0.333333333333333,1,0,0,-4,0.333333333333333,2
"scattered_mixed",547,"Holm",TRUE,0,0,0,0,-6,0,0
"scattered_mixed",547,"BY",TRUE,0,0,0,0,-6,0,0
"scattered_mixed",548,"unadjusted",TRUE,0.5,0.75,0.25,1,-2,0.428571428571429,4
"scattered_mixed",548,"Holm",TRUE,0.166666666666667,1,0,0,-5,0.166666666666667,1
"scattered_mixed",548,"BY",TRUE,0,0,0,0,-6,0,0
"scattered_mixed",549,"unadjusted",TRUE,0.666666666666667,0.8,0.2,1,-1,0.571428571428571,5
"scattered_mixed",549,"Holm",TRUE,0.166666666666667,1,0,0,-5,0.166666666666667,1
"scattered_mixed",549,"BY",TRUE,0.166666666666667,1,0,0,-5,0.166666666666667,1
"scattered_mixed",550,"unadjusted",TRUE,0.833333333333333,0.833333333333333,0.166666666666667,1,0,0.714285714285714,6
"scattered_mixed",550,"Holm",TRUE,0.166666666666667,1,0,0,-5,0.166666666666667,1
"scattered_mixed",550,"BY",TRUE,0,0,0,0,-6,0,0
"scattered_mixed",551,"unadjusted",TRUE,0.666666666666667,0.8,0.2,1,-1,0.571428571428571,5
"scattered_mixed",551,"Holm",TRUE,0.333333333333333,1,0,0,-4,0.333333333333333,2
"scattered_mixed",551,"BY",TRUE,0.333333333333333,1,0,0,-4,0.333333333333333,2
"scattered_mixed",552,"unadjusted",TRUE,0.833333333333333,0.833333333333333,0.166666666666667,1,0,0.714285714285714,6
"scattered_mixed",552,"Holm",TRUE,0.5,1,0,0,-3,0.5,3
"scattered_mixed",552,"BY",TRUE,0.5,1,0,0,-3,0.5,3
"scattered_mixed",553,"unadjusted",TRUE,1,0.857142857142857,0.142857142857143,1,1,0.857142857142857,7
"scattered_mixed",553,"Holm",TRUE,0.166666666666667,1,0,0,-5,0.166666666666667,1
"scattered_mixed",553,"BY",TRUE,0,0,0,0,-6,0,0
"scattered_mixed",554,"unadjusted",TRUE,0.5,0.75,0.25,1,-2,0.428571428571429,4
"scattered_mixed",554,"Holm",TRUE,0.333333333333333,1,0,0,-4,0.333333333333333,2
"scattered_mixed",554,"BY",TRUE,0,0,0,0,-6,0,0
"scattered_mixed",555,"unadjusted",TRUE,0.333333333333333,1,0,0,-4,0.333333333333333,2
"scattered_mixed",555,"Holm",TRUE,0,0,0,0,-6,0,0
"scattered_mixed",555,"BY",TRUE,0,0,0,0,-6,0,0
"scattered_mixed",556,"unadjusted",TRUE,0.333333333333333,1,0,0,-4,0.333333333333333,2
"scattered_mixed",556,"Holm",TRUE,0.166666666666667,1,0,0,-5,0.166666666666667,1
"scattered_mixed",556,"BY",TRUE,0,0,0,0,-6,0,0
"scattered_mixed",557,"unadjusted",TRUE,0.5,0.75,0.25,1,-2,0.428571428571429,4
"scattered_mixed",557,"Holm",TRUE,0.166666666666667,1,0,0,-5,0.166666666666667,1
"scattered_mixed",557,"BY",TRUE,0,0,0,0,-6,0,0
"scattered_mixed",558,"unadjusted",TRUE,0.5,0.75,0.25,1,-2,0.428571428571429,4
"scattered_mixed",558,"Holm",TRUE,0.333333333333333,1,0,0,-4,0.333333333333333,2
"scattered_mixed",558,"BY",TRUE,0.333333333333333,1,0,0,-4,0.333333333333333,2
"scattered_mixed",559,"unadjusted",TRUE,0.5,1,0,0,-3,0.5,3
"scattered_mixed",559,"Holm",TRUE,0.166666666666667,1,0,0,-5,0.166666666666667,1
"scattered_mixed",559,"BY",TRUE,0.166666666666667,1,0,0,-5,0.166666666666667,1
"scattered_mixed",560,"unadjusted",TRUE,0.333333333333333,0.666666666666667,0.333333333333333,1,-3,0.285714285714286,3
"scattered_mixed",560,"Holm",TRUE,0.166666666666667,1,0,0,-5,0.166666666666667,1
"scattered_mixed",560,"BY",TRUE,0.166666666666667,1,0,0,-5,0.166666666666667,1
"scattered_mixed",561,"unadjusted",TRUE,0.5,1,0,0,-3,0.5,3
"scattered_mixed",561,"Holm",TRUE,0.166666666666667,1,0,0,-5,0.166666666666667,1
"scattered_mixed",561,"BY",TRUE,0,0,0,0,-6,0,0
"scattered_mixed",562,"unadjusted",TRUE,0.833333333333333,1,0,0,-1,0.833333333333333,5
"scattered_mixed",562,"Holm",TRUE,0.333333333333333,1,0,0,-4,0.333333333333333,2
"scattered_mixed",562,"BY",TRUE,0.333333333333333,1,0,0,-4,0.333333333333333,2
"scattered_mixed",563,"unadjusted",TRUE,0.833333333333333,1,0,0,-1,0.833333333333333,5
"scattered_mixed",563,"Holm",TRUE,0.166666666666667,1,0,0,-5,0.166666666666667,1
"scattered_mixed",563,"BY",TRUE,0.166666666666667,1,0,0,-5,0.166666666666667,1
"scattered_mixed",564,"unadjusted",TRUE,0.833333333333333,1,0,0,-1,0.833333333333333,5
"scattered_mixed",564,"Holm",TRUE,0.5,1,0,0,-3,0.5,3
"scattered_mixed",564,"BY",TRUE,0.5,1,0,0,-3,0.5,3
"scattered_mixed",565,"unadjusted",TRUE,0.333333333333333,0.666666666666667,0.333333333333333,1,-3,0.285714285714286,3
"scattered_mixed",565,"Holm",TRUE,0,0,0,0,-6,0,0
"scattered_mixed",565,"BY",TRUE,0,0,0,0,-6,0,0
"scattered_mixed",566,"unadjusted",TRUE,0.666666666666667,0.8,0.2,1,-1,0.571428571428571,5
"scattered_mixed",566,"Holm",TRUE,0.333333333333333,1,0,0,-4,0.333333333333333,2
"scattered_mixed",566,"BY",TRUE,0.166666666666667,1,0,0,-5,0.166666666666667,1
"scattered_mixed",567,"unadjusted",TRUE,0.666666666666667,1,0,0,-2,0.666666666666667,4
"scattered_mixed",567,"Holm",TRUE,0.166666666666667,1,0,0,-5,0.166666666666667,1
"scattered_mixed",567,"BY",TRUE,0.166666666666667,1,0,0,-5,0.166666666666667,1
"scattered_mixed",568,"unadjusted",TRUE,1,0.75,0.25,1,2,0.75,8
"scattered_mixed",568,"Holm",TRUE,0.333333333333333,1,0,0,-4,0.333333333333333,2
"scattered_mixed",568,"BY",TRUE,0.333333333333333,1,0,0,-4,0.333333333333333,2
"scattered_mixed",569,"unadjusted",TRUE,0.333333333333333,1,0,0,-4,0.333333333333333,2
"scattered_mixed",569,"Holm",TRUE,0.333333333333333,1,0,0,-4,0.333333333333333,2
"scattered_mixed",569,"BY",TRUE,0,0,0,0,-6,0,0
"scattered_mixed",570,"unadjusted",TRUE,1,0.857142857142857,0.142857142857143,1,1,0.857142857142857,7
"scattered_mixed",570,"Holm",TRUE,0.333333333333333,1,0,0,-4,0.333333333333333,2
"scattered_mixed",570,"BY",TRUE,0.333333333333333,1,0,0,-4,0.333333333333333,2
"scattered_mixed",571,"unadjusted",TRUE,0.5,1,0,0,-3,0.5,3
"scattered_mixed",571,"Holm",TRUE,0.166666666666667,1,0,0,-5,0.166666666666667,1
"scattered_mixed",571,"BY",TRUE,0,0,0,0,-6,0,0
"scattered_mixed",572,"unadjusted",TRUE,0.166666666666667,0.5,0.5,1,-4,0.142857142857143,2
"scattered_mixed",572,"Holm",TRUE,0.166666666666667,1,0,0,-5,0.166666666666667,1
"scattered_mixed",572,"BY",TRUE,0.166666666666667,1,0,0,-5,0.166666666666667,1
"scattered_mixed",573,"unadjusted",TRUE,0.833333333333333,0.833333333333333,0.166666666666667,1,0,0.714285714285714,6
"scattered_mixed",573,"Holm",TRUE,0.166666666666667,1,0,0,-5,0.166666666666667,1
"scattered_mixed",573,"BY",TRUE,0.166666666666667,1,0,0,-5,0.166666666666667,1
"scattered_mixed",574,"unadjusted",TRUE,0.833333333333333,0.833333333333333,0.166666666666667,1,0,0.714285714285714,6
"scattered_mixed",574,"Holm",TRUE,0.666666666666667,1,0,0,-2,0.666666666666667,4
"scattered_mixed",574,"BY",TRUE,0.666666666666667,1,0,0,-2,0.666666666666667,4
"scattered_mixed",575,"unadjusted",TRUE,0.333333333333333,0.666666666666667,0.333333333333333,1,-3,0.285714285714286,3
"scattered_mixed",575,"Holm",TRUE,0.166666666666667,1,0,0,-5,0.166666666666667,1
"scattered_mixed",575,"BY",TRUE,0,0,0,0,-6,0,0
"scattered_mixed",576,"unadjusted",TRUE,0.833333333333333,0.833333333333333,0.166666666666667,1,0,0.714285714285714,6
"scattered_mixed",576,"Holm",TRUE,0.333333333333333,1,0,0,-4,0.333333333333333,2
"scattered_mixed",576,"BY",TRUE,0.333333333333333,1,0,0,-4,0.333333333333333,2
"scattered_mixed",577,"unadjusted",TRUE,0.333333333333333,0.666666666666667,0.333333333333333,1,-3,0.285714285714286,3
"scattered_mixed",577,"Holm",TRUE,0,0,0,0,-6,0,0
"scattered_mixed",577,"BY",TRUE,0,0,0,0,-6,0,0
"scattered_mixed",578,"unadjusted",TRUE,0.666666666666667,1,0,0,-2,0.666666666666667,4
"scattered_mixed",578,"Holm",TRUE,0,0,0,0,-6,0,0
"scattered_mixed",578,"BY",TRUE,0,0,0,0,-6,0,0
"scattered_mixed",579,"unadjusted",TRUE,0.333333333333333,1,0,0,-4,0.333333333333333,2
"scattered_mixed",579,"Holm",TRUE,0,0,0,0,-6,0,0
"scattered_mixed",579,"BY",TRUE,0,0,0,0,-6,0,0
"scattered_mixed",580,"unadjusted",TRUE,0.333333333333333,1,0,0,-4,0.333333333333333,2
"scattered_mixed",580,"Holm",TRUE,0.166666666666667,1,0,0,-5,0.166666666666667,1
"scattered_mixed",580,"BY",TRUE,0.166666666666667,1,0,0,-5,0.166666666666667,1
"scattered_mixed",581,"unadjusted",TRUE,0.666666666666667,0.8,0.2,1,-1,0.571428571428571,5
"scattered_mixed",581,"Holm",TRUE,0,0,0,0,-6,0,0
"scattered_mixed",581,"BY",TRUE,0,0,0,0,-6,0,0
"scattered_mixed",582,"unadjusted",TRUE,1,1,0,0,0,1,6
"scattered_mixed",582,"Holm",TRUE,0.333333333333333,1,0,0,-4,0.333333333333333,2
"scattered_mixed",582,"BY",TRUE,0.333333333333333,1,0,0,-4,0.333333333333333,2
"scattered_mixed",583,"unadjusted",TRUE,0.5,0.6,0.4,1,-1,0.375,5
"scattered_mixed",583,"Holm",TRUE,0,0,0,0,-6,0,0
"scattered_mixed",583,"BY",TRUE,0,0,0,0,-6,0,0
"scattered_mixed",584,"unadjusted",TRUE,0.5,0.6,0.4,1,-1,0.375,5
"scattered_mixed",584,"Holm",TRUE,0.166666666666667,1,0,0,-5,0.166666666666667,1
"scattered_mixed",584,"BY",TRUE,0.166666666666667,1,0,0,-5,0.166666666666667,1
"scattered_mixed",585,"unadjusted",TRUE,1,0.857142857142857,0.142857142857143,1,1,0.857142857142857,7
"scattered_mixed",585,"Holm",TRUE,0.333333333333333,1,0,0,-4,0.333333333333333,2
"scattered_mixed",585,"BY",TRUE,0.166666666666667,1,0,0,-5,0.166666666666667,1
"scattered_mixed",586,"unadjusted",TRUE,0.333333333333333,1,0,0,-4,0.333333333333333,2
"scattered_mixed",586,"Holm",TRUE,0.166666666666667,1,0,0,-5,0.166666666666667,1
"scattered_mixed",586,"BY",TRUE,0,0,0,0,-6,0,0
"scattered_mixed",587,"unadjusted",TRUE,0.5,0.75,0.25,1,-2,0.428571428571429,4
"scattered_mixed",587,"Holm",TRUE,0,0,0,0,-6,0,0
"scattered_mixed",587,"BY",TRUE,0,0,0,0,-6,0,0
"scattered_mixed",588,"unadjusted",TRUE,1,0.75,0.25,1,2,0.75,8
"scattered_mixed",588,"Holm",TRUE,0.5,1,0,0,-3,0.5,3
"scattered_mixed",588,"BY",TRUE,0.5,1,0,0,-3,0.5,3
"scattered_mixed",589,"unadjusted",TRUE,0.833333333333333,1,0,0,-1,0.833333333333333,5
"scattered_mixed",589,"Holm",TRUE,0.166666666666667,1,0,0,-5,0.166666666666667,1
"scattered_mixed",589,"BY",TRUE,0,0,0,0,-6,0,0
"scattered_mixed",590,"unadjusted",TRUE,1,0.75,0.25,1,2,0.75,8
"scattered_mixed",590,"Holm",TRUE,0.333333333333333,1,0,0,-4,0.333333333333333,2
"scattered_mixed",590,"BY",TRUE,0.166666666666667,1,0,0,-5,0.166666666666667,1
"scattered_mixed",591,"unadjusted",TRUE,0.666666666666667,0.8,0.2,1,-1,0.571428571428571,5
"scattered_mixed",591,"Holm",TRUE,0.333333333333333,1,0,0,-4,0.333333333333333,2
"scattered_mixed",591,"BY",TRUE,0,0,0,0,-6,0,0
"scattered_mixed",592,"unadjusted",TRUE,0.833333333333333,0.833333333333333,0.166666666666667,1,0,0.714285714285714,6
"scattered_mixed",592,"Holm",TRUE,0.166666666666667,1,0,0,-5,0.166666666666667,1
"scattered_mixed",592,"BY",TRUE,0,0,0,0,-6,0,0
"scattered_mixed",593,"unadjusted",TRUE,0.666666666666667,0.8,0.2,1,-1,0.571428571428571,5
"scattered_mixed",593,"Holm",TRUE,0.5,1,0,0,-3,0.5,3
"scattered_mixed",593,"BY",TRUE,0.5,1,0,0,-3,0.5,3
"scattered_mixed",594,"unadjusted",TRUE,0.666666666666667,1,0,0,-2,0.666666666666667,4
"scattered_mixed",594,"Holm",TRUE,0.333333333333333,1,0,0,-4,0.333333333333333,2
"scattered_mixed",594,"BY",TRUE,0.333333333333333,1,0,0,-4,0.333333333333333,2
"scattered_mixed",595,"unadjusted",TRUE,0.833333333333333,0.833333333333333,0.166666666666667,1,0,0.714285714285714,6
"scattered_mixed",595,"Holm",TRUE,0.166666666666667,1,0,0,-5,0.166666666666667,1
"scattered_mixed",595,"BY",TRUE,0,0,0,0,-6,0,0
"scattered_mixed",596,"unadjusted",TRUE,0.666666666666667,1,0,0,-2,0.666666666666667,4
"scattered_mixed",596,"Holm",TRUE,0.166666666666667,1,0,0,-5,0.166666666666667,1
"scattered_mixed",596,"BY",TRUE,0.166666666666667,1,0,0,-5,0.166666666666667,1
"scattered_mixed",597,"unadjusted",TRUE,0.666666666666667,1,0,0,-2,0.666666666666667,4
"scattered_mixed",597,"Holm",TRUE,0.166666666666667,1,0,0,-5,0.166666666666667,1
"scattered_mixed",597,"BY",TRUE,0,0,0,0,-6,0,0
"scattered_mixed",598,"unadjusted",TRUE,0.833333333333333,1,0,0,-1,0.833333333333333,5
"scattered_mixed",598,"Holm",TRUE,0.166666666666667,1,0,0,-5,0.166666666666667,1
"scattered_mixed",598,"BY",TRUE,0,0,0,0,-6,0,0
"scattered_mixed",599,"unadjusted",TRUE,0.666666666666667,1,0,0,-2,0.666666666666667,4
"scattered_mixed",599,"Holm",TRUE,0.166666666666667,1,0,0,-5,0.166666666666667,1
"scattered_mixed",599,"BY",TRUE,0.166666666666667,1,0,0,-5,0.166666666666667,1
"scattered_mixed",600,"unadjusted",TRUE,0.666666666666667,1,0,0,-2,0.666666666666667,4
"scattered_mixed",600,"Holm",TRUE,0,0,0,0,-6,0,0
"scattered_mixed",600,"BY",TRUE,0,0,0,0,-6,0,0
"scattered_mixed",601,"unadjusted",TRUE,0.666666666666667,0.8,0.2,1,-1,0.571428571428571,5
"scattered_mixed",601,"Holm",TRUE,0.5,1,0,0,-3,0.5,3
"scattered_mixed",601,"BY",TRUE,0.5,1,0,0,-3,0.5,3
"scattered_mixed",602,"unadjusted",TRUE,0.666666666666667,0.8,0.2,1,-1,0.571428571428571,5
"scattered_mixed",602,"Holm",TRUE,0.333333333333333,1,0,0,-4,0.333333333333333,2
"scattered_mixed",602,"BY",TRUE,0,0,0,0,-6,0,0
"scattered_mixed",603,"unadjusted",TRUE,0.5,1,0,0,-3,0.5,3
"scattered_mixed",603,"Holm",TRUE,0,0,0,0,-6,0,0
"scattered_mixed",603,"BY",TRUE,0,0,0,0,-6,0,0
"scattered_mixed",604,"unadjusted",TRUE,1,0.857142857142857,0.142857142857143,1,1,0.857142857142857,7
"scattered_mixed",604,"Holm",TRUE,0.333333333333333,1,0,0,-4,0.333333333333333,2
"scattered_mixed",604,"BY",TRUE,0.333333333333333,1,0,0,-4,0.333333333333333,2
"scattered_mixed",605,"unadjusted",TRUE,0.833333333333333,1,0,0,-1,0.833333333333333,5
"scattered_mixed",605,"Holm",TRUE,0.333333333333333,1,0,0,-4,0.333333333333333,2
"scattered_mixed",605,"BY",TRUE,0.333333333333333,1,0,0,-4,0.333333333333333,2
"scattered_mixed",606,"unadjusted",TRUE,0.666666666666667,0.666666666666667,0.333333333333333,1,0,0.5,6
"scattered_mixed",606,"Holm",TRUE,0.333333333333333,1,0,0,-4,0.333333333333333,2
"scattered_mixed",606,"BY",TRUE,0,0,0,0,-6,0,0
"scattered_mixed",607,"unadjusted",TRUE,0.333333333333333,0.666666666666667,0.333333333333333,1,-3,0.285714285714286,3
"scattered_mixed",607,"Holm",TRUE,0,0,0,0,-6,0,0
"scattered_mixed",607,"BY",TRUE,0,0,0,0,-6,0,0
"scattered_mixed",608,"unadjusted",TRUE,1,1,0,0,0,1,6
"scattered_mixed",608,"Holm",TRUE,0.166666666666667,1,0,0,-5,0.166666666666667,1
"scattered_mixed",608,"BY",TRUE,0.166666666666667,1,0,0,-5,0.166666666666667,1
"scattered_mixed",609,"unadjusted",TRUE,0.833333333333333,1,0,0,-1,0.833333333333333,5
"scattered_mixed",609,"Holm",TRUE,0,0,0,0,-6,0,0
"scattered_mixed",609,"BY",TRUE,0,0,0,0,-6,0,0
"scattered_mixed",610,"unadjusted",TRUE,1,1,0,0,0,1,6
"scattered_mixed",610,"Holm",TRUE,0.333333333333333,1,0,0,-4,0.333333333333333,2
"scattered_mixed",610,"BY",TRUE,0.166666666666667,1,0,0,-5,0.166666666666667,1
"scattered_mixed",611,"unadjusted",TRUE,0.666666666666667,0.8,0.2,1,-1,0.571428571428571,5
"scattered_mixed",611,"Holm",TRUE,0,0,0,0,-6,0,0
"scattered_mixed",611,"BY",TRUE,0,0,0,0,-6,0,0
"scattered_mixed",612,"unadjusted",TRUE,0.666666666666667,1,0,0,-2,0.666666666666667,4
"scattered_mixed",612,"Holm",TRUE,0,0,0,0,-6,0,0
"scattered_mixed",612,"BY",TRUE,0,0,0,0,-6,0,0
"scattered_mixed",613,"unadjusted",TRUE,0.833333333333333,0.833333333333333,0.166666666666667,1,0,0.714285714285714,6
"scattered_mixed",613,"Holm",TRUE,0.333333333333333,1,0,0,-4,0.333333333333333,2
"scattered_mixed",613,"BY",TRUE,0.333333333333333,1,0,0,-4,0.333333333333333,2
"scattered_mixed",614,"unadjusted",TRUE,0.833333333333333,1,0,0,-1,0.833333333333333,5
"scattered_mixed",614,"Holm",TRUE,0.166666666666667,1,0,0,-5,0.166666666666667,1
"scattered_mixed",614,"BY",TRUE,0.166666666666667,1,0,0,-5,0.166666666666667,1
"scattered_mixed",615,"unadjusted",TRUE,0.666666666666667,0.8,0.2,1,-1,0.571428571428571,5
"scattered_mixed",615,"Holm",TRUE,0.166666666666667,1,0,0,-5,0.166666666666667,1
"scattered_mixed",615,"BY",TRUE,0,0,0,0,-6,0,0
"scattered_mixed",616,"unadjusted",TRUE,0.666666666666667,1,0,0,-2,0.666666666666667,4
"scattered_mixed",616,"Holm",TRUE,0.166666666666667,1,0,0,-5,0.166666666666667,1
"scattered_mixed",616,"BY",TRUE,0,0,0,0,-6,0,0
"scattered_mixed",617,"unadjusted",TRUE,0.666666666666667,1,0,0,-2,0.666666666666667,4
"scattered_mixed",617,"Holm",TRUE,0.166666666666667,1,0,0,-5,0.166666666666667,1
"scattered_mixed",617,"BY",TRUE,0,0,0,0,-6,0,0
"scattered_mixed",618,"unadjusted",TRUE,0.833333333333333,1,0,0,-1,0.833333333333333,5
"scattered_mixed",618,"Holm",TRUE,0.166666666666667,1,0,0,-5,0.166666666666667,1
"scattered_mixed",618,"BY",TRUE,0,0,0,0,-6,0,0
"scattered_mixed",619,"unadjusted",TRUE,0.833333333333333,1,0,0,-1,0.833333333333333,5
"scattered_mixed",619,"Holm",TRUE,0,0,0,0,-6,0,0
"scattered_mixed",619,"BY",TRUE,0,0,0,0,-6,0,0
"scattered_mixed",620,"unadjusted",TRUE,1,0.857142857142857,0.142857142857143,1,1,0.857142857142857,7
"scattered_mixed",620,"Holm",TRUE,0.333333333333333,1,0,0,-4,0.333333333333333,2
"scattered_mixed",620,"BY",TRUE,0.333333333333333,1,0,0,-4,0.333333333333333,2
"scattered_mixed",621,"unadjusted",TRUE,0.5,0.75,0.25,1,-2,0.428571428571429,4
"scattered_mixed",621,"Holm",TRUE,0,0,0,0,-6,0,0
"scattered_mixed",621,"BY",TRUE,0,0,0,0,-6,0,0
"scattered_mixed",622,"unadjusted",TRUE,0.666666666666667,1,0,0,-2,0.666666666666667,4
"scattered_mixed",622,"Holm",TRUE,0.166666666666667,1,0,0,-5,0.166666666666667,1
"scattered_mixed",622,"BY",TRUE,0.166666666666667,1,0,0,-5,0.166666666666667,1
"scattered_mixed",623,"unadjusted",TRUE,0.833333333333333,1,0,0,-1,0.833333333333333,5
"scattered_mixed",623,"Holm",TRUE,0.333333333333333,1,0,0,-4,0.333333333333333,2
"scattered_mixed",623,"BY",TRUE,0.166666666666667,1,0,0,-5,0.166666666666667,1
"scattered_mixed",624,"unadjusted",TRUE,0.666666666666667,0.666666666666667,0.333333333333333,1,0,0.5,6
"scattered_mixed",624,"Holm",TRUE,0.166666666666667,1,0,0,-5,0.166666666666667,1
"scattered_mixed",624,"BY",TRUE,0.166666666666667,1,0,0,-5,0.166666666666667,1
"scattered_mixed",625,"unadjusted",TRUE,0.333333333333333,1,0,0,-4,0.333333333333333,2
"scattered_mixed",625,"Holm",TRUE,0,0,0,0,-6,0,0
"scattered_mixed",625,"BY",TRUE,0,0,0,0,-6,0,0
"scattered_mixed",626,"unadjusted",TRUE,0.833333333333333,1,0,0,-1,0.833333333333333,5
"scattered_mixed",626,"Holm",TRUE,0.166666666666667,1,0,0,-5,0.166666666666667,1
"scattered_mixed",626,"BY",TRUE,0.166666666666667,1,0,0,-5,0.166666666666667,1
"scattered_mixed",627,"unadjusted",TRUE,0.666666666666667,1,0,0,-2,0.666666666666667,4
"scattered_mixed",627,"Holm",TRUE,0,0,0,0,-6,0,0
"scattered_mixed",627,"BY",TRUE,0,0,0,0,-6,0,0
"scattered_mixed",628,"unadjusted",FALSE,0.333333333333333,1,0,0,-4,0.333333333333333,2
"scattered_mixed",628,"Holm",FALSE,0,0,0,0,-6,0,0
"scattered_mixed",628,"BY",FALSE,0,0,0,0,-6,0,0
"scattered_mixed",629,"unadjusted",TRUE,1,0.857142857142857,0.142857142857143,1,1,0.857142857142857,7
"scattered_mixed",629,"Holm",TRUE,0.333333333333333,1,0,0,-4,0.333333333333333,2
"scattered_mixed",629,"BY",TRUE,0.333333333333333,1,0,0,-4,0.333333333333333,2
"scattered_mixed",630,"unadjusted",TRUE,0.833333333333333,1,0,0,-1,0.833333333333333,5
"scattered_mixed",630,"Holm",TRUE,0,0,0,0,-6,0,0
"scattered_mixed",630,"BY",TRUE,0,0,0,0,-6,0,0
"scattered_mixed",631,"unadjusted",TRUE,0.5,0.75,0.25,1,-2,0.428571428571429,4
"scattered_mixed",631,"Holm",TRUE,0,0,0,0,-6,0,0
"scattered_mixed",631,"BY",TRUE,0,0,0,0,-6,0,0
"scattered_mixed",632,"unadjusted",TRUE,0.5,1,0,0,-3,0.5,3
"scattered_mixed",632,"Holm",TRUE,0.166666666666667,1,0,0,-5,0.166666666666667,1
"scattered_mixed",632,"BY",TRUE,0,0,0,0,-6,0,0
"scattered_mixed",633,"unadjusted",TRUE,1,0.857142857142857,0.142857142857143,1,1,0.857142857142857,7
"scattered_mixed",633,"Holm",TRUE,0.333333333333333,1,0,0,-4,0.333333333333333,2
"scattered_mixed",633,"BY",TRUE,0,0,0,0,-6,0,0
"scattered_mixed",634,"unadjusted",TRUE,0.5,0.75,0.25,1,-2,0.428571428571429,4
"scattered_mixed",634,"Holm",TRUE,0,0,0,0,-6,0,0
"scattered_mixed",634,"BY",TRUE,0,0,0,0,-6,0,0
"scattered_mixed",635,"unadjusted",TRUE,0.833333333333333,1,0,0,-1,0.833333333333333,5
"scattered_mixed",635,"Holm",TRUE,0.333333333333333,1,0,0,-4,0.333333333333333,2
"scattered_mixed",635,"BY",TRUE,0.166666666666667,1,0,0,-5,0.166666666666667,1
"scattered_mixed",636,"unadjusted",TRUE,0.666666666666667,1,0,0,-2,0.666666666666667,4
"scattered_mixed",636,"Holm",TRUE,0.166666666666667,1,0,0,-5,0.166666666666667,1
"scattered_mixed",636,"BY",TRUE,0,0,0,0,-6,0,0
"scattered_mixed",637,"unadjusted",TRUE,0.833333333333333,0.833333333333333,0.166666666666667,1,0,0.714285714285714,6
"scattered_mixed",637,"Holm",TRUE,0.333333333333333,1,0,0,-4,0.333333333333333,2
"scattered_mixed",637,"BY",TRUE,0.333333333333333,1,0,0,-4,0.333333333333333,2
"scattered_mixed",638,"unadjusted",TRUE,0.666666666666667,1,0,0,-2,0.666666666666667,4
"scattered_mixed",638,"Holm",TRUE,0,0,0,0,-6,0,0
"scattered_mixed",638,"BY",TRUE,0,0,0,0,-6,0,0
"scattered_mixed",639,"unadjusted",TRUE,0.833333333333333,1,0,0,-1,0.833333333333333,5
"scattered_mixed",639,"Holm",TRUE,0.333333333333333,1,0,0,-4,0.333333333333333,2
"scattered_mixed",639,"BY",TRUE,0.166666666666667,1,0,0,-5,0.166666666666667,1
"scattered_mixed",640,"unadjusted",TRUE,0.5,1,0,0,-3,0.5,3
"scattered_mixed",640,"Holm",TRUE,0,0,0,0,-6,0,0
"scattered_mixed",640,"BY",TRUE,0,0,0,0,-6,0,0
"scattered_mixed",641,"unadjusted",TRUE,0.833333333333333,1,0,0,-1,0.833333333333333,5
"scattered_mixed",641,"Holm",TRUE,0,0,0,0,-6,0,0
"scattered_mixed",641,"BY",TRUE,0,0,0,0,-6,0,0
"scattered_mixed",642,"unadjusted",TRUE,1,1,0,0,0,1,6
"scattered_mixed",642,"Holm",TRUE,0.166666666666667,1,0,0,-5,0.166666666666667,1
"scattered_mixed",642,"BY",TRUE,0,0,0,0,-6,0,0
"scattered_mixed",643,"unadjusted",TRUE,0.333333333333333,1,0,0,-4,0.333333333333333,2
"scattered_mixed",643,"Holm",TRUE,0,0,0,0,-6,0,0
"scattered_mixed",643,"BY",TRUE,0,0,0,0,-6,0,0
"scattered_mixed",644,"unadjusted",TRUE,0.833333333333333,1,0,0,-1,0.833333333333333,5
"scattered_mixed",644,"Holm",TRUE,0.166666666666667,1,0,0,-5,0.166666666666667,1
"scattered_mixed",644,"BY",TRUE,0,0,0,0,-6,0,0
"scattered_mixed",645,"unadjusted",TRUE,0.5,1,0,0,-3,0.5,3
"scattered_mixed",645,"Holm",TRUE,0.166666666666667,1,0,0,-5,0.166666666666667,1
"scattered_mixed",645,"BY",TRUE,0.166666666666667,1,0,0,-5,0.166666666666667,1
"scattered_mixed",646,"unadjusted",TRUE,0.666666666666667,1,0,0,-2,0.666666666666667,4
"scattered_mixed",646,"Holm",TRUE,0,0,0,0,-6,0,0
"scattered_mixed",646,"BY",TRUE,0,0,0,0,-6,0,0
"scattered_mixed",647,"unadjusted",TRUE,0.833333333333333,0.833333333333333,0.166666666666667,1,0,0.714285714285714,6
"scattered_mixed",647,"Holm",TRUE,0.166666666666667,1,0,0,-5,0.166666666666667,1
"scattered_mixed",647,"BY",TRUE,0,0,0,0,-6,0,0
"scattered_mixed",648,"unadjusted",TRUE,0.5,0.428571428571429,0.571428571428571,1,1,0.3,7
"scattered_mixed",648,"Holm",TRUE,0,0,0,0,-6,0,0
"scattered_mixed",648,"BY",TRUE,0,0,0,0,-6,0,0
"scattered_mixed",649,"unadjusted",TRUE,0.666666666666667,1,0,0,-2,0.666666666666667,4
"scattered_mixed",649,"Holm",TRUE,0,0,0,0,-6,0,0
"scattered_mixed",649,"BY",TRUE,0,0,0,0,-6,0,0
"scattered_mixed",650,"unadjusted",TRUE,0.166666666666667,0.5,0.5,1,-4,0.142857142857143,2
"scattered_mixed",650,"Holm",TRUE,0.166666666666667,1,0,0,-5,0.166666666666667,1
"scattered_mixed",650,"BY",TRUE,0,0,0,0,-6,0,0
"scattered_mixed",651,"unadjusted",TRUE,0.333333333333333,0.666666666666667,0.333333333333333,1,-3,0.285714285714286,3
"scattered_mixed",651,"Holm",TRUE,0.166666666666667,1,0,0,-5,0.166666666666667,1
"scattered_mixed",651,"BY",TRUE,0.166666666666667,1,0,0,-5,0.166666666666667,1
"scattered_mixed",652,"unadjusted",TRUE,0.666666666666667,1,0,0,-2,0.666666666666667,4
"scattered_mixed",652,"Holm",TRUE,0.166666666666667,1,0,0,-5,0.166666666666667,1
"scattered_mixed",652,"BY",TRUE,0.166666666666667,1,0,0,-5,0.166666666666667,1
"scattered_mixed",653,"unadjusted",TRUE,0.666666666666667,1,0,0,-2,0.666666666666667,4
"scattered_mixed",653,"Holm",TRUE,0.333333333333333,1,0,0,-4,0.333333333333333,2
"scattered_mixed",653,"BY",TRUE,0.333333333333333,1,0,0,-4,0.333333333333333,2
"scattered_mixed",654,"unadjusted",TRUE,0.666666666666667,0.8,0.2,1,-1,0.571428571428571,5
"scattered_mixed",654,"Holm",TRUE,0.166666666666667,1,0,0,-5,0.166666666666667,1
"scattered_mixed",654,"BY",TRUE,0.166666666666667,1,0,0,-5,0.166666666666667,1
"scattered_mixed",655,"unadjusted",TRUE,0.833333333333333,1,0,0,-1,0.833333333333333,5
"scattered_mixed",655,"Holm",TRUE,0.5,1,0,0,-3,0.5,3
"scattered_mixed",655,"BY",TRUE,0.5,1,0,0,-3,0.5,3
"scattered_mixed",656,"unadjusted",TRUE,0.5,0.75,0.25,1,-2,0.428571428571429,4
"scattered_mixed",656,"Holm",TRUE,0.166666666666667,1,0,0,-5,0.166666666666667,1
"scattered_mixed",656,"BY",TRUE,0,0,0,0,-6,0,0
"scattered_mixed",657,"unadjusted",TRUE,0.5,1,0,0,-3,0.5,3
"scattered_mixed",657,"Holm",TRUE,0.166666666666667,1,0,0,-5,0.166666666666667,1
"scattered_mixed",657,"BY",TRUE,0.166666666666667,1,0,0,-5,0.166666666666667,1
"scattered_mixed",658,"unadjusted",TRUE,0.5,1,0,0,-3,0.5,3
"scattered_mixed",658,"Holm",TRUE,0.166666666666667,1,0,0,-5,0.166666666666667,1
"scattered_mixed",658,"BY",TRUE,0.166666666666667,1,0,0,-5,0.166666666666667,1
"scattered_mixed",659,"unadjusted",TRUE,0.833333333333333,0.833333333333333,0.166666666666667,1,0,0.714285714285714,6
"scattered_mixed",659,"Holm",TRUE,0.166666666666667,1,0,0,-5,0.166666666666667,1
"scattered_mixed",659,"BY",TRUE,0.166666666666667,1,0,0,-5,0.166666666666667,1
"scattered_mixed",660,"unadjusted",TRUE,0.5,0.75,0.25,1,-2,0.428571428571429,4
"scattered_mixed",660,"Holm",TRUE,0.333333333333333,1,0,0,-4,0.333333333333333,2
"scattered_mixed",660,"BY",TRUE,0.333333333333333,1,0,0,-4,0.333333333333333,2
"scattered_mixed",661,"unadjusted",TRUE,0.666666666666667,0.8,0.2,1,-1,0.571428571428571,5
"scattered_mixed",661,"Holm",TRUE,0.333333333333333,1,0,0,-4,0.333333333333333,2
"scattered_mixed",661,"BY",TRUE,0.166666666666667,1,0,0,-5,0.166666666666667,1
"scattered_mixed",662,"unadjusted",TRUE,0.833333333333333,0.833333333333333,0.166666666666667,1,0,0.714285714285714,6
"scattered_mixed",662,"Holm",TRUE,0.333333333333333,1,0,0,-4,0.333333333333333,2
"scattered_mixed",662,"BY",TRUE,0.333333333333333,1,0,0,-4,0.333333333333333,2
"scattered_mixed",663,"unadjusted",TRUE,0.833333333333333,1,0,0,-1,0.833333333333333,5
"scattered_mixed",663,"Holm",TRUE,0.333333333333333,1,0,0,-4,0.333333333333333,2
"scattered_mixed",663,"BY",TRUE,0.333333333333333,1,0,0,-4,0.333333333333333,2
"scattered_mixed",664,"unadjusted",TRUE,0.666666666666667,0.8,0.2,1,-1,0.571428571428571,5
"scattered_mixed",664,"Holm",TRUE,0,0,0,0,-6,0,0
"scattered_mixed",664,"BY",TRUE,0,0,0,0,-6,0,0
"scattered_mixed",665,"unadjusted",TRUE,1,0.857142857142857,0.142857142857143,1,1,0.857142857142857,7
"scattered_mixed",665,"Holm",TRUE,0.333333333333333,1,0,0,-4,0.333333333333333,2
"scattered_mixed",665,"BY",TRUE,0,0,0,0,-6,0,0
"scattered_mixed",666,"unadjusted",TRUE,0.666666666666667,1,0,0,-2,0.666666666666667,4
"scattered_mixed",666,"Holm",TRUE,0,0,0,0,-6,0,0
"scattered_mixed",666,"BY",TRUE,0,0,0,0,-6,0,0
"scattered_mixed",667,"unadjusted",TRUE,0.333333333333333,0.666666666666667,0.333333333333333,1,-3,0.285714285714286,3
"scattered_mixed",667,"Holm",TRUE,0.166666666666667,1,0,0,-5,0.166666666666667,1
"scattered_mixed",667,"BY",TRUE,0,0,0,0,-6,0,0
"scattered_mixed",668,"unadjusted",TRUE,0.833333333333333,0.555555555555556,0.444444444444444,1,3,0.5,9
"scattered_mixed",668,"Holm",TRUE,0.333333333333333,1,0,0,-4,0.333333333333333,2
"scattered_mixed",668,"BY",TRUE,0.166666666666667,1,0,0,-5,0.166666666666667,1
"scattered_mixed",669,"unadjusted",TRUE,0.333333333333333,0.5,0.5,1,-2,0.25,4
"scattered_mixed",669,"Holm",TRUE,0.166666666666667,1,0,0,-5,0.166666666666667,1
"scattered_mixed",669,"BY",TRUE,0,0,0,0,-6,0,0
"scattered_mixed",670,"unadjusted",TRUE,0.666666666666667,1,0,0,-2,0.666666666666667,4
"scattered_mixed",670,"Holm",TRUE,0.5,1,0,0,-3,0.5,3
"scattered_mixed",670,"BY",TRUE,0.5,1,0,0,-3,0.5,3
"scattered_mixed",671,"unadjusted",TRUE,0.5,1,0,0,-3,0.5,3
"scattered_mixed",671,"Holm",TRUE,0.166666666666667,1,0,0,-5,0.166666666666667,1
"scattered_mixed",671,"BY",TRUE,0.166666666666667,1,0,0,-5,0.166666666666667,1
"scattered_mixed",672,"unadjusted",TRUE,0.666666666666667,0.8,0.2,1,-1,0.571428571428571,5
"scattered_mixed",672,"Holm",TRUE,0,0,0,0,-6,0,0
"scattered_mixed",672,"BY",TRUE,0,0,0,0,-6,0,0
"scattered_mixed",673,"unadjusted",TRUE,0.333333333333333,0.666666666666667,0.333333333333333,1,-3,0.285714285714286,3
"scattered_mixed",673,"Holm",TRUE,0,0,0,0,-6,0,0
"scattered_mixed",673,"BY",TRUE,0,0,0,0,-6,0,0
"scattered_mixed",674,"unadjusted",TRUE,0.166666666666667,1,0,0,-5,0.166666666666667,1
"scattered_mixed",674,"Holm",TRUE,0,0,0,0,-6,0,0
"scattered_mixed",674,"BY",TRUE,0,0,0,0,-6,0,0
"scattered_mixed",675,"unadjusted",TRUE,0.5,1,0,0,-3,0.5,3
"scattered_mixed",675,"Holm",TRUE,0.166666666666667,1,0,0,-5,0.166666666666667,1
"scattered_mixed",675,"BY",TRUE,0.166666666666667,1,0,0,-5,0.166666666666667,1
"scattered_mixed",676,"unadjusted",TRUE,0.666666666666667,1,0,0,-2,0.666666666666667,4
"scattered_mixed",676,"Holm",TRUE,0.5,1,0,0,-3,0.5,3
"scattered_mixed",676,"BY",TRUE,0.5,1,0,0,-3,0.5,3
"scattered_mixed",677,"unadjusted",TRUE,0.5,1,0,0,-3,0.5,3
"scattered_mixed",677,"Holm",TRUE,0.166666666666667,1,0,0,-5,0.166666666666667,1
"scattered_mixed",677,"BY",TRUE,0,0,0,0,-6,0,0
"scattered_mixed",678,"unadjusted",TRUE,0.666666666666667,0.8,0.2,1,-1,0.571428571428571,5
"scattered_mixed",678,"Holm",TRUE,0.333333333333333,1,0,0,-4,0.333333333333333,2
"scattered_mixed",678,"BY",TRUE,0.333333333333333,1,0,0,-4,0.333333333333333,2
"scattered_mixed",679,"unadjusted",TRUE,0.666666666666667,1,0,0,-2,0.666666666666667,4
"scattered_mixed",679,"Holm",TRUE,0.5,1,0,0,-3,0.5,3
"scattered_mixed",679,"BY",TRUE,0.5,1,0,0,-3,0.5,3
"scattered_mixed",680,"unadjusted",TRUE,0.833333333333333,1,0,0,-1,0.833333333333333,5
"scattered_mixed",680,"Holm",TRUE,0.5,1,0,0,-3,0.5,3
"scattered_mixed",680,"BY",TRUE,0.5,1,0,0,-3,0.5,3
"scattered_mixed",681,"unadjusted",TRUE,0.833333333333333,1,0,0,-1,0.833333333333333,5
"scattered_mixed",681,"Holm",TRUE,0.333333333333333,1,0,0,-4,0.333333333333333,2
"scattered_mixed",681,"BY",TRUE,0.333333333333333,1,0,0,-4,0.333333333333333,2
"scattered_mixed",682,"unadjusted",TRUE,0.5,1,0,0,-3,0.5,3
"scattered_mixed",682,"Holm",TRUE,0.166666666666667,1,0,0,-5,0.166666666666667,1
"scattered_mixed",682,"BY",TRUE,0.166666666666667,1,0,0,-5,0.166666666666667,1
"scattered_mixed",683,"unadjusted",TRUE,0.666666666666667,0.8,0.2,1,-1,0.571428571428571,5
"scattered_mixed",683,"Holm",TRUE,0.5,1,0,0,-3,0.5,3
"scattered_mixed",683,"BY",TRUE,0.5,1,0,0,-3,0.5,3
"scattered_mixed",684,"unadjusted",TRUE,0.666666666666667,1,0,0,-2,0.666666666666667,4
"scattered_mixed",684,"Holm",TRUE,0.333333333333333,1,0,0,-4,0.333333333333333,2
"scattered_mixed",684,"BY",TRUE,0.166666666666667,1,0,0,-5,0.166666666666667,1
"scattered_mixed",685,"unadjusted",TRUE,0.833333333333333,0.833333333333333,0.166666666666667,1,0,0.714285714285714,6
"scattered_mixed",685,"Holm",TRUE,0.5,1,0,0,-3,0.5,3
"scattered_mixed",685,"BY",TRUE,0.5,1,0,0,-3,0.5,3
"scattered_mixed",686,"unadjusted",TRUE,0.833333333333333,0.833333333333333,0.166666666666667,1,0,0.714285714285714,6
"scattered_mixed",686,"Holm",TRUE,0,0,0,0,-6,0,0
"scattered_mixed",686,"BY",TRUE,0,0,0,0,-6,0,0
"scattered_mixed",687,"unadjusted",TRUE,0.5,0.75,0.25,1,-2,0.428571428571429,4
"scattered_mixed",687,"Holm",TRUE,0.166666666666667,1,0,0,-5,0.166666666666667,1
"scattered_mixed",687,"BY",TRUE,0,0,0,0,-6,0,0
"scattered_mixed",688,"unadjusted",TRUE,1,0.857142857142857,0.142857142857143,1,1,0.857142857142857,7
"scattered_mixed",688,"Holm",TRUE,0.166666666666667,1,0,0,-5,0.166666666666667,1
"scattered_mixed",688,"BY",TRUE,0.166666666666667,1,0,0,-5,0.166666666666667,1
"scattered_mixed",689,"unadjusted",TRUE,0.833333333333333,0.833333333333333,0.166666666666667,1,0,0.714285714285714,6
"scattered_mixed",689,"Holm",TRUE,0.5,1,0,0,-3,0.5,3
"scattered_mixed",689,"BY",TRUE,0.5,1,0,0,-3,0.5,3
"scattered_mixed",690,"unadjusted",TRUE,0.666666666666667,1,0,0,-2,0.666666666666667,4
"scattered_mixed",690,"Holm",TRUE,0.166666666666667,1,0,0,-5,0.166666666666667,1
"scattered_mixed",690,"BY",TRUE,0,0,0,0,-6,0,0
"scattered_mixed",691,"unadjusted",TRUE,0.833333333333333,0.833333333333333,0.166666666666667,1,0,0.714285714285714,6
"scattered_mixed",691,"Holm",TRUE,0.5,1,0,0,-3,0.5,3
"scattered_mixed",691,"BY",TRUE,0.5,1,0,0,-3,0.5,3
"scattered_mixed",692,"unadjusted",TRUE,0.833333333333333,1,0,0,-1,0.833333333333333,5
"scattered_mixed",692,"Holm",TRUE,0.333333333333333,1,0,0,-4,0.333333333333333,2
"scattered_mixed",692,"BY",TRUE,0.166666666666667,1,0,0,-5,0.166666666666667,1
"scattered_mixed",693,"unadjusted",TRUE,0.833333333333333,1,0,0,-1,0.833333333333333,5
"scattered_mixed",693,"Holm",TRUE,0,0,0,0,-6,0,0
"scattered_mixed",693,"BY",TRUE,0,0,0,0,-6,0,0
"scattered_mixed",694,"unadjusted",TRUE,1,1,0,0,0,1,6
"scattered_mixed",694,"Holm",TRUE,0.333333333333333,1,0,0,-4,0.333333333333333,2
"scattered_mixed",694,"BY",TRUE,0.333333333333333,1,0,0,-4,0.333333333333333,2
"scattered_mixed",695,"unadjusted",TRUE,0.833333333333333,0.833333333333333,0.166666666666667,1,0,0.714285714285714,6
"scattered_mixed",695,"Holm",TRUE,0.166666666666667,1,0,0,-5,0.166666666666667,1
"scattered_mixed",695,"BY",TRUE,0,0,0,0,-6,0,0
"scattered_mixed",696,"unadjusted",TRUE,0.5,1,0,0,-3,0.5,3
"scattered_mixed",696,"Holm",TRUE,0.333333333333333,1,0,0,-4,0.333333333333333,2
"scattered_mixed",696,"BY",TRUE,0.333333333333333,1,0,0,-4,0.333333333333333,2
"scattered_mixed",697,"unadjusted",TRUE,0.666666666666667,0.8,0.2,1,-1,0.571428571428571,5
"scattered_mixed",697,"Holm",TRUE,0.5,1,0,0,-3,0.5,3
"scattered_mixed",697,"BY",TRUE,0.5,1,0,0,-3,0.5,3
"scattered_mixed",698,"unadjusted",TRUE,0.833333333333333,1,0,0,-1,0.833333333333333,5
"scattered_mixed",698,"Holm",TRUE,0,0,0,0,-6,0,0
"scattered_mixed",698,"BY",TRUE,0,0,0,0,-6,0,0
"scattered_mixed",699,"unadjusted",TRUE,0.666666666666667,1,0,0,-2,0.666666666666667,4
"scattered_mixed",699,"Holm",TRUE,0.166666666666667,1,0,0,-5,0.166666666666667,1
"scattered_mixed",699,"BY",TRUE,0.166666666666667,1,0,0,-5,0.166666666666667,1
"scattered_mixed",700,"unadjusted",TRUE,0.666666666666667,1,0,0,-2,0.666666666666667,4
"scattered_mixed",700,"Holm",TRUE,0.166666666666667,1,0,0,-5,0.166666666666667,1
"scattered_mixed",700,"BY",TRUE,0.166666666666667,1,0,0,-5,0.166666666666667,1
"scattered_mixed",701,"unadjusted",TRUE,0.333333333333333,1,0,0,-4,0.333333333333333,2
"scattered_mixed",701,"Holm",TRUE,0.333333333333333,1,0,0,-4,0.333333333333333,2
"scattered_mixed",701,"BY",TRUE,0,0,0,0,-6,0,0
"scattered_mixed",702,"unadjusted",TRUE,0.5,0.75,0.25,1,-2,0.428571428571429,4
"scattered_mixed",702,"Holm",TRUE,0.166666666666667,1,0,0,-5,0.166666666666667,1
"scattered_mixed",702,"BY",TRUE,0,0,0,0,-6,0,0
"scattered_mixed",703,"unadjusted",TRUE,0.166666666666667,1,0,0,-5,0.166666666666667,1
"scattered_mixed",703,"Holm",TRUE,0,0,0,0,-6,0,0
"scattered_mixed",703,"BY",TRUE,0,0,0,0,-6,0,0
"scattered_mixed",704,"unadjusted",TRUE,1,1,0,0,0,1,6
"scattered_mixed",704,"Holm",TRUE,0.166666666666667,1,0,0,-5,0.166666666666667,1
"scattered_mixed",704,"BY",TRUE,0,0,0,0,-6,0,0
"scattered_mixed",705,"unadjusted",TRUE,0.5,1,0,0,-3,0.5,3
"scattered_mixed",705,"Holm",TRUE,0.5,1,0,0,-3,0.5,3
"scattered_mixed",705,"BY",TRUE,0.5,1,0,0,-3,0.5,3
"scattered_mixed",706,"unadjusted",TRUE,0.666666666666667,1,0,0,-2,0.666666666666667,4
"scattered_mixed",706,"Holm",TRUE,0.166666666666667,1,0,0,-5,0.166666666666667,1
"scattered_mixed",706,"BY",TRUE,0.166666666666667,1,0,0,-5,0.166666666666667,1
"scattered_mixed",707,"unadjusted",TRUE,0.833333333333333,1,0,0,-1,0.833333333333333,5
"scattered_mixed",707,"Holm",TRUE,0.166666666666667,1,0,0,-5,0.166666666666667,1
"scattered_mixed",707,"BY",TRUE,0.166666666666667,1,0,0,-5,0.166666666666667,1
"scattered_mixed",708,"unadjusted",TRUE,0.333333333333333,1,0,0,-4,0.333333333333333,2
"scattered_mixed",708,"Holm",TRUE,0.166666666666667,1,0,0,-5,0.166666666666667,1
"scattered_mixed",708,"BY",TRUE,0.166666666666667,1,0,0,-5,0.166666666666667,1
"scattered_mixed",709,"unadjusted",TRUE,0.5,0.75,0.25,1,-2,0.428571428571429,4
"scattered_mixed",709,"Holm",TRUE,0.166666666666667,1,0,0,-5,0.166666666666667,1
"scattered_mixed",709,"BY",TRUE,0,0,0,0,-6,0,0
"scattered_mixed",710,"unadjusted",TRUE,0.666666666666667,0.8,0.2,1,-1,0.571428571428571,5
"scattered_mixed",710,"Holm",TRUE,0.166666666666667,1,0,0,-5,0.166666666666667,1
"scattered_mixed",710,"BY",TRUE,0,0,0,0,-6,0,0
"scattered_mixed",711,"unadjusted",TRUE,0.5,1,0,0,-3,0.5,3
"scattered_mixed",711,"Holm",TRUE,0,0,0,0,-6,0,0
"scattered_mixed",711,"BY",TRUE,0,0,0,0,-6,0,0
"scattered_mixed",712,"unadjusted",TRUE,0.666666666666667,1,0,0,-2,0.666666666666667,4
"scattered_mixed",712,"Holm",TRUE,0,0,0,0,-6,0,0
"scattered_mixed",712,"BY",TRUE,0,0,0,0,-6,0,0
"scattered_mixed",713,"unadjusted",TRUE,0.833333333333333,1,0,0,-1,0.833333333333333,5
"scattered_mixed",713,"Holm",TRUE,0.166666666666667,1,0,0,-5,0.166666666666667,1
"scattered_mixed",713,"BY",TRUE,0.166666666666667,1,0,0,-5,0.166666666666667,1
"scattered_mixed",714,"unadjusted",TRUE,0.666666666666667,1,0,0,-2,0.666666666666667,4
"scattered_mixed",714,"Holm",TRUE,0.166666666666667,1,0,0,-5,0.166666666666667,1
"scattered_mixed",714,"BY",TRUE,0.166666666666667,1,0,0,-5,0.166666666666667,1
"scattered_mixed",715,"unadjusted",TRUE,0.666666666666667,0.8,0.2,1,-1,0.571428571428571,5
"scattered_mixed",715,"Holm",TRUE,0.166666666666667,1,0,0,-5,0.166666666666667,1
"scattered_mixed",715,"BY",TRUE,0.166666666666667,1,0,0,-5,0.166666666666667,1
"scattered_mixed",716,"unadjusted",TRUE,0.833333333333333,1,0,0,-1,0.833333333333333,5
"scattered_mixed",716,"Holm",TRUE,0.333333333333333,1,0,0,-4,0.333333333333333,2
"scattered_mixed",716,"BY",TRUE,0.333333333333333,1,0,0,-4,0.333333333333333,2
"scattered_mixed",717,"unadjusted",TRUE,0.333333333333333,0.666666666666667,0.333333333333333,1,-3,0.285714285714286,3
"scattered_mixed",717,"Holm",TRUE,0.166666666666667,1,0,0,-5,0.166666666666667,1
"scattered_mixed",717,"BY",TRUE,0.166666666666667,1,0,0,-5,0.166666666666667,1
"scattered_mixed",718,"unadjusted",TRUE,0.666666666666667,1,0,0,-2,0.666666666666667,4
"scattered_mixed",718,"Holm",TRUE,0,0,0,0,-6,0,0
"scattered_mixed",718,"BY",TRUE,0,0,0,0,-6,0,0
"scattered_mixed",719,"unadjusted",TRUE,0.666666666666667,0.666666666666667,0.333333333333333,1,0,0.5,6
"scattered_mixed",719,"Holm",TRUE,0.166666666666667,1,0,0,-5,0.166666666666667,1
"scattered_mixed",719,"BY",TRUE,0.166666666666667,1,0,0,-5,0.166666666666667,1
"scattered_mixed",720,"unadjusted",TRUE,0.166666666666667,0.5,0.5,1,-4,0.142857142857143,2
"scattered_mixed",720,"Holm",TRUE,0,0,0,0,-6,0,0
"scattered_mixed",720,"BY",TRUE,0,0,0,0,-6,0,0
"scattered_mixed",721,"unadjusted",TRUE,0.666666666666667,0.8,0.2,1,-1,0.571428571428571,5
"scattered_mixed",721,"Holm",TRUE,0.166666666666667,1,0,0,-5,0.166666666666667,1
"scattered_mixed",721,"BY",TRUE,0,0,0,0,-6,0,0
"scattered_mixed",722,"unadjusted",TRUE,0.666666666666667,1,0,0,-2,0.666666666666667,4
"scattered_mixed",722,"Holm",TRUE,0,0,0,0,-6,0,0
"scattered_mixed",722,"BY",TRUE,0,0,0,0,-6,0,0
"scattered_mixed",723,"unadjusted",TRUE,0.333333333333333,1,0,0,-4,0.333333333333333,2
"scattered_mixed",723,"Holm",TRUE,0,0,0,0,-6,0,0
"scattered_mixed",723,"BY",TRUE,0,0,0,0,-6,0,0
"scattered_mixed",724,"unadjusted",TRUE,0.666666666666667,1,0,0,-2,0.666666666666667,4
"scattered_mixed",724,"Holm",TRUE,0,0,0,0,-6,0,0
"scattered_mixed",724,"BY",TRUE,0,0,0,0,-6,0,0
"scattered_mixed",725,"unadjusted",TRUE,0.666666666666667,0.8,0.2,1,-1,0.571428571428571,5
"scattered_mixed",725,"Holm",TRUE,0.333333333333333,1,0,0,-4,0.333333333333333,2
"scattered_mixed",725,"BY",TRUE,0.333333333333333,1,0,0,-4,0.333333333333333,2
"scattered_mixed",726,"unadjusted",TRUE,0.833333333333333,1,0,0,-1,0.833333333333333,5
"scattered_mixed",726,"Holm",TRUE,0.333333333333333,1,0,0,-4,0.333333333333333,2
"scattered_mixed",726,"BY",TRUE,0.333333333333333,1,0,0,-4,0.333333333333333,2
"scattered_mixed",727,"unadjusted",TRUE,0.666666666666667,0.8,0.2,1,-1,0.571428571428571,5
"scattered_mixed",727,"Holm",TRUE,0.166666666666667,1,0,0,-5,0.166666666666667,1
"scattered_mixed",727,"BY",TRUE,0.166666666666667,1,0,0,-5,0.166666666666667,1
"scattered_mixed",728,"unadjusted",TRUE,0.666666666666667,1,0,0,-2,0.666666666666667,4
"scattered_mixed",728,"Holm",TRUE,0.166666666666667,1,0,0,-5,0.166666666666667,1
"scattered_mixed",728,"BY",TRUE,0,0,0,0,-6,0,0
"scattered_mixed",729,"unadjusted",TRUE,0.833333333333333,1,0,0,-1,0.833333333333333,5
"scattered_mixed",729,"Holm",TRUE,0.5,1,0,0,-3,0.5,3
"scattered_mixed",729,"BY",TRUE,0.5,1,0,0,-3,0.5,3
"scattered_mixed",730,"unadjusted",TRUE,0.5,1,0,0,-3,0.5,3
"scattered_mixed",730,"Holm",TRUE,0.166666666666667,1,0,0,-5,0.166666666666667,1
"scattered_mixed",730,"BY",TRUE,0,0,0,0,-6,0,0
"scattered_mixed",731,"unadjusted",TRUE,0.833333333333333,1,0,0,-1,0.833333333333333,5
"scattered_mixed",731,"Holm",TRUE,0.166666666666667,1,0,0,-5,0.166666666666667,1
"scattered_mixed",731,"BY",TRUE,0.166666666666667,1,0,0,-5,0.166666666666667,1
"scattered_mixed",732,"unadjusted",TRUE,0.5,1,0,0,-3,0.5,3
"scattered_mixed",732,"Holm",TRUE,0.166666666666667,1,0,0,-5,0.166666666666667,1
"scattered_mixed",732,"BY",TRUE,0.166666666666667,1,0,0,-5,0.166666666666667,1
"scattered_mixed",733,"unadjusted",TRUE,0.666666666666667,0.666666666666667,0.333333333333333,1,0,0.5,6
"scattered_mixed",733,"Holm",TRUE,0,0,0,0,-6,0,0
"scattered_mixed",733,"BY",TRUE,0,0,0,0,-6,0,0
"scattered_mixed",734,"unadjusted",TRUE,0.333333333333333,1,0,0,-4,0.333333333333333,2
"scattered_mixed",734,"Holm",TRUE,0.166666666666667,1,0,0,-5,0.166666666666667,1
"scattered_mixed",734,"BY",TRUE,0,0,0,0,-6,0,0
"scattered_mixed",735,"unadjusted",TRUE,0.666666666666667,1,0,0,-2,0.666666666666667,4
"scattered_mixed",735,"Holm",TRUE,0,0,0,0,-6,0,0
"scattered_mixed",735,"BY",TRUE,0,0,0,0,-6,0,0
"scattered_mixed",736,"unadjusted",TRUE,0.666666666666667,1,0,0,-2,0.666666666666667,4
"scattered_mixed",736,"Holm",TRUE,0.166666666666667,1,0,0,-5,0.166666666666667,1
"scattered_mixed",736,"BY",TRUE,0.166666666666667,1,0,0,-5,0.166666666666667,1
"scattered_mixed",737,"unadjusted",TRUE,0.666666666666667,1,0,0,-2,0.666666666666667,4
"scattered_mixed",737,"Holm",TRUE,0,0,0,0,-6,0,0
"scattered_mixed",737,"BY",TRUE,0,0,0,0,-6,0,0
"scattered_mixed",738,"unadjusted",TRUE,0.833333333333333,1,0,0,-1,0.833333333333333,5
"scattered_mixed",738,"Holm",TRUE,0.5,1,0,0,-3,0.5,3
"scattered_mixed",738,"BY",TRUE,0.5,1,0,0,-3,0.5,3
"scattered_mixed",739,"unadjusted",TRUE,0.833333333333333,0.833333333333333,0.166666666666667,1,0,0.714285714285714,6
"scattered_mixed",739,"Holm",TRUE,0.5,1,0,0,-3,0.5,3
"scattered_mixed",739,"BY",TRUE,0.5,1,0,0,-3,0.5,3
"scattered_mixed",740,"unadjusted",TRUE,0.666666666666667,1,0,0,-2,0.666666666666667,4
"scattered_mixed",740,"Holm",TRUE,0.333333333333333,1,0,0,-4,0.333333333333333,2
"scattered_mixed",740,"BY",TRUE,0,0,0,0,-6,0,0
"scattered_mixed",741,"unadjusted",TRUE,0.666666666666667,1,0,0,-2,0.666666666666667,4
"scattered_mixed",741,"Holm",TRUE,0,0,0,0,-6,0,0
"scattered_mixed",741,"BY",TRUE,0,0,0,0,-6,0,0
"scattered_mixed",742,"unadjusted",TRUE,0.5,1,0,0,-3,0.5,3
"scattered_mixed",742,"Holm",TRUE,0.166666666666667,1,0,0,-5,0.166666666666667,1
"scattered_mixed",742,"BY",TRUE,0.166666666666667,1,0,0,-5,0.166666666666667,1
"scattered_mixed",743,"unadjusted",TRUE,0.833333333333333,1,0,0,-1,0.833333333333333,5
"scattered_mixed",743,"Holm",TRUE,0.333333333333333,1,0,0,-4,0.333333333333333,2
"scattered_mixed",743,"BY",TRUE,0.333333333333333,1,0,0,-4,0.333333333333333,2
"scattered_mixed",744,"unadjusted",TRUE,0.666666666666667,1,0,0,-2,0.666666666666667,4
"scattered_mixed",744,"Holm",TRUE,0.333333333333333,1,0,0,-4,0.333333333333333,2
"scattered_mixed",744,"BY",TRUE,0.333333333333333,1,0,0,-4,0.333333333333333,2
"scattered_mixed",745,"unadjusted",TRUE,0.5,1,0,0,-3,0.5,3
"scattered_mixed",745,"Holm",TRUE,0,0,0,0,-6,0,0
"scattered_mixed",745,"BY",TRUE,0,0,0,0,-6,0,0
"scattered_mixed",746,"unadjusted",TRUE,1,0.857142857142857,0.142857142857143,1,1,0.857142857142857,7
"scattered_mixed",746,"Holm",TRUE,0,0,0,0,-6,0,0
"scattered_mixed",746,"BY",TRUE,0,0,0,0,-6,0,0
"scattered_mixed",747,"unadjusted",TRUE,0.666666666666667,0.8,0.2,1,-1,0.571428571428571,5
"scattered_mixed",747,"Holm",TRUE,0.166666666666667,1,0,0,-5,0.166666666666667,1
"scattered_mixed",747,"BY",TRUE,0.166666666666667,1,0,0,-5,0.166666666666667,1
"scattered_mixed",748,"unadjusted",TRUE,0.833333333333333,1,0,0,-1,0.833333333333333,5
"scattered_mixed",748,"Holm",TRUE,0.166666666666667,1,0,0,-5,0.166666666666667,1
"scattered_mixed",748,"BY",TRUE,0.166666666666667,1,0,0,-5,0.166666666666667,1
"scattered_mixed",749,"unadjusted",TRUE,0.5,1,0,0,-3,0.5,3
"scattered_mixed",749,"Holm",TRUE,0.166666666666667,1,0,0,-5,0.166666666666667,1
"scattered_mixed",749,"BY",TRUE,0.166666666666667,1,0,0,-5,0.166666666666667,1
"scattered_mixed",750,"unadjusted",TRUE,0.5,0.75,0.25,1,-2,0.428571428571429,4
"scattered_mixed",750,"Holm",TRUE,0,0,0,0,-6,0,0
"scattered_mixed",750,"BY",TRUE,0,0,0,0,-6,0,0
"scattered_mixed",751,"unadjusted",TRUE,0.833333333333333,0.833333333333333,0.166666666666667,1,0,0.714285714285714,6
"scattered_mixed",751,"Holm",TRUE,0.166666666666667,1,0,0,-5,0.166666666666667,1
"scattered_mixed",751,"BY",TRUE,0,0,0,0,-6,0,0
"scattered_mixed",752,"unadjusted",TRUE,1,1,0,0,0,1,6
"scattered_mixed",752,"Holm",TRUE,0,0,0,0,-6,0,0
"scattered_mixed",752,"BY",TRUE,0,0,0,0,-6,0,0
"scattered_mixed",753,"unadjusted",TRUE,0.666666666666667,1,0,0,-2,0.666666666666667,4
"scattered_mixed",753,"Holm",TRUE,0.5,1,0,0,-3,0.5,3
"scattered_mixed",753,"BY",TRUE,0.5,1,0,0,-3,0.5,3
"scattered_mixed",754,"unadjusted",TRUE,0.666666666666667,1,0,0,-2,0.666666666666667,4
"scattered_mixed",754,"Holm",TRUE,0.166666666666667,1,0,0,-5,0.166666666666667,1
"scattered_mixed",754,"BY",TRUE,0.166666666666667,1,0,0,-5,0.166666666666667,1
"scattered_mixed",755,"unadjusted",TRUE,0.666666666666667,1,0,0,-2,0.666666666666667,4
"scattered_mixed",755,"Holm",TRUE,0.166666666666667,1,0,0,-5,0.166666666666667,1
"scattered_mixed",755,"BY",TRUE,0.166666666666667,1,0,0,-5,0.166666666666667,1
"scattered_mixed",756,"unadjusted",TRUE,0.666666666666667,0.666666666666667,0.333333333333333,1,0,0.5,6
"scattered_mixed",756,"Holm",TRUE,0.5,1,0,0,-3,0.5,3
"scattered_mixed",756,"BY",TRUE,0.5,1,0,0,-3,0.5,3
"scattered_mixed",757,"unadjusted",TRUE,0.666666666666667,0.8,0.2,1,-1,0.571428571428571,5
"scattered_mixed",757,"Holm",TRUE,0.333333333333333,1,0,0,-4,0.333333333333333,2
"scattered_mixed",757,"BY",TRUE,0,0,0,0,-6,0,0
"scattered_mixed",758,"unadjusted",TRUE,1,0.857142857142857,0.142857142857143,1,1,0.857142857142857,7
"scattered_mixed",758,"Holm",TRUE,0.666666666666667,1,0,0,-2,0.666666666666667,4
"scattered_mixed",758,"BY",TRUE,0.666666666666667,1,0,0,-2,0.666666666666667,4
"scattered_mixed",759,"unadjusted",TRUE,0.666666666666667,0.8,0.2,1,-1,0.571428571428571,5
"scattered_mixed",759,"Holm",TRUE,0.333333333333333,1,0,0,-4,0.333333333333333,2
"scattered_mixed",759,"BY",TRUE,0.166666666666667,1,0,0,-5,0.166666666666667,1
"scattered_mixed",760,"unadjusted",TRUE,0.666666666666667,1,0,0,-2,0.666666666666667,4
"scattered_mixed",760,"Holm",TRUE,0.333333333333333,1,0,0,-4,0.333333333333333,2
"scattered_mixed",760,"BY",TRUE,0.333333333333333,1,0,0,-4,0.333333333333333,2
"scattered_mixed",761,"unadjusted",TRUE,0.666666666666667,1,0,0,-2,0.666666666666667,4
"scattered_mixed",761,"Holm",TRUE,0.333333333333333,1,0,0,-4,0.333333333333333,2
"scattered_mixed",761,"BY",TRUE,0.333333333333333,1,0,0,-4,0.333333333333333,2
"scattered_mixed",762,"unadjusted",TRUE,0.833333333333333,1,0,0,-1,0.833333333333333,5
"scattered_mixed",762,"Holm",TRUE,0.333333333333333,1,0,0,-4,0.333333333333333,2
"scattered_mixed",762,"BY",TRUE,0.166666666666667,1,0,0,-5,0.166666666666667,1
"scattered_mixed",763,"unadjusted",TRUE,0.5,0.75,0.25,1,-2,0.428571428571429,4
"scattered_mixed",763,"Holm",TRUE,0,0,0,0,-6,0,0
"scattered_mixed",763,"BY",TRUE,0,0,0,0,-6,0,0
"scattered_mixed",764,"unadjusted",TRUE,0.5,1,0,0,-3,0.5,3
"scattered_mixed",764,"Holm",TRUE,0.166666666666667,1,0,0,-5,0.166666666666667,1
"scattered_mixed",764,"BY",TRUE,0,0,0,0,-6,0,0
"scattered_mixed",765,"unadjusted",TRUE,0.666666666666667,1,0,0,-2,0.666666666666667,4
"scattered_mixed",765,"Holm",TRUE,0,0,0,0,-6,0,0
"scattered_mixed",765,"BY",TRUE,0,0,0,0,-6,0,0
"scattered_mixed",766,"unadjusted",TRUE,0.833333333333333,0.833333333333333,0.166666666666667,1,0,0.714285714285714,6
"scattered_mixed",766,"Holm",TRUE,0.166666666666667,1,0,0,-5,0.166666666666667,1
"scattered_mixed",766,"BY",TRUE,0.166666666666667,1,0,0,-5,0.166666666666667,1
"scattered_mixed",767,"unadjusted",TRUE,0.166666666666667,0.5,0.5,1,-4,0.142857142857143,2
"scattered_mixed",767,"Holm",TRUE,0.166666666666667,1,0,0,-5,0.166666666666667,1
"scattered_mixed",767,"BY",TRUE,0.166666666666667,1,0,0,-5,0.166666666666667,1
"scattered_mixed",768,"unadjusted",TRUE,0.833333333333333,1,0,0,-1,0.833333333333333,5
"scattered_mixed",768,"Holm",TRUE,0.166666666666667,1,0,0,-5,0.166666666666667,1
"scattered_mixed",768,"BY",TRUE,0,0,0,0,-6,0,0
"scattered_mixed",769,"unadjusted",TRUE,0.833333333333333,1,0,0,-1,0.833333333333333,5
"scattered_mixed",769,"Holm",TRUE,0.333333333333333,1,0,0,-4,0.333333333333333,2
"scattered_mixed",769,"BY",TRUE,0.333333333333333,1,0,0,-4,0.333333333333333,2
"scattered_mixed",770,"unadjusted",TRUE,0.833333333333333,1,0,0,-1,0.833333333333333,5
"scattered_mixed",770,"Holm",TRUE,0.166666666666667,1,0,0,-5,0.166666666666667,1
"scattered_mixed",770,"BY",TRUE,0,0,0,0,-6,0,0
"scattered_mixed",771,"unadjusted",TRUE,0.5,1,0,0,-3,0.5,3
"scattered_mixed",771,"Holm",TRUE,0.333333333333333,1,0,0,-4,0.333333333333333,2
"scattered_mixed",771,"BY",TRUE,0.333333333333333,1,0,0,-4,0.333333333333333,2
"scattered_mixed",772,"unadjusted",TRUE,0.333333333333333,1,0,0,-4,0.333333333333333,2
"scattered_mixed",772,"Holm",TRUE,0,0,0,0,-6,0,0
"scattered_mixed",772,"BY",TRUE,0,0,0,0,-6,0,0
"scattered_mixed",773,"unadjusted",TRUE,0.833333333333333,1,0,0,-1,0.833333333333333,5
"scattered_mixed",773,"Holm",TRUE,0.5,1,0,0,-3,0.5,3
"scattered_mixed",773,"BY",TRUE,0.5,1,0,0,-3,0.5,3
"scattered_mixed",774,"unadjusted",TRUE,1,1,0,0,0,1,6
"scattered_mixed",774,"Holm",TRUE,0.166666666666667,1,0,0,-5,0.166666666666667,1
"scattered_mixed",774,"BY",TRUE,0.166666666666667,1,0,0,-5,0.166666666666667,1
"scattered_mixed",775,"unadjusted",TRUE,0.5,0.75,0.25,1,-2,0.428571428571429,4
"scattered_mixed",775,"Holm",TRUE,0,0,0,0,-6,0,0
"scattered_mixed",775,"BY",TRUE,0,0,0,0,-6,0,0
"scattered_mixed",776,"unadjusted",TRUE,0.833333333333333,0.833333333333333,0.166666666666667,1,0,0.714285714285714,6
"scattered_mixed",776,"Holm",TRUE,0.166666666666667,1,0,0,-5,0.166666666666667,1
"scattered_mixed",776,"BY",TRUE,0.166666666666667,1,0,0,-5,0.166666666666667,1
"scattered_mixed",777,"unadjusted",TRUE,0.833333333333333,0.833333333333333,0.166666666666667,1,0,0.714285714285714,6
"scattered_mixed",777,"Holm",TRUE,0.166666666666667,1,0,0,-5,0.166666666666667,1
"scattered_mixed",777,"BY",TRUE,0,0,0,0,-6,0,0
"scattered_mixed",778,"unadjusted",TRUE,0.5,1,0,0,-3,0.5,3
"scattered_mixed",778,"Holm",TRUE,0.333333333333333,1,0,0,-4,0.333333333333333,2
"scattered_mixed",778,"BY",TRUE,0.166666666666667,1,0,0,-5,0.166666666666667,1
"scattered_mixed",779,"unadjusted",TRUE,0.5,0.75,0.25,1,-2,0.428571428571429,4
"scattered_mixed",779,"Holm",TRUE,0,0,0,0,-6,0,0
"scattered_mixed",779,"BY",TRUE,0,0,0,0,-6,0,0
"scattered_mixed",780,"unadjusted",TRUE,0.666666666666667,0.8,0.2,1,-1,0.571428571428571,5
"scattered_mixed",780,"Holm",TRUE,0.166666666666667,1,0,0,-5,0.166666666666667,1
"scattered_mixed",780,"BY",TRUE,0.166666666666667,1,0,0,-5,0.166666666666667,1
"scattered_mixed",781,"unadjusted",TRUE,0.833333333333333,0.625,0.375,1,2,0.555555555555556,8
"scattered_mixed",781,"Holm",TRUE,0.166666666666667,1,0,0,-5,0.166666666666667,1
"scattered_mixed",781,"BY",TRUE,0.166666666666667,1,0,0,-5,0.166666666666667,1
"scattered_mixed",782,"unadjusted",TRUE,0.666666666666667,1,0,0,-2,0.666666666666667,4
"scattered_mixed",782,"Holm",TRUE,0.166666666666667,1,0,0,-5,0.166666666666667,1
"scattered_mixed",782,"BY",TRUE,0.166666666666667,1,0,0,-5,0.166666666666667,1
"scattered_mixed",783,"unadjusted",TRUE,0.666666666666667,1,0,0,-2,0.666666666666667,4
"scattered_mixed",783,"Holm",TRUE,0.166666666666667,1,0,0,-5,0.166666666666667,1
"scattered_mixed",783,"BY",TRUE,0,0,0,0,-6,0,0
"scattered_mixed",784,"unadjusted",TRUE,0.833333333333333,0.714285714285714,0.285714285714286,1,1,0.625,7
"scattered_mixed",784,"Holm",TRUE,0.166666666666667,1,0,0,-5,0.166666666666667,1
"scattered_mixed",784,"BY",TRUE,0.166666666666667,1,0,0,-5,0.166666666666667,1
"scattered_mixed",785,"unadjusted",TRUE,1,1,0,0,0,1,6
"scattered_mixed",785,"Holm",TRUE,0.333333333333333,1,0,0,-4,0.333333333333333,2
"scattered_mixed",785,"BY",TRUE,0.333333333333333,1,0,0,-4,0.333333333333333,2
"scattered_mixed",786,"unadjusted",TRUE,0.666666666666667,1,0,0,-2,0.666666666666667,4
"scattered_mixed",786,"Holm",TRUE,0,0,0,0,-6,0,0
"scattered_mixed",786,"BY",TRUE,0,0,0,0,-6,0,0
"scattered_mixed",787,"unadjusted",TRUE,0.166666666666667,1,0,0,-5,0.166666666666667,1
"scattered_mixed",787,"Holm",TRUE,0,0,0,0,-6,0,0
"scattered_mixed",787,"BY",TRUE,0,0,0,0,-6,0,0
"scattered_mixed",788,"unadjusted",TRUE,0.666666666666667,0.666666666666667,0.333333333333333,1,0,0.5,6
"scattered_mixed",788,"Holm",TRUE,0,0,0,0,-6,0,0
"scattered_mixed",788,"BY",TRUE,0,0,0,0,-6,0,0
"scattered_mixed",789,"unadjusted",TRUE,0.833333333333333,0.833333333333333,0.166666666666667,1,0,0.714285714285714,6
"scattered_mixed",789,"Holm",TRUE,0.333333333333333,1,0,0,-4,0.333333333333333,2
"scattered_mixed",789,"BY",TRUE,0.333333333333333,1,0,0,-4,0.333333333333333,2
"scattered_mixed",790,"unadjusted",TRUE,0.5,1,0,0,-3,0.5,3
"scattered_mixed",790,"Holm",TRUE,0.166666666666667,1,0,0,-5,0.166666666666667,1
"scattered_mixed",790,"BY",TRUE,0,0,0,0,-6,0,0
"scattered_mixed",791,"unadjusted",TRUE,0.833333333333333,1,0,0,-1,0.833333333333333,5
"scattered_mixed",791,"Holm",TRUE,0.166666666666667,1,0,0,-5,0.166666666666667,1
"scattered_mixed",791,"BY",TRUE,0.166666666666667,1,0,0,-5,0.166666666666667,1
"scattered_mixed",792,"unadjusted",TRUE,0.666666666666667,0.8,0.2,1,-1,0.571428571428571,5
"scattered_mixed",792,"Holm",TRUE,0,0,0,0,-6,0,0
"scattered_mixed",792,"BY",TRUE,0,0,0,0,-6,0,0
"scattered_mixed",793,"unadjusted",TRUE,0.666666666666667,1,0,0,-2,0.666666666666667,4
"scattered_mixed",793,"Holm",TRUE,0.333333333333333,1,0,0,-4,0.333333333333333,2
"scattered_mixed",793,"BY",TRUE,0,0,0,0,-6,0,0
"scattered_mixed",794,"unadjusted",TRUE,0.833333333333333,0.833333333333333,0.166666666666667,1,0,0.714285714285714,6
"scattered_mixed",794,"Holm",TRUE,0.333333333333333,1,0,0,-4,0.333333333333333,2
"scattered_mixed",794,"BY",TRUE,0.333333333333333,1,0,0,-4,0.333333333333333,2
"scattered_mixed",795,"unadjusted",TRUE,0.666666666666667,1,0,0,-2,0.666666666666667,4
"scattered_mixed",795,"Holm",TRUE,0,0,0,0,-6,0,0
"scattered_mixed",795,"BY",TRUE,0,0,0,0,-6,0,0
"scattered_mixed",796,"unadjusted",TRUE,0.833333333333333,0.833333333333333,0.166666666666667,1,0,0.714285714285714,6
"scattered_mixed",796,"Holm",TRUE,0,0,0,0,-6,0,0
"scattered_mixed",796,"BY",TRUE,0,0,0,0,-6,0,0
"scattered_mixed",797,"unadjusted",TRUE,0.833333333333333,1,0,0,-1,0.833333333333333,5
"scattered_mixed",797,"Holm",TRUE,0,0,0,0,-6,0,0
"scattered_mixed",797,"BY",TRUE,0,0,0,0,-6,0,0
"scattered_mixed",798,"unadjusted",TRUE,0.833333333333333,0.833333333333333,0.166666666666667,1,0,0.714285714285714,6
"scattered_mixed",798,"Holm",TRUE,0.166666666666667,1,0,0,-5,0.166666666666667,1
"scattered_mixed",798,"BY",TRUE,0,0,0,0,-6,0,0
"scattered_mixed",799,"unadjusted",TRUE,0.333333333333333,1,0,0,-4,0.333333333333333,2
"scattered_mixed",799,"Holm",TRUE,0.166666666666667,1,0,0,-5,0.166666666666667,1
"scattered_mixed",799,"BY",TRUE,0,0,0,0,-6,0,0
"scattered_mixed",800,"unadjusted",TRUE,0.666666666666667,0.8,0.2,1,-1,0.571428571428571,5
"scattered_mixed",800,"Holm",TRUE,0.166666666666667,1,0,0,-5,0.166666666666667,1
"scattered_mixed",800,"BY",TRUE,0.166666666666667,1,0,0,-5,0.166666666666667,1
"scattered_mixed",801,"unadjusted",TRUE,0.666666666666667,1,0,0,-2,0.666666666666667,4
"scattered_mixed",801,"Holm",TRUE,0,0,0,0,-6,0,0
"scattered_mixed",801,"BY",TRUE,0,0,0,0,-6,0,0
"scattered_mixed",802,"unadjusted",TRUE,0.5,1,0,0,-3,0.5,3
"scattered_mixed",802,"Holm",TRUE,0.333333333333333,1,0,0,-4,0.333333333333333,2
"scattered_mixed",802,"BY",TRUE,0,0,0,0,-6,0,0
"scattered_mixed",803,"unadjusted",TRUE,0.666666666666667,1,0,0,-2,0.666666666666667,4
"scattered_mixed",803,"Holm",TRUE,0,0,0,0,-6,0,0
"scattered_mixed",803,"BY",TRUE,0,0,0,0,-6,0,0
"scattered_mixed",804,"unadjusted",TRUE,0.666666666666667,1,0,0,-2,0.666666666666667,4
"scattered_mixed",804,"Holm",TRUE,0,0,0,0,-6,0,0
"scattered_mixed",804,"BY",TRUE,0,0,0,0,-6,0,0
"scattered_mixed",805,"unadjusted",TRUE,0.833333333333333,1,0,0,-1,0.833333333333333,5
"scattered_mixed",805,"Holm",TRUE,0.166666666666667,1,0,0,-5,0.166666666666667,1
"scattered_mixed",805,"BY",TRUE,0.166666666666667,1,0,0,-5,0.166666666666667,1
"scattered_mixed",806,"unadjusted",TRUE,0.833333333333333,0.833333333333333,0.166666666666667,1,0,0.714285714285714,6
"scattered_mixed",806,"Holm",TRUE,0,0,0,0,-6,0,0
"scattered_mixed",806,"BY",TRUE,0,0,0,0,-6,0,0
"scattered_mixed",807,"unadjusted",TRUE,1,0.75,0.25,1,2,0.75,8
"scattered_mixed",807,"Holm",TRUE,0.5,1,0,0,-3,0.5,3
"scattered_mixed",807,"BY",TRUE,0.5,1,0,0,-3,0.5,3
"scattered_mixed",808,"unadjusted",TRUE,1,0.857142857142857,0.142857142857143,1,1,0.857142857142857,7
"scattered_mixed",808,"Holm",TRUE,0.5,1,0,0,-3,0.5,3
"scattered_mixed",808,"BY",TRUE,0.5,1,0,0,-3,0.5,3
"scattered_mixed",809,"unadjusted",TRUE,0.833333333333333,0.833333333333333,0.166666666666667,1,0,0.714285714285714,6
"scattered_mixed",809,"Holm",TRUE,0.166666666666667,1,0,0,-5,0.166666666666667,1
"scattered_mixed",809,"BY",TRUE,0.166666666666667,1,0,0,-5,0.166666666666667,1
"scattered_mixed",810,"unadjusted",TRUE,0.333333333333333,0.666666666666667,0.333333333333333,1,-3,0.285714285714286,3
"scattered_mixed",810,"Holm",TRUE,0.166666666666667,1,0,0,-5,0.166666666666667,1
"scattered_mixed",810,"BY",TRUE,0,0,0,0,-6,0,0
"scattered_mixed",811,"unadjusted",TRUE,0.833333333333333,0.833333333333333,0.166666666666667,1,0,0.714285714285714,6
"scattered_mixed",811,"Holm",TRUE,0,0,0,0,-6,0,0
"scattered_mixed",811,"BY",TRUE,0,0,0,0,-6,0,0
"scattered_mixed",812,"unadjusted",TRUE,0.333333333333333,1,0,0,-4,0.333333333333333,2
"scattered_mixed",812,"Holm",TRUE,0.333333333333333,1,0,0,-4,0.333333333333333,2
"scattered_mixed",812,"BY",TRUE,0.333333333333333,1,0,0,-4,0.333333333333333,2
"scattered_mixed",813,"unadjusted",TRUE,1,1,0,0,0,1,6
"scattered_mixed",813,"Holm",TRUE,0.166666666666667,1,0,0,-5,0.166666666666667,1
"scattered_mixed",813,"BY",TRUE,0.166666666666667,1,0,0,-5,0.166666666666667,1
"scattered_mixed",814,"unadjusted",TRUE,0.833333333333333,0.625,0.375,1,2,0.555555555555556,8
"scattered_mixed",814,"Holm",TRUE,0.166666666666667,1,0,0,-5,0.166666666666667,1
"scattered_mixed",814,"BY",TRUE,0.166666666666667,1,0,0,-5,0.166666666666667,1
"scattered_mixed",815,"unadjusted",TRUE,0.666666666666667,0.8,0.2,1,-1,0.571428571428571,5
"scattered_mixed",815,"Holm",TRUE,0.333333333333333,1,0,0,-4,0.333333333333333,2
"scattered_mixed",815,"BY",TRUE,0.166666666666667,1,0,0,-5,0.166666666666667,1
"scattered_mixed",816,"unadjusted",TRUE,0.666666666666667,1,0,0,-2,0.666666666666667,4
"scattered_mixed",816,"Holm",TRUE,0,0,0,0,-6,0,0
"scattered_mixed",816,"BY",TRUE,0,0,0,0,-6,0,0
"scattered_mixed",817,"unadjusted",TRUE,0.833333333333333,1,0,0,-1,0.833333333333333,5
"scattered_mixed",817,"Holm",TRUE,0.166666666666667,1,0,0,-5,0.166666666666667,1
"scattered_mixed",817,"BY",TRUE,0,0,0,0,-6,0,0
"scattered_mixed",818,"unadjusted",TRUE,0.5,1,0,0,-3,0.5,3
"scattered_mixed",818,"Holm",TRUE,0,0,0,0,-6,0,0
"scattered_mixed",818,"BY",TRUE,0,0,0,0,-6,0,0
"scattered_mixed",819,"unadjusted",TRUE,0.5,1,0,0,-3,0.5,3
"scattered_mixed",819,"Holm",TRUE,0,0,0,0,-6,0,0
"scattered_mixed",819,"BY",TRUE,0,0,0,0,-6,0,0
"scattered_mixed",820,"unadjusted",TRUE,0.333333333333333,1,0,0,-4,0.333333333333333,2
"scattered_mixed",820,"Holm",TRUE,0.166666666666667,1,0,0,-5,0.166666666666667,1
"scattered_mixed",820,"BY",TRUE,0.166666666666667,1,0,0,-5,0.166666666666667,1
"scattered_mixed",821,"unadjusted",TRUE,0.5,0.75,0.25,1,-2,0.428571428571429,4
"scattered_mixed",821,"Holm",TRUE,0.333333333333333,1,0,0,-4,0.333333333333333,2
"scattered_mixed",821,"BY",TRUE,0.333333333333333,1,0,0,-4,0.333333333333333,2
"scattered_mixed",822,"unadjusted",TRUE,0.833333333333333,1,0,0,-1,0.833333333333333,5
"scattered_mixed",822,"Holm",TRUE,0.333333333333333,1,0,0,-4,0.333333333333333,2
"scattered_mixed",822,"BY",TRUE,0.333333333333333,1,0,0,-4,0.333333333333333,2
"scattered_mixed",823,"unadjusted",TRUE,0.666666666666667,1,0,0,-2,0.666666666666667,4
"scattered_mixed",823,"Holm",TRUE,0.166666666666667,1,0,0,-5,0.166666666666667,1
"scattered_mixed",823,"BY",TRUE,0,0,0,0,-6,0,0
"scattered_mixed",824,"unadjusted",TRUE,0.5,1,0,0,-3,0.5,3
"scattered_mixed",824,"Holm",TRUE,0.166666666666667,1,0,0,-5,0.166666666666667,1
"scattered_mixed",824,"BY",TRUE,0,0,0,0,-6,0,0
"scattered_mixed",825,"unadjusted",TRUE,0.5,1,0,0,-3,0.5,3
"scattered_mixed",825,"Holm",TRUE,0.333333333333333,1,0,0,-4,0.333333333333333,2
"scattered_mixed",825,"BY",TRUE,0.333333333333333,1,0,0,-4,0.333333333333333,2
"scattered_mixed",826,"unadjusted",TRUE,0.666666666666667,1,0,0,-2,0.666666666666667,4
"scattered_mixed",826,"Holm",TRUE,0.333333333333333,1,0,0,-4,0.333333333333333,2
"scattered_mixed",826,"BY",TRUE,0.166666666666667,1,0,0,-5,0.166666666666667,1
"scattered_mixed",827,"unadjusted",TRUE,0.166666666666667,1,0,0,-5,0.166666666666667,1
"scattered_mixed",827,"Holm",TRUE,0,0,0,0,-6,0,0
"scattered_mixed",827,"BY",TRUE,0,0,0,0,-6,0,0
"scattered_mixed",828,"unadjusted",TRUE,0.666666666666667,0.8,0.2,1,-1,0.571428571428571,5
"scattered_mixed",828,"Holm",TRUE,0.166666666666667,1,0,0,-5,0.166666666666667,1
"scattered_mixed",828,"BY",TRUE,0.166666666666667,1,0,0,-5,0.166666666666667,1
"scattered_mixed",829,"unadjusted",TRUE,0.5,1,0,0,-3,0.5,3
"scattered_mixed",829,"Holm",TRUE,0.166666666666667,1,0,0,-5,0.166666666666667,1
"scattered_mixed",829,"BY",TRUE,0.166666666666667,1,0,0,-5,0.166666666666667,1
"scattered_mixed",830,"unadjusted",TRUE,0.5,0.75,0.25,1,-2,0.428571428571429,4
"scattered_mixed",830,"Holm",TRUE,0.166666666666667,1,0,0,-5,0.166666666666667,1
"scattered_mixed",830,"BY",TRUE,0.166666666666667,1,0,0,-5,0.166666666666667,1
"scattered_mixed",831,"unadjusted",TRUE,0.666666666666667,1,0,0,-2,0.666666666666667,4
"scattered_mixed",831,"Holm",TRUE,0.166666666666667,1,0,0,-5,0.166666666666667,1
"scattered_mixed",831,"BY",TRUE,0,0,0,0,-6,0,0
"scattered_mixed",832,"unadjusted",TRUE,0.666666666666667,0.666666666666667,0.333333333333333,1,0,0.5,6
"scattered_mixed",832,"Holm",TRUE,0.166666666666667,1,0,0,-5,0.166666666666667,1
"scattered_mixed",832,"BY",TRUE,0.166666666666667,1,0,0,-5,0.166666666666667,1
"scattered_mixed",833,"unadjusted",TRUE,0.5,1,0,0,-3,0.5,3
"scattered_mixed",833,"Holm",TRUE,0,0,0,0,-6,0,0
"scattered_mixed",833,"BY",TRUE,0,0,0,0,-6,0,0
"scattered_mixed",834,"unadjusted",TRUE,0.833333333333333,1,0,0,-1,0.833333333333333,5
"scattered_mixed",834,"Holm",TRUE,0.333333333333333,1,0,0,-4,0.333333333333333,2
"scattered_mixed",834,"BY",TRUE,0.333333333333333,1,0,0,-4,0.333333333333333,2
"scattered_mixed",835,"unadjusted",TRUE,0.833333333333333,1,0,0,-1,0.833333333333333,5
"scattered_mixed",835,"Holm",TRUE,0.333333333333333,1,0,0,-4,0.333333333333333,2
"scattered_mixed",835,"BY",TRUE,0.333333333333333,1,0,0,-4,0.333333333333333,2
"scattered_mixed",836,"unadjusted",TRUE,0.5,0.75,0.25,1,-2,0.428571428571429,4
"scattered_mixed",836,"Holm",TRUE,0,0,0,0,-6,0,0
"scattered_mixed",836,"BY",TRUE,0,0,0,0,-6,0,0
"scattered_mixed",837,"unadjusted",TRUE,0.833333333333333,0.833333333333333,0.166666666666667,1,0,0.714285714285714,6
"scattered_mixed",837,"Holm",TRUE,0.333333333333333,1,0,0,-4,0.333333333333333,2
"scattered_mixed",837,"BY",TRUE,0,0,0,0,-6,0,0
"scattered_mixed",838,"unadjusted",TRUE,0.666666666666667,1,0,0,-2,0.666666666666667,4
"scattered_mixed",838,"Holm",TRUE,0.333333333333333,1,0,0,-4,0.333333333333333,2
"scattered_mixed",838,"BY",TRUE,0.333333333333333,1,0,0,-4,0.333333333333333,2
"scattered_mixed",839,"unadjusted",TRUE,0.666666666666667,1,0,0,-2,0.666666666666667,4
"scattered_mixed",839,"Holm",TRUE,0.333333333333333,1,0,0,-4,0.333333333333333,2
"scattered_mixed",839,"BY",TRUE,0.166666666666667,1,0,0,-5,0.166666666666667,1
"scattered_mixed",840,"unadjusted",TRUE,0.5,0.75,0.25,1,-2,0.428571428571429,4
"scattered_mixed",840,"Holm",TRUE,0.166666666666667,1,0,0,-5,0.166666666666667,1
"scattered_mixed",840,"BY",TRUE,0,0,0,0,-6,0,0
"scattered_mixed",841,"unadjusted",TRUE,0.5,0.75,0.25,1,-2,0.428571428571429,4
"scattered_mixed",841,"Holm",TRUE,0.166666666666667,1,0,0,-5,0.166666666666667,1
"scattered_mixed",841,"BY",TRUE,0,0,0,0,-6,0,0
"scattered_mixed",842,"unadjusted",TRUE,0.5,1,0,0,-3,0.5,3
"scattered_mixed",842,"Holm",TRUE,0,0,0,0,-6,0,0
"scattered_mixed",842,"BY",TRUE,0,0,0,0,-6,0,0
"scattered_mixed",843,"unadjusted",TRUE,0.666666666666667,1,0,0,-2,0.666666666666667,4
"scattered_mixed",843,"Holm",TRUE,0.166666666666667,1,0,0,-5,0.166666666666667,1
"scattered_mixed",843,"BY",TRUE,0.166666666666667,1,0,0,-5,0.166666666666667,1
"scattered_mixed",844,"unadjusted",TRUE,0.166666666666667,0.5,0.5,1,-4,0.142857142857143,2
"scattered_mixed",844,"Holm",TRUE,0.166666666666667,1,0,0,-5,0.166666666666667,1
"scattered_mixed",844,"BY",TRUE,0,0,0,0,-6,0,0
"scattered_mixed",845,"unadjusted",TRUE,0.833333333333333,0.833333333333333,0.166666666666667,1,0,0.714285714285714,6
"scattered_mixed",845,"Holm",TRUE,0.166666666666667,1,0,0,-5,0.166666666666667,1
"scattered_mixed",845,"BY",TRUE,0.166666666666667,1,0,0,-5,0.166666666666667,1
"scattered_mixed",846,"unadjusted",TRUE,0.166666666666667,0.5,0.5,1,-4,0.142857142857143,2
"scattered_mixed",846,"Holm",TRUE,0,0,0,0,-6,0,0
"scattered_mixed",846,"BY",TRUE,0,0,0,0,-6,0,0
"scattered_mixed",847,"unadjusted",TRUE,0.333333333333333,1,0,0,-4,0.333333333333333,2
"scattered_mixed",847,"Holm",TRUE,0.166666666666667,1,0,0,-5,0.166666666666667,1
"scattered_mixed",847,"BY",TRUE,0,0,0,0,-6,0,0
"scattered_mixed",848,"unadjusted",TRUE,0.5,1,0,0,-3,0.5,3
"scattered_mixed",848,"Holm",TRUE,0.166666666666667,1,0,0,-5,0.166666666666667,1
"scattered_mixed",848,"BY",TRUE,0,0,0,0,-6,0,0
"scattered_mixed",849,"unadjusted",TRUE,0.333333333333333,0.5,0.5,1,-2,0.25,4
"scattered_mixed",849,"Holm",TRUE,0,0,0,0,-6,0,0
"scattered_mixed",849,"BY",TRUE,0,0,0,0,-6,0,0
"scattered_mixed",850,"unadjusted",TRUE,0.666666666666667,1,0,0,-2,0.666666666666667,4
"scattered_mixed",850,"Holm",TRUE,0.166666666666667,1,0,0,-5,0.166666666666667,1
"scattered_mixed",850,"BY",TRUE,0,0,0,0,-6,0,0
"scattered_mixed",851,"unadjusted",TRUE,0.5,0.6,0.4,1,-1,0.375,5
"scattered_mixed",851,"Holm",TRUE,0.166666666666667,1,0,0,-5,0.166666666666667,1
"scattered_mixed",851,"BY",TRUE,0.166666666666667,1,0,0,-5,0.166666666666667,1
"scattered_mixed",852,"unadjusted",TRUE,0.666666666666667,1,0,0,-2,0.666666666666667,4
"scattered_mixed",852,"Holm",TRUE,0.333333333333333,1,0,0,-4,0.333333333333333,2
"scattered_mixed",852,"BY",TRUE,0.333333333333333,1,0,0,-4,0.333333333333333,2
"scattered_mixed",853,"unadjusted",TRUE,0.333333333333333,0.5,0.5,1,-2,0.25,4
"scattered_mixed",853,"Holm",TRUE,0.166666666666667,0.5,0.5,1,-4,0.142857142857143,2
"scattered_mixed",853,"BY",TRUE,0.166666666666667,1,0,0,-5,0.166666666666667,1
"scattered_mixed",854,"unadjusted",TRUE,0.666666666666667,0.8,0.2,1,-1,0.571428571428571,5
"scattered_mixed",854,"Holm",TRUE,0.333333333333333,1,0,0,-4,0.333333333333333,2
"scattered_mixed",854,"BY",TRUE,0.333333333333333,1,0,0,-4,0.333333333333333,2
"scattered_mixed",855,"unadjusted",TRUE,0.5,0.75,0.25,1,-2,0.428571428571429,4
"scattered_mixed",855,"Holm",TRUE,0.166666666666667,1,0,0,-5,0.166666666666667,1
"scattered_mixed",855,"BY",TRUE,0,0,0,0,-6,0,0
"scattered_mixed",856,"unadjusted",TRUE,0.833333333333333,1,0,0,-1,0.833333333333333,5
"scattered_mixed",856,"Holm",TRUE,0.166666666666667,1,0,0,-5,0.166666666666667,1
"scattered_mixed",856,"BY",TRUE,0,0,0,0,-6,0,0
"scattered_mixed",857,"unadjusted",TRUE,1,0.857142857142857,0.142857142857143,1,1,0.857142857142857,7
"scattered_mixed",857,"Holm",TRUE,0.166666666666667,1,0,0,-5,0.166666666666667,1
"scattered_mixed",857,"BY",TRUE,0,0,0,0,-6,0,0
"scattered_mixed",858,"unadjusted",TRUE,0.833333333333333,1,0,0,-1,0.833333333333333,5
"scattered_mixed",858,"Holm",TRUE,0,0,0,0,-6,0,0
"scattered_mixed",858,"BY",TRUE,0,0,0,0,-6,0,0
"scattered_mixed",859,"unadjusted",TRUE,0.666666666666667,0.571428571428571,0.428571428571429,1,1,0.444444444444444,7
"scattered_mixed",859,"Holm",TRUE,0.5,1,0,0,-3,0.5,3
"scattered_mixed",859,"BY",TRUE,0.5,1,0,0,-3,0.5,3
"scattered_mixed",860,"unadjusted",TRUE,0.666666666666667,0.8,0.2,1,-1,0.571428571428571,5
"scattered_mixed",860,"Holm",TRUE,0.166666666666667,1,0,0,-5,0.166666666666667,1
"scattered_mixed",860,"BY",TRUE,0,0,0,0,-6,0,0
"scattered_mixed",861,"unadjusted",TRUE,0.833333333333333,1,0,0,-1,0.833333333333333,5
"scattered_mixed",861,"Holm",TRUE,0.166666666666667,1,0,0,-5,0.166666666666667,1
"scattered_mixed",861,"BY",TRUE,0.166666666666667,1,0,0,-5,0.166666666666667,1
"scattered_mixed",862,"unadjusted",TRUE,0.833333333333333,1,0,0,-1,0.833333333333333,5
"scattered_mixed",862,"Holm",TRUE,0.5,1,0,0,-3,0.5,3
"scattered_mixed",862,"BY",TRUE,0.5,1,0,0,-3,0.5,3
"scattered_mixed",863,"unadjusted",TRUE,0.666666666666667,1,0,0,-2,0.666666666666667,4
"scattered_mixed",863,"Holm",TRUE,0.333333333333333,1,0,0,-4,0.333333333333333,2
"scattered_mixed",863,"BY",TRUE,0.166666666666667,1,0,0,-5,0.166666666666667,1
"scattered_mixed",864,"unadjusted",TRUE,0.5,1,0,0,-3,0.5,3
"scattered_mixed",864,"Holm",TRUE,0.166666666666667,1,0,0,-5,0.166666666666667,1
"scattered_mixed",864,"BY",TRUE,0,0,0,0,-6,0,0
"scattered_mixed",865,"unadjusted",TRUE,0.666666666666667,1,0,0,-2,0.666666666666667,4
"scattered_mixed",865,"Holm",TRUE,0.166666666666667,1,0,0,-5,0.166666666666667,1
"scattered_mixed",865,"BY",TRUE,0.166666666666667,1,0,0,-5,0.166666666666667,1
"scattered_mixed",866,"unadjusted",TRUE,0.833333333333333,1,0,0,-1,0.833333333333333,5
"scattered_mixed",866,"Holm",TRUE,0.166666666666667,1,0,0,-5,0.166666666666667,1
"scattered_mixed",866,"BY",TRUE,0.166666666666667,1,0,0,-5,0.166666666666667,1
"scattered_mixed",867,"unadjusted",TRUE,0.5,1,0,0,-3,0.5,3
"scattered_mixed",867,"Holm",TRUE,0.333333333333333,1,0,0,-4,0.333333333333333,2
"scattered_mixed",867,"BY",TRUE,0.166666666666667,1,0,0,-5,0.166666666666667,1
"scattered_mixed",868,"unadjusted",TRUE,0.5,0.5,0.5,1,0,0.333333333333333,6
"scattered_mixed",868,"Holm",TRUE,0,0,0,0,-6,0,0
"scattered_mixed",868,"BY",TRUE,0,0,0,0,-6,0,0
"scattered_mixed",869,"unadjusted",TRUE,0.833333333333333,1,0,0,-1,0.833333333333333,5
"scattered_mixed",869,"Holm",TRUE,0.333333333333333,1,0,0,-4,0.333333333333333,2
"scattered_mixed",869,"BY",TRUE,0.166666666666667,1,0,0,-5,0.166666666666667,1
"scattered_mixed",870,"unadjusted",TRUE,1,0.857142857142857,0.142857142857143,1,1,0.857142857142857,7
"scattered_mixed",870,"Holm",TRUE,0.333333333333333,1,0,0,-4,0.333333333333333,2
"scattered_mixed",870,"BY",TRUE,0,0,0,0,-6,0,0
"scattered_mixed",871,"unadjusted",TRUE,0.666666666666667,0.666666666666667,0.333333333333333,1,0,0.5,6
"scattered_mixed",871,"Holm",TRUE,0.166666666666667,1,0,0,-5,0.166666666666667,1
"scattered_mixed",871,"BY",TRUE,0.166666666666667,1,0,0,-5,0.166666666666667,1
"scattered_mixed",872,"unadjusted",TRUE,0.666666666666667,0.571428571428571,0.428571428571429,1,1,0.444444444444444,7
"scattered_mixed",872,"Holm",TRUE,0.166666666666667,1,0,0,-5,0.166666666666667,1
"scattered_mixed",872,"BY",TRUE,0,0,0,0,-6,0,0
"scattered_mixed",873,"unadjusted",TRUE,0.666666666666667,1,0,0,-2,0.666666666666667,4
"scattered_mixed",873,"Holm",TRUE,0.166666666666667,1,0,0,-5,0.166666666666667,1
"scattered_mixed",873,"BY",TRUE,0,0,0,0,-6,0,0
"scattered_mixed",874,"unadjusted",TRUE,0.666666666666667,1,0,0,-2,0.666666666666667,4
"scattered_mixed",874,"Holm",TRUE,0.166666666666667,1,0,0,-5,0.166666666666667,1
"scattered_mixed",874,"BY",TRUE,0.166666666666667,1,0,0,-5,0.166666666666667,1
"scattered_mixed",875,"unadjusted",TRUE,0.833333333333333,1,0,0,-1,0.833333333333333,5
"scattered_mixed",875,"Holm",TRUE,0.166666666666667,1,0,0,-5,0.166666666666667,1
"scattered_mixed",875,"BY",TRUE,0,0,0,0,-6,0,0
"scattered_mixed",876,"unadjusted",TRUE,0.333333333333333,0.5,0.5,1,-2,0.25,4
"scattered_mixed",876,"Holm",TRUE,0.166666666666667,1,0,0,-5,0.166666666666667,1
"scattered_mixed",876,"BY",TRUE,0.166666666666667,1,0,0,-5,0.166666666666667,1
"scattered_mixed",877,"unadjusted",TRUE,0.833333333333333,1,0,0,-1,0.833333333333333,5
"scattered_mixed",877,"Holm",TRUE,0.5,1,0,0,-3,0.5,3
"scattered_mixed",877,"BY",TRUE,0.5,1,0,0,-3,0.5,3
"scattered_mixed",878,"unadjusted",TRUE,0.333333333333333,1,0,0,-4,0.333333333333333,2
"scattered_mixed",878,"Holm",TRUE,0.333333333333333,1,0,0,-4,0.333333333333333,2
"scattered_mixed",878,"BY",TRUE,0.333333333333333,1,0,0,-4,0.333333333333333,2
"scattered_mixed",879,"unadjusted",TRUE,0.333333333333333,0.5,0.5,1,-2,0.25,4
"scattered_mixed",879,"Holm",TRUE,0.166666666666667,1,0,0,-5,0.166666666666667,1
"scattered_mixed",879,"BY",TRUE,0,0,0,0,-6,0,0
"scattered_mixed",880,"unadjusted",TRUE,0.833333333333333,0.833333333333333,0.166666666666667,1,0,0.714285714285714,6
"scattered_mixed",880,"Holm",TRUE,0,0,0,0,-6,0,0
"scattered_mixed",880,"BY",TRUE,0,0,0,0,-6,0,0
"scattered_mixed",881,"unadjusted",TRUE,0.5,1,0,0,-3,0.5,3
"scattered_mixed",881,"Holm",TRUE,0.166666666666667,1,0,0,-5,0.166666666666667,1
"scattered_mixed",881,"BY",TRUE,0,0,0,0,-6,0,0
"scattered_mixed",882,"unadjusted",TRUE,0.833333333333333,1,0,0,-1,0.833333333333333,5
"scattered_mixed",882,"Holm",TRUE,0.166666666666667,1,0,0,-5,0.166666666666667,1
"scattered_mixed",882,"BY",TRUE,0.166666666666667,1,0,0,-5,0.166666666666667,1
"scattered_mixed",883,"unadjusted",TRUE,0.5,0.75,0.25,1,-2,0.428571428571429,4
"scattered_mixed",883,"Holm",TRUE,0.333333333333333,1,0,0,-4,0.333333333333333,2
"scattered_mixed",883,"BY",TRUE,0.333333333333333,1,0,0,-4,0.333333333333333,2
"scattered_mixed",884,"unadjusted",TRUE,0.666666666666667,1,0,0,-2,0.666666666666667,4
"scattered_mixed",884,"Holm",TRUE,0.5,1,0,0,-3,0.5,3
"scattered_mixed",884,"BY",TRUE,0.5,1,0,0,-3,0.5,3
"scattered_mixed",885,"unadjusted",TRUE,1,0.857142857142857,0.142857142857143,1,1,0.857142857142857,7
"scattered_mixed",885,"Holm",TRUE,0.5,1,0,0,-3,0.5,3
"scattered_mixed",885,"BY",TRUE,0.5,1,0,0,-3,0.5,3
"scattered_mixed",886,"unadjusted",TRUE,0.5,1,0,0,-3,0.5,3
"scattered_mixed",886,"Holm",TRUE,0.166666666666667,1,0,0,-5,0.166666666666667,1
"scattered_mixed",886,"BY",TRUE,0.166666666666667,1,0,0,-5,0.166666666666667,1
"scattered_mixed",887,"unadjusted",TRUE,0.666666666666667,0.8,0.2,1,-1,0.571428571428571,5
"scattered_mixed",887,"Holm",TRUE,0,0,0,0,-6,0,0
"scattered_mixed",887,"BY",TRUE,0,0,0,0,-6,0,0
"scattered_mixed",888,"unadjusted",TRUE,0.833333333333333,0.833333333333333,0.166666666666667,1,0,0.714285714285714,6
"scattered_mixed",888,"Holm",TRUE,0.333333333333333,1,0,0,-4,0.333333333333333,2
"scattered_mixed",888,"BY",TRUE,0.166666666666667,1,0,0,-5,0.166666666666667,1
"scattered_mixed",889,"unadjusted",TRUE,0.833333333333333,0.714285714285714,0.285714285714286,1,1,0.625,7
"scattered_mixed",889,"Holm",TRUE,0.5,1,0,0,-3,0.5,3
"scattered_mixed",889,"BY",TRUE,0.5,1,0,0,-3,0.5,3
"scattered_mixed",890,"unadjusted",TRUE,0.5,0.75,0.25,1,-2,0.428571428571429,4
"scattered_mixed",890,"Holm",TRUE,0.166666666666667,1,0,0,-5,0.166666666666667,1
"scattered_mixed",890,"BY",TRUE,0.166666666666667,1,0,0,-5,0.166666666666667,1
"scattered_mixed",891,"unadjusted",TRUE,0.5,1,0,0,-3,0.5,3
"scattered_mixed",891,"Holm",TRUE,0.166666666666667,1,0,0,-5,0.166666666666667,1
"scattered_mixed",891,"BY",TRUE,0.166666666666667,1,0,0,-5,0.166666666666667,1
"scattered_mixed",892,"unadjusted",TRUE,0.833333333333333,1,0,0,-1,0.833333333333333,5
"scattered_mixed",892,"Holm",TRUE,0.666666666666667,1,0,0,-2,0.666666666666667,4
"scattered_mixed",892,"BY",TRUE,0.666666666666667,1,0,0,-2,0.666666666666667,4
"scattered_mixed",893,"unadjusted",TRUE,0.333333333333333,1,0,0,-4,0.333333333333333,2
"scattered_mixed",893,"Holm",TRUE,0.166666666666667,1,0,0,-5,0.166666666666667,1
"scattered_mixed",893,"BY",TRUE,0.166666666666667,1,0,0,-5,0.166666666666667,1
"scattered_mixed",894,"unadjusted",TRUE,0.5,1,0,0,-3,0.5,3
"scattered_mixed",894,"Holm",TRUE,0.166666666666667,1,0,0,-5,0.166666666666667,1
"scattered_mixed",894,"BY",TRUE,0.166666666666667,1,0,0,-5,0.166666666666667,1
"scattered_mixed",895,"unadjusted",TRUE,0.333333333333333,1,0,0,-4,0.333333333333333,2
"scattered_mixed",895,"Holm",TRUE,0.166666666666667,1,0,0,-5,0.166666666666667,1
"scattered_mixed",895,"BY",TRUE,0,0,0,0,-6,0,0
"scattered_mixed",896,"unadjusted",TRUE,0.166666666666667,0.5,0.5,1,-4,0.142857142857143,2
"scattered_mixed",896,"Holm",TRUE,0,0,0,0,-6,0,0
"scattered_mixed",896,"BY",TRUE,0,0,0,0,-6,0,0
"scattered_mixed",897,"unadjusted",TRUE,0.833333333333333,0.833333333333333,0.166666666666667,1,0,0.714285714285714,6
"scattered_mixed",897,"Holm",TRUE,0,0,0,0,-6,0,0
"scattered_mixed",897,"BY",TRUE,0,0,0,0,-6,0,0
"scattered_mixed",898,"unadjusted",TRUE,0.666666666666667,0.8,0.2,1,-1,0.571428571428571,5
"scattered_mixed",898,"Holm",TRUE,0.333333333333333,1,0,0,-4,0.333333333333333,2
"scattered_mixed",898,"BY",TRUE,0,0,0,0,-6,0,0
"scattered_mixed",899,"unadjusted",TRUE,0.833333333333333,0.833333333333333,0.166666666666667,1,0,0.714285714285714,6
"scattered_mixed",899,"Holm",TRUE,0,0,0,0,-6,0,0
"scattered_mixed",899,"BY",TRUE,0,0,0,0,-6,0,0
"scattered_mixed",900,"unadjusted",TRUE,0.666666666666667,0.8,0.2,1,-1,0.571428571428571,5
"scattered_mixed",900,"Holm",TRUE,0.333333333333333,1,0,0,-4,0.333333333333333,2
"scattered_mixed",900,"BY",TRUE,0.333333333333333,1,0,0,-4,0.333333333333333,2
"scattered_mixed",901,"unadjusted",TRUE,0.666666666666667,0.666666666666667,0.333333333333333,1,0,0.5,6
"scattered_mixed",901,"Holm",TRUE,0,0,0,0,-6,0,0
"scattered_mixed",901,"BY",TRUE,0,0,0,0,-6,0,0
"scattered_mixed",902,"unadjusted",TRUE,0.833333333333333,1,0,0,-1,0.833333333333333,5
"scattered_mixed",902,"Holm",TRUE,0.5,1,0,0,-3,0.5,3
"scattered_mixed",902,"BY",TRUE,0.5,1,0,0,-3,0.5,3
"scattered_mixed",903,"unadjusted",TRUE,0.666666666666667,0.8,0.2,1,-1,0.571428571428571,5
"scattered_mixed",903,"Holm",TRUE,0,0,0,0,-6,0,0
"scattered_mixed",903,"BY",TRUE,0,0,0,0,-6,0,0
"scattered_mixed",904,"unadjusted",TRUE,0,0,1,1,-5,0,1
"scattered_mixed",904,"Holm",TRUE,0,0,0,0,-6,0,0
"scattered_mixed",904,"BY",TRUE,0,0,0,0,-6,0,0
"scattered_mixed",905,"unadjusted",TRUE,1,1,0,0,0,1,6
"scattered_mixed",905,"Holm",TRUE,0.333333333333333,1,0,0,-4,0.333333333333333,2
"scattered_mixed",905,"BY",TRUE,0.333333333333333,1,0,0,-4,0.333333333333333,2
"scattered_mixed",906,"unadjusted",TRUE,0.5,1,0,0,-3,0.5,3
"scattered_mixed",906,"Holm",TRUE,0.166666666666667,1,0,0,-5,0.166666666666667,1
"scattered_mixed",906,"BY",TRUE,0.166666666666667,1,0,0,-5,0.166666666666667,1
"scattered_mixed",907,"unadjusted",TRUE,0.833333333333333,1,0,0,-1,0.833333333333333,5
"scattered_mixed",907,"Holm",TRUE,0.333333333333333,1,0,0,-4,0.333333333333333,2
"scattered_mixed",907,"BY",TRUE,0.166666666666667,1,0,0,-5,0.166666666666667,1
"scattered_mixed",908,"unadjusted",TRUE,0.833333333333333,1,0,0,-1,0.833333333333333,5
"scattered_mixed",908,"Holm",TRUE,0.333333333333333,1,0,0,-4,0.333333333333333,2
"scattered_mixed",908,"BY",TRUE,0.166666666666667,1,0,0,-5,0.166666666666667,1
"scattered_mixed",909,"unadjusted",TRUE,0.666666666666667,1,0,0,-2,0.666666666666667,4
"scattered_mixed",909,"Holm",TRUE,0.166666666666667,1,0,0,-5,0.166666666666667,1
"scattered_mixed",909,"BY",TRUE,0.166666666666667,1,0,0,-5,0.166666666666667,1
"scattered_mixed",910,"unadjusted",TRUE,0.833333333333333,1,0,0,-1,0.833333333333333,5
"scattered_mixed",910,"Holm",TRUE,0.333333333333333,1,0,0,-4,0.333333333333333,2
"scattered_mixed",910,"BY",TRUE,0.333333333333333,1,0,0,-4,0.333333333333333,2
"scattered_mixed",911,"unadjusted",TRUE,0.166666666666667,1,0,0,-5,0.166666666666667,1
"scattered_mixed",911,"Holm",TRUE,0.166666666666667,1,0,0,-5,0.166666666666667,1
"scattered_mixed",911,"BY",TRUE,0.166666666666667,1,0,0,-5,0.166666666666667,1
"scattered_mixed",912,"unadjusted",TRUE,0.5,1,0,0,-3,0.5,3
"scattered_mixed",912,"Holm",TRUE,0.166666666666667,1,0,0,-5,0.166666666666667,1
"scattered_mixed",912,"BY",TRUE,0.166666666666667,1,0,0,-5,0.166666666666667,1
"scattered_mixed",913,"unadjusted",TRUE,0.333333333333333,1,0,0,-4,0.333333333333333,2
"scattered_mixed",913,"Holm",TRUE,0.166666666666667,1,0,0,-5,0.166666666666667,1
"scattered_mixed",913,"BY",TRUE,0.166666666666667,1,0,0,-5,0.166666666666667,1
"scattered_mixed",914,"unadjusted",TRUE,0.833333333333333,1,0,0,-1,0.833333333333333,5
"scattered_mixed",914,"Holm",TRUE,0.5,1,0,0,-3,0.5,3
"scattered_mixed",914,"BY",TRUE,0.5,1,0,0,-3,0.5,3
"scattered_mixed",915,"unadjusted",TRUE,0.166666666666667,1,0,0,-5,0.166666666666667,1
"scattered_mixed",915,"Holm",TRUE,0.166666666666667,1,0,0,-5,0.166666666666667,1
"scattered_mixed",915,"BY",TRUE,0.166666666666667,1,0,0,-5,0.166666666666667,1
"scattered_mixed",916,"unadjusted",TRUE,0.666666666666667,1,0,0,-2,0.666666666666667,4
"scattered_mixed",916,"Holm",TRUE,0,0,0,0,-6,0,0
"scattered_mixed",916,"BY",TRUE,0,0,0,0,-6,0,0
"scattered_mixed",917,"unadjusted",TRUE,0.5,0.6,0.4,1,-1,0.375,5
"scattered_mixed",917,"Holm",TRUE,0.166666666666667,1,0,0,-5,0.166666666666667,1
"scattered_mixed",917,"BY",TRUE,0.166666666666667,1,0,0,-5,0.166666666666667,1
"scattered_mixed",918,"unadjusted",TRUE,0.5,0.75,0.25,1,-2,0.428571428571429,4
"scattered_mixed",918,"Holm",TRUE,0.166666666666667,1,0,0,-5,0.166666666666667,1
"scattered_mixed",918,"BY",TRUE,0.166666666666667,1,0,0,-5,0.166666666666667,1
"scattered_mixed",919,"unadjusted",TRUE,0.666666666666667,1,0,0,-2,0.666666666666667,4
"scattered_mixed",919,"Holm",TRUE,0.166666666666667,1,0,0,-5,0.166666666666667,1
"scattered_mixed",919,"BY",TRUE,0,0,0,0,-6,0,0
"scattered_mixed",920,"unadjusted",TRUE,0.666666666666667,1,0,0,-2,0.666666666666667,4
"scattered_mixed",920,"Holm",TRUE,0.166666666666667,1,0,0,-5,0.166666666666667,1
"scattered_mixed",920,"BY",TRUE,0.166666666666667,1,0,0,-5,0.166666666666667,1
"scattered_mixed",921,"unadjusted",TRUE,0.5,0.75,0.25,1,-2,0.428571428571429,4
"scattered_mixed",921,"Holm",TRUE,0.166666666666667,1,0,0,-5,0.166666666666667,1
"scattered_mixed",921,"BY",TRUE,0,0,0,0,-6,0,0
"scattered_mixed",922,"unadjusted",TRUE,0.5,1,0,0,-3,0.5,3
"scattered_mixed",922,"Holm",TRUE,0,0,0,0,-6,0,0
"scattered_mixed",922,"BY",TRUE,0,0,0,0,-6,0,0
"scattered_mixed",923,"unadjusted",TRUE,0.833333333333333,0.833333333333333,0.166666666666667,1,0,0.714285714285714,6
"scattered_mixed",923,"Holm",TRUE,0.333333333333333,1,0,0,-4,0.333333333333333,2
"scattered_mixed",923,"BY",TRUE,0.333333333333333,1,0,0,-4,0.333333333333333,2
"scattered_mixed",924,"unadjusted",TRUE,0.666666666666667,0.8,0.2,1,-1,0.571428571428571,5
"scattered_mixed",924,"Holm",TRUE,0.166666666666667,1,0,0,-5,0.166666666666667,1
"scattered_mixed",924,"BY",TRUE,0,0,0,0,-6,0,0
"scattered_mixed",925,"unadjusted",TRUE,0.833333333333333,0.714285714285714,0.285714285714286,1,1,0.625,7
"scattered_mixed",925,"Holm",TRUE,0.333333333333333,1,0,0,-4,0.333333333333333,2
"scattered_mixed",925,"BY",TRUE,0.166666666666667,1,0,0,-5,0.166666666666667,1
"scattered_mixed",926,"unadjusted",TRUE,0.666666666666667,0.666666666666667,0.333333333333333,1,0,0.5,6
"scattered_mixed",926,"Holm",TRUE,0,0,1,1,-5,0,1
"scattered_mixed",926,"BY",TRUE,0,0,1,1,-5,0,1
"scattered_mixed",927,"unadjusted",TRUE,0.333333333333333,0.666666666666667,0.333333333333333,1,-3,0.285714285714286,3
"scattered_mixed",927,"Holm",TRUE,0.166666666666667,1,0,0,-5,0.166666666666667,1
"scattered_mixed",927,"BY",TRUE,0.166666666666667,1,0,0,-5,0.166666666666667,1
"scattered_mixed",928,"unadjusted",TRUE,0.666666666666667,1,0,0,-2,0.666666666666667,4
"scattered_mixed",928,"Holm",TRUE,0.166666666666667,1,0,0,-5,0.166666666666667,1
"scattered_mixed",928,"BY",TRUE,0.166666666666667,1,0,0,-5,0.166666666666667,1
"scattered_mixed",929,"unadjusted",TRUE,0.5,1,0,0,-3,0.5,3
"scattered_mixed",929,"Holm",TRUE,0,0,0,0,-6,0,0
"scattered_mixed",929,"BY",TRUE,0,0,0,0,-6,0,0
"scattered_mixed",930,"unadjusted",TRUE,0.666666666666667,0.8,0.2,1,-1,0.571428571428571,5
"scattered_mixed",930,"Holm",TRUE,0.166666666666667,1,0,0,-5,0.166666666666667,1
"scattered_mixed",930,"BY",TRUE,0.166666666666667,1,0,0,-5,0.166666666666667,1
"scattered_mixed",931,"unadjusted",TRUE,0.833333333333333,1,0,0,-1,0.833333333333333,5
"scattered_mixed",931,"Holm",TRUE,0.5,1,0,0,-3,0.5,3
"scattered_mixed",931,"BY",TRUE,0.5,1,0,0,-3,0.5,3
"scattered_mixed",932,"unadjusted",TRUE,0.666666666666667,0.8,0.2,1,-1,0.571428571428571,5
"scattered_mixed",932,"Holm",TRUE,0.166666666666667,1,0,0,-5,0.166666666666667,1
"scattered_mixed",932,"BY",TRUE,0,0,0,0,-6,0,0
"scattered_mixed",933,"unadjusted",TRUE,0.666666666666667,1,0,0,-2,0.666666666666667,4
"scattered_mixed",933,"Holm",TRUE,0.333333333333333,1,0,0,-4,0.333333333333333,2
"scattered_mixed",933,"BY",TRUE,0.333333333333333,1,0,0,-4,0.333333333333333,2
"scattered_mixed",934,"unadjusted",TRUE,0.5,0.6,0.4,1,-1,0.375,5
"scattered_mixed",934,"Holm",TRUE,0.333333333333333,1,0,0,-4,0.333333333333333,2
"scattered_mixed",934,"BY",TRUE,0.166666666666667,1,0,0,-5,0.166666666666667,1
"scattered_mixed",935,"unadjusted",TRUE,0.333333333333333,1,0,0,-4,0.333333333333333,2
"scattered_mixed",935,"Holm",TRUE,0.333333333333333,1,0,0,-4,0.333333333333333,2
"scattered_mixed",935,"BY",TRUE,0.166666666666667,1,0,0,-5,0.166666666666667,1
"scattered_mixed",936,"unadjusted",TRUE,0.5,1,0,0,-3,0.5,3
"scattered_mixed",936,"Holm",TRUE,0.166666666666667,1,0,0,-5,0.166666666666667,1
"scattered_mixed",936,"BY",TRUE,0,0,0,0,-6,0,0
"scattered_mixed",937,"unadjusted",TRUE,0.5,0.75,0.25,1,-2,0.428571428571429,4
"scattered_mixed",937,"Holm",TRUE,0.166666666666667,1,0,0,-5,0.166666666666667,1
"scattered_mixed",937,"BY",TRUE,0.166666666666667,1,0,0,-5,0.166666666666667,1
"scattered_mixed",938,"unadjusted",TRUE,0.833333333333333,1,0,0,-1,0.833333333333333,5
"scattered_mixed",938,"Holm",TRUE,0,0,0,0,-6,0,0
"scattered_mixed",938,"BY",TRUE,0,0,0,0,-6,0,0
"scattered_mixed",939,"unadjusted",TRUE,0.5,1,0,0,-3,0.5,3
"scattered_mixed",939,"Holm",TRUE,0.166666666666667,1,0,0,-5,0.166666666666667,1
"scattered_mixed",939,"BY",TRUE,0,0,0,0,-6,0,0
"scattered_mixed",940,"unadjusted",TRUE,0.666666666666667,1,0,0,-2,0.666666666666667,4
"scattered_mixed",940,"Holm",TRUE,0.333333333333333,1,0,0,-4,0.333333333333333,2
"scattered_mixed",940,"BY",TRUE,0.166666666666667,1,0,0,-5,0.166666666666667,1
"scattered_mixed",941,"unadjusted",TRUE,1,1,0,0,0,1,6
"scattered_mixed",941,"Holm",TRUE,0.333333333333333,1,0,0,-4,0.333333333333333,2
"scattered_mixed",941,"BY",TRUE,0.333333333333333,1,0,0,-4,0.333333333333333,2
"scattered_mixed",942,"unadjusted",TRUE,0.666666666666667,1,0,0,-2,0.666666666666667,4
"scattered_mixed",942,"Holm",TRUE,0.333333333333333,1,0,0,-4,0.333333333333333,2
"scattered_mixed",942,"BY",TRUE,0.166666666666667,1,0,0,-5,0.166666666666667,1
"scattered_mixed",943,"unadjusted",TRUE,0.666666666666667,1,0,0,-2,0.666666666666667,4
"scattered_mixed",943,"Holm",TRUE,0.166666666666667,1,0,0,-5,0.166666666666667,1
"scattered_mixed",943,"BY",TRUE,0,0,0,0,-6,0,0
"scattered_mixed",944,"unadjusted",TRUE,0.5,1,0,0,-3,0.5,3
"scattered_mixed",944,"Holm",TRUE,0.166666666666667,1,0,0,-5,0.166666666666667,1
"scattered_mixed",944,"BY",TRUE,0,0,0,0,-6,0,0
"scattered_mixed",945,"unadjusted",TRUE,0.833333333333333,0.833333333333333,0.166666666666667,1,0,0.714285714285714,6
"scattered_mixed",945,"Holm",TRUE,0,0,0,0,-6,0,0
"scattered_mixed",945,"BY",TRUE,0,0,0,0,-6,0,0
"scattered_mixed",946,"unadjusted",TRUE,0.666666666666667,0.666666666666667,0.333333333333333,1,0,0.5,6
"scattered_mixed",946,"Holm",TRUE,0.333333333333333,1,0,0,-4,0.333333333333333,2
"scattered_mixed",946,"BY",TRUE,0.333333333333333,1,0,0,-4,0.333333333333333,2
"scattered_mixed",947,"unadjusted",TRUE,0.333333333333333,0.5,0.5,1,-2,0.25,4
"scattered_mixed",947,"Holm",TRUE,0.166666666666667,1,0,0,-5,0.166666666666667,1
"scattered_mixed",947,"BY",TRUE,0,0,0,0,-6,0,0
"scattered_mixed",948,"unadjusted",TRUE,0.666666666666667,1,0,0,-2,0.666666666666667,4
"scattered_mixed",948,"Holm",TRUE,0,0,0,0,-6,0,0
"scattered_mixed",948,"BY",TRUE,0,0,0,0,-6,0,0
"scattered_mixed",949,"unadjusted",TRUE,0.5,0.75,0.25,1,-2,0.428571428571429,4
"scattered_mixed",949,"Holm",TRUE,0,0,0,0,-6,0,0
"scattered_mixed",949,"BY",TRUE,0,0,0,0,-6,0,0
"scattered_mixed",950,"unadjusted",TRUE,0.5,1,0,0,-3,0.5,3
"scattered_mixed",950,"Holm",TRUE,0.166666666666667,1,0,0,-5,0.166666666666667,1
"scattered_mixed",950,"BY",TRUE,0.166666666666667,1,0,0,-5,0.166666666666667,1
"scattered_mixed",951,"unadjusted",TRUE,0.5,1,0,0,-3,0.5,3
"scattered_mixed",951,"Holm",TRUE,0.333333333333333,1,0,0,-4,0.333333333333333,2
"scattered_mixed",951,"BY",TRUE,0.333333333333333,1,0,0,-4,0.333333333333333,2
"scattered_mixed",952,"unadjusted",TRUE,0.333333333333333,1,0,0,-4,0.333333333333333,2
"scattered_mixed",952,"Holm",TRUE,0,0,0,0,-6,0,0
"scattered_mixed",952,"BY",TRUE,0,0,0,0,-6,0,0
"scattered_mixed",953,"unadjusted",TRUE,0.5,1,0,0,-3,0.5,3
"scattered_mixed",953,"Holm",TRUE,0,0,0,0,-6,0,0
"scattered_mixed",953,"BY",TRUE,0,0,0,0,-6,0,0
"scattered_mixed",954,"unadjusted",TRUE,1,1,0,0,0,1,6
"scattered_mixed",954,"Holm",TRUE,0.333333333333333,1,0,0,-4,0.333333333333333,2
"scattered_mixed",954,"BY",TRUE,0.333333333333333,1,0,0,-4,0.333333333333333,2
"scattered_mixed",955,"unadjusted",TRUE,0.833333333333333,1,0,0,-1,0.833333333333333,5
"scattered_mixed",955,"Holm",TRUE,0.166666666666667,1,0,0,-5,0.166666666666667,1
"scattered_mixed",955,"BY",TRUE,0,0,0,0,-6,0,0
"scattered_mixed",956,"unadjusted",TRUE,0.666666666666667,1,0,0,-2,0.666666666666667,4
"scattered_mixed",956,"Holm",TRUE,0.166666666666667,1,0,0,-5,0.166666666666667,1
"scattered_mixed",956,"BY",TRUE,0.166666666666667,1,0,0,-5,0.166666666666667,1
"scattered_mixed",957,"unadjusted",TRUE,0.5,1,0,0,-3,0.5,3
"scattered_mixed",957,"Holm",TRUE,0,0,0,0,-6,0,0
"scattered_mixed",957,"BY",TRUE,0,0,0,0,-6,0,0
"scattered_mixed",958,"unadjusted",TRUE,0.5,1,0,0,-3,0.5,3
"scattered_mixed",958,"Holm",TRUE,0.166666666666667,1,0,0,-5,0.166666666666667,1
"scattered_mixed",958,"BY",TRUE,0,0,0,0,-6,0,0
"scattered_mixed",959,"unadjusted",TRUE,0.666666666666667,1,0,0,-2,0.666666666666667,4
"scattered_mixed",959,"Holm",TRUE,0.333333333333333,1,0,0,-4,0.333333333333333,2
"scattered_mixed",959,"BY",TRUE,0.166666666666667,1,0,0,-5,0.166666666666667,1
"scattered_mixed",960,"unadjusted",TRUE,0.5,0.6,0.4,1,-1,0.375,5
"scattered_mixed",960,"Holm",TRUE,0.166666666666667,1,0,0,-5,0.166666666666667,1
"scattered_mixed",960,"BY",TRUE,0.166666666666667,1,0,0,-5,0.166666666666667,1
"scattered_mixed",961,"unadjusted",TRUE,0.5,0.75,0.25,1,-2,0.428571428571429,4
"scattered_mixed",961,"Holm",TRUE,0.166666666666667,1,0,0,-5,0.166666666666667,1
"scattered_mixed",961,"BY",TRUE,0,0,0,0,-6,0,0
"scattered_mixed",962,"unadjusted",TRUE,0.833333333333333,1,0,0,-1,0.833333333333333,5
"scattered_mixed",962,"Holm",TRUE,0.166666666666667,1,0,0,-5,0.166666666666667,1
"scattered_mixed",962,"BY",TRUE,0.166666666666667,1,0,0,-5,0.166666666666667,1
"scattered_mixed",963,"unadjusted",TRUE,0.833333333333333,1,0,0,-1,0.833333333333333,5
"scattered_mixed",963,"Holm",TRUE,0,0,0,0,-6,0,0
"scattered_mixed",963,"BY",TRUE,0,0,0,0,-6,0,0
"scattered_mixed",964,"unadjusted",TRUE,0.666666666666667,1,0,0,-2,0.666666666666667,4
"scattered_mixed",964,"Holm",TRUE,0.166666666666667,1,0,0,-5,0.166666666666667,1
"scattered_mixed",964,"BY",TRUE,0,0,0,0,-6,0,0
"scattered_mixed",965,"unadjusted",TRUE,0.5,1,0,0,-3,0.5,3
"scattered_mixed",965,"Holm",TRUE,0,0,0,0,-6,0,0
"scattered_mixed",965,"BY",TRUE,0,0,0,0,-6,0,0
"scattered_mixed",966,"unadjusted",TRUE,0.333333333333333,1,0,0,-4,0.333333333333333,2
"scattered_mixed",966,"Holm",TRUE,0.166666666666667,1,0,0,-5,0.166666666666667,1
"scattered_mixed",966,"BY",TRUE,0.166666666666667,1,0,0,-5,0.166666666666667,1
"scattered_mixed",967,"unadjusted",TRUE,0.666666666666667,1,0,0,-2,0.666666666666667,4
"scattered_mixed",967,"Holm",TRUE,0.333333333333333,1,0,0,-4,0.333333333333333,2
"scattered_mixed",967,"BY",TRUE,0,0,0,0,-6,0,0
"scattered_mixed",968,"unadjusted",TRUE,0.5,0.75,0.25,1,-2,0.428571428571429,4
"scattered_mixed",968,"Holm",TRUE,0.333333333333333,1,0,0,-4,0.333333333333333,2
"scattered_mixed",968,"BY",TRUE,0,0,0,0,-6,0,0
"scattered_mixed",969,"unadjusted",TRUE,1,1,0,0,0,1,6
"scattered_mixed",969,"Holm",TRUE,0.166666666666667,1,0,0,-5,0.166666666666667,1
"scattered_mixed",969,"BY",TRUE,0.166666666666667,1,0,0,-5,0.166666666666667,1
"scattered_mixed",970,"unadjusted",TRUE,0.833333333333333,1,0,0,-1,0.833333333333333,5
"scattered_mixed",970,"Holm",TRUE,0.333333333333333,1,0,0,-4,0.333333333333333,2
"scattered_mixed",970,"BY",TRUE,0.333333333333333,1,0,0,-4,0.333333333333333,2
"scattered_mixed",971,"unadjusted",TRUE,0.666666666666667,1,0,0,-2,0.666666666666667,4
"scattered_mixed",971,"Holm",TRUE,0.333333333333333,1,0,0,-4,0.333333333333333,2
"scattered_mixed",971,"BY",TRUE,0.333333333333333,1,0,0,-4,0.333333333333333,2
"scattered_mixed",972,"unadjusted",TRUE,0.833333333333333,1,0,0,-1,0.833333333333333,5
"scattered_mixed",972,"Holm",TRUE,0.333333333333333,1,0,0,-4,0.333333333333333,2
"scattered_mixed",972,"BY",TRUE,0.166666666666667,1,0,0,-5,0.166666666666667,1
"scattered_mixed",973,"unadjusted",TRUE,0.333333333333333,0.666666666666667,0.333333333333333,1,-3,0.285714285714286,3
"scattered_mixed",973,"Holm",TRUE,0,0,0,0,-6,0,0
"scattered_mixed",973,"BY",TRUE,0,0,0,0,-6,0,0
"scattered_mixed",974,"unadjusted",TRUE,1,1,0,0,0,1,6
"scattered_mixed",974,"Holm",TRUE,0.166666666666667,1,0,0,-5,0.166666666666667,1
"scattered_mixed",974,"BY",TRUE,0,0,0,0,-6,0,0
"scattered_mixed",975,"unadjusted",TRUE,0.833333333333333,1,0,0,-1,0.833333333333333,5
"scattered_mixed",975,"Holm",TRUE,0.5,1,0,0,-3,0.5,3
"scattered_mixed",975,"BY",TRUE,0.5,1,0,0,-3,0.5,3
"scattered_mixed",976,"unadjusted",TRUE,0.833333333333333,0.833333333333333,0.166666666666667,1,0,0.714285714285714,6
"scattered_mixed",976,"Holm",TRUE,0.5,1,0,0,-3,0.5,3
"scattered_mixed",976,"BY",TRUE,0.5,1,0,0,-3,0.5,3
"scattered_mixed",977,"unadjusted",TRUE,1,1,0,0,0,1,6
"scattered_mixed",977,"Holm",TRUE,0.5,1,0,0,-3,0.5,3
"scattered_mixed",977,"BY",TRUE,0.5,1,0,0,-3,0.5,3
"scattered_mixed",978,"unadjusted",TRUE,0.5,0.6,0.4,1,-1,0.375,5
"scattered_mixed",978,"Holm",TRUE,0.5,1,0,0,-3,0.5,3
"scattered_mixed",978,"BY",TRUE,0.5,1,0,0,-3,0.5,3
"scattered_mixed",979,"unadjusted",TRUE,1,1,0,0,0,1,6
"scattered_mixed",979,"Holm",TRUE,0.5,1,0,0,-3,0.5,3
"scattered_mixed",979,"BY",TRUE,0.5,1,0,0,-3,0.5,3
"scattered_mixed",980,"unadjusted",TRUE,0.5,0.6,0.4,1,-1,0.375,5
"scattered_mixed",980,"Holm",TRUE,0.166666666666667,1,0,0,-5,0.166666666666667,1
"scattered_mixed",980,"BY",TRUE,0.166666666666667,1,0,0,-5,0.166666666666667,1
"scattered_mixed",981,"unadjusted",TRUE,0.833333333333333,0.833333333333333,0.166666666666667,1,0,0.714285714285714,6
"scattered_mixed",981,"Holm",TRUE,0.333333333333333,1,0,0,-4,0.333333333333333,2
"scattered_mixed",981,"BY",TRUE,0.333333333333333,1,0,0,-4,0.333333333333333,2
"scattered_mixed",982,"unadjusted",TRUE,0.833333333333333,0.833333333333333,0.166666666666667,1,0,0.714285714285714,6
"scattered_mixed",982,"Holm",TRUE,0.5,1,0,0,-3,0.5,3
"scattered_mixed",982,"BY",TRUE,0.5,1,0,0,-3,0.5,3
"scattered_mixed",983,"unadjusted",TRUE,0.666666666666667,0.8,0.2,1,-1,0.571428571428571,5
"scattered_mixed",983,"Holm",TRUE,0.166666666666667,1,0,0,-5,0.166666666666667,1
"scattered_mixed",983,"BY",TRUE,0.166666666666667,1,0,0,-5,0.166666666666667,1
"scattered_mixed",984,"unadjusted",TRUE,0.833333333333333,0.833333333333333,0.166666666666667,1,0,0.714285714285714,6
"scattered_mixed",984,"Holm",TRUE,0.166666666666667,1,0,0,-5,0.166666666666667,1
"scattered_mixed",984,"BY",TRUE,0.166666666666667,1,0,0,-5,0.166666666666667,1
"scattered_mixed",985,"unadjusted",TRUE,1,0.857142857142857,0.142857142857143,1,1,0.857142857142857,7
"scattered_mixed",985,"Holm",TRUE,0.666666666666667,1,0,0,-2,0.666666666666667,4
"scattered_mixed",985,"BY",TRUE,0.666666666666667,1,0,0,-2,0.666666666666667,4
"scattered_mixed",986,"unadjusted",TRUE,0.666666666666667,1,0,0,-2,0.666666666666667,4
"scattered_mixed",986,"Holm",TRUE,0.166666666666667,1,0,0,-5,0.166666666666667,1
"scattered_mixed",986,"BY",TRUE,0,0,0,0,-6,0,0
"scattered_mixed",987,"unadjusted",TRUE,0.666666666666667,1,0,0,-2,0.666666666666667,4
"scattered_mixed",987,"Holm",TRUE,0.166666666666667,1,0,0,-5,0.166666666666667,1
"scattered_mixed",987,"BY",TRUE,0.166666666666667,1,0,0,-5,0.166666666666667,1
"scattered_mixed",988,"unadjusted",TRUE,0.666666666666667,1,0,0,-2,0.666666666666667,4
"scattered_mixed",988,"Holm",TRUE,0.333333333333333,1,0,0,-4,0.333333333333333,2
"scattered_mixed",988,"BY",TRUE,0.333333333333333,1,0,0,-4,0.333333333333333,2
"scattered_mixed",989,"unadjusted",TRUE,0.833333333333333,0.833333333333333,0.166666666666667,1,0,0.714285714285714,6
"scattered_mixed",989,"Holm",TRUE,0.333333333333333,1,0,0,-4,0.333333333333333,2
"scattered_mixed",989,"BY",TRUE,0.166666666666667,1,0,0,-5,0.166666666666667,1
"scattered_mixed",990,"unadjusted",TRUE,0.833333333333333,1,0,0,-1,0.833333333333333,5
"scattered_mixed",990,"Holm",TRUE,0.166666666666667,1,0,0,-5,0.166666666666667,1
"scattered_mixed",990,"BY",TRUE,0,0,0,0,-6,0,0
"scattered_mixed",991,"unadjusted",TRUE,0.5,1,0,0,-3,0.5,3
"scattered_mixed",991,"Holm",TRUE,0.333333333333333,1,0,0,-4,0.333333333333333,2
"scattered_mixed",991,"BY",TRUE,0.333333333333333,1,0,0,-4,0.333333333333333,2
"scattered_mixed",992,"unadjusted",TRUE,0.333333333333333,0.666666666666667,0.333333333333333,1,-3,0.285714285714286,3
"scattered_mixed",992,"Holm",TRUE,0.333333333333333,1,0,0,-4,0.333333333333333,2
"scattered_mixed",992,"BY",TRUE,0.333333333333333,1,0,0,-4,0.333333333333333,2
"scattered_mixed",993,"unadjusted",TRUE,0.333333333333333,1,0,0,-4,0.333333333333333,2
"scattered_mixed",993,"Holm",TRUE,0.166666666666667,1,0,0,-5,0.166666666666667,1
"scattered_mixed",993,"BY",TRUE,0.166666666666667,1,0,0,-5,0.166666666666667,1
"scattered_mixed",994,"unadjusted",TRUE,0.333333333333333,1,0,0,-4,0.333333333333333,2
"scattered_mixed",994,"Holm",TRUE,0,0,0,0,-6,0,0
"scattered_mixed",994,"BY",TRUE,0,0,0,0,-6,0,0
"scattered_mixed",995,"unadjusted",TRUE,0.833333333333333,0.833333333333333,0.166666666666667,1,0,0.714285714285714,6
"scattered_mixed",995,"Holm",TRUE,0.166666666666667,1,0,0,-5,0.166666666666667,1
"scattered_mixed",995,"BY",TRUE,0.166666666666667,1,0,0,-5,0.166666666666667,1
"scattered_mixed",996,"unadjusted",TRUE,0.833333333333333,0.833333333333333,0.166666666666667,1,0,0.714285714285714,6
"scattered_mixed",996,"Holm",TRUE,0,0,0,0,-6,0,0
"scattered_mixed",996,"BY",TRUE,0,0,0,0,-6,0,0
"scattered_mixed",997,"unadjusted",TRUE,0.5,1,0,0,-3,0.5,3
"scattered_mixed",997,"Holm",TRUE,0.166666666666667,1,0,0,-5,0.166666666666667,1
"scattered_mixed",997,"BY",TRUE,0.166666666666667,1,0,0,-5,0.166666666666667,1
"scattered_mixed",998,"unadjusted",TRUE,0.333333333333333,1,0,0,-4,0.333333333333333,2
"scattered_mixed",998,"Holm",TRUE,0,0,0,0,-6,0,0
"scattered_mixed",998,"BY",TRUE,0,0,0,0,-6,0,0
"scattered_mixed",999,"unadjusted",TRUE,0.5,0.75,0.25,1,-2,0.428571428571429,4
"scattered_mixed",999,"Holm",TRUE,0.166666666666667,1,0,0,-5,0.166666666666667,1
"scattered_mixed",999,"BY",TRUE,0.166666666666667,1,0,0,-5,0.166666666666667,1
"scattered_mixed",1000,"unadjusted",TRUE,0.5,1,0,0,-3,0.5,3
"scattered_mixed",1000,"Holm",TRUE,0,0,0,0,-6,0,0
"scattered_mixed",1000,"BY",TRUE,0,0,0,0,-6,0,0
"latent_dependent",1,"unadjusted",TRUE,1,1,0,0,0,1,6
"latent_dependent",1,"Holm",TRUE,0.5,1,0,0,-3,0.5,3
"latent_dependent",1,"BY",TRUE,0.5,1,0,0,-3,0.5,3
"latent_dependent",2,"unadjusted",TRUE,0.333333333333333,0.5,0.5,1,-2,0.25,4
"latent_dependent",2,"Holm",TRUE,0,0,0,0,-6,0,0
"latent_dependent",2,"BY",TRUE,0,0,0,0,-6,0,0
"latent_dependent",3,"unadjusted",TRUE,0.833333333333333,1,0,0,-1,0.833333333333333,5
"latent_dependent",3,"Holm",TRUE,0.166666666666667,1,0,0,-5,0.166666666666667,1
"latent_dependent",3,"BY",TRUE,0.166666666666667,1,0,0,-5,0.166666666666667,1
"latent_dependent",4,"unadjusted",TRUE,0.666666666666667,0.666666666666667,0.333333333333333,1,0,0.5,6
"latent_dependent",4,"Holm",TRUE,0.333333333333333,1,0,0,-4,0.333333333333333,2
"latent_dependent",4,"BY",TRUE,0.166666666666667,1,0,0,-5,0.166666666666667,1
"latent_dependent",5,"unadjusted",TRUE,0.666666666666667,1,0,0,-2,0.666666666666667,4
"latent_dependent",5,"Holm",TRUE,0.333333333333333,1,0,0,-4,0.333333333333333,2
"latent_dependent",5,"BY",TRUE,0.333333333333333,1,0,0,-4,0.333333333333333,2
"latent_dependent",6,"unadjusted",TRUE,0.666666666666667,1,0,0,-2,0.666666666666667,4
"latent_dependent",6,"Holm",TRUE,0,0,0,0,-6,0,0
"latent_dependent",6,"BY",TRUE,0,0,0,0,-6,0,0
"latent_dependent",7,"unadjusted",TRUE,0.333333333333333,0.666666666666667,0.333333333333333,1,-3,0.285714285714286,3
"latent_dependent",7,"Holm",TRUE,0.166666666666667,1,0,0,-5,0.166666666666667,1
"latent_dependent",7,"BY",TRUE,0.166666666666667,1,0,0,-5,0.166666666666667,1
"latent_dependent",8,"unadjusted",TRUE,0.333333333333333,1,0,0,-4,0.333333333333333,2
"latent_dependent",8,"Holm",TRUE,0.166666666666667,1,0,0,-5,0.166666666666667,1
"latent_dependent",8,"BY",TRUE,0.166666666666667,1,0,0,-5,0.166666666666667,1
"latent_dependent",9,"unadjusted",TRUE,0.333333333333333,1,0,0,-4,0.333333333333333,2
"latent_dependent",9,"Holm",TRUE,0,0,0,0,-6,0,0
"latent_dependent",9,"BY",TRUE,0,0,0,0,-6,0,0
"latent_dependent",10,"unadjusted",TRUE,0.666666666666667,1,0,0,-2,0.666666666666667,4
"latent_dependent",10,"Holm",TRUE,0.333333333333333,1,0,0,-4,0.333333333333333,2
"latent_dependent",10,"BY",TRUE,0.333333333333333,1,0,0,-4,0.333333333333333,2
"latent_dependent",11,"unadjusted",TRUE,0.333333333333333,0.666666666666667,0.333333333333333,1,-3,0.285714285714286,3
"latent_dependent",11,"Holm",TRUE,0,0,0,0,-6,0,0
"latent_dependent",11,"BY",TRUE,0,0,0,0,-6,0,0
"latent_dependent",12,"unadjusted",TRUE,0.833333333333333,1,0,0,-1,0.833333333333333,5
"latent_dependent",12,"Holm",TRUE,0.166666666666667,1,0,0,-5,0.166666666666667,1
"latent_dependent",12,"BY",TRUE,0,0,0,0,-6,0,0
"latent_dependent",13,"unadjusted",TRUE,0.833333333333333,1,0,0,-1,0.833333333333333,5
"latent_dependent",13,"Holm",TRUE,0,0,0,0,-6,0,0
"latent_dependent",13,"BY",TRUE,0,0,0,0,-6,0,0
"latent_dependent",14,"unadjusted",TRUE,0.666666666666667,1,0,0,-2,0.666666666666667,4
"latent_dependent",14,"Holm",TRUE,0,0,0,0,-6,0,0
"latent_dependent",14,"BY",TRUE,0,0,0,0,-6,0,0
"latent_dependent",15,"unadjusted",TRUE,0.833333333333333,0.833333333333333,0.166666666666667,1,0,0.714285714285714,6
"latent_dependent",15,"Holm",TRUE,0.333333333333333,1,0,0,-4,0.333333333333333,2
"latent_dependent",15,"BY",TRUE,0.166666666666667,1,0,0,-5,0.166666666666667,1
"latent_dependent",16,"unadjusted",TRUE,0.666666666666667,0.8,0.2,1,-1,0.571428571428571,5
"latent_dependent",16,"Holm",TRUE,0,0,1,1,-5,0,1
"latent_dependent",16,"BY",TRUE,0,0,0,0,-6,0,0
"latent_dependent",17,"unadjusted",TRUE,0.833333333333333,1,0,0,-1,0.833333333333333,5
"latent_dependent",17,"Holm",TRUE,0.166666666666667,1,0,0,-5,0.166666666666667,1
"latent_dependent",17,"BY",TRUE,0.166666666666667,1,0,0,-5,0.166666666666667,1
"latent_dependent",18,"unadjusted",TRUE,0.833333333333333,0.833333333333333,0.166666666666667,1,0,0.714285714285714,6
"latent_dependent",18,"Holm",TRUE,0.166666666666667,1,0,0,-5,0.166666666666667,1
"latent_dependent",18,"BY",TRUE,0.166666666666667,1,0,0,-5,0.166666666666667,1
"latent_dependent",19,"unadjusted",TRUE,0.833333333333333,0.833333333333333,0.166666666666667,1,0,0.714285714285714,6
"latent_dependent",19,"Holm",TRUE,0.666666666666667,1,0,0,-2,0.666666666666667,4
"latent_dependent",19,"BY",TRUE,0.666666666666667,1,0,0,-2,0.666666666666667,4
"latent_dependent",20,"unadjusted",TRUE,0.666666666666667,1,0,0,-2,0.666666666666667,4
"latent_dependent",20,"Holm",TRUE,0.333333333333333,1,0,0,-4,0.333333333333333,2
"latent_dependent",20,"BY",TRUE,0.333333333333333,1,0,0,-4,0.333333333333333,2
"latent_dependent",21,"unadjusted",TRUE,0.666666666666667,1,0,0,-2,0.666666666666667,4
"latent_dependent",21,"Holm",TRUE,0,0,0,0,-6,0,0
"latent_dependent",21,"BY",TRUE,0,0,0,0,-6,0,0
"latent_dependent",22,"unadjusted",TRUE,1,0.857142857142857,0.142857142857143,1,1,0.857142857142857,7
"latent_dependent",22,"Holm",TRUE,0.166666666666667,1,0,0,-5,0.166666666666667,1
"latent_dependent",22,"BY",TRUE,0.166666666666667,1,0,0,-5,0.166666666666667,1
"latent_dependent",23,"unadjusted",TRUE,0.666666666666667,0.8,0.2,1,-1,0.571428571428571,5
"latent_dependent",23,"Holm",TRUE,0.166666666666667,1,0,0,-5,0.166666666666667,1
"latent_dependent",23,"BY",TRUE,0,0,0,0,-6,0,0
"latent_dependent",24,"unadjusted",TRUE,0.833333333333333,1,0,0,-1,0.833333333333333,5
"latent_dependent",24,"Holm",TRUE,0.333333333333333,1,0,0,-4,0.333333333333333,2
"latent_dependent",24,"BY",TRUE,0.333333333333333,1,0,0,-4,0.333333333333333,2
"latent_dependent",25,"unadjusted",TRUE,0.333333333333333,0.666666666666667,0.333333333333333,1,-3,0.285714285714286,3
"latent_dependent",25,"Holm",TRUE,0.333333333333333,1,0,0,-4,0.333333333333333,2
"latent_dependent",25,"BY",TRUE,0.333333333333333,1,0,0,-4,0.333333333333333,2
"latent_dependent",26,"unadjusted",TRUE,0.333333333333333,0.666666666666667,0.333333333333333,1,-3,0.285714285714286,3
"latent_dependent",26,"Holm",TRUE,0,0,0,0,-6,0,0
"latent_dependent",26,"BY",TRUE,0,0,0,0,-6,0,0
"latent_dependent",27,"unadjusted",TRUE,0.833333333333333,1,0,0,-1,0.833333333333333,5
"latent_dependent",27,"Holm",TRUE,0.666666666666667,1,0,0,-2,0.666666666666667,4
"latent_dependent",27,"BY",TRUE,0.666666666666667,1,0,0,-2,0.666666666666667,4
"latent_dependent",28,"unadjusted",TRUE,0.333333333333333,1,0,0,-4,0.333333333333333,2
"latent_dependent",28,"Holm",TRUE,0.166666666666667,1,0,0,-5,0.166666666666667,1
"latent_dependent",28,"BY",TRUE,0.166666666666667,1,0,0,-5,0.166666666666667,1
"latent_dependent",29,"unadjusted",TRUE,0.333333333333333,0.666666666666667,0.333333333333333,1,-3,0.285714285714286,3
"latent_dependent",29,"Holm",TRUE,0,0,0,0,-6,0,0
"latent_dependent",29,"BY",TRUE,0,0,0,0,-6,0,0
"latent_dependent",30,"unadjusted",TRUE,0.166666666666667,0.5,0.5,1,-4,0.142857142857143,2
"latent_dependent",30,"Holm",TRUE,0.166666666666667,1,0,0,-5,0.166666666666667,1
"latent_dependent",30,"BY",TRUE,0.166666666666667,1,0,0,-5,0.166666666666667,1
"latent_dependent",31,"unadjusted",TRUE,0.5,1,0,0,-3,0.5,3
"latent_dependent",31,"Holm",TRUE,0.166666666666667,1,0,0,-5,0.166666666666667,1
"latent_dependent",31,"BY",TRUE,0.166666666666667,1,0,0,-5,0.166666666666667,1
"latent_dependent",32,"unadjusted",TRUE,0.333333333333333,1,0,0,-4,0.333333333333333,2
"latent_dependent",32,"Holm",TRUE,0.333333333333333,1,0,0,-4,0.333333333333333,2
"latent_dependent",32,"BY",TRUE,0.333333333333333,1,0,0,-4,0.333333333333333,2
"latent_dependent",33,"unadjusted",TRUE,0.666666666666667,1,0,0,-2,0.666666666666667,4
"latent_dependent",33,"Holm",TRUE,0.166666666666667,1,0,0,-5,0.166666666666667,1
"latent_dependent",33,"BY",TRUE,0,0,0,0,-6,0,0
"latent_dependent",34,"unadjusted",TRUE,0.333333333333333,1,0,0,-4,0.333333333333333,2
"latent_dependent",34,"Holm",TRUE,0,0,0,0,-6,0,0
"latent_dependent",34,"BY",TRUE,0,0,0,0,-6,0,0
"latent_dependent",35,"unadjusted",TRUE,0.833333333333333,0.714285714285714,0.285714285714286,1,1,0.625,7
"latent_dependent",35,"Holm",TRUE,0.166666666666667,1,0,0,-5,0.166666666666667,1
"latent_dependent",35,"BY",TRUE,0.166666666666667,1,0,0,-5,0.166666666666667,1
"latent_dependent",36,"unadjusted",TRUE,0.666666666666667,0.666666666666667,0.333333333333333,1,0,0.5,6
"latent_dependent",36,"Holm",TRUE,0,0,0,0,-6,0,0
"latent_dependent",36,"BY",TRUE,0,0,0,0,-6,0,0
"latent_dependent",37,"unadjusted",TRUE,0.666666666666667,0.666666666666667,0.333333333333333,1,0,0.5,6
"latent_dependent",37,"Holm",TRUE,0.333333333333333,1,0,0,-4,0.333333333333333,2
"latent_dependent",37,"BY",TRUE,0.333333333333333,1,0,0,-4,0.333333333333333,2
"latent_dependent",38,"unadjusted",TRUE,0.333333333333333,1,0,0,-4,0.333333333333333,2
"latent_dependent",38,"Holm",TRUE,0,0,0,0,-6,0,0
"latent_dependent",38,"BY",TRUE,0,0,0,0,-6,0,0
"latent_dependent",39,"unadjusted",TRUE,0.5,0.6,0.4,1,-1,0.375,5
"latent_dependent",39,"Holm",TRUE,0.166666666666667,1,0,0,-5,0.166666666666667,1
"latent_dependent",39,"BY",TRUE,0,0,0,0,-6,0,0
"latent_dependent",40,"unadjusted",TRUE,0.666666666666667,0.8,0.2,1,-1,0.571428571428571,5
"latent_dependent",40,"Holm",TRUE,0.166666666666667,1,0,0,-5,0.166666666666667,1
"latent_dependent",40,"BY",TRUE,0,0,0,0,-6,0,0
"latent_dependent",41,"unadjusted",TRUE,0.833333333333333,1,0,0,-1,0.833333333333333,5
"latent_dependent",41,"Holm",TRUE,0.5,1,0,0,-3,0.5,3
"latent_dependent",41,"BY",TRUE,0.5,1,0,0,-3,0.5,3
"latent_dependent",42,"unadjusted",TRUE,0.666666666666667,1,0,0,-2,0.666666666666667,4
"latent_dependent",42,"Holm",TRUE,0.166666666666667,1,0,0,-5,0.166666666666667,1
"latent_dependent",42,"BY",TRUE,0.166666666666667,1,0,0,-5,0.166666666666667,1
"latent_dependent",43,"unadjusted",TRUE,0.666666666666667,1,0,0,-2,0.666666666666667,4
"latent_dependent",43,"Holm",TRUE,0.166666666666667,1,0,0,-5,0.166666666666667,1
"latent_dependent",43,"BY",TRUE,0.166666666666667,1,0,0,-5,0.166666666666667,1
"latent_dependent",44,"unadjusted",TRUE,1,1,0,0,0,1,6
"latent_dependent",44,"Holm",TRUE,0.666666666666667,1,0,0,-2,0.666666666666667,4
"latent_dependent",44,"BY",TRUE,0.666666666666667,1,0,0,-2,0.666666666666667,4
"latent_dependent",45,"unadjusted",TRUE,0.5,0.6,0.4,1,-1,0.375,5
"latent_dependent",45,"Holm",TRUE,0.166666666666667,1,0,0,-5,0.166666666666667,1
"latent_dependent",45,"BY",TRUE,0.166666666666667,1,0,0,-5,0.166666666666667,1
"latent_dependent",46,"unadjusted",TRUE,1,1,0,0,0,1,6
"latent_dependent",46,"Holm",TRUE,0.333333333333333,1,0,0,-4,0.333333333333333,2
"latent_dependent",46,"BY",TRUE,0,0,0,0,-6,0,0
"latent_dependent",47,"unadjusted",TRUE,0.5,0.6,0.4,1,-1,0.375,5
"latent_dependent",47,"Holm",TRUE,0.166666666666667,0.5,0.5,1,-4,0.142857142857143,2
"latent_dependent",47,"BY",TRUE,0.166666666666667,0.5,0.5,1,-4,0.142857142857143,2
"latent_dependent",48,"unadjusted",TRUE,1,1,0,0,0,1,6
"latent_dependent",48,"Holm",TRUE,0.166666666666667,1,0,0,-5,0.166666666666667,1
"latent_dependent",48,"BY",TRUE,0,0,0,0,-6,0,0
"latent_dependent",49,"unadjusted",TRUE,0.5,1,0,0,-3,0.5,3
"latent_dependent",49,"Holm",TRUE,0.333333333333333,1,0,0,-4,0.333333333333333,2
"latent_dependent",49,"BY",TRUE,0.166666666666667,1,0,0,-5,0.166666666666667,1
"latent_dependent",50,"unadjusted",TRUE,0.833333333333333,0.833333333333333,0.166666666666667,1,0,0.714285714285714,6
"latent_dependent",50,"Holm",TRUE,0.166666666666667,1,0,0,-5,0.166666666666667,1
"latent_dependent",50,"BY",TRUE,0.166666666666667,1,0,0,-5,0.166666666666667,1
"latent_dependent",51,"unadjusted",TRUE,0.666666666666667,0.8,0.2,1,-1,0.571428571428571,5
"latent_dependent",51,"Holm",TRUE,0.166666666666667,1,0,0,-5,0.166666666666667,1
"latent_dependent",51,"BY",TRUE,0,0,0,0,-6,0,0
"latent_dependent",52,"unadjusted",TRUE,0.666666666666667,0.8,0.2,1,-1,0.571428571428571,5
"latent_dependent",52,"Holm",TRUE,0.166666666666667,1,0,0,-5,0.166666666666667,1
"latent_dependent",52,"BY",TRUE,0,0,0,0,-6,0,0
"latent_dependent",53,"unadjusted",TRUE,0.5,1,0,0,-3,0.5,3
"latent_dependent",53,"Holm",TRUE,0.166666666666667,1,0,0,-5,0.166666666666667,1
"latent_dependent",53,"BY",TRUE,0.166666666666667,1,0,0,-5,0.166666666666667,1
"latent_dependent",54,"unadjusted",TRUE,0.833333333333333,0.833333333333333,0.166666666666667,1,0,0.714285714285714,6
"latent_dependent",54,"Holm",TRUE,0.5,1,0,0,-3,0.5,3
"latent_dependent",54,"BY",TRUE,0.5,1,0,0,-3,0.5,3
"latent_dependent",55,"unadjusted",TRUE,0.333333333333333,1,0,0,-4,0.333333333333333,2
"latent_dependent",55,"Holm",TRUE,0,0,0,0,-6,0,0
"latent_dependent",55,"BY",TRUE,0,0,0,0,-6,0,0
"latent_dependent",56,"unadjusted",TRUE,0.666666666666667,1,0,0,-2,0.666666666666667,4
"latent_dependent",56,"Holm",TRUE,0,0,0,0,-6,0,0
"latent_dependent",56,"BY",TRUE,0,0,0,0,-6,0,0
"latent_dependent",57,"unadjusted",TRUE,0.5,1,0,0,-3,0.5,3
"latent_dependent",57,"Holm",TRUE,0.166666666666667,1,0,0,-5,0.166666666666667,1
"latent_dependent",57,"BY",TRUE,0.166666666666667,1,0,0,-5,0.166666666666667,1
"latent_dependent",58,"unadjusted",TRUE,0.833333333333333,0.833333333333333,0.166666666666667,1,0,0.714285714285714,6
"latent_dependent",58,"Holm",TRUE,0.166666666666667,1,0,0,-5,0.166666666666667,1
"latent_dependent",58,"BY",TRUE,0.166666666666667,1,0,0,-5,0.166666666666667,1
"latent_dependent",59,"unadjusted",TRUE,0.666666666666667,1,0,0,-2,0.666666666666667,4
"latent_dependent",59,"Holm",TRUE,0.166666666666667,1,0,0,-5,0.166666666666667,1
"latent_dependent",59,"BY",TRUE,0.166666666666667,1,0,0,-5,0.166666666666667,1
"latent_dependent",60,"unadjusted",TRUE,0.333333333333333,0.666666666666667,0.333333333333333,1,-3,0.285714285714286,3
"latent_dependent",60,"Holm",TRUE,0.166666666666667,1,0,0,-5,0.166666666666667,1
"latent_dependent",60,"BY",TRUE,0,0,0,0,-6,0,0
"latent_dependent",61,"unadjusted",TRUE,0.5,1,0,0,-3,0.5,3
"latent_dependent",61,"Holm",TRUE,0.333333333333333,1,0,0,-4,0.333333333333333,2
"latent_dependent",61,"BY",TRUE,0,0,0,0,-6,0,0
"latent_dependent",62,"unadjusted",TRUE,0.666666666666667,0.666666666666667,0.333333333333333,1,0,0.5,6
"latent_dependent",62,"Holm",TRUE,0.333333333333333,1,0,0,-4,0.333333333333333,2
"latent_dependent",62,"BY",TRUE,0,0,0,0,-6,0,0
"latent_dependent",63,"unadjusted",TRUE,0.833333333333333,1,0,0,-1,0.833333333333333,5
"latent_dependent",63,"Holm",TRUE,0.333333333333333,1,0,0,-4,0.333333333333333,2
"latent_dependent",63,"BY",TRUE,0.333333333333333,1,0,0,-4,0.333333333333333,2
"latent_dependent",64,"unadjusted",TRUE,0.833333333333333,1,0,0,-1,0.833333333333333,5
"latent_dependent",64,"Holm",TRUE,0,0,0,0,-6,0,0
"latent_dependent",64,"BY",TRUE,0,0,0,0,-6,0,0
"latent_dependent",65,"unadjusted",TRUE,0.333333333333333,1,0,0,-4,0.333333333333333,2
"latent_dependent",65,"Holm",TRUE,0.166666666666667,1,0,0,-5,0.166666666666667,1
"latent_dependent",65,"BY",TRUE,0,0,0,0,-6,0,0
"latent_dependent",66,"unadjusted",TRUE,0.833333333333333,0.714285714285714,0.285714285714286,1,1,0.625,7
"latent_dependent",66,"Holm",TRUE,0.166666666666667,1,0,0,-5,0.166666666666667,1
"latent_dependent",66,"BY",TRUE,0,0,0,0,-6,0,0
"latent_dependent",67,"unadjusted",TRUE,0.833333333333333,1,0,0,-1,0.833333333333333,5
"latent_dependent",67,"Holm",TRUE,0.5,1,0,0,-3,0.5,3
"latent_dependent",67,"BY",TRUE,0.5,1,0,0,-3,0.5,3
"latent_dependent",68,"unadjusted",TRUE,0.666666666666667,1,0,0,-2,0.666666666666667,4
"latent_dependent",68,"Holm",TRUE,0,0,0,0,-6,0,0
"latent_dependent",68,"BY",TRUE,0,0,0,0,-6,0,0
"latent_dependent",69,"unadjusted",TRUE,0.5,1,0,0,-3,0.5,3
"latent_dependent",69,"Holm",TRUE,0,0,0,0,-6,0,0
"latent_dependent",69,"BY",TRUE,0,0,0,0,-6,0,0
"latent_dependent",70,"unadjusted",TRUE,0.833333333333333,1,0,0,-1,0.833333333333333,5
"latent_dependent",70,"Holm",TRUE,0.333333333333333,1,0,0,-4,0.333333333333333,2
"latent_dependent",70,"BY",TRUE,0.333333333333333,1,0,0,-4,0.333333333333333,2
"latent_dependent",71,"unadjusted",TRUE,0.333333333333333,1,0,0,-4,0.333333333333333,2
"latent_dependent",71,"Holm",TRUE,0.166666666666667,1,0,0,-5,0.166666666666667,1
"latent_dependent",71,"BY",TRUE,0.166666666666667,1,0,0,-5,0.166666666666667,1
"latent_dependent",72,"unadjusted",TRUE,0.666666666666667,1,0,0,-2,0.666666666666667,4
"latent_dependent",72,"Holm",TRUE,0.166666666666667,1,0,0,-5,0.166666666666667,1
"latent_dependent",72,"BY",TRUE,0.166666666666667,1,0,0,-5,0.166666666666667,1
"latent_dependent",73,"unadjusted",TRUE,0.5,0.75,0.25,1,-2,0.428571428571429,4
"latent_dependent",73,"Holm",TRUE,0.166666666666667,1,0,0,-5,0.166666666666667,1
"latent_dependent",73,"BY",TRUE,0,0,0,0,-6,0,0
"latent_dependent",74,"unadjusted",TRUE,0.333333333333333,0.666666666666667,0.333333333333333,1,-3,0.285714285714286,3
"latent_dependent",74,"Holm",TRUE,0,0,0,0,-6,0,0
"latent_dependent",74,"BY",TRUE,0,0,0,0,-6,0,0
"latent_dependent",75,"unadjusted",TRUE,0.5,1,0,0,-3,0.5,3
"latent_dependent",75,"Holm",TRUE,0,0,0,0,-6,0,0
"latent_dependent",75,"BY",TRUE,0,0,0,0,-6,0,0
"latent_dependent",76,"unadjusted",TRUE,0.666666666666667,1,0,0,-2,0.666666666666667,4
"latent_dependent",76,"Holm",TRUE,0.333333333333333,1,0,0,-4,0.333333333333333,2
"latent_dependent",76,"BY",TRUE,0.166666666666667,1,0,0,-5,0.166666666666667,1
"latent_dependent",77,"unadjusted",TRUE,1,1,0,0,0,1,6
"latent_dependent",77,"Holm",TRUE,0.333333333333333,1,0,0,-4,0.333333333333333,2
"latent_dependent",77,"BY",TRUE,0,0,0,0,-6,0,0
"latent_dependent",78,"unadjusted",TRUE,0.666666666666667,1,0,0,-2,0.666666666666667,4
"latent_dependent",78,"Holm",TRUE,0.333333333333333,1,0,0,-4,0.333333333333333,2
"latent_dependent",78,"BY",TRUE,0,0,0,0,-6,0,0
"latent_dependent",79,"unadjusted",TRUE,0.666666666666667,1,0,0,-2,0.666666666666667,4
"latent_dependent",79,"Holm",TRUE,0.166666666666667,1,0,0,-5,0.166666666666667,1
"latent_dependent",79,"BY",TRUE,0.166666666666667,1,0,0,-5,0.166666666666667,1
"latent_dependent",80,"unadjusted",TRUE,0.333333333333333,1,0,0,-4,0.333333333333333,2
"latent_dependent",80,"Holm",TRUE,0.166666666666667,1,0,0,-5,0.166666666666667,1
"latent_dependent",80,"BY",TRUE,0,0,0,0,-6,0,0
"latent_dependent",81,"unadjusted",TRUE,0.166666666666667,0.5,0.5,1,-4,0.142857142857143,2
"latent_dependent",81,"Holm",TRUE,0.166666666666667,1,0,0,-5,0.166666666666667,1
"latent_dependent",81,"BY",TRUE,0.166666666666667,1,0,0,-5,0.166666666666667,1
"latent_dependent",82,"unadjusted",TRUE,0.333333333333333,0.666666666666667,0.333333333333333,1,-3,0.285714285714286,3
"latent_dependent",82,"Holm",TRUE,0,0,0,0,-6,0,0
"latent_dependent",82,"BY",TRUE,0,0,0,0,-6,0,0
"latent_dependent",83,"unadjusted",TRUE,0.333333333333333,0.666666666666667,0.333333333333333,1,-3,0.285714285714286,3
"latent_dependent",83,"Holm",TRUE,0,0,0,0,-6,0,0
"latent_dependent",83,"BY",TRUE,0,0,0,0,-6,0,0
"latent_dependent",84,"unadjusted",TRUE,0.666666666666667,1,0,0,-2,0.666666666666667,4
"latent_dependent",84,"Holm",TRUE,0.333333333333333,1,0,0,-4,0.333333333333333,2
"latent_dependent",84,"BY",TRUE,0.166666666666667,1,0,0,-5,0.166666666666667,1
"latent_dependent",85,"unadjusted",TRUE,0.666666666666667,1,0,0,-2,0.666666666666667,4
"latent_dependent",85,"Holm",TRUE,0.333333333333333,1,0,0,-4,0.333333333333333,2
"latent_dependent",85,"BY",TRUE,0.166666666666667,1,0,0,-5,0.166666666666667,1
"latent_dependent",86,"unadjusted",TRUE,0.833333333333333,1,0,0,-1,0.833333333333333,5
"latent_dependent",86,"Holm",TRUE,0.5,1,0,0,-3,0.5,3
"latent_dependent",86,"BY",TRUE,0.5,1,0,0,-3,0.5,3
"latent_dependent",87,"unadjusted",TRUE,1,1,0,0,0,1,6
"latent_dependent",87,"Holm",TRUE,0.5,1,0,0,-3,0.5,3
"latent_dependent",87,"BY",TRUE,0.5,1,0,0,-3,0.5,3
"latent_dependent",88,"unadjusted",TRUE,0.833333333333333,1,0,0,-1,0.833333333333333,5
"latent_dependent",88,"Holm",TRUE,0.5,1,0,0,-3,0.5,3
"latent_dependent",88,"BY",TRUE,0.5,1,0,0,-3,0.5,3
"latent_dependent",89,"unadjusted",TRUE,0.666666666666667,1,0,0,-2,0.666666666666667,4
"latent_dependent",89,"Holm",TRUE,0.333333333333333,1,0,0,-4,0.333333333333333,2
"latent_dependent",89,"BY",TRUE,0.333333333333333,1,0,0,-4,0.333333333333333,2
"latent_dependent",90,"unadjusted",TRUE,0.666666666666667,0.8,0.2,1,-1,0.571428571428571,5
"latent_dependent",90,"Holm",TRUE,0.166666666666667,1,0,0,-5,0.166666666666667,1
"latent_dependent",90,"BY",TRUE,0.166666666666667,1,0,0,-5,0.166666666666667,1
"latent_dependent",91,"unadjusted",TRUE,0.166666666666667,0.5,0.5,1,-4,0.142857142857143,2
"latent_dependent",91,"Holm",TRUE,0,0,0,0,-6,0,0
"latent_dependent",91,"BY",TRUE,0,0,0,0,-6,0,0
"latent_dependent",92,"unadjusted",TRUE,0.666666666666667,1,0,0,-2,0.666666666666667,4
"latent_dependent",92,"Holm",TRUE,0.333333333333333,1,0,0,-4,0.333333333333333,2
"latent_dependent",92,"BY",TRUE,0,0,0,0,-6,0,0
"latent_dependent",93,"unadjusted",TRUE,0.5,1,0,0,-3,0.5,3
"latent_dependent",93,"Holm",TRUE,0.166666666666667,1,0,0,-5,0.166666666666667,1
"latent_dependent",93,"BY",TRUE,0.166666666666667,1,0,0,-5,0.166666666666667,1
"latent_dependent",94,"unadjusted",TRUE,0.666666666666667,1,0,0,-2,0.666666666666667,4
"latent_dependent",94,"Holm",TRUE,0,0,0,0,-6,0,0
"latent_dependent",94,"BY",TRUE,0,0,0,0,-6,0,0
"latent_dependent",95,"unadjusted",TRUE,0.333333333333333,0.666666666666667,0.333333333333333,1,-3,0.285714285714286,3
"latent_dependent",95,"Holm",TRUE,0.166666666666667,1,0,0,-5,0.166666666666667,1
"latent_dependent",95,"BY",TRUE,0,0,0,0,-6,0,0
"latent_dependent",96,"unadjusted",TRUE,0.666666666666667,1,0,0,-2,0.666666666666667,4
"latent_dependent",96,"Holm",TRUE,0.5,1,0,0,-3,0.5,3
"latent_dependent",96,"BY",TRUE,0.5,1,0,0,-3,0.5,3
"latent_dependent",97,"unadjusted",TRUE,0.833333333333333,0.833333333333333,0.166666666666667,1,0,0.714285714285714,6
"latent_dependent",97,"Holm",TRUE,0.166666666666667,1,0,0,-5,0.166666666666667,1
"latent_dependent",97,"BY",TRUE,0.166666666666667,1,0,0,-5,0.166666666666667,1
"latent_dependent",98,"unadjusted",TRUE,0.666666666666667,0.8,0.2,1,-1,0.571428571428571,5
"latent_dependent",98,"Holm",TRUE,0.166666666666667,1,0,0,-5,0.166666666666667,1
"latent_dependent",98,"BY",TRUE,0.166666666666667,1,0,0,-5,0.166666666666667,1
"latent_dependent",99,"unadjusted",TRUE,0.666666666666667,1,0,0,-2,0.666666666666667,4
"latent_dependent",99,"Holm",TRUE,0,0,0,0,-6,0,0
"latent_dependent",99,"BY",TRUE,0,0,0,0,-6,0,0
"latent_dependent",100,"unadjusted",TRUE,0.666666666666667,1,0,0,-2,0.666666666666667,4
"latent_dependent",100,"Holm",TRUE,0.333333333333333,1,0,0,-4,0.333333333333333,2
"latent_dependent",100,"BY",TRUE,0.333333333333333,1,0,0,-4,0.333333333333333,2
"latent_dependent",101,"unadjusted",TRUE,0.5,1,0,0,-3,0.5,3
"latent_dependent",101,"Holm",TRUE,0.166666666666667,1,0,0,-5,0.166666666666667,1
"latent_dependent",101,"BY",TRUE,0,0,0,0,-6,0,0
"latent_dependent",102,"unadjusted",TRUE,0.5,1,0,0,-3,0.5,3
"latent_dependent",102,"Holm",TRUE,0.166666666666667,1,0,0,-5,0.166666666666667,1
"latent_dependent",102,"BY",TRUE,0.166666666666667,1,0,0,-5,0.166666666666667,1
"latent_dependent",103,"unadjusted",TRUE,0.166666666666667,1,0,0,-5,0.166666666666667,1
"latent_dependent",103,"Holm",TRUE,0,0,0,0,-6,0,0
"latent_dependent",103,"BY",TRUE,0,0,0,0,-6,0,0
"latent_dependent",104,"unadjusted",TRUE,0.666666666666667,0.571428571428571,0.428571428571429,1,1,0.444444444444444,7
"latent_dependent",104,"Holm",TRUE,0.333333333333333,1,0,0,-4,0.333333333333333,2
"latent_dependent",104,"BY",TRUE,0.166666666666667,1,0,0,-5,0.166666666666667,1
"latent_dependent",105,"unadjusted",TRUE,1,1,0,0,0,1,6
"latent_dependent",105,"Holm",TRUE,0.166666666666667,1,0,0,-5,0.166666666666667,1
"latent_dependent",105,"BY",TRUE,0.166666666666667,1,0,0,-5,0.166666666666667,1
"latent_dependent",106,"unadjusted",TRUE,0.5,1,0,0,-3,0.5,3
"latent_dependent",106,"Holm",TRUE,0.166666666666667,1,0,0,-5,0.166666666666667,1
"latent_dependent",106,"BY",TRUE,0.166666666666667,1,0,0,-5,0.166666666666667,1
"latent_dependent",107,"unadjusted",TRUE,0.833333333333333,1,0,0,-1,0.833333333333333,5
"latent_dependent",107,"Holm",TRUE,0.166666666666667,1,0,0,-5,0.166666666666667,1
"latent_dependent",107,"BY",TRUE,0.166666666666667,1,0,0,-5,0.166666666666667,1
"latent_dependent",108,"unadjusted",TRUE,0.333333333333333,0.666666666666667,0.333333333333333,1,-3,0.285714285714286,3
"latent_dependent",108,"Holm",TRUE,0.166666666666667,1,0,0,-5,0.166666666666667,1
"latent_dependent",108,"BY",TRUE,0,0,0,0,-6,0,0
"latent_dependent",109,"unadjusted",TRUE,0.666666666666667,0.666666666666667,0.333333333333333,1,0,0.5,6
"latent_dependent",109,"Holm",TRUE,0.333333333333333,1,0,0,-4,0.333333333333333,2
"latent_dependent",109,"BY",TRUE,0.166666666666667,1,0,0,-5,0.166666666666667,1
"latent_dependent",110,"unadjusted",TRUE,0.666666666666667,1,0,0,-2,0.666666666666667,4
"latent_dependent",110,"Holm",TRUE,0,0,0,0,-6,0,0
"latent_dependent",110,"BY",TRUE,0,0,0,0,-6,0,0
"latent_dependent",111,"unadjusted",TRUE,0.666666666666667,1,0,0,-2,0.666666666666667,4
"latent_dependent",111,"Holm",TRUE,0.333333333333333,1,0,0,-4,0.333333333333333,2
"latent_dependent",111,"BY",TRUE,0.333333333333333,1,0,0,-4,0.333333333333333,2
"latent_dependent",112,"unadjusted",TRUE,0.666666666666667,1,0,0,-2,0.666666666666667,4
"latent_dependent",112,"Holm",TRUE,0,0,0,0,-6,0,0
"latent_dependent",112,"BY",TRUE,0,0,0,0,-6,0,0
"latent_dependent",113,"unadjusted",TRUE,0.666666666666667,1,0,0,-2,0.666666666666667,4
"latent_dependent",113,"Holm",TRUE,0,0,0,0,-6,0,0
"latent_dependent",113,"BY",TRUE,0,0,0,0,-6,0,0
"latent_dependent",114,"unadjusted",TRUE,0.833333333333333,0.625,0.375,1,2,0.555555555555556,8
"latent_dependent",114,"Holm",TRUE,0.166666666666667,1,0,0,-5,0.166666666666667,1
"latent_dependent",114,"BY",TRUE,0.166666666666667,1,0,0,-5,0.166666666666667,1
"latent_dependent",115,"unadjusted",TRUE,0.5,1,0,0,-3,0.5,3
"latent_dependent",115,"Holm",TRUE,0,0,0,0,-6,0,0
"latent_dependent",115,"BY",TRUE,0,0,0,0,-6,0,0
"latent_dependent",116,"unadjusted",TRUE,0.166666666666667,1,0,0,-5,0.166666666666667,1
"latent_dependent",116,"Holm",TRUE,0,0,0,0,-6,0,0
"latent_dependent",116,"BY",TRUE,0,0,0,0,-6,0,0
"latent_dependent",117,"unadjusted",TRUE,1,0.857142857142857,0.142857142857143,1,1,0.857142857142857,7
"latent_dependent",117,"Holm",TRUE,0.166666666666667,1,0,0,-5,0.166666666666667,1
"latent_dependent",117,"BY",TRUE,0,0,0,0,-6,0,0
"latent_dependent",118,"unadjusted",TRUE,1,1,0,0,0,1,6
"latent_dependent",118,"Holm",TRUE,0.333333333333333,1,0,0,-4,0.333333333333333,2
"latent_dependent",118,"BY",TRUE,0.166666666666667,1,0,0,-5,0.166666666666667,1
"latent_dependent",119,"unadjusted",TRUE,0.666666666666667,1,0,0,-2,0.666666666666667,4
"latent_dependent",119,"Holm",TRUE,0.333333333333333,1,0,0,-4,0.333333333333333,2
"latent_dependent",119,"BY",TRUE,0.166666666666667,1,0,0,-5,0.166666666666667,1
"latent_dependent",120,"unadjusted",TRUE,0.5,1,0,0,-3,0.5,3
"latent_dependent",120,"Holm",TRUE,0.333333333333333,1,0,0,-4,0.333333333333333,2
"latent_dependent",120,"BY",TRUE,0.333333333333333,1,0,0,-4,0.333333333333333,2
"latent_dependent",121,"unadjusted",TRUE,0.666666666666667,1,0,0,-2,0.666666666666667,4
"latent_dependent",121,"Holm",TRUE,0.166666666666667,1,0,0,-5,0.166666666666667,1
"latent_dependent",121,"BY",TRUE,0,0,0,0,-6,0,0
"latent_dependent",122,"unadjusted",TRUE,0.666666666666667,1,0,0,-2,0.666666666666667,4
"latent_dependent",122,"Holm",TRUE,0.166666666666667,1,0,0,-5,0.166666666666667,1
"latent_dependent",122,"BY",TRUE,0,0,0,0,-6,0,0
"latent_dependent",123,"unadjusted",TRUE,0.5,1,0,0,-3,0.5,3
"latent_dependent",123,"Holm",TRUE,0.166666666666667,1,0,0,-5,0.166666666666667,1
"latent_dependent",123,"BY",TRUE,0,0,0,0,-6,0,0
"latent_dependent",124,"unadjusted",TRUE,0.333333333333333,0.666666666666667,0.333333333333333,1,-3,0.285714285714286,3
"latent_dependent",124,"Holm",TRUE,0,0,0,0,-6,0,0
"latent_dependent",124,"BY",TRUE,0,0,0,0,-6,0,0
"latent_dependent",125,"unadjusted",TRUE,0.666666666666667,1,0,0,-2,0.666666666666667,4
"latent_dependent",125,"Holm",TRUE,0.166666666666667,1,0,0,-5,0.166666666666667,1
"latent_dependent",125,"BY",TRUE,0,0,0,0,-6,0,0
"latent_dependent",126,"unadjusted",TRUE,0.666666666666667,1,0,0,-2,0.666666666666667,4
"latent_dependent",126,"Holm",TRUE,0.166666666666667,1,0,0,-5,0.166666666666667,1
"latent_dependent",126,"BY",TRUE,0,0,0,0,-6,0,0
"latent_dependent",127,"unadjusted",TRUE,0.666666666666667,1,0,0,-2,0.666666666666667,4
"latent_dependent",127,"Holm",TRUE,0.166666666666667,1,0,0,-5,0.166666666666667,1
"latent_dependent",127,"BY",TRUE,0,0,0,0,-6,0,0
"latent_dependent",128,"unadjusted",TRUE,0.833333333333333,1,0,0,-1,0.833333333333333,5
"latent_dependent",128,"Holm",TRUE,0.5,1,0,0,-3,0.5,3
"latent_dependent",128,"BY",TRUE,0.5,1,0,0,-3,0.5,3
"latent_dependent",129,"unadjusted",TRUE,0.666666666666667,1,0,0,-2,0.666666666666667,4
"latent_dependent",129,"Holm",TRUE,0.333333333333333,1,0,0,-4,0.333333333333333,2
"latent_dependent",129,"BY",TRUE,0.166666666666667,1,0,0,-5,0.166666666666667,1
"latent_dependent",130,"unadjusted",TRUE,0.666666666666667,1,0,0,-2,0.666666666666667,4
"latent_dependent",130,"Holm",TRUE,0.333333333333333,1,0,0,-4,0.333333333333333,2
"latent_dependent",130,"BY",TRUE,0.333333333333333,1,0,0,-4,0.333333333333333,2
"latent_dependent",131,"unadjusted",TRUE,0.333333333333333,1,0,0,-4,0.333333333333333,2
"latent_dependent",131,"Holm",TRUE,0.166666666666667,1,0,0,-5,0.166666666666667,1
"latent_dependent",131,"BY",TRUE,0,0,0,0,-6,0,0
"latent_dependent",132,"unadjusted",TRUE,0.666666666666667,1,0,0,-2,0.666666666666667,4
"latent_dependent",132,"Holm",TRUE,0.166666666666667,1,0,0,-5,0.166666666666667,1
"latent_dependent",132,"BY",TRUE,0.166666666666667,1,0,0,-5,0.166666666666667,1
"latent_dependent",133,"unadjusted",TRUE,0.5,1,0,0,-3,0.5,3
"latent_dependent",133,"Holm",TRUE,0.333333333333333,1,0,0,-4,0.333333333333333,2
"latent_dependent",133,"BY",TRUE,0.166666666666667,1,0,0,-5,0.166666666666667,1
"latent_dependent",134,"unadjusted",TRUE,0.666666666666667,1,0,0,-2,0.666666666666667,4
"latent_dependent",134,"Holm",TRUE,0,0,0,0,-6,0,0
"latent_dependent",134,"BY",TRUE,0,0,0,0,-6,0,0
"latent_dependent",135,"unadjusted",TRUE,1,0.857142857142857,0.142857142857143,1,1,0.857142857142857,7
"latent_dependent",135,"Holm",TRUE,0.166666666666667,1,0,0,-5,0.166666666666667,1
"latent_dependent",135,"BY",TRUE,0,0,0,0,-6,0,0
"latent_dependent",136,"unadjusted",TRUE,1,0.857142857142857,0.142857142857143,1,1,0.857142857142857,7
"latent_dependent",136,"Holm",TRUE,0.333333333333333,1,0,0,-4,0.333333333333333,2
"latent_dependent",136,"BY",TRUE,0.333333333333333,1,0,0,-4,0.333333333333333,2
"latent_dependent",137,"unadjusted",TRUE,0.5,1,0,0,-3,0.5,3
"latent_dependent",137,"Holm",TRUE,0,0,0,0,-6,0,0
"latent_dependent",137,"BY",TRUE,0,0,0,0,-6,0,0
"latent_dependent",138,"unadjusted",TRUE,0.5,0.75,0.25,1,-2,0.428571428571429,4
"latent_dependent",138,"Holm",TRUE,0,0,0,0,-6,0,0
"latent_dependent",138,"BY",TRUE,0,0,0,0,-6,0,0
"latent_dependent",139,"unadjusted",TRUE,0.5,1,0,0,-3,0.5,3
"latent_dependent",139,"Holm",TRUE,0,0,0,0,-6,0,0
"latent_dependent",139,"BY",TRUE,0,0,0,0,-6,0,0
"latent_dependent",140,"unadjusted",TRUE,0.333333333333333,1,0,0,-4,0.333333333333333,2
"latent_dependent",140,"Holm",TRUE,0,0,0,0,-6,0,0
"latent_dependent",140,"BY",TRUE,0,0,0,0,-6,0,0
"latent_dependent",141,"unadjusted",TRUE,0.5,1,0,0,-3,0.5,3
"latent_dependent",141,"Holm",TRUE,0,0,0,0,-6,0,0
"latent_dependent",141,"BY",TRUE,0,0,0,0,-6,0,0
"latent_dependent",142,"unadjusted",TRUE,0.666666666666667,1,0,0,-2,0.666666666666667,4
"latent_dependent",142,"Holm",TRUE,0.333333333333333,1,0,0,-4,0.333333333333333,2
"latent_dependent",142,"BY",TRUE,0.166666666666667,1,0,0,-5,0.166666666666667,1
"latent_dependent",143,"unadjusted",TRUE,0.833333333333333,0.833333333333333,0.166666666666667,1,0,0.714285714285714,6
"latent_dependent",143,"Holm",TRUE,0.166666666666667,1,0,0,-5,0.166666666666667,1
"latent_dependent",143,"BY",TRUE,0.166666666666667,1,0,0,-5,0.166666666666667,1
"latent_dependent",144,"unadjusted",TRUE,0.666666666666667,1,0,0,-2,0.666666666666667,4
"latent_dependent",144,"Holm",TRUE,0.166666666666667,1,0,0,-5,0.166666666666667,1
"latent_dependent",144,"BY",TRUE,0.166666666666667,1,0,0,-5,0.166666666666667,1
"latent_dependent",145,"unadjusted",TRUE,0.833333333333333,1,0,0,-1,0.833333333333333,5
"latent_dependent",145,"Holm",TRUE,0.166666666666667,1,0,0,-5,0.166666666666667,1
"latent_dependent",145,"BY",TRUE,0.166666666666667,1,0,0,-5,0.166666666666667,1
"latent_dependent",146,"unadjusted",FALSE,0.333333333333333,0.666666666666667,0.333333333333333,1,-3,0.285714285714286,3
"latent_dependent",146,"Holm",FALSE,0,0,0,0,-6,0,0
"latent_dependent",146,"BY",FALSE,0,0,0,0,-6,0,0
"latent_dependent",147,"unadjusted",TRUE,0.666666666666667,1,0,0,-2,0.666666666666667,4
"latent_dependent",147,"Holm",TRUE,0,0,0,0,-6,0,0
"latent_dependent",147,"BY",TRUE,0,0,0,0,-6,0,0
"latent_dependent",148,"unadjusted",TRUE,0.5,0.75,0.25,1,-2,0.428571428571429,4
"latent_dependent",148,"Holm",TRUE,0.166666666666667,1,0,0,-5,0.166666666666667,1
"latent_dependent",148,"BY",TRUE,0.166666666666667,1,0,0,-5,0.166666666666667,1
"latent_dependent",149,"unadjusted",TRUE,0.5,0.75,0.25,1,-2,0.428571428571429,4
"latent_dependent",149,"Holm",TRUE,0,0,0,0,-6,0,0
"latent_dependent",149,"BY",TRUE,0,0,0,0,-6,0,0
"latent_dependent",150,"unadjusted",TRUE,0.833333333333333,1,0,0,-1,0.833333333333333,5
"latent_dependent",150,"Holm",TRUE,0.333333333333333,1,0,0,-4,0.333333333333333,2
"latent_dependent",150,"BY",TRUE,0.333333333333333,1,0,0,-4,0.333333333333333,2
"latent_dependent",151,"unadjusted",TRUE,0.666666666666667,1,0,0,-2,0.666666666666667,4
"latent_dependent",151,"Holm",TRUE,0.5,1,0,0,-3,0.5,3
"latent_dependent",151,"BY",TRUE,0.5,1,0,0,-3,0.5,3
"latent_dependent",152,"unadjusted",TRUE,0.833333333333333,1,0,0,-1,0.833333333333333,5
"latent_dependent",152,"Holm",TRUE,0,0,0,0,-6,0,0
"latent_dependent",152,"BY",TRUE,0,0,0,0,-6,0,0
"latent_dependent",153,"unadjusted",TRUE,0.5,0.75,0.25,1,-2,0.428571428571429,4
"latent_dependent",153,"Holm",TRUE,0,0,0,0,-6,0,0
"latent_dependent",153,"BY",TRUE,0,0,0,0,-6,0,0
"latent_dependent",154,"unadjusted",TRUE,0.833333333333333,0.833333333333333,0.166666666666667,1,0,0.714285714285714,6
"latent_dependent",154,"Holm",TRUE,0.5,1,0,0,-3,0.5,3
"latent_dependent",154,"BY",TRUE,0.5,1,0,0,-3,0.5,3
"latent_dependent",155,"unadjusted",TRUE,0.833333333333333,0.833333333333333,0.166666666666667,1,0,0.714285714285714,6
"latent_dependent",155,"Holm",TRUE,0.166666666666667,1,0,0,-5,0.166666666666667,1
"latent_dependent",155,"BY",TRUE,0.166666666666667,1,0,0,-5,0.166666666666667,1
"latent_dependent",156,"unadjusted",TRUE,1,0.857142857142857,0.142857142857143,1,1,0.857142857142857,7
"latent_dependent",156,"Holm",TRUE,0.666666666666667,1,0,0,-2,0.666666666666667,4
"latent_dependent",156,"BY",TRUE,0.666666666666667,1,0,0,-2,0.666666666666667,4
"latent_dependent",157,"unadjusted",TRUE,0.5,1,0,0,-3,0.5,3
"latent_dependent",157,"Holm",TRUE,0.333333333333333,1,0,0,-4,0.333333333333333,2
"latent_dependent",157,"BY",TRUE,0.166666666666667,1,0,0,-5,0.166666666666667,1
"latent_dependent",158,"unadjusted",TRUE,0.833333333333333,1,0,0,-1,0.833333333333333,5
"latent_dependent",158,"Holm",TRUE,0,0,0,0,-6,0,0
"latent_dependent",158,"BY",TRUE,0,0,0,0,-6,0,0
"latent_dependent",159,"unadjusted",TRUE,0.833333333333333,0.833333333333333,0.166666666666667,1,0,0.714285714285714,6
"latent_dependent",159,"Holm",TRUE,0.166666666666667,1,0,0,-5,0.166666666666667,1
"latent_dependent",159,"BY",TRUE,0.166666666666667,1,0,0,-5,0.166666666666667,1
"latent_dependent",160,"unadjusted",TRUE,0.666666666666667,1,0,0,-2,0.666666666666667,4
"latent_dependent",160,"Holm",TRUE,0.5,1,0,0,-3,0.5,3
"latent_dependent",160,"BY",TRUE,0.5,1,0,0,-3,0.5,3
"latent_dependent",161,"unadjusted",TRUE,0.833333333333333,1,0,0,-1,0.833333333333333,5
"latent_dependent",161,"Holm",TRUE,0.166666666666667,1,0,0,-5,0.166666666666667,1
"latent_dependent",161,"BY",TRUE,0.166666666666667,1,0,0,-5,0.166666666666667,1
"latent_dependent",162,"unadjusted",TRUE,0.666666666666667,1,0,0,-2,0.666666666666667,4
"latent_dependent",162,"Holm",TRUE,0,0,0,0,-6,0,0
"latent_dependent",162,"BY",TRUE,0,0,0,0,-6,0,0
"latent_dependent",163,"unadjusted",TRUE,0.666666666666667,0.666666666666667,0.333333333333333,1,0,0.5,6
"latent_dependent",163,"Holm",TRUE,0.166666666666667,1,0,0,-5,0.166666666666667,1
"latent_dependent",163,"BY",TRUE,0,0,0,0,-6,0,0
"latent_dependent",164,"unadjusted",TRUE,0.833333333333333,0.714285714285714,0.285714285714286,1,1,0.625,7
"latent_dependent",164,"Holm",TRUE,0.166666666666667,1,0,0,-5,0.166666666666667,1
"latent_dependent",164,"BY",TRUE,0.166666666666667,1,0,0,-5,0.166666666666667,1
"latent_dependent",165,"unadjusted",TRUE,0.333333333333333,1,0,0,-4,0.333333333333333,2
"latent_dependent",165,"Holm",TRUE,0.166666666666667,1,0,0,-5,0.166666666666667,1
"latent_dependent",165,"BY",TRUE,0.166666666666667,1,0,0,-5,0.166666666666667,1
"latent_dependent",166,"unadjusted",TRUE,0.833333333333333,0.833333333333333,0.166666666666667,1,0,0.714285714285714,6
"latent_dependent",166,"Holm",TRUE,0.333333333333333,1,0,0,-4,0.333333333333333,2
"latent_dependent",166,"BY",TRUE,0.166666666666667,1,0,0,-5,0.166666666666667,1
"latent_dependent",167,"unadjusted",TRUE,0.5,1,0,0,-3,0.5,3
"latent_dependent",167,"Holm",TRUE,0.166666666666667,1,0,0,-5,0.166666666666667,1
"latent_dependent",167,"BY",TRUE,0.166666666666667,1,0,0,-5,0.166666666666667,1
"latent_dependent",168,"unadjusted",TRUE,0.666666666666667,0.8,0.2,1,-1,0.571428571428571,5
"latent_dependent",168,"Holm",TRUE,0.166666666666667,1,0,0,-5,0.166666666666667,1
"latent_dependent",168,"BY",TRUE,0.166666666666667,1,0,0,-5,0.166666666666667,1
"latent_dependent",169,"unadjusted",TRUE,0.5,1,0,0,-3,0.5,3
"latent_dependent",169,"Holm",TRUE,0.333333333333333,1,0,0,-4,0.333333333333333,2
"latent_dependent",169,"BY",TRUE,0.166666666666667,1,0,0,-5,0.166666666666667,1
"latent_dependent",170,"unadjusted",TRUE,0.5,0.6,0.4,1,-1,0.375,5
"latent_dependent",170,"Holm",TRUE,0.333333333333333,1,0,0,-4,0.333333333333333,2
"latent_dependent",170,"BY",TRUE,0,0,0,0,-6,0,0
"latent_dependent",171,"unadjusted",TRUE,0.666666666666667,0.8,0.2,1,-1,0.571428571428571,5
"latent_dependent",171,"Holm",TRUE,0,0,0,0,-6,0,0
"latent_dependent",171,"BY",TRUE,0,0,0,0,-6,0,0
"latent_dependent",172,"unadjusted",TRUE,0.666666666666667,1,0,0,-2,0.666666666666667,4
"latent_dependent",172,"Holm",TRUE,0,0,0,0,-6,0,0
"latent_dependent",172,"BY",TRUE,0,0,0,0,-6,0,0
"latent_dependent",173,"unadjusted",TRUE,0.666666666666667,1,0,0,-2,0.666666666666667,4
"latent_dependent",173,"Holm",TRUE,0.333333333333333,1,0,0,-4,0.333333333333333,2
"latent_dependent",173,"BY",TRUE,0.333333333333333,1,0,0,-4,0.333333333333333,2
"latent_dependent",174,"unadjusted",TRUE,0.666666666666667,1,0,0,-2,0.666666666666667,4
"latent_dependent",174,"Holm",TRUE,0.333333333333333,1,0,0,-4,0.333333333333333,2
"latent_dependent",174,"BY",TRUE,0.333333333333333,1,0,0,-4,0.333333333333333,2
"latent_dependent",175,"unadjusted",TRUE,0.666666666666667,1,0,0,-2,0.666666666666667,4
"latent_dependent",175,"Holm",TRUE,0,0,0,0,-6,0,0
"latent_dependent",175,"BY",TRUE,0,0,0,0,-6,0,0
"latent_dependent",176,"unadjusted",TRUE,1,0.857142857142857,0.142857142857143,1,1,0.857142857142857,7
"latent_dependent",176,"Holm",TRUE,0.333333333333333,1,0,0,-4,0.333333333333333,2
"latent_dependent",176,"BY",TRUE,0.166666666666667,1,0,0,-5,0.166666666666667,1
"latent_dependent",177,"unadjusted",TRUE,0.333333333333333,1,0,0,-4,0.333333333333333,2
"latent_dependent",177,"Holm",TRUE,0,0,0,0,-6,0,0
"latent_dependent",177,"BY",TRUE,0,0,0,0,-6,0,0
"latent_dependent",178,"unadjusted",TRUE,0.833333333333333,1,0,0,-1,0.833333333333333,5
"latent_dependent",178,"Holm",TRUE,0.166666666666667,1,0,0,-5,0.166666666666667,1
"latent_dependent",178,"BY",TRUE,0,0,0,0,-6,0,0
"latent_dependent",179,"unadjusted",TRUE,0.666666666666667,0.8,0.2,1,-1,0.571428571428571,5
"latent_dependent",179,"Holm",TRUE,0.333333333333333,1,0,0,-4,0.333333333333333,2
"latent_dependent",179,"BY",TRUE,0.333333333333333,1,0,0,-4,0.333333333333333,2
"latent_dependent",180,"unadjusted",TRUE,0.333333333333333,1,0,0,-4,0.333333333333333,2
"latent_dependent",180,"Holm",TRUE,0.166666666666667,1,0,0,-5,0.166666666666667,1
"latent_dependent",180,"BY",TRUE,0.166666666666667,1,0,0,-5,0.166666666666667,1
"latent_dependent",181,"unadjusted",TRUE,0.666666666666667,1,0,0,-2,0.666666666666667,4
"latent_dependent",181,"Holm",TRUE,0,0,0,0,-6,0,0
"latent_dependent",181,"BY",TRUE,0,0,0,0,-6,0,0
"latent_dependent",182,"unadjusted",TRUE,0.833333333333333,1,0,0,-1,0.833333333333333,5
"latent_dependent",182,"Holm",TRUE,0.166666666666667,1,0,0,-5,0.166666666666667,1
"latent_dependent",182,"BY",TRUE,0,0,0,0,-6,0,0
"latent_dependent",183,"unadjusted",TRUE,0.666666666666667,0.8,0.2,1,-1,0.571428571428571,5
"latent_dependent",183,"Holm",TRUE,0,0,0,0,-6,0,0
"latent_dependent",183,"BY",TRUE,0,0,0,0,-6,0,0
"latent_dependent",184,"unadjusted",TRUE,0.833333333333333,1,0,0,-1,0.833333333333333,5
"latent_dependent",184,"Holm",TRUE,0.166666666666667,1,0,0,-5,0.166666666666667,1
"latent_dependent",184,"BY",TRUE,0.166666666666667,1,0,0,-5,0.166666666666667,1
"latent_dependent",185,"unadjusted",TRUE,0.5,1,0,0,-3,0.5,3
"latent_dependent",185,"Holm",TRUE,0.333333333333333,1,0,0,-4,0.333333333333333,2
"latent_dependent",185,"BY",TRUE,0.333333333333333,1,0,0,-4,0.333333333333333,2
"latent_dependent",186,"unadjusted",TRUE,0.833333333333333,1,0,0,-1,0.833333333333333,5
"latent_dependent",186,"Holm",TRUE,0.166666666666667,1,0,0,-5,0.166666666666667,1
"latent_dependent",186,"BY",TRUE,0,0,0,0,-6,0,0
"latent_dependent",187,"unadjusted",TRUE,0.833333333333333,1,0,0,-1,0.833333333333333,5
"latent_dependent",187,"Holm",TRUE,0.333333333333333,1,0,0,-4,0.333333333333333,2
"latent_dependent",187,"BY",TRUE,0,0,0,0,-6,0,0
"latent_dependent",188,"unadjusted",TRUE,0.333333333333333,1,0,0,-4,0.333333333333333,2
"latent_dependent",188,"Holm",TRUE,0.166666666666667,1,0,0,-5,0.166666666666667,1
"latent_dependent",188,"BY",TRUE,0,0,0,0,-6,0,0
"latent_dependent",189,"unadjusted",TRUE,0.5,1,0,0,-3,0.5,3
"latent_dependent",189,"Holm",TRUE,0.166666666666667,1,0,0,-5,0.166666666666667,1
"latent_dependent",189,"BY",TRUE,0.166666666666667,1,0,0,-5,0.166666666666667,1
"latent_dependent",190,"unadjusted",TRUE,0.666666666666667,1,0,0,-2,0.666666666666667,4
"latent_dependent",190,"Holm",TRUE,0.5,1,0,0,-3,0.5,3
"latent_dependent",190,"BY",TRUE,0.5,1,0,0,-3,0.5,3
"latent_dependent",191,"unadjusted",TRUE,0.833333333333333,1,0,0,-1,0.833333333333333,5
"latent_dependent",191,"Holm",TRUE,0.166666666666667,1,0,0,-5,0.166666666666667,1
"latent_dependent",191,"BY",TRUE,0,0,0,0,-6,0,0
"latent_dependent",192,"unadjusted",TRUE,0.833333333333333,1,0,0,-1,0.833333333333333,5
"latent_dependent",192,"Holm",TRUE,0.5,1,0,0,-3,0.5,3
"latent_dependent",192,"BY",TRUE,0.5,1,0,0,-3,0.5,3
"latent_dependent",193,"unadjusted",TRUE,0.5,1,0,0,-3,0.5,3
"latent_dependent",193,"Holm",TRUE,0.166666666666667,1,0,0,-5,0.166666666666667,1
"latent_dependent",193,"BY",TRUE,0.166666666666667,1,0,0,-5,0.166666666666667,1
"latent_dependent",194,"unadjusted",TRUE,0.666666666666667,0.666666666666667,0.333333333333333,1,0,0.5,6
"latent_dependent",194,"Holm",TRUE,0.333333333333333,1,0,0,-4,0.333333333333333,2
"latent_dependent",194,"BY",TRUE,0.333333333333333,1,0,0,-4,0.333333333333333,2
"latent_dependent",195,"unadjusted",TRUE,0.5,1,0,0,-3,0.5,3
"latent_dependent",195,"Holm",TRUE,0,0,0,0,-6,0,0
"latent_dependent",195,"BY",TRUE,0,0,0,0,-6,0,0
"latent_dependent",196,"unadjusted",TRUE,0.166666666666667,0.5,0.5,1,-4,0.142857142857143,2
"latent_dependent",196,"Holm",TRUE,0.166666666666667,1,0,0,-5,0.166666666666667,1
"latent_dependent",196,"BY",TRUE,0.166666666666667,1,0,0,-5,0.166666666666667,1
"latent_dependent",197,"unadjusted",TRUE,0.833333333333333,1,0,0,-1,0.833333333333333,5
"latent_dependent",197,"Holm",TRUE,0.166666666666667,1,0,0,-5,0.166666666666667,1
"latent_dependent",197,"BY",TRUE,0,0,0,0,-6,0,0
"latent_dependent",198,"unadjusted",TRUE,0.833333333333333,1,0,0,-1,0.833333333333333,5
"latent_dependent",198,"Holm",TRUE,0.333333333333333,1,0,0,-4,0.333333333333333,2
"latent_dependent",198,"BY",TRUE,0.333333333333333,1,0,0,-4,0.333333333333333,2
"latent_dependent",199,"unadjusted",TRUE,0.833333333333333,1,0,0,-1,0.833333333333333,5
"latent_dependent",199,"Holm",TRUE,0.166666666666667,1,0,0,-5,0.166666666666667,1
"latent_dependent",199,"BY",TRUE,0.166666666666667,1,0,0,-5,0.166666666666667,1
"latent_dependent",200,"unadjusted",TRUE,1,1,0,0,0,1,6
"latent_dependent",200,"Holm",TRUE,0.333333333333333,1,0,0,-4,0.333333333333333,2
"latent_dependent",200,"BY",TRUE,0.166666666666667,1,0,0,-5,0.166666666666667,1
"latent_dependent",201,"unadjusted",TRUE,0.666666666666667,1,0,0,-2,0.666666666666667,4
"latent_dependent",201,"Holm",TRUE,0.166666666666667,1,0,0,-5,0.166666666666667,1
"latent_dependent",201,"BY",TRUE,0,0,0,0,-6,0,0
"latent_dependent",202,"unadjusted",TRUE,0.833333333333333,1,0,0,-1,0.833333333333333,5
"latent_dependent",202,"Holm",TRUE,0.166666666666667,1,0,0,-5,0.166666666666667,1
"latent_dependent",202,"BY",TRUE,0.166666666666667,1,0,0,-5,0.166666666666667,1
"latent_dependent",203,"unadjusted",TRUE,0.5,1,0,0,-3,0.5,3
"latent_dependent",203,"Holm",TRUE,0.333333333333333,1,0,0,-4,0.333333333333333,2
"latent_dependent",203,"BY",TRUE,0.166666666666667,1,0,0,-5,0.166666666666667,1
"latent_dependent",204,"unadjusted",TRUE,0.666666666666667,0.8,0.2,1,-1,0.571428571428571,5
"latent_dependent",204,"Holm",TRUE,0.166666666666667,1,0,0,-5,0.166666666666667,1
"latent_dependent",204,"BY",TRUE,0,0,0,0,-6,0,0
"latent_dependent",205,"unadjusted",TRUE,0.666666666666667,0.571428571428571,0.428571428571429,1,1,0.444444444444444,7
"latent_dependent",205,"Holm",TRUE,0.166666666666667,1,0,0,-5,0.166666666666667,1
"latent_dependent",205,"BY",TRUE,0,0,0,0,-6,0,0
"latent_dependent",206,"unadjusted",TRUE,0.666666666666667,1,0,0,-2,0.666666666666667,4
"latent_dependent",206,"Holm",TRUE,0.166666666666667,1,0,0,-5,0.166666666666667,1
"latent_dependent",206,"BY",TRUE,0.166666666666667,1,0,0,-5,0.166666666666667,1
"latent_dependent",207,"unadjusted",TRUE,0.5,0.5,0.5,1,0,0.333333333333333,6
"latent_dependent",207,"Holm",TRUE,0,0,1,1,-5,0,1
"latent_dependent",207,"BY",TRUE,0,0,1,1,-5,0,1
"latent_dependent",208,"unadjusted",TRUE,0.833333333333333,1,0,0,-1,0.833333333333333,5
"latent_dependent",208,"Holm",TRUE,0,0,0,0,-6,0,0
"latent_dependent",208,"BY",TRUE,0,0,0,0,-6,0,0
"latent_dependent",209,"unadjusted",TRUE,0.5,1,0,0,-3,0.5,3
"latent_dependent",209,"Holm",TRUE,0,0,0,0,-6,0,0
"latent_dependent",209,"BY",TRUE,0,0,0,0,-6,0,0
"latent_dependent",210,"unadjusted",TRUE,0.833333333333333,0.714285714285714,0.285714285714286,1,1,0.625,7
"latent_dependent",210,"Holm",TRUE,0.166666666666667,1,0,0,-5,0.166666666666667,1
"latent_dependent",210,"BY",TRUE,0.166666666666667,1,0,0,-5,0.166666666666667,1
"latent_dependent",211,"unadjusted",TRUE,0.5,1,0,0,-3,0.5,3
"latent_dependent",211,"Holm",TRUE,0.166666666666667,1,0,0,-5,0.166666666666667,1
"latent_dependent",211,"BY",TRUE,0.166666666666667,1,0,0,-5,0.166666666666667,1
"latent_dependent",212,"unadjusted",TRUE,0.833333333333333,0.833333333333333,0.166666666666667,1,0,0.714285714285714,6
"latent_dependent",212,"Holm",TRUE,0.333333333333333,1,0,0,-4,0.333333333333333,2
"latent_dependent",212,"BY",TRUE,0.166666666666667,1,0,0,-5,0.166666666666667,1
"latent_dependent",213,"unadjusted",TRUE,0.5,0.75,0.25,1,-2,0.428571428571429,4
"latent_dependent",213,"Holm",TRUE,0.166666666666667,1,0,0,-5,0.166666666666667,1
"latent_dependent",213,"BY",TRUE,0,0,0,0,-6,0,0
"latent_dependent",214,"unadjusted",TRUE,0.833333333333333,0.833333333333333,0.166666666666667,1,0,0.714285714285714,6
"latent_dependent",214,"Holm",TRUE,0,0,0,0,-6,0,0
"latent_dependent",214,"BY",TRUE,0,0,0,0,-6,0,0
"latent_dependent",215,"unadjusted",TRUE,0.833333333333333,0.833333333333333,0.166666666666667,1,0,0.714285714285714,6
"latent_dependent",215,"Holm",TRUE,0.333333333333333,1,0,0,-4,0.333333333333333,2
"latent_dependent",215,"BY",TRUE,0.166666666666667,1,0,0,-5,0.166666666666667,1
"latent_dependent",216,"unadjusted",TRUE,0.666666666666667,1,0,0,-2,0.666666666666667,4
"latent_dependent",216,"Holm",TRUE,0.166666666666667,1,0,0,-5,0.166666666666667,1
"latent_dependent",216,"BY",TRUE,0,0,0,0,-6,0,0
"latent_dependent",217,"unadjusted",TRUE,0.666666666666667,1,0,0,-2,0.666666666666667,4
"latent_dependent",217,"Holm",TRUE,0.333333333333333,1,0,0,-4,0.333333333333333,2
"latent_dependent",217,"BY",TRUE,0.333333333333333,1,0,0,-4,0.333333333333333,2
"latent_dependent",218,"unadjusted",TRUE,1,0.857142857142857,0.142857142857143,1,1,0.857142857142857,7
"latent_dependent",218,"Holm",TRUE,0.333333333333333,1,0,0,-4,0.333333333333333,2
"latent_dependent",218,"BY",TRUE,0.333333333333333,1,0,0,-4,0.333333333333333,2
"latent_dependent",219,"unadjusted",TRUE,0.666666666666667,0.666666666666667,0.333333333333333,1,0,0.5,6
"latent_dependent",219,"Holm",TRUE,0,0,0,0,-6,0,0
"latent_dependent",219,"BY",TRUE,0,0,0,0,-6,0,0
"latent_dependent",220,"unadjusted",TRUE,0.5,1,0,0,-3,0.5,3
"latent_dependent",220,"Holm",TRUE,0.333333333333333,1,0,0,-4,0.333333333333333,2
"latent_dependent",220,"BY",TRUE,0.166666666666667,1,0,0,-5,0.166666666666667,1
"latent_dependent",221,"unadjusted",TRUE,1,1,0,0,0,1,6
"latent_dependent",221,"Holm",TRUE,0.333333333333333,1,0,0,-4,0.333333333333333,2
"latent_dependent",221,"BY",TRUE,0.333333333333333,1,0,0,-4,0.333333333333333,2
"latent_dependent",222,"unadjusted",TRUE,0.833333333333333,1,0,0,-1,0.833333333333333,5
"latent_dependent",222,"Holm",TRUE,0,0,0,0,-6,0,0
"latent_dependent",222,"BY",TRUE,0,0,0,0,-6,0,0
"latent_dependent",223,"unadjusted",TRUE,0.5,1,0,0,-3,0.5,3
"latent_dependent",223,"Holm",TRUE,0.333333333333333,1,0,0,-4,0.333333333333333,2
"latent_dependent",223,"BY",TRUE,0.333333333333333,1,0,0,-4,0.333333333333333,2
"latent_dependent",224,"unadjusted",TRUE,0.833333333333333,0.625,0.375,1,2,0.555555555555556,8
"latent_dependent",224,"Holm",TRUE,0,0,0,0,-6,0,0
"latent_dependent",224,"BY",TRUE,0,0,0,0,-6,0,0
"latent_dependent",225,"unadjusted",TRUE,0.833333333333333,0.833333333333333,0.166666666666667,1,0,0.714285714285714,6
"latent_dependent",225,"Holm",TRUE,0.333333333333333,1,0,0,-4,0.333333333333333,2
"latent_dependent",225,"BY",TRUE,0.166666666666667,1,0,0,-5,0.166666666666667,1
"latent_dependent",226,"unadjusted",TRUE,0.5,1,0,0,-3,0.5,3
"latent_dependent",226,"Holm",TRUE,0.166666666666667,1,0,0,-5,0.166666666666667,1
"latent_dependent",226,"BY",TRUE,0.166666666666667,1,0,0,-5,0.166666666666667,1
"latent_dependent",227,"unadjusted",TRUE,0.333333333333333,1,0,0,-4,0.333333333333333,2
"latent_dependent",227,"Holm",TRUE,0.333333333333333,1,0,0,-4,0.333333333333333,2
"latent_dependent",227,"BY",TRUE,0.166666666666667,1,0,0,-5,0.166666666666667,1
"latent_dependent",228,"unadjusted",TRUE,0.666666666666667,1,0,0,-2,0.666666666666667,4
"latent_dependent",228,"Holm",TRUE,0.166666666666667,1,0,0,-5,0.166666666666667,1
"latent_dependent",228,"BY",TRUE,0,0,0,0,-6,0,0
"latent_dependent",229,"unadjusted",TRUE,0.666666666666667,1,0,0,-2,0.666666666666667,4
"latent_dependent",229,"Holm",TRUE,0.5,1,0,0,-3,0.5,3
"latent_dependent",229,"BY",TRUE,0.5,1,0,0,-3,0.5,3
"latent_dependent",230,"unadjusted",TRUE,0.666666666666667,0.8,0.2,1,-1,0.571428571428571,5
"latent_dependent",230,"Holm",TRUE,0,0,0,0,-6,0,0
"latent_dependent",230,"BY",TRUE,0,0,0,0,-6,0,0
"latent_dependent",231,"unadjusted",TRUE,0.5,0.75,0.25,1,-2,0.428571428571429,4
"latent_dependent",231,"Holm",TRUE,0.333333333333333,1,0,0,-4,0.333333333333333,2
"latent_dependent",231,"BY",TRUE,0.166666666666667,1,0,0,-5,0.166666666666667,1
"latent_dependent",232,"unadjusted",TRUE,0.5,1,0,0,-3,0.5,3
"latent_dependent",232,"Holm",TRUE,0.166666666666667,1,0,0,-5,0.166666666666667,1
"latent_dependent",232,"BY",TRUE,0,0,0,0,-6,0,0
"latent_dependent",233,"unadjusted",TRUE,0.666666666666667,1,0,0,-2,0.666666666666667,4
"latent_dependent",233,"Holm",TRUE,0.333333333333333,1,0,0,-4,0.333333333333333,2
"latent_dependent",233,"BY",TRUE,0.333333333333333,1,0,0,-4,0.333333333333333,2
"latent_dependent",234,"unadjusted",TRUE,0.833333333333333,0.833333333333333,0.166666666666667,1,0,0.714285714285714,6
"latent_dependent",234,"Holm",TRUE,0.333333333333333,1,0,0,-4,0.333333333333333,2
"latent_dependent",234,"BY",TRUE,0.166666666666667,1,0,0,-5,0.166666666666667,1
"latent_dependent",235,"unadjusted",TRUE,0.5,1,0,0,-3,0.5,3
"latent_dependent",235,"Holm",TRUE,0.166666666666667,1,0,0,-5,0.166666666666667,1
"latent_dependent",235,"BY",TRUE,0.166666666666667,1,0,0,-5,0.166666666666667,1
"latent_dependent",236,"unadjusted",TRUE,0.5,0.75,0.25,1,-2,0.428571428571429,4
"latent_dependent",236,"Holm",TRUE,0,0,0,0,-6,0,0
"latent_dependent",236,"BY",TRUE,0,0,0,0,-6,0,0
"latent_dependent",237,"unadjusted",TRUE,1,0.857142857142857,0.142857142857143,1,1,0.857142857142857,7
"latent_dependent",237,"Holm",TRUE,0.5,1,0,0,-3,0.5,3
"latent_dependent",237,"BY",TRUE,0.5,1,0,0,-3,0.5,3
"latent_dependent",238,"unadjusted",TRUE,0.5,1,0,0,-3,0.5,3
"latent_dependent",238,"Holm",TRUE,0,0,0,0,-6,0,0
"latent_dependent",238,"BY",TRUE,0,0,0,0,-6,0,0
"latent_dependent",239,"unadjusted",TRUE,0.666666666666667,0.666666666666667,0.333333333333333,1,0,0.5,6
"latent_dependent",239,"Holm",TRUE,0.333333333333333,1,0,0,-4,0.333333333333333,2
"latent_dependent",239,"BY",TRUE,0.333333333333333,1,0,0,-4,0.333333333333333,2
"latent_dependent",240,"unadjusted",TRUE,0.833333333333333,1,0,0,-1,0.833333333333333,5
"latent_dependent",240,"Holm",TRUE,0.166666666666667,1,0,0,-5,0.166666666666667,1
"latent_dependent",240,"BY",TRUE,0,0,0,0,-6,0,0
"latent_dependent",241,"unadjusted",TRUE,0.833333333333333,0.833333333333333,0.166666666666667,1,0,0.714285714285714,6
"latent_dependent",241,"Holm",TRUE,0.333333333333333,1,0,0,-4,0.333333333333333,2
"latent_dependent",241,"BY",TRUE,0.166666666666667,1,0,0,-5,0.166666666666667,1
"latent_dependent",242,"unadjusted",TRUE,0.666666666666667,1,0,0,-2,0.666666666666667,4
"latent_dependent",242,"Holm",TRUE,0.333333333333333,1,0,0,-4,0.333333333333333,2
"latent_dependent",242,"BY",TRUE,0.333333333333333,1,0,0,-4,0.333333333333333,2
"latent_dependent",243,"unadjusted",TRUE,0.666666666666667,0.8,0.2,1,-1,0.571428571428571,5
"latent_dependent",243,"Holm",TRUE,0.333333333333333,1,0,0,-4,0.333333333333333,2
"latent_dependent",243,"BY",TRUE,0.166666666666667,1,0,0,-5,0.166666666666667,1
"latent_dependent",244,"unadjusted",TRUE,0.666666666666667,1,0,0,-2,0.666666666666667,4
"latent_dependent",244,"Holm",TRUE,0.166666666666667,1,0,0,-5,0.166666666666667,1
"latent_dependent",244,"BY",TRUE,0.166666666666667,1,0,0,-5,0.166666666666667,1
"latent_dependent",245,"unadjusted",TRUE,0.833333333333333,1,0,0,-1,0.833333333333333,5
"latent_dependent",245,"Holm",TRUE,0,0,0,0,-6,0,0
"latent_dependent",245,"BY",TRUE,0,0,0,0,-6,0,0
"latent_dependent",246,"unadjusted",TRUE,0.666666666666667,1,0,0,-2,0.666666666666667,4
"latent_dependent",246,"Holm",TRUE,0,0,0,0,-6,0,0
"latent_dependent",246,"BY",TRUE,0,0,0,0,-6,0,0
"latent_dependent",247,"unadjusted",TRUE,0.666666666666667,1,0,0,-2,0.666666666666667,4
"latent_dependent",247,"Holm",TRUE,0,0,0,0,-6,0,0
"latent_dependent",247,"BY",TRUE,0,0,0,0,-6,0,0
"latent_dependent",248,"unadjusted",TRUE,0.666666666666667,0.8,0.2,1,-1,0.571428571428571,5
"latent_dependent",248,"Holm",TRUE,0.166666666666667,1,0,0,-5,0.166666666666667,1
"latent_dependent",248,"BY",TRUE,0.166666666666667,1,0,0,-5,0.166666666666667,1
"latent_dependent",249,"unadjusted",TRUE,0.833333333333333,0.833333333333333,0.166666666666667,1,0,0.714285714285714,6
"latent_dependent",249,"Holm",TRUE,0.166666666666667,1,0,0,-5,0.166666666666667,1
"latent_dependent",249,"BY",TRUE,0.166666666666667,1,0,0,-5,0.166666666666667,1
"latent_dependent",250,"unadjusted",TRUE,0.833333333333333,1,0,0,-1,0.833333333333333,5
"latent_dependent",250,"Holm",TRUE,0.333333333333333,1,0,0,-4,0.333333333333333,2
"latent_dependent",250,"BY",TRUE,0,0,0,0,-6,0,0
"latent_dependent",251,"unadjusted",TRUE,0.666666666666667,1,0,0,-2,0.666666666666667,4
"latent_dependent",251,"Holm",TRUE,0.333333333333333,1,0,0,-4,0.333333333333333,2
"latent_dependent",251,"BY",TRUE,0.333333333333333,1,0,0,-4,0.333333333333333,2
"latent_dependent",252,"unadjusted",TRUE,0.5,1,0,0,-3,0.5,3
"latent_dependent",252,"Holm",TRUE,0.333333333333333,1,0,0,-4,0.333333333333333,2
"latent_dependent",252,"BY",TRUE,0.333333333333333,1,0,0,-4,0.333333333333333,2
"latent_dependent",253,"unadjusted",TRUE,0.666666666666667,0.8,0.2,1,-1,0.571428571428571,5
"latent_dependent",253,"Holm",TRUE,0.333333333333333,1,0,0,-4,0.333333333333333,2
"latent_dependent",253,"BY",TRUE,0.333333333333333,1,0,0,-4,0.333333333333333,2
"latent_dependent",254,"unadjusted",TRUE,0.666666666666667,1,0,0,-2,0.666666666666667,4
"latent_dependent",254,"Holm",TRUE,0,0,0,0,-6,0,0
"latent_dependent",254,"BY",TRUE,0,0,0,0,-6,0,0
"latent_dependent",255,"unadjusted",TRUE,0.666666666666667,1,0,0,-2,0.666666666666667,4
"latent_dependent",255,"Holm",TRUE,0,0,0,0,-6,0,0
"latent_dependent",255,"BY",TRUE,0,0,0,0,-6,0,0
"latent_dependent",256,"unadjusted",TRUE,0.833333333333333,1,0,0,-1,0.833333333333333,5
"latent_dependent",256,"Holm",TRUE,0,0,0,0,-6,0,0
"latent_dependent",256,"BY",TRUE,0,0,0,0,-6,0,0
"latent_dependent",257,"unadjusted",TRUE,1,0.857142857142857,0.142857142857143,1,1,0.857142857142857,7
"latent_dependent",257,"Holm",TRUE,0.5,1,0,0,-3,0.5,3
"latent_dependent",257,"BY",TRUE,0.5,1,0,0,-3,0.5,3
"latent_dependent",258,"unadjusted",TRUE,0.833333333333333,0.833333333333333,0.166666666666667,1,0,0.714285714285714,6
"latent_dependent",258,"Holm",TRUE,0.666666666666667,1,0,0,-2,0.666666666666667,4
"latent_dependent",258,"BY",TRUE,0.666666666666667,1,0,0,-2,0.666666666666667,4
"latent_dependent",259,"unadjusted",TRUE,0.666666666666667,0.666666666666667,0.333333333333333,1,0,0.5,6
"latent_dependent",259,"Holm",TRUE,0.166666666666667,1,0,0,-5,0.166666666666667,1
"latent_dependent",259,"BY",TRUE,0.166666666666667,1,0,0,-5,0.166666666666667,1
"latent_dependent",260,"unadjusted",TRUE,0.5,1,0,0,-3,0.5,3
"latent_dependent",260,"Holm",TRUE,0.166666666666667,1,0,0,-5,0.166666666666667,1
"latent_dependent",260,"BY",TRUE,0,0,0,0,-6,0,0
"latent_dependent",261,"unadjusted",TRUE,0.666666666666667,0.666666666666667,0.333333333333333,1,0,0.5,6
"latent_dependent",261,"Holm",TRUE,0,0,0,0,-6,0,0
"latent_dependent",261,"BY",TRUE,0,0,0,0,-6,0,0
"latent_dependent",262,"unadjusted",TRUE,0.5,0.75,0.25,1,-2,0.428571428571429,4
"latent_dependent",262,"Holm",TRUE,0.166666666666667,1,0,0,-5,0.166666666666667,1
"latent_dependent",262,"BY",TRUE,0,0,0,0,-6,0,0
"latent_dependent",263,"unadjusted",TRUE,0.666666666666667,1,0,0,-2,0.666666666666667,4
"latent_dependent",263,"Holm",TRUE,0.166666666666667,1,0,0,-5,0.166666666666667,1
"latent_dependent",263,"BY",TRUE,0.166666666666667,1,0,0,-5,0.166666666666667,1
"latent_dependent",264,"unadjusted",TRUE,0.5,1,0,0,-3,0.5,3
"latent_dependent",264,"Holm",TRUE,0,0,0,0,-6,0,0
"latent_dependent",264,"BY",TRUE,0,0,0,0,-6,0,0
"latent_dependent",265,"unadjusted",TRUE,0.666666666666667,0.8,0.2,1,-1,0.571428571428571,5
"latent_dependent",265,"Holm",TRUE,0.5,1,0,0,-3,0.5,3
"latent_dependent",265,"BY",TRUE,0.5,1,0,0,-3,0.5,3
"latent_dependent",266,"unadjusted",TRUE,0.333333333333333,0.5,0.5,1,-2,0.25,4
"latent_dependent",266,"Holm",TRUE,0,0,0,0,-6,0,0
"latent_dependent",266,"BY",TRUE,0,0,0,0,-6,0,0
"latent_dependent",267,"unadjusted",TRUE,0.5,1,0,0,-3,0.5,3
"latent_dependent",267,"Holm",TRUE,0.333333333333333,1,0,0,-4,0.333333333333333,2
"latent_dependent",267,"BY",TRUE,0.333333333333333,1,0,0,-4,0.333333333333333,2
"latent_dependent",268,"unadjusted",TRUE,0.666666666666667,1,0,0,-2,0.666666666666667,4
"latent_dependent",268,"Holm",TRUE,0.166666666666667,1,0,0,-5,0.166666666666667,1
"latent_dependent",268,"BY",TRUE,0,0,0,0,-6,0,0
"latent_dependent",269,"unadjusted",TRUE,0.5,0.75,0.25,1,-2,0.428571428571429,4
"latent_dependent",269,"Holm",TRUE,0.166666666666667,1,0,0,-5,0.166666666666667,1
"latent_dependent",269,"BY",TRUE,0,0,0,0,-6,0,0
"latent_dependent",270,"unadjusted",TRUE,0.5,1,0,0,-3,0.5,3
"latent_dependent",270,"Holm",TRUE,0.333333333333333,1,0,0,-4,0.333333333333333,2
"latent_dependent",270,"BY",TRUE,0.166666666666667,1,0,0,-5,0.166666666666667,1
"latent_dependent",271,"unadjusted",TRUE,0.833333333333333,1,0,0,-1,0.833333333333333,5
"latent_dependent",271,"Holm",TRUE,0.166666666666667,1,0,0,-5,0.166666666666667,1
"latent_dependent",271,"BY",TRUE,0.166666666666667,1,0,0,-5,0.166666666666667,1
"latent_dependent",272,"unadjusted",TRUE,0.666666666666667,0.8,0.2,1,-1,0.571428571428571,5
"latent_dependent",272,"Holm",TRUE,0.5,1,0,0,-3,0.5,3
"latent_dependent",272,"BY",TRUE,0.5,1,0,0,-3,0.5,3
"latent_dependent",273,"unadjusted",TRUE,0.5,1,0,0,-3,0.5,3
"latent_dependent",273,"Holm",TRUE,0.166666666666667,1,0,0,-5,0.166666666666667,1
"latent_dependent",273,"BY",TRUE,0.166666666666667,1,0,0,-5,0.166666666666667,1
"latent_dependent",274,"unadjusted",TRUE,0.666666666666667,1,0,0,-2,0.666666666666667,4
"latent_dependent",274,"Holm",TRUE,0.5,1,0,0,-3,0.5,3
"latent_dependent",274,"BY",TRUE,0.5,1,0,0,-3,0.5,3
"latent_dependent",275,"unadjusted",TRUE,0.5,0.6,0.4,1,-1,0.375,5
"latent_dependent",275,"Holm",TRUE,0,0,0,0,-6,0,0
"latent_dependent",275,"BY",TRUE,0,0,0,0,-6,0,0
"latent_dependent",276,"unadjusted",TRUE,0.333333333333333,1,0,0,-4,0.333333333333333,2
"latent_dependent",276,"Holm",TRUE,0,0,0,0,-6,0,0
"latent_dependent",276,"BY",TRUE,0,0,0,0,-6,0,0
"latent_dependent",277,"unadjusted",TRUE,0.833333333333333,1,0,0,-1,0.833333333333333,5
"latent_dependent",277,"Holm",TRUE,0.333333333333333,1,0,0,-4,0.333333333333333,2
"latent_dependent",277,"BY",TRUE,0.333333333333333,1,0,0,-4,0.333333333333333,2
"latent_dependent",278,"unadjusted",TRUE,0.5,1,0,0,-3,0.5,3
"latent_dependent",278,"Holm",TRUE,0,0,0,0,-6,0,0
"latent_dependent",278,"BY",TRUE,0,0,0,0,-6,0,0
"latent_dependent",279,"unadjusted",TRUE,0.833333333333333,0.833333333333333,0.166666666666667,1,0,0.714285714285714,6
"latent_dependent",279,"Holm",TRUE,0,0,0,0,-6,0,0
"latent_dependent",279,"BY",TRUE,0,0,0,0,-6,0,0
"latent_dependent",280,"unadjusted",TRUE,0.833333333333333,0.833333333333333,0.166666666666667,1,0,0.714285714285714,6
"latent_dependent",280,"Holm",TRUE,0.166666666666667,1,0,0,-5,0.166666666666667,1
"latent_dependent",280,"BY",TRUE,0,0,0,0,-6,0,0
"latent_dependent",281,"unadjusted",TRUE,0.833333333333333,1,0,0,-1,0.833333333333333,5
"latent_dependent",281,"Holm",TRUE,0.5,1,0,0,-3,0.5,3
"latent_dependent",281,"BY",TRUE,0.5,1,0,0,-3,0.5,3
"latent_dependent",282,"unadjusted",TRUE,0.666666666666667,1,0,0,-2,0.666666666666667,4
"latent_dependent",282,"Holm",TRUE,0.166666666666667,1,0,0,-5,0.166666666666667,1
"latent_dependent",282,"BY",TRUE,0,0,0,0,-6,0,0
"latent_dependent",283,"unadjusted",TRUE,0.5,0.75,0.25,1,-2,0.428571428571429,4
"latent_dependent",283,"Holm",TRUE,0.333333333333333,1,0,0,-4,0.333333333333333,2
"latent_dependent",283,"BY",TRUE,0.166666666666667,1,0,0,-5,0.166666666666667,1
"latent_dependent",284,"unadjusted",TRUE,0.833333333333333,0.833333333333333,0.166666666666667,1,0,0.714285714285714,6
"latent_dependent",284,"Holm",TRUE,0.166666666666667,1,0,0,-5,0.166666666666667,1
"latent_dependent",284,"BY",TRUE,0,0,0,0,-6,0,0
"latent_dependent",285,"unadjusted",TRUE,1,1,0,0,0,1,6
"latent_dependent",285,"Holm",TRUE,0,0,0,0,-6,0,0
"latent_dependent",285,"BY",TRUE,0,0,0,0,-6,0,0
"latent_dependent",286,"unadjusted",TRUE,0.833333333333333,0.833333333333333,0.166666666666667,1,0,0.714285714285714,6
"latent_dependent",286,"Holm",TRUE,0.166666666666667,1,0,0,-5,0.166666666666667,1
"latent_dependent",286,"BY",TRUE,0.166666666666667,1,0,0,-5,0.166666666666667,1
"latent_dependent",287,"unadjusted",TRUE,0.666666666666667,1,0,0,-2,0.666666666666667,4
"latent_dependent",287,"Holm",TRUE,0.333333333333333,1,0,0,-4,0.333333333333333,2
"latent_dependent",287,"BY",TRUE,0.166666666666667,1,0,0,-5,0.166666666666667,1
"latent_dependent",288,"unadjusted",TRUE,0.833333333333333,0.833333333333333,0.166666666666667,1,0,0.714285714285714,6
"latent_dependent",288,"Holm",TRUE,0.333333333333333,1,0,0,-4,0.333333333333333,2
"latent_dependent",288,"BY",TRUE,0.333333333333333,1,0,0,-4,0.333333333333333,2
"latent_dependent",289,"unadjusted",TRUE,0.833333333333333,1,0,0,-1,0.833333333333333,5
"latent_dependent",289,"Holm",TRUE,0.166666666666667,1,0,0,-5,0.166666666666667,1
"latent_dependent",289,"BY",TRUE,0.166666666666667,1,0,0,-5,0.166666666666667,1
"latent_dependent",290,"unadjusted",TRUE,0.666666666666667,1,0,0,-2,0.666666666666667,4
"latent_dependent",290,"Holm",TRUE,0.5,1,0,0,-3,0.5,3
"latent_dependent",290,"BY",TRUE,0.5,1,0,0,-3,0.5,3
"latent_dependent",291,"unadjusted",TRUE,0.666666666666667,0.666666666666667,0.333333333333333,1,0,0.5,6
"latent_dependent",291,"Holm",TRUE,0.333333333333333,1,0,0,-4,0.333333333333333,2
"latent_dependent",291,"BY",TRUE,0,0,0,0,-6,0,0
"latent_dependent",292,"unadjusted",TRUE,0.666666666666667,1,0,0,-2,0.666666666666667,4
"latent_dependent",292,"Holm",TRUE,0.333333333333333,1,0,0,-4,0.333333333333333,2
"latent_dependent",292,"BY",TRUE,0.333333333333333,1,0,0,-4,0.333333333333333,2
"latent_dependent",293,"unadjusted",TRUE,0.666666666666667,1,0,0,-2,0.666666666666667,4
"latent_dependent",293,"Holm",TRUE,0.5,1,0,0,-3,0.5,3
"latent_dependent",293,"BY",TRUE,0.5,1,0,0,-3,0.5,3
"latent_dependent",294,"unadjusted",TRUE,0.833333333333333,1,0,0,-1,0.833333333333333,5
"latent_dependent",294,"Holm",TRUE,0.5,1,0,0,-3,0.5,3
"latent_dependent",294,"BY",TRUE,0.5,1,0,0,-3,0.5,3
"latent_dependent",295,"unadjusted",TRUE,0.666666666666667,0.8,0.2,1,-1,0.571428571428571,5
"latent_dependent",295,"Holm",TRUE,0.166666666666667,1,0,0,-5,0.166666666666667,1
"latent_dependent",295,"BY",TRUE,0,0,0,0,-6,0,0
"latent_dependent",296,"unadjusted",TRUE,0.666666666666667,1,0,0,-2,0.666666666666667,4
"latent_dependent",296,"Holm",TRUE,0.166666666666667,1,0,0,-5,0.166666666666667,1
"latent_dependent",296,"BY",TRUE,0.166666666666667,1,0,0,-5,0.166666666666667,1
"latent_dependent",297,"unadjusted",TRUE,0.833333333333333,1,0,0,-1,0.833333333333333,5
"latent_dependent",297,"Holm",TRUE,0.166666666666667,1,0,0,-5,0.166666666666667,1
"latent_dependent",297,"BY",TRUE,0,0,0,0,-6,0,0
"latent_dependent",298,"unadjusted",TRUE,0.666666666666667,1,0,0,-2,0.666666666666667,4
"latent_dependent",298,"Holm",TRUE,0.166666666666667,1,0,0,-5,0.166666666666667,1
"latent_dependent",298,"BY",TRUE,0.166666666666667,1,0,0,-5,0.166666666666667,1
"latent_dependent",299,"unadjusted",TRUE,0.666666666666667,1,0,0,-2,0.666666666666667,4
"latent_dependent",299,"Holm",TRUE,0.666666666666667,1,0,0,-2,0.666666666666667,4
"latent_dependent",299,"BY",TRUE,0.666666666666667,1,0,0,-2,0.666666666666667,4
"latent_dependent",300,"unadjusted",TRUE,0.5,1,0,0,-3,0.5,3
"latent_dependent",300,"Holm",TRUE,0.333333333333333,1,0,0,-4,0.333333333333333,2
"latent_dependent",300,"BY",TRUE,0.166666666666667,1,0,0,-5,0.166666666666667,1
"latent_dependent",301,"unadjusted",TRUE,1,0.75,0.25,1,2,0.75,8
"latent_dependent",301,"Holm",TRUE,0.333333333333333,1,0,0,-4,0.333333333333333,2
"latent_dependent",301,"BY",TRUE,0.333333333333333,1,0,0,-4,0.333333333333333,2
"latent_dependent",302,"unadjusted",TRUE,0.666666666666667,1,0,0,-2,0.666666666666667,4
"latent_dependent",302,"Holm",TRUE,0.5,1,0,0,-3,0.5,3
"latent_dependent",302,"BY",TRUE,0.5,1,0,0,-3,0.5,3
"latent_dependent",303,"unadjusted",TRUE,0.666666666666667,0.8,0.2,1,-1,0.571428571428571,5
"latent_dependent",303,"Holm",TRUE,0.166666666666667,0.5,0.5,1,-4,0.142857142857143,2
"latent_dependent",303,"BY",TRUE,0.166666666666667,1,0,0,-5,0.166666666666667,1
"latent_dependent",304,"unadjusted",TRUE,0.833333333333333,1,0,0,-1,0.833333333333333,5
"latent_dependent",304,"Holm",TRUE,0.5,1,0,0,-3,0.5,3
"latent_dependent",304,"BY",TRUE,0.5,1,0,0,-3,0.5,3
"latent_dependent",305,"unadjusted",TRUE,0.666666666666667,0.8,0.2,1,-1,0.571428571428571,5
"latent_dependent",305,"Holm",TRUE,0.333333333333333,1,0,0,-4,0.333333333333333,2
"latent_dependent",305,"BY",TRUE,0.166666666666667,1,0,0,-5,0.166666666666667,1
"latent_dependent",306,"unadjusted",TRUE,0.333333333333333,1,0,0,-4,0.333333333333333,2
"latent_dependent",306,"Holm",TRUE,0,0,0,0,-6,0,0
"latent_dependent",306,"BY",TRUE,0,0,0,0,-6,0,0
"latent_dependent",307,"unadjusted",TRUE,1,0.857142857142857,0.142857142857143,1,1,0.857142857142857,7
"latent_dependent",307,"Holm",TRUE,0.166666666666667,1,0,0,-5,0.166666666666667,1
"latent_dependent",307,"BY",TRUE,0,0,0,0,-6,0,0
"latent_dependent",308,"unadjusted",TRUE,0.5,1,0,0,-3,0.5,3
"latent_dependent",308,"Holm",TRUE,0,0,0,0,-6,0,0
"latent_dependent",308,"BY",TRUE,0,0,0,0,-6,0,0
"latent_dependent",309,"unadjusted",TRUE,0.5,1,0,0,-3,0.5,3
"latent_dependent",309,"Holm",TRUE,0.166666666666667,1,0,0,-5,0.166666666666667,1
"latent_dependent",309,"BY",TRUE,0.166666666666667,1,0,0,-5,0.166666666666667,1
"latent_dependent",310,"unadjusted",TRUE,0.666666666666667,1,0,0,-2,0.666666666666667,4
"latent_dependent",310,"Holm",TRUE,0.166666666666667,1,0,0,-5,0.166666666666667,1
"latent_dependent",310,"BY",TRUE,0,0,0,0,-6,0,0
"latent_dependent",311,"unadjusted",TRUE,0.666666666666667,1,0,0,-2,0.666666666666667,4
"latent_dependent",311,"Holm",TRUE,0,0,0,0,-6,0,0
"latent_dependent",311,"BY",TRUE,0,0,0,0,-6,0,0
"latent_dependent",312,"unadjusted",TRUE,0.666666666666667,1,0,0,-2,0.666666666666667,4
"latent_dependent",312,"Holm",TRUE,0.333333333333333,1,0,0,-4,0.333333333333333,2
"latent_dependent",312,"BY",TRUE,0,0,0,0,-6,0,0
"latent_dependent",313,"unadjusted",TRUE,0.5,1,0,0,-3,0.5,3
"latent_dependent",313,"Holm",TRUE,0.333333333333333,1,0,0,-4,0.333333333333333,2
"latent_dependent",313,"BY",TRUE,0,0,0,0,-6,0,0
"latent_dependent",314,"unadjusted",TRUE,0.333333333333333,1,0,0,-4,0.333333333333333,2
"latent_dependent",314,"Holm",TRUE,0.166666666666667,1,0,0,-5,0.166666666666667,1
"latent_dependent",314,"BY",TRUE,0,0,0,0,-6,0,0
"latent_dependent",315,"unadjusted",TRUE,0.833333333333333,0.625,0.375,1,2,0.555555555555556,8
"latent_dependent",315,"Holm",TRUE,0.166666666666667,1,0,0,-5,0.166666666666667,1
"latent_dependent",315,"BY",TRUE,0.166666666666667,1,0,0,-5,0.166666666666667,1
"latent_dependent",316,"unadjusted",TRUE,1,1,0,0,0,1,6
"latent_dependent",316,"Holm",TRUE,0.333333333333333,1,0,0,-4,0.333333333333333,2
"latent_dependent",316,"BY",TRUE,0.166666666666667,1,0,0,-5,0.166666666666667,1
"latent_dependent",317,"unadjusted",TRUE,0.666666666666667,1,0,0,-2,0.666666666666667,4
"latent_dependent",317,"Holm",TRUE,0,0,0,0,-6,0,0
"latent_dependent",317,"BY",TRUE,0,0,0,0,-6,0,0
"latent_dependent",318,"unadjusted",TRUE,0.666666666666667,1,0,0,-2,0.666666666666667,4
"latent_dependent",318,"Holm",TRUE,0.166666666666667,1,0,0,-5,0.166666666666667,1
"latent_dependent",318,"BY",TRUE,0,0,0,0,-6,0,0
"latent_dependent",319,"unadjusted",TRUE,0.666666666666667,1,0,0,-2,0.666666666666667,4
"latent_dependent",319,"Holm",TRUE,0.333333333333333,1,0,0,-4,0.333333333333333,2
"latent_dependent",319,"BY",TRUE,0,0,0,0,-6,0,0
"latent_dependent",320,"unadjusted",TRUE,0.833333333333333,1,0,0,-1,0.833333333333333,5
"latent_dependent",320,"Holm",TRUE,0.5,1,0,0,-3,0.5,3
"latent_dependent",320,"BY",TRUE,0.5,1,0,0,-3,0.5,3
"latent_dependent",321,"unadjusted",TRUE,0.666666666666667,0.8,0.2,1,-1,0.571428571428571,5
"latent_dependent",321,"Holm",TRUE,0,0,0,0,-6,0,0
"latent_dependent",321,"BY",TRUE,0,0,0,0,-6,0,0
"latent_dependent",322,"unadjusted",TRUE,0.5,1,0,0,-3,0.5,3
"latent_dependent",322,"Holm",TRUE,0,0,0,0,-6,0,0
"latent_dependent",322,"BY",TRUE,0,0,0,0,-6,0,0
"latent_dependent",323,"unadjusted",TRUE,1,1,0,0,0,1,6
"latent_dependent",323,"Holm",TRUE,0.166666666666667,1,0,0,-5,0.166666666666667,1
"latent_dependent",323,"BY",TRUE,0,0,0,0,-6,0,0
"latent_dependent",324,"unadjusted",TRUE,0.833333333333333,0.714285714285714,0.285714285714286,1,1,0.625,7
"latent_dependent",324,"Holm",TRUE,0.333333333333333,1,0,0,-4,0.333333333333333,2
"latent_dependent",324,"BY",TRUE,0.166666666666667,1,0,0,-5,0.166666666666667,1
"latent_dependent",325,"unadjusted",TRUE,0.833333333333333,1,0,0,-1,0.833333333333333,5
"latent_dependent",325,"Holm",TRUE,0.166666666666667,1,0,0,-5,0.166666666666667,1
"latent_dependent",325,"BY",TRUE,0.166666666666667,1,0,0,-5,0.166666666666667,1
"latent_dependent",326,"unadjusted",TRUE,0.833333333333333,1,0,0,-1,0.833333333333333,5
"latent_dependent",326,"Holm",TRUE,0,0,0,0,-6,0,0
"latent_dependent",326,"BY",TRUE,0,0,0,0,-6,0,0
"latent_dependent",327,"unadjusted",TRUE,0.833333333333333,0.833333333333333,0.166666666666667,1,0,0.714285714285714,6
"latent_dependent",327,"Holm",TRUE,0.666666666666667,1,0,0,-2,0.666666666666667,4
"latent_dependent",327,"BY",TRUE,0.833333333333333,1,0,0,-1,0.833333333333333,5
"latent_dependent",328,"unadjusted",TRUE,0.833333333333333,0.714285714285714,0.285714285714286,1,1,0.625,7
"latent_dependent",328,"Holm",TRUE,0.333333333333333,1,0,0,-4,0.333333333333333,2
"latent_dependent",328,"BY",TRUE,0.333333333333333,1,0,0,-4,0.333333333333333,2
"latent_dependent",329,"unadjusted",TRUE,0.5,1,0,0,-3,0.5,3
"latent_dependent",329,"Holm",TRUE,0.333333333333333,1,0,0,-4,0.333333333333333,2
"latent_dependent",329,"BY",TRUE,0,0,0,0,-6,0,0
"latent_dependent",330,"unadjusted",TRUE,0.666666666666667,1,0,0,-2,0.666666666666667,4
"latent_dependent",330,"Holm",TRUE,0,0,0,0,-6,0,0
"latent_dependent",330,"BY",TRUE,0,0,0,0,-6,0,0
"latent_dependent",331,"unadjusted",TRUE,0.5,0.75,0.25,1,-2,0.428571428571429,4
"latent_dependent",331,"Holm",TRUE,0.166666666666667,1,0,0,-5,0.166666666666667,1
"latent_dependent",331,"BY",TRUE,0,0,0,0,-6,0,0
"latent_dependent",332,"unadjusted",TRUE,0.666666666666667,0.8,0.2,1,-1,0.571428571428571,5
"latent_dependent",332,"Holm",TRUE,0.333333333333333,1,0,0,-4,0.333333333333333,2
"latent_dependent",332,"BY",TRUE,0.166666666666667,1,0,0,-5,0.166666666666667,1
"latent_dependent",333,"unadjusted",TRUE,0.333333333333333,0.666666666666667,0.333333333333333,1,-3,0.285714285714286,3
"latent_dependent",333,"Holm",TRUE,0,0,0,0,-6,0,0
"latent_dependent",333,"BY",TRUE,0,0,0,0,-6,0,0
"latent_dependent",334,"unadjusted",TRUE,0.666666666666667,1,0,0,-2,0.666666666666667,4
"latent_dependent",334,"Holm",TRUE,0,0,0,0,-6,0,0
"latent_dependent",334,"BY",TRUE,0,0,0,0,-6,0,0
"latent_dependent",335,"unadjusted",TRUE,1,1,0,0,0,1,6
"latent_dependent",335,"Holm",TRUE,0.333333333333333,1,0,0,-4,0.333333333333333,2
"latent_dependent",335,"BY",TRUE,0,0,0,0,-6,0,0
"latent_dependent",336,"unadjusted",TRUE,0.5,1,0,0,-3,0.5,3
"latent_dependent",336,"Holm",TRUE,0.166666666666667,1,0,0,-5,0.166666666666667,1
"latent_dependent",336,"BY",TRUE,0,0,0,0,-6,0,0
"latent_dependent",337,"unadjusted",TRUE,1,1,0,0,0,1,6
"latent_dependent",337,"Holm",TRUE,0.5,1,0,0,-3,0.5,3
"latent_dependent",337,"BY",TRUE,0.5,1,0,0,-3,0.5,3
"latent_dependent",338,"unadjusted",TRUE,0.666666666666667,1,0,0,-2,0.666666666666667,4
"latent_dependent",338,"Holm",TRUE,0.333333333333333,1,0,0,-4,0.333333333333333,2
"latent_dependent",338,"BY",TRUE,0.166666666666667,1,0,0,-5,0.166666666666667,1
"latent_dependent",339,"unadjusted",TRUE,0.666666666666667,0.8,0.2,1,-1,0.571428571428571,5
"latent_dependent",339,"Holm",TRUE,0.5,1,0,0,-3,0.5,3
"latent_dependent",339,"BY",TRUE,0.5,1,0,0,-3,0.5,3
"latent_dependent",340,"unadjusted",TRUE,0.5,0.75,0.25,1,-2,0.428571428571429,4
"latent_dependent",340,"Holm",TRUE,0.166666666666667,1,0,0,-5,0.166666666666667,1
"latent_dependent",340,"BY",TRUE,0.166666666666667,1,0,0,-5,0.166666666666667,1
"latent_dependent",341,"unadjusted",TRUE,0.333333333333333,1,0,0,-4,0.333333333333333,2
"latent_dependent",341,"Holm",TRUE,0.166666666666667,1,0,0,-5,0.166666666666667,1
"latent_dependent",341,"BY",TRUE,0.166666666666667,1,0,0,-5,0.166666666666667,1
"latent_dependent",342,"unadjusted",TRUE,0.333333333333333,1,0,0,-4,0.333333333333333,2
"latent_dependent",342,"Holm",TRUE,0,0,0,0,-6,0,0
"latent_dependent",342,"BY",TRUE,0,0,0,0,-6,0,0
"latent_dependent",343,"unadjusted",TRUE,0.333333333333333,1,0,0,-4,0.333333333333333,2
"latent_dependent",343,"Holm",TRUE,0,0,0,0,-6,0,0
"latent_dependent",343,"BY",TRUE,0,0,0,0,-6,0,0
"latent_dependent",344,"unadjusted",TRUE,0.666666666666667,0.8,0.2,1,-1,0.571428571428571,5
"latent_dependent",344,"Holm",TRUE,0,0,0,0,-6,0,0
"latent_dependent",344,"BY",TRUE,0,0,0,0,-6,0,0
"latent_dependent",345,"unadjusted",TRUE,0.833333333333333,0.833333333333333,0.166666666666667,1,0,0.714285714285714,6
"latent_dependent",345,"Holm",TRUE,0.5,1,0,0,-3,0.5,3
"latent_dependent",345,"BY",TRUE,0.5,1,0,0,-3,0.5,3
"latent_dependent",346,"unadjusted",TRUE,0.833333333333333,0.833333333333333,0.166666666666667,1,0,0.714285714285714,6
"latent_dependent",346,"Holm",TRUE,0,0,0,0,-6,0,0
"latent_dependent",346,"BY",TRUE,0,0,0,0,-6,0,0
"latent_dependent",347,"unadjusted",TRUE,0.333333333333333,1,0,0,-4,0.333333333333333,2
"latent_dependent",347,"Holm",TRUE,0,0,0,0,-6,0,0
"latent_dependent",347,"BY",TRUE,0,0,0,0,-6,0,0
"latent_dependent",348,"unadjusted",TRUE,0.5,1,0,0,-3,0.5,3
"latent_dependent",348,"Holm",TRUE,0.166666666666667,1,0,0,-5,0.166666666666667,1
"latent_dependent",348,"BY",TRUE,0.166666666666667,1,0,0,-5,0.166666666666667,1
"latent_dependent",349,"unadjusted",TRUE,0.5,0.5,0.5,1,0,0.333333333333333,6
"latent_dependent",349,"Holm",TRUE,0.333333333333333,1,0,0,-4,0.333333333333333,2
"latent_dependent",349,"BY",TRUE,0.166666666666667,1,0,0,-5,0.166666666666667,1
"latent_dependent",350,"unadjusted",TRUE,0.666666666666667,0.8,0.2,1,-1,0.571428571428571,5
"latent_dependent",350,"Holm",TRUE,0,0,0,0,-6,0,0
"latent_dependent",350,"BY",TRUE,0,0,0,0,-6,0,0
"latent_dependent",351,"unadjusted",TRUE,1,0.857142857142857,0.142857142857143,1,1,0.857142857142857,7
"latent_dependent",351,"Holm",TRUE,0.5,1,0,0,-3,0.5,3
"latent_dependent",351,"BY",TRUE,0.5,1,0,0,-3,0.5,3
"latent_dependent",352,"unadjusted",TRUE,0.666666666666667,1,0,0,-2,0.666666666666667,4
"latent_dependent",352,"Holm",TRUE,0,0,0,0,-6,0,0
"latent_dependent",352,"BY",TRUE,0,0,0,0,-6,0,0
"latent_dependent",353,"unadjusted",TRUE,0.833333333333333,1,0,0,-1,0.833333333333333,5
"latent_dependent",353,"Holm",TRUE,0.666666666666667,1,0,0,-2,0.666666666666667,4
"latent_dependent",353,"BY",TRUE,0.666666666666667,1,0,0,-2,0.666666666666667,4
"latent_dependent",354,"unadjusted",TRUE,0.666666666666667,1,0,0,-2,0.666666666666667,4
"latent_dependent",354,"Holm",TRUE,0,0,0,0,-6,0,0
"latent_dependent",354,"BY",TRUE,0,0,0,0,-6,0,0
"latent_dependent",355,"unadjusted",TRUE,0.333333333333333,1,0,0,-4,0.333333333333333,2
"latent_dependent",355,"Holm",TRUE,0.166666666666667,1,0,0,-5,0.166666666666667,1
"latent_dependent",355,"BY",TRUE,0,0,0,0,-6,0,0
"latent_dependent",356,"unadjusted",TRUE,0.666666666666667,1,0,0,-2,0.666666666666667,4
"latent_dependent",356,"Holm",TRUE,0.333333333333333,1,0,0,-4,0.333333333333333,2
"latent_dependent",356,"BY",TRUE,0.166666666666667,1,0,0,-5,0.166666666666667,1
"latent_dependent",357,"unadjusted",TRUE,0.333333333333333,1,0,0,-4,0.333333333333333,2
"latent_dependent",357,"Holm",TRUE,0,0,0,0,-6,0,0
"latent_dependent",357,"BY",TRUE,0,0,0,0,-6,0,0
"latent_dependent",358,"unadjusted",TRUE,0.833333333333333,1,0,0,-1,0.833333333333333,5
"latent_dependent",358,"Holm",TRUE,0.333333333333333,1,0,0,-4,0.333333333333333,2
"latent_dependent",358,"BY",TRUE,0.166666666666667,1,0,0,-5,0.166666666666667,1
"latent_dependent",359,"unadjusted",TRUE,0.666666666666667,1,0,0,-2,0.666666666666667,4
"latent_dependent",359,"Holm",TRUE,0.333333333333333,1,0,0,-4,0.333333333333333,2
"latent_dependent",359,"BY",TRUE,0.333333333333333,1,0,0,-4,0.333333333333333,2
"latent_dependent",360,"unadjusted",TRUE,0.666666666666667,1,0,0,-2,0.666666666666667,4
"latent_dependent",360,"Holm",TRUE,0.333333333333333,1,0,0,-4,0.333333333333333,2
"latent_dependent",360,"BY",TRUE,0.333333333333333,1,0,0,-4,0.333333333333333,2
"latent_dependent",361,"unadjusted",TRUE,0.5,1,0,0,-3,0.5,3
"latent_dependent",361,"Holm",TRUE,0,0,0,0,-6,0,0
"latent_dependent",361,"BY",TRUE,0,0,0,0,-6,0,0
"latent_dependent",362,"unadjusted",TRUE,0.666666666666667,1,0,0,-2,0.666666666666667,4
"latent_dependent",362,"Holm",TRUE,0.333333333333333,1,0,0,-4,0.333333333333333,2
"latent_dependent",362,"BY",TRUE,0.166666666666667,1,0,0,-5,0.166666666666667,1
"latent_dependent",363,"unadjusted",TRUE,0.666666666666667,1,0,0,-2,0.666666666666667,4
"latent_dependent",363,"Holm",TRUE,0.166666666666667,1,0,0,-5,0.166666666666667,1
"latent_dependent",363,"BY",TRUE,0.166666666666667,1,0,0,-5,0.166666666666667,1
"latent_dependent",364,"unadjusted",TRUE,0.666666666666667,0.8,0.2,1,-1,0.571428571428571,5
"latent_dependent",364,"Holm",TRUE,0,0,0,0,-6,0,0
"latent_dependent",364,"BY",TRUE,0,0,0,0,-6,0,0
"latent_dependent",365,"unadjusted",TRUE,0.666666666666667,1,0,0,-2,0.666666666666667,4
"latent_dependent",365,"Holm",TRUE,0.166666666666667,1,0,0,-5,0.166666666666667,1
"latent_dependent",365,"BY",TRUE,0.166666666666667,1,0,0,-5,0.166666666666667,1
"latent_dependent",366,"unadjusted",TRUE,0.5,0.75,0.25,1,-2,0.428571428571429,4
"latent_dependent",366,"Holm",TRUE,0.166666666666667,1,0,0,-5,0.166666666666667,1
"latent_dependent",366,"BY",TRUE,0.166666666666667,1,0,0,-5,0.166666666666667,1
"latent_dependent",367,"unadjusted",TRUE,1,1,0,0,0,1,6
"latent_dependent",367,"Holm",TRUE,0.166666666666667,1,0,0,-5,0.166666666666667,1
"latent_dependent",367,"BY",TRUE,0,0,0,0,-6,0,0
"latent_dependent",368,"unadjusted",TRUE,0.666666666666667,1,0,0,-2,0.666666666666667,4
"latent_dependent",368,"Holm",TRUE,0.166666666666667,1,0,0,-5,0.166666666666667,1
"latent_dependent",368,"BY",TRUE,0.166666666666667,1,0,0,-5,0.166666666666667,1
"latent_dependent",369,"unadjusted",TRUE,0.666666666666667,1,0,0,-2,0.666666666666667,4
"latent_dependent",369,"Holm",TRUE,0,0,0,0,-6,0,0
"latent_dependent",369,"BY",TRUE,0,0,0,0,-6,0,0
"latent_dependent",370,"unadjusted",TRUE,0.5,1,0,0,-3,0.5,3
"latent_dependent",370,"Holm",TRUE,0.166666666666667,1,0,0,-5,0.166666666666667,1
"latent_dependent",370,"BY",TRUE,0,0,0,0,-6,0,0
"latent_dependent",371,"unadjusted",TRUE,1,0.857142857142857,0.142857142857143,1,1,0.857142857142857,7
"latent_dependent",371,"Holm",TRUE,0,0,0,0,-6,0,0
"latent_dependent",371,"BY",TRUE,0,0,0,0,-6,0,0
"latent_dependent",372,"unadjusted",TRUE,0.666666666666667,1,0,0,-2,0.666666666666667,4
"latent_dependent",372,"Holm",TRUE,0.333333333333333,1,0,0,-4,0.333333333333333,2
"latent_dependent",372,"BY",TRUE,0.166666666666667,1,0,0,-5,0.166666666666667,1
"latent_dependent",373,"unadjusted",TRUE,0.5,0.75,0.25,1,-2,0.428571428571429,4
"latent_dependent",373,"Holm",TRUE,0,0,0,0,-6,0,0
"latent_dependent",373,"BY",TRUE,0,0,0,0,-6,0,0
"latent_dependent",374,"unadjusted",TRUE,0.5,1,0,0,-3,0.5,3
"latent_dependent",374,"Holm",TRUE,0.333333333333333,1,0,0,-4,0.333333333333333,2
"latent_dependent",374,"BY",TRUE,0.166666666666667,1,0,0,-5,0.166666666666667,1
"latent_dependent",375,"unadjusted",TRUE,0.666666666666667,0.666666666666667,0.333333333333333,1,0,0.5,6
"latent_dependent",375,"Holm",TRUE,0.333333333333333,1,0,0,-4,0.333333333333333,2
"latent_dependent",375,"BY",TRUE,0.333333333333333,1,0,0,-4,0.333333333333333,2
"latent_dependent",376,"unadjusted",TRUE,0.666666666666667,0.8,0.2,1,-1,0.571428571428571,5
"latent_dependent",376,"Holm",TRUE,0.166666666666667,1,0,0,-5,0.166666666666667,1
"latent_dependent",376,"BY",TRUE,0,0,0,0,-6,0,0
"latent_dependent",377,"unadjusted",TRUE,0.833333333333333,0.833333333333333,0.166666666666667,1,0,0.714285714285714,6
"latent_dependent",377,"Holm",TRUE,0.5,1,0,0,-3,0.5,3
"latent_dependent",377,"BY",TRUE,0.5,1,0,0,-3,0.5,3
"latent_dependent",378,"unadjusted",TRUE,0.5,0.75,0.25,1,-2,0.428571428571429,4
"latent_dependent",378,"Holm",TRUE,0.333333333333333,1,0,0,-4,0.333333333333333,2
"latent_dependent",378,"BY",TRUE,0.333333333333333,1,0,0,-4,0.333333333333333,2
"latent_dependent",379,"unadjusted",TRUE,0.666666666666667,0.8,0.2,1,-1,0.571428571428571,5
"latent_dependent",379,"Holm",TRUE,0.5,1,0,0,-3,0.5,3
"latent_dependent",379,"BY",TRUE,0.5,1,0,0,-3,0.5,3
"latent_dependent",380,"unadjusted",TRUE,0.833333333333333,1,0,0,-1,0.833333333333333,5
"latent_dependent",380,"Holm",TRUE,0.333333333333333,1,0,0,-4,0.333333333333333,2
"latent_dependent",380,"BY",TRUE,0.166666666666667,1,0,0,-5,0.166666666666667,1
"latent_dependent",381,"unadjusted",TRUE,0.333333333333333,1,0,0,-4,0.333333333333333,2
"latent_dependent",381,"Holm",TRUE,0,0,0,0,-6,0,0
"latent_dependent",381,"BY",TRUE,0,0,0,0,-6,0,0
"latent_dependent",382,"unadjusted",TRUE,0.5,0.75,0.25,1,-2,0.428571428571429,4
"latent_dependent",382,"Holm",TRUE,0.166666666666667,1,0,0,-5,0.166666666666667,1
"latent_dependent",382,"BY",TRUE,0,0,0,0,-6,0,0
"latent_dependent",383,"unadjusted",TRUE,0.666666666666667,1,0,0,-2,0.666666666666667,4
"latent_dependent",383,"Holm",TRUE,0.333333333333333,1,0,0,-4,0.333333333333333,2
"latent_dependent",383,"BY",TRUE,0.333333333333333,1,0,0,-4,0.333333333333333,2
"latent_dependent",384,"unadjusted",TRUE,0.5,1,0,0,-3,0.5,3
"latent_dependent",384,"Holm",TRUE,0,0,0,0,-6,0,0
"latent_dependent",384,"BY",TRUE,0,0,0,0,-6,0,0
"latent_dependent",385,"unadjusted",TRUE,0.5,0.75,0.25,1,-2,0.428571428571429,4
"latent_dependent",385,"Holm",TRUE,0.166666666666667,1,0,0,-5,0.166666666666667,1
"latent_dependent",385,"BY",TRUE,0,0,0,0,-6,0,0
"latent_dependent",386,"unadjusted",TRUE,0.833333333333333,1,0,0,-1,0.833333333333333,5
"latent_dependent",386,"Holm",TRUE,0.166666666666667,1,0,0,-5,0.166666666666667,1
"latent_dependent",386,"BY",TRUE,0,0,0,0,-6,0,0
"latent_dependent",387,"unadjusted",TRUE,0.666666666666667,1,0,0,-2,0.666666666666667,4
"latent_dependent",387,"Holm",TRUE,0.5,1,0,0,-3,0.5,3
"latent_dependent",387,"BY",TRUE,0.5,1,0,0,-3,0.5,3
"latent_dependent",388,"unadjusted",TRUE,0.833333333333333,1,0,0,-1,0.833333333333333,5
"latent_dependent",388,"Holm",TRUE,0.166666666666667,1,0,0,-5,0.166666666666667,1
"latent_dependent",388,"BY",TRUE,0,0,0,0,-6,0,0
"latent_dependent",389,"unadjusted",TRUE,0.666666666666667,0.8,0.2,1,-1,0.571428571428571,5
"latent_dependent",389,"Holm",TRUE,0.166666666666667,1,0,0,-5,0.166666666666667,1
"latent_dependent",389,"BY",TRUE,0.166666666666667,1,0,0,-5,0.166666666666667,1
"latent_dependent",390,"unadjusted",TRUE,0.833333333333333,1,0,0,-1,0.833333333333333,5
"latent_dependent",390,"Holm",TRUE,0.5,1,0,0,-3,0.5,3
"latent_dependent",390,"BY",TRUE,0.5,1,0,0,-3,0.5,3
"latent_dependent",391,"unadjusted",TRUE,0.666666666666667,0.666666666666667,0.333333333333333,1,0,0.5,6
"latent_dependent",391,"Holm",TRUE,0.333333333333333,1,0,0,-4,0.333333333333333,2
"latent_dependent",391,"BY",TRUE,0.333333333333333,1,0,0,-4,0.333333333333333,2
"latent_dependent",392,"unadjusted",TRUE,0.666666666666667,1,0,0,-2,0.666666666666667,4
"latent_dependent",392,"Holm",TRUE,0.166666666666667,1,0,0,-5,0.166666666666667,1
"latent_dependent",392,"BY",TRUE,0.166666666666667,1,0,0,-5,0.166666666666667,1
"latent_dependent",393,"unadjusted",TRUE,0.166666666666667,0.333333333333333,0.666666666666667,1,-3,0.125,3
"latent_dependent",393,"Holm",TRUE,0.166666666666667,1,0,0,-5,0.166666666666667,1
"latent_dependent",393,"BY",TRUE,0.166666666666667,1,0,0,-5,0.166666666666667,1
"latent_dependent",394,"unadjusted",TRUE,0.833333333333333,1,0,0,-1,0.833333333333333,5
"latent_dependent",394,"Holm",TRUE,0.5,1,0,0,-3,0.5,3
"latent_dependent",394,"BY",TRUE,0.5,1,0,0,-3,0.5,3
"latent_dependent",395,"unadjusted",TRUE,0.5,1,0,0,-3,0.5,3
"latent_dependent",395,"Holm",TRUE,0.333333333333333,1,0,0,-4,0.333333333333333,2
"latent_dependent",395,"BY",TRUE,0.333333333333333,1,0,0,-4,0.333333333333333,2
"latent_dependent",396,"unadjusted",TRUE,0.5,1,0,0,-3,0.5,3
"latent_dependent",396,"Holm",TRUE,0,0,0,0,-6,0,0
"latent_dependent",396,"BY",TRUE,0,0,0,0,-6,0,0
"latent_dependent",397,"unadjusted",TRUE,0.666666666666667,1,0,0,-2,0.666666666666667,4
"latent_dependent",397,"Holm",TRUE,0,0,0,0,-6,0,0
"latent_dependent",397,"BY",TRUE,0,0,0,0,-6,0,0
"latent_dependent",398,"unadjusted",TRUE,0.5,0.75,0.25,1,-2,0.428571428571429,4
"latent_dependent",398,"Holm",TRUE,0,0,0,0,-6,0,0
"latent_dependent",398,"BY",TRUE,0,0,0,0,-6,0,0
"latent_dependent",399,"unadjusted",TRUE,0.5,1,0,0,-3,0.5,3
"latent_dependent",399,"Holm",TRUE,0.333333333333333,1,0,0,-4,0.333333333333333,2
"latent_dependent",399,"BY",TRUE,0.333333333333333,1,0,0,-4,0.333333333333333,2
"latent_dependent",400,"unadjusted",TRUE,0.833333333333333,1,0,0,-1,0.833333333333333,5
"latent_dependent",400,"Holm",TRUE,0,0,0,0,-6,0,0
"latent_dependent",400,"BY",TRUE,0,0,0,0,-6,0,0
"latent_dependent",401,"unadjusted",TRUE,1,1,0,0,0,1,6
"latent_dependent",401,"Holm",TRUE,0.5,1,0,0,-3,0.5,3
"latent_dependent",401,"BY",TRUE,0.5,1,0,0,-3,0.5,3
"latent_dependent",402,"unadjusted",TRUE,0.5,1,0,0,-3,0.5,3
"latent_dependent",402,"Holm",TRUE,0.333333333333333,1,0,0,-4,0.333333333333333,2
"latent_dependent",402,"BY",TRUE,0.166666666666667,1,0,0,-5,0.166666666666667,1
"latent_dependent",403,"unadjusted",TRUE,0.666666666666667,1,0,0,-2,0.666666666666667,4
"latent_dependent",403,"Holm",TRUE,0.333333333333333,1,0,0,-4,0.333333333333333,2
"latent_dependent",403,"BY",TRUE,0.333333333333333,1,0,0,-4,0.333333333333333,2
"latent_dependent",404,"unadjusted",TRUE,0.333333333333333,0.666666666666667,0.333333333333333,1,-3,0.285714285714286,3
"latent_dependent",404,"Holm",TRUE,0,0,0,0,-6,0,0
"latent_dependent",404,"BY",TRUE,0,0,0,0,-6,0,0
"latent_dependent",405,"unadjusted",TRUE,0.833333333333333,0.714285714285714,0.285714285714286,1,1,0.625,7
"latent_dependent",405,"Holm",TRUE,0.5,1,0,0,-3,0.5,3
"latent_dependent",405,"BY",TRUE,0.5,1,0,0,-3,0.5,3
"latent_dependent",406,"unadjusted",TRUE,1,1,0,0,0,1,6
"latent_dependent",406,"Holm",TRUE,0,0,0,0,-6,0,0
"latent_dependent",406,"BY",TRUE,0,0,0,0,-6,0,0
"latent_dependent",407,"unadjusted",TRUE,0.5,1,0,0,-3,0.5,3
"latent_dependent",407,"Holm",TRUE,0,0,0,0,-6,0,0
"latent_dependent",407,"BY",TRUE,0,0,0,0,-6,0,0
"latent_dependent",408,"unadjusted",TRUE,0.5,0.75,0.25,1,-2,0.428571428571429,4
"latent_dependent",408,"Holm",TRUE,0,0,0,0,-6,0,0
"latent_dependent",408,"BY",TRUE,0,0,0,0,-6,0,0
"latent_dependent",409,"unadjusted",TRUE,0.666666666666667,1,0,0,-2,0.666666666666667,4
"latent_dependent",409,"Holm",TRUE,0.666666666666667,1,0,0,-2,0.666666666666667,4
"latent_dependent",409,"BY",TRUE,0.666666666666667,1,0,0,-2,0.666666666666667,4
"latent_dependent",410,"unadjusted",TRUE,0.333333333333333,1,0,0,-4,0.333333333333333,2
"latent_dependent",410,"Holm",TRUE,0,0,0,0,-6,0,0
"latent_dependent",410,"BY",TRUE,0,0,0,0,-6,0,0
"latent_dependent",411,"unadjusted",TRUE,0.333333333333333,1,0,0,-4,0.333333333333333,2
"latent_dependent",411,"Holm",TRUE,0.166666666666667,1,0,0,-5,0.166666666666667,1
"latent_dependent",411,"BY",TRUE,0.166666666666667,1,0,0,-5,0.166666666666667,1
"latent_dependent",412,"unadjusted",TRUE,0.833333333333333,1,0,0,-1,0.833333333333333,5
"latent_dependent",412,"Holm",TRUE,0.333333333333333,1,0,0,-4,0.333333333333333,2
"latent_dependent",412,"BY",TRUE,0.333333333333333,1,0,0,-4,0.333333333333333,2
"latent_dependent",413,"unadjusted",TRUE,0.833333333333333,0.833333333333333,0.166666666666667,1,0,0.714285714285714,6
"latent_dependent",413,"Holm",TRUE,0.333333333333333,1,0,0,-4,0.333333333333333,2
"latent_dependent",413,"BY",TRUE,0.333333333333333,1,0,0,-4,0.333333333333333,2
"latent_dependent",414,"unadjusted",TRUE,0.5,1,0,0,-3,0.5,3
"latent_dependent",414,"Holm",TRUE,0.166666666666667,1,0,0,-5,0.166666666666667,1
"latent_dependent",414,"BY",TRUE,0,0,0,0,-6,0,0
"latent_dependent",415,"unadjusted",TRUE,1,1,0,0,0,1,6
"latent_dependent",415,"Holm",TRUE,0.5,1,0,0,-3,0.5,3
"latent_dependent",415,"BY",TRUE,0.5,1,0,0,-3,0.5,3
"latent_dependent",416,"unadjusted",TRUE,0.5,0.75,0.25,1,-2,0.428571428571429,4
"latent_dependent",416,"Holm",TRUE,0.333333333333333,1,0,0,-4,0.333333333333333,2
"latent_dependent",416,"BY",TRUE,0.333333333333333,1,0,0,-4,0.333333333333333,2
"latent_dependent",417,"unadjusted",TRUE,0.5,1,0,0,-3,0.5,3
"latent_dependent",417,"Holm",TRUE,0,0,0,0,-6,0,0
"latent_dependent",417,"BY",TRUE,0,0,0,0,-6,0,0
"latent_dependent",418,"unadjusted",TRUE,0.833333333333333,1,0,0,-1,0.833333333333333,5
"latent_dependent",418,"Holm",TRUE,0.333333333333333,1,0,0,-4,0.333333333333333,2
"latent_dependent",418,"BY",TRUE,0.166666666666667,1,0,0,-5,0.166666666666667,1
"latent_dependent",419,"unadjusted",TRUE,0.666666666666667,1,0,0,-2,0.666666666666667,4
"latent_dependent",419,"Holm",TRUE,0.166666666666667,1,0,0,-5,0.166666666666667,1
"latent_dependent",419,"BY",TRUE,0.166666666666667,1,0,0,-5,0.166666666666667,1
"latent_dependent",420,"unadjusted",TRUE,0.666666666666667,1,0,0,-2,0.666666666666667,4
"latent_dependent",420,"Holm",TRUE,0.333333333333333,1,0,0,-4,0.333333333333333,2
"latent_dependent",420,"BY",TRUE,0.166666666666667,1,0,0,-5,0.166666666666667,1
"latent_dependent",421,"unadjusted",TRUE,0.833333333333333,1,0,0,-1,0.833333333333333,5
"latent_dependent",421,"Holm",TRUE,0.166666666666667,1,0,0,-5,0.166666666666667,1
"latent_dependent",421,"BY",TRUE,0,0,0,0,-6,0,0
"latent_dependent",422,"unadjusted",TRUE,0.666666666666667,1,0,0,-2,0.666666666666667,4
"latent_dependent",422,"Holm",TRUE,0,0,0,0,-6,0,0
"latent_dependent",422,"BY",TRUE,0,0,0,0,-6,0,0
"latent_dependent",423,"unadjusted",TRUE,0.666666666666667,1,0,0,-2,0.666666666666667,4
"latent_dependent",423,"Holm",TRUE,0.166666666666667,1,0,0,-5,0.166666666666667,1
"latent_dependent",423,"BY",TRUE,0,0,0,0,-6,0,0
"latent_dependent",424,"unadjusted",TRUE,0.666666666666667,1,0,0,-2,0.666666666666667,4
"latent_dependent",424,"Holm",TRUE,0.166666666666667,1,0,0,-5,0.166666666666667,1
"latent_dependent",424,"BY",TRUE,0.166666666666667,1,0,0,-5,0.166666666666667,1
"latent_dependent",425,"unadjusted",TRUE,0.833333333333333,0.714285714285714,0.285714285714286,1,1,0.625,7
"latent_dependent",425,"Holm",TRUE,0.166666666666667,1,0,0,-5,0.166666666666667,1
"latent_dependent",425,"BY",TRUE,0,0,0,0,-6,0,0
"latent_dependent",426,"unadjusted",TRUE,0.5,1,0,0,-3,0.5,3
"latent_dependent",426,"Holm",TRUE,0.166666666666667,1,0,0,-5,0.166666666666667,1
"latent_dependent",426,"BY",TRUE,0.166666666666667,1,0,0,-5,0.166666666666667,1
"latent_dependent",427,"unadjusted",TRUE,0.5,1,0,0,-3,0.5,3
"latent_dependent",427,"Holm",TRUE,0.333333333333333,1,0,0,-4,0.333333333333333,2
"latent_dependent",427,"BY",TRUE,0.333333333333333,1,0,0,-4,0.333333333333333,2
"latent_dependent",428,"unadjusted",TRUE,0.5,0.75,0.25,1,-2,0.428571428571429,4
"latent_dependent",428,"Holm",TRUE,0.166666666666667,1,0,0,-5,0.166666666666667,1
"latent_dependent",428,"BY",TRUE,0,0,0,0,-6,0,0
"latent_dependent",429,"unadjusted",TRUE,0.5,0.75,0.25,1,-2,0.428571428571429,4
"latent_dependent",429,"Holm",TRUE,0,0,0,0,-6,0,0
"latent_dependent",429,"BY",TRUE,0,0,0,0,-6,0,0
"latent_dependent",430,"unadjusted",TRUE,0.666666666666667,0.8,0.2,1,-1,0.571428571428571,5
"latent_dependent",430,"Holm",TRUE,0.166666666666667,1,0,0,-5,0.166666666666667,1
"latent_dependent",430,"BY",TRUE,0.166666666666667,1,0,0,-5,0.166666666666667,1
"latent_dependent",431,"unadjusted",TRUE,1,1,0,0,0,1,6
"latent_dependent",431,"Holm",TRUE,0.5,1,0,0,-3,0.5,3
"latent_dependent",431,"BY",TRUE,0.5,1,0,0,-3,0.5,3
"latent_dependent",432,"unadjusted",TRUE,1,0.666666666666667,0.333333333333333,1,3,0.666666666666667,9
"latent_dependent",432,"Holm",TRUE,0.166666666666667,1,0,0,-5,0.166666666666667,1
"latent_dependent",432,"BY",TRUE,0.166666666666667,1,0,0,-5,0.166666666666667,1
"latent_dependent",433,"unadjusted",TRUE,0.833333333333333,1,0,0,-1,0.833333333333333,5
"latent_dependent",433,"Holm",TRUE,0.166666666666667,1,0,0,-5,0.166666666666667,1
"latent_dependent",433,"BY",TRUE,0.166666666666667,1,0,0,-5,0.166666666666667,1
"latent_dependent",434,"unadjusted",TRUE,0.5,1,0,0,-3,0.5,3
"latent_dependent",434,"Holm",TRUE,0,0,0,0,-6,0,0
"latent_dependent",434,"BY",TRUE,0,0,0,0,-6,0,0
"latent_dependent",435,"unadjusted",TRUE,0.5,1,0,0,-3,0.5,3
"latent_dependent",435,"Holm",TRUE,0,0,0,0,-6,0,0
"latent_dependent",435,"BY",TRUE,0,0,0,0,-6,0,0
"latent_dependent",436,"unadjusted",TRUE,0.5,1,0,0,-3,0.5,3
"latent_dependent",436,"Holm",TRUE,0.333333333333333,1,0,0,-4,0.333333333333333,2
"latent_dependent",436,"BY",TRUE,0.166666666666667,1,0,0,-5,0.166666666666667,1
"latent_dependent",437,"unadjusted",TRUE,0.833333333333333,0.833333333333333,0.166666666666667,1,0,0.714285714285714,6
"latent_dependent",437,"Holm",TRUE,0,0,0,0,-6,0,0
"latent_dependent",437,"BY",TRUE,0,0,0,0,-6,0,0
"latent_dependent",438,"unadjusted",TRUE,0.5,1,0,0,-3,0.5,3
"latent_dependent",438,"Holm",TRUE,0.166666666666667,1,0,0,-5,0.166666666666667,1
"latent_dependent",438,"BY",TRUE,0,0,0,0,-6,0,0
"latent_dependent",439,"unadjusted",TRUE,0.666666666666667,1,0,0,-2,0.666666666666667,4
"latent_dependent",439,"Holm",TRUE,0.166666666666667,1,0,0,-5,0.166666666666667,1
"latent_dependent",439,"BY",TRUE,0.166666666666667,1,0,0,-5,0.166666666666667,1
"latent_dependent",440,"unadjusted",TRUE,0.833333333333333,1,0,0,-1,0.833333333333333,5
"latent_dependent",440,"Holm",TRUE,0.333333333333333,1,0,0,-4,0.333333333333333,2
"latent_dependent",440,"BY",TRUE,0,0,0,0,-6,0,0
"latent_dependent",441,"unadjusted",TRUE,0.666666666666667,0.8,0.2,1,-1,0.571428571428571,5
"latent_dependent",441,"Holm",TRUE,0,0,0,0,-6,0,0
"latent_dependent",441,"BY",TRUE,0,0,0,0,-6,0,0
"latent_dependent",442,"unadjusted",TRUE,0.666666666666667,1,0,0,-2,0.666666666666667,4
"latent_dependent",442,"Holm",TRUE,0.333333333333333,1,0,0,-4,0.333333333333333,2
"latent_dependent",442,"BY",TRUE,0.333333333333333,1,0,0,-4,0.333333333333333,2
"latent_dependent",443,"unadjusted",TRUE,0.666666666666667,1,0,0,-2,0.666666666666667,4
"latent_dependent",443,"Holm",TRUE,0,0,0,0,-6,0,0
"latent_dependent",443,"BY",TRUE,0,0,0,0,-6,0,0
"latent_dependent",444,"unadjusted",TRUE,0.333333333333333,1,0,0,-4,0.333333333333333,2
"latent_dependent",444,"Holm",TRUE,0.166666666666667,1,0,0,-5,0.166666666666667,1
"latent_dependent",444,"BY",TRUE,0.166666666666667,1,0,0,-5,0.166666666666667,1
"latent_dependent",445,"unadjusted",TRUE,0.5,1,0,0,-3,0.5,3
"latent_dependent",445,"Holm",TRUE,0.5,1,0,0,-3,0.5,3
"latent_dependent",445,"BY",TRUE,0.5,1,0,0,-3,0.5,3
"latent_dependent",446,"unadjusted",TRUE,0.5,0.6,0.4,1,-1,0.375,5
"latent_dependent",446,"Holm",TRUE,0.166666666666667,1,0,0,-5,0.166666666666667,1
"latent_dependent",446,"BY",TRUE,0,0,0,0,-6,0,0
"latent_dependent",447,"unadjusted",TRUE,0.5,0.75,0.25,1,-2,0.428571428571429,4
"latent_dependent",447,"Holm",TRUE,0,0,0,0,-6,0,0
"latent_dependent",447,"BY",TRUE,0,0,0,0,-6,0,0
"latent_dependent",448,"unadjusted",TRUE,0.666666666666667,1,0,0,-2,0.666666666666667,4
"latent_dependent",448,"Holm",TRUE,0.333333333333333,1,0,0,-4,0.333333333333333,2
"latent_dependent",448,"BY",TRUE,0,0,0,0,-6,0,0
"latent_dependent",449,"unadjusted",TRUE,0.666666666666667,1,0,0,-2,0.666666666666667,4
"latent_dependent",449,"Holm",TRUE,0.333333333333333,1,0,0,-4,0.333333333333333,2
"latent_dependent",449,"BY",TRUE,0.333333333333333,1,0,0,-4,0.333333333333333,2
"latent_dependent",450,"unadjusted",TRUE,0.833333333333333,1,0,0,-1,0.833333333333333,5
"latent_dependent",450,"Holm",TRUE,0.166666666666667,1,0,0,-5,0.166666666666667,1
"latent_dependent",450,"BY",TRUE,0,0,0,0,-6,0,0
"latent_dependent",451,"unadjusted",TRUE,0.666666666666667,1,0,0,-2,0.666666666666667,4
"latent_dependent",451,"Holm",TRUE,0.166666666666667,1,0,0,-5,0.166666666666667,1
"latent_dependent",451,"BY",TRUE,0.166666666666667,1,0,0,-5,0.166666666666667,1
"latent_dependent",452,"unadjusted",TRUE,0.5,0.75,0.25,1,-2,0.428571428571429,4
"latent_dependent",452,"Holm",TRUE,0.166666666666667,1,0,0,-5,0.166666666666667,1
"latent_dependent",452,"BY",TRUE,0.166666666666667,1,0,0,-5,0.166666666666667,1
"latent_dependent",453,"unadjusted",TRUE,0.833333333333333,1,0,0,-1,0.833333333333333,5
"latent_dependent",453,"Holm",TRUE,0.333333333333333,1,0,0,-4,0.333333333333333,2
"latent_dependent",453,"BY",TRUE,0.166666666666667,1,0,0,-5,0.166666666666667,1
"latent_dependent",454,"unadjusted",TRUE,0.666666666666667,0.8,0.2,1,-1,0.571428571428571,5
"latent_dependent",454,"Holm",TRUE,0,0,0,0,-6,0,0
"latent_dependent",454,"BY",TRUE,0,0,0,0,-6,0,0
"latent_dependent",455,"unadjusted",TRUE,0.666666666666667,1,0,0,-2,0.666666666666667,4
"latent_dependent",455,"Holm",TRUE,0.5,1,0,0,-3,0.5,3
"latent_dependent",455,"BY",TRUE,0.5,1,0,0,-3,0.5,3
"latent_dependent",456,"unadjusted",TRUE,0.833333333333333,1,0,0,-1,0.833333333333333,5
"latent_dependent",456,"Holm",TRUE,0.166666666666667,1,0,0,-5,0.166666666666667,1
"latent_dependent",456,"BY",TRUE,0,0,0,0,-6,0,0
"latent_dependent",457,"unadjusted",TRUE,0.666666666666667,1,0,0,-2,0.666666666666667,4
"latent_dependent",457,"Holm",TRUE,0.333333333333333,1,0,0,-4,0.333333333333333,2
"latent_dependent",457,"BY",TRUE,0,0,0,0,-6,0,0
"latent_dependent",458,"unadjusted",TRUE,0.666666666666667,1,0,0,-2,0.666666666666667,4
"latent_dependent",458,"Holm",TRUE,0.166666666666667,1,0,0,-5,0.166666666666667,1
"latent_dependent",458,"BY",TRUE,0.166666666666667,1,0,0,-5,0.166666666666667,1
"latent_dependent",459,"unadjusted",TRUE,0.5,1,0,0,-3,0.5,3
"latent_dependent",459,"Holm",TRUE,0,0,0,0,-6,0,0
"latent_dependent",459,"BY",TRUE,0,0,0,0,-6,0,0
"latent_dependent",460,"unadjusted",TRUE,0.833333333333333,0.833333333333333,0.166666666666667,1,0,0.714285714285714,6
"latent_dependent",460,"Holm",TRUE,0.833333333333333,1,0,0,-1,0.833333333333333,5
"latent_dependent",460,"BY",TRUE,0.833333333333333,1,0,0,-1,0.833333333333333,5
"latent_dependent",461,"unadjusted",TRUE,0.666666666666667,1,0,0,-2,0.666666666666667,4
"latent_dependent",461,"Holm",TRUE,0.166666666666667,1,0,0,-5,0.166666666666667,1
"latent_dependent",461,"BY",TRUE,0.166666666666667,1,0,0,-5,0.166666666666667,1
"latent_dependent",462,"unadjusted",TRUE,0.833333333333333,1,0,0,-1,0.833333333333333,5
"latent_dependent",462,"Holm",TRUE,0.166666666666667,1,0,0,-5,0.166666666666667,1
"latent_dependent",462,"BY",TRUE,0.166666666666667,1,0,0,-5,0.166666666666667,1
"latent_dependent",463,"unadjusted",TRUE,0.833333333333333,0.833333333333333,0.166666666666667,1,0,0.714285714285714,6
"latent_dependent",463,"Holm",TRUE,0.166666666666667,1,0,0,-5,0.166666666666667,1
"latent_dependent",463,"BY",TRUE,0.166666666666667,1,0,0,-5,0.166666666666667,1
"latent_dependent",464,"unadjusted",TRUE,1,0.857142857142857,0.142857142857143,1,1,0.857142857142857,7
"latent_dependent",464,"Holm",TRUE,0.666666666666667,1,0,0,-2,0.666666666666667,4
"latent_dependent",464,"BY",TRUE,0.666666666666667,1,0,0,-2,0.666666666666667,4
"latent_dependent",465,"unadjusted",TRUE,0.5,1,0,0,-3,0.5,3
"latent_dependent",465,"Holm",TRUE,0.166666666666667,1,0,0,-5,0.166666666666667,1
"latent_dependent",465,"BY",TRUE,0,0,0,0,-6,0,0
"latent_dependent",466,"unadjusted",TRUE,0.666666666666667,1,0,0,-2,0.666666666666667,4
"latent_dependent",466,"Holm",TRUE,0,0,0,0,-6,0,0
"latent_dependent",466,"BY",TRUE,0,0,0,0,-6,0,0
"latent_dependent",467,"unadjusted",TRUE,0.666666666666667,1,0,0,-2,0.666666666666667,4
"latent_dependent",467,"Holm",TRUE,0.5,1,0,0,-3,0.5,3
"latent_dependent",467,"BY",TRUE,0.5,1,0,0,-3,0.5,3
"latent_dependent",468,"unadjusted",TRUE,0.833333333333333,0.714285714285714,0.285714285714286,1,1,0.625,7
"latent_dependent",468,"Holm",TRUE,0.333333333333333,1,0,0,-4,0.333333333333333,2
"latent_dependent",468,"BY",TRUE,0.333333333333333,1,0,0,-4,0.333333333333333,2
"latent_dependent",469,"unadjusted",TRUE,0.166666666666667,1,0,0,-5,0.166666666666667,1
"latent_dependent",469,"Holm",TRUE,0.166666666666667,1,0,0,-5,0.166666666666667,1
"latent_dependent",469,"BY",TRUE,0.166666666666667,1,0,0,-5,0.166666666666667,1
"latent_dependent",470,"unadjusted",TRUE,0.833333333333333,1,0,0,-1,0.833333333333333,5
"latent_dependent",470,"Holm",TRUE,0.5,1,0,0,-3,0.5,3
"latent_dependent",470,"BY",TRUE,0.5,1,0,0,-3,0.5,3
"latent_dependent",471,"unadjusted",TRUE,0.5,1,0,0,-3,0.5,3
"latent_dependent",471,"Holm",TRUE,0.333333333333333,1,0,0,-4,0.333333333333333,2
"latent_dependent",471,"BY",TRUE,0.333333333333333,1,0,0,-4,0.333333333333333,2
"latent_dependent",472,"unadjusted",TRUE,0.833333333333333,1,0,0,-1,0.833333333333333,5
"latent_dependent",472,"Holm",TRUE,0.166666666666667,1,0,0,-5,0.166666666666667,1
"latent_dependent",472,"BY",TRUE,0,0,0,0,-6,0,0
"latent_dependent",473,"unadjusted",TRUE,0.666666666666667,0.666666666666667,0.333333333333333,1,0,0.5,6
"latent_dependent",473,"Holm",TRUE,0,0,0,0,-6,0,0
"latent_dependent",473,"BY",TRUE,0,0,0,0,-6,0,0
"latent_dependent",474,"unadjusted",TRUE,0.666666666666667,1,0,0,-2,0.666666666666667,4
"latent_dependent",474,"Holm",TRUE,0,0,0,0,-6,0,0
"latent_dependent",474,"BY",TRUE,0,0,0,0,-6,0,0
"latent_dependent",475,"unadjusted",TRUE,0.833333333333333,0.833333333333333,0.166666666666667,1,0,0.714285714285714,6
"latent_dependent",475,"Holm",TRUE,0,0,0,0,-6,0,0
"latent_dependent",475,"BY",TRUE,0,0,0,0,-6,0,0
"latent_dependent",476,"unadjusted",TRUE,0.833333333333333,0.833333333333333,0.166666666666667,1,0,0.714285714285714,6
"latent_dependent",476,"Holm",TRUE,0.5,1,0,0,-3,0.5,3
"latent_dependent",476,"BY",TRUE,0.5,1,0,0,-3,0.5,3
"latent_dependent",477,"unadjusted",TRUE,0.833333333333333,0.833333333333333,0.166666666666667,1,0,0.714285714285714,6
"latent_dependent",477,"Holm",TRUE,0.333333333333333,1,0,0,-4,0.333333333333333,2
"latent_dependent",477,"BY",TRUE,0.333333333333333,1,0,0,-4,0.333333333333333,2
"latent_dependent",478,"unadjusted",TRUE,0.5,0.75,0.25,1,-2,0.428571428571429,4
"latent_dependent",478,"Holm",TRUE,0.166666666666667,1,0,0,-5,0.166666666666667,1
"latent_dependent",478,"BY",TRUE,0.166666666666667,1,0,0,-5,0.166666666666667,1
"latent_dependent",479,"unadjusted",TRUE,0.666666666666667,1,0,0,-2,0.666666666666667,4
"latent_dependent",479,"Holm",TRUE,0,0,0,0,-6,0,0
"latent_dependent",479,"BY",TRUE,0,0,0,0,-6,0,0
"latent_dependent",480,"unadjusted",TRUE,1,1,0,0,0,1,6
"latent_dependent",480,"Holm",TRUE,0,0,0,0,-6,0,0
"latent_dependent",480,"BY",TRUE,0,0,0,0,-6,0,0
"latent_dependent",481,"unadjusted",TRUE,0.666666666666667,1,0,0,-2,0.666666666666667,4
"latent_dependent",481,"Holm",TRUE,0.166666666666667,1,0,0,-5,0.166666666666667,1
"latent_dependent",481,"BY",TRUE,0.166666666666667,1,0,0,-5,0.166666666666667,1
"latent_dependent",482,"unadjusted",TRUE,0.5,0.75,0.25,1,-2,0.428571428571429,4
"latent_dependent",482,"Holm",TRUE,0,0,0,0,-6,0,0
"latent_dependent",482,"BY",TRUE,0,0,0,0,-6,0,0
"latent_dependent",483,"unadjusted",TRUE,0.5,0.75,0.25,1,-2,0.428571428571429,4
"latent_dependent",483,"Holm",TRUE,0.166666666666667,1,0,0,-5,0.166666666666667,1
"latent_dependent",483,"BY",TRUE,0.166666666666667,1,0,0,-5,0.166666666666667,1
"latent_dependent",484,"unadjusted",TRUE,0.5,1,0,0,-3,0.5,3
"latent_dependent",484,"Holm",TRUE,0.166666666666667,1,0,0,-5,0.166666666666667,1
"latent_dependent",484,"BY",TRUE,0.166666666666667,1,0,0,-5,0.166666666666667,1
"latent_dependent",485,"unadjusted",TRUE,0.5,0.75,0.25,1,-2,0.428571428571429,4
"latent_dependent",485,"Holm",TRUE,0.166666666666667,1,0,0,-5,0.166666666666667,1
"latent_dependent",485,"BY",TRUE,0.166666666666667,1,0,0,-5,0.166666666666667,1
"latent_dependent",486,"unadjusted",TRUE,0.666666666666667,0.8,0.2,1,-1,0.571428571428571,5
"latent_dependent",486,"Holm",TRUE,0.166666666666667,1,0,0,-5,0.166666666666667,1
"latent_dependent",486,"BY",TRUE,0.166666666666667,1,0,0,-5,0.166666666666667,1
"latent_dependent",487,"unadjusted",TRUE,0.833333333333333,1,0,0,-1,0.833333333333333,5
"latent_dependent",487,"Holm",TRUE,0.5,1,0,0,-3,0.5,3
"latent_dependent",487,"BY",TRUE,0.5,1,0,0,-3,0.5,3
"latent_dependent",488,"unadjusted",TRUE,0.666666666666667,0.8,0.2,1,-1,0.571428571428571,5
"latent_dependent",488,"Holm",TRUE,0.166666666666667,1,0,0,-5,0.166666666666667,1
"latent_dependent",488,"BY",TRUE,0,0,0,0,-6,0,0
"latent_dependent",489,"unadjusted",TRUE,0.5,1,0,0,-3,0.5,3
"latent_dependent",489,"Holm",TRUE,0.166666666666667,1,0,0,-5,0.166666666666667,1
"latent_dependent",489,"BY",TRUE,0.166666666666667,1,0,0,-5,0.166666666666667,1
"latent_dependent",490,"unadjusted",TRUE,0.333333333333333,1,0,0,-4,0.333333333333333,2
"latent_dependent",490,"Holm",TRUE,0.166666666666667,1,0,0,-5,0.166666666666667,1
"latent_dependent",490,"BY",TRUE,0.166666666666667,1,0,0,-5,0.166666666666667,1
"latent_dependent",491,"unadjusted",TRUE,0.5,0.6,0.4,1,-1,0.375,5
"latent_dependent",491,"Holm",TRUE,0.166666666666667,1,0,0,-5,0.166666666666667,1
"latent_dependent",491,"BY",TRUE,0,0,0,0,-6,0,0
"latent_dependent",492,"unadjusted",TRUE,0.833333333333333,0.833333333333333,0.166666666666667,1,0,0.714285714285714,6
"latent_dependent",492,"Holm",TRUE,0.166666666666667,1,0,0,-5,0.166666666666667,1
"latent_dependent",492,"BY",TRUE,0.166666666666667,1,0,0,-5,0.166666666666667,1
"latent_dependent",493,"unadjusted",TRUE,0.5,0.75,0.25,1,-2,0.428571428571429,4
"latent_dependent",493,"Holm",TRUE,0.166666666666667,1,0,0,-5,0.166666666666667,1
"latent_dependent",493,"BY",TRUE,0.166666666666667,1,0,0,-5,0.166666666666667,1
"latent_dependent",494,"unadjusted",TRUE,0.833333333333333,0.833333333333333,0.166666666666667,1,0,0.714285714285714,6
"latent_dependent",494,"Holm",TRUE,0.333333333333333,1,0,0,-4,0.333333333333333,2
"latent_dependent",494,"BY",TRUE,0,0,0,0,-6,0,0
"latent_dependent",495,"unadjusted",TRUE,0.333333333333333,0.666666666666667,0.333333333333333,1,-3,0.285714285714286,3
"latent_dependent",495,"Holm",TRUE,0,0,0,0,-6,0,0
"latent_dependent",495,"BY",TRUE,0,0,0,0,-6,0,0
"latent_dependent",496,"unadjusted",TRUE,0.833333333333333,1,0,0,-1,0.833333333333333,5
"latent_dependent",496,"Holm",TRUE,0.5,1,0,0,-3,0.5,3
"latent_dependent",496,"BY",TRUE,0.5,1,0,0,-3,0.5,3
"latent_dependent",497,"unadjusted",TRUE,0.666666666666667,1,0,0,-2,0.666666666666667,4
"latent_dependent",497,"Holm",TRUE,0,0,0,0,-6,0,0
"latent_dependent",497,"BY",TRUE,0,0,0,0,-6,0,0
"latent_dependent",498,"unadjusted",TRUE,0.666666666666667,1,0,0,-2,0.666666666666667,4
"latent_dependent",498,"Holm",TRUE,0.166666666666667,1,0,0,-5,0.166666666666667,1
"latent_dependent",498,"BY",TRUE,0.166666666666667,1,0,0,-5,0.166666666666667,1
"latent_dependent",499,"unadjusted",TRUE,0.833333333333333,1,0,0,-1,0.833333333333333,5
"latent_dependent",499,"Holm",TRUE,0.5,1,0,0,-3,0.5,3
"latent_dependent",499,"BY",TRUE,0.5,1,0,0,-3,0.5,3
"latent_dependent",500,"unadjusted",TRUE,0.666666666666667,1,0,0,-2,0.666666666666667,4
"latent_dependent",500,"Holm",TRUE,0.166666666666667,1,0,0,-5,0.166666666666667,1
"latent_dependent",500,"BY",TRUE,0,0,0,0,-6,0,0
"latent_dependent",501,"unadjusted",TRUE,0.666666666666667,1,0,0,-2,0.666666666666667,4
"latent_dependent",501,"Holm",TRUE,0.166666666666667,1,0,0,-5,0.166666666666667,1
"latent_dependent",501,"BY",TRUE,0.166666666666667,1,0,0,-5,0.166666666666667,1
"latent_dependent",502,"unadjusted",TRUE,0.5,1,0,0,-3,0.5,3
"latent_dependent",502,"Holm",TRUE,0.333333333333333,1,0,0,-4,0.333333333333333,2
"latent_dependent",502,"BY",TRUE,0.333333333333333,1,0,0,-4,0.333333333333333,2
"latent_dependent",503,"unadjusted",TRUE,0.833333333333333,0.714285714285714,0.285714285714286,1,1,0.625,7
"latent_dependent",503,"Holm",TRUE,0.166666666666667,1,0,0,-5,0.166666666666667,1
"latent_dependent",503,"BY",TRUE,0,0,0,0,-6,0,0
"latent_dependent",504,"unadjusted",TRUE,0.833333333333333,1,0,0,-1,0.833333333333333,5
"latent_dependent",504,"Holm",TRUE,0.166666666666667,1,0,0,-5,0.166666666666667,1
"latent_dependent",504,"BY",TRUE,0.166666666666667,1,0,0,-5,0.166666666666667,1
"latent_dependent",505,"unadjusted",TRUE,0.833333333333333,0.625,0.375,1,2,0.555555555555556,8
"latent_dependent",505,"Holm",TRUE,0.333333333333333,1,0,0,-4,0.333333333333333,2
"latent_dependent",505,"BY",TRUE,0.333333333333333,1,0,0,-4,0.333333333333333,2
"latent_dependent",506,"unadjusted",TRUE,0.5,1,0,0,-3,0.5,3
"latent_dependent",506,"Holm",TRUE,0,0,0,0,-6,0,0
"latent_dependent",506,"BY",TRUE,0,0,0,0,-6,0,0
"latent_dependent",507,"unadjusted",TRUE,0.666666666666667,1,0,0,-2,0.666666666666667,4
"latent_dependent",507,"Holm",TRUE,0.333333333333333,1,0,0,-4,0.333333333333333,2
"latent_dependent",507,"BY",TRUE,0,0,0,0,-6,0,0
"latent_dependent",508,"unadjusted",TRUE,0.5,1,0,0,-3,0.5,3
"latent_dependent",508,"Holm",TRUE,0,0,0,0,-6,0,0
"latent_dependent",508,"BY",TRUE,0,0,0,0,-6,0,0
"latent_dependent",509,"unadjusted",TRUE,0.333333333333333,1,0,0,-4,0.333333333333333,2
"latent_dependent",509,"Holm",TRUE,0,0,0,0,-6,0,0
"latent_dependent",509,"BY",TRUE,0,0,0,0,-6,0,0
"latent_dependent",510,"unadjusted",TRUE,0.666666666666667,0.8,0.2,1,-1,0.571428571428571,5
"latent_dependent",510,"Holm",TRUE,0,0,0,0,-6,0,0
"latent_dependent",510,"BY",TRUE,0,0,0,0,-6,0,0
"latent_dependent",511,"unadjusted",TRUE,0.5,1,0,0,-3,0.5,3
"latent_dependent",511,"Holm",TRUE,0,0,0,0,-6,0,0
"latent_dependent",511,"BY",TRUE,0,0,0,0,-6,0,0
"latent_dependent",512,"unadjusted",TRUE,0.833333333333333,1,0,0,-1,0.833333333333333,5
"latent_dependent",512,"Holm",TRUE,0,0,0,0,-6,0,0
"latent_dependent",512,"BY",TRUE,0,0,0,0,-6,0,0
"latent_dependent",513,"unadjusted",TRUE,0.833333333333333,0.833333333333333,0.166666666666667,1,0,0.714285714285714,6
"latent_dependent",513,"Holm",TRUE,0,0,0,0,-6,0,0
"latent_dependent",513,"BY",TRUE,0,0,0,0,-6,0,0
"latent_dependent",514,"unadjusted",TRUE,0.5,0.75,0.25,1,-2,0.428571428571429,4
"latent_dependent",514,"Holm",TRUE,0.166666666666667,1,0,0,-5,0.166666666666667,1
"latent_dependent",514,"BY",TRUE,0,0,0,0,-6,0,0
"latent_dependent",515,"unadjusted",TRUE,0.166666666666667,1,0,0,-5,0.166666666666667,1
"latent_dependent",515,"Holm",TRUE,0.166666666666667,1,0,0,-5,0.166666666666667,1
"latent_dependent",515,"BY",TRUE,0,0,0,0,-6,0,0
"latent_dependent",516,"unadjusted",TRUE,0.833333333333333,0.714285714285714,0.285714285714286,1,1,0.625,7
"latent_dependent",516,"Holm",TRUE,0.166666666666667,1,0,0,-5,0.166666666666667,1
"latent_dependent",516,"BY",TRUE,0.166666666666667,1,0,0,-5,0.166666666666667,1
"latent_dependent",517,"unadjusted",TRUE,0.5,0.75,0.25,1,-2,0.428571428571429,4
"latent_dependent",517,"Holm",TRUE,0,0,0,0,-6,0,0
"latent_dependent",517,"BY",TRUE,0,0,0,0,-6,0,0
"latent_dependent",518,"unadjusted",TRUE,0.833333333333333,1,0,0,-1,0.833333333333333,5
"latent_dependent",518,"Holm",TRUE,0.166666666666667,1,0,0,-5,0.166666666666667,1
"latent_dependent",518,"BY",TRUE,0,0,0,0,-6,0,0
"latent_dependent",519,"unadjusted",TRUE,0.666666666666667,0.8,0.2,1,-1,0.571428571428571,5
"latent_dependent",519,"Holm",TRUE,0,0,0,0,-6,0,0
"latent_dependent",519,"BY",TRUE,0,0,0,0,-6,0,0
"latent_dependent",520,"unadjusted",TRUE,0.5,1,0,0,-3,0.5,3
"latent_dependent",520,"Holm",TRUE,0.333333333333333,1,0,0,-4,0.333333333333333,2
"latent_dependent",520,"BY",TRUE,0.333333333333333,1,0,0,-4,0.333333333333333,2
"latent_dependent",521,"unadjusted",TRUE,0.833333333333333,0.714285714285714,0.285714285714286,1,1,0.625,7
"latent_dependent",521,"Holm",TRUE,0.333333333333333,1,0,0,-4,0.333333333333333,2
"latent_dependent",521,"BY",TRUE,0.166666666666667,1,0,0,-5,0.166666666666667,1
"latent_dependent",522,"unadjusted",TRUE,0.833333333333333,1,0,0,-1,0.833333333333333,5
"latent_dependent",522,"Holm",TRUE,0.166666666666667,1,0,0,-5,0.166666666666667,1
"latent_dependent",522,"BY",TRUE,0.166666666666667,1,0,0,-5,0.166666666666667,1
"latent_dependent",523,"unadjusted",TRUE,0.666666666666667,1,0,0,-2,0.666666666666667,4
"latent_dependent",523,"Holm",TRUE,0.333333333333333,1,0,0,-4,0.333333333333333,2
"latent_dependent",523,"BY",TRUE,0.166666666666667,1,0,0,-5,0.166666666666667,1
"latent_dependent",524,"unadjusted",TRUE,0.5,1,0,0,-3,0.5,3
"latent_dependent",524,"Holm",TRUE,0.333333333333333,1,0,0,-4,0.333333333333333,2
"latent_dependent",524,"BY",TRUE,0.166666666666667,1,0,0,-5,0.166666666666667,1
"latent_dependent",525,"unadjusted",TRUE,0.5,1,0,0,-3,0.5,3
"latent_dependent",525,"Holm",TRUE,0.166666666666667,1,0,0,-5,0.166666666666667,1
"latent_dependent",525,"BY",TRUE,0,0,0,0,-6,0,0
"latent_dependent",526,"unadjusted",TRUE,0.5,1,0,0,-3,0.5,3
"latent_dependent",526,"Holm",TRUE,0.166666666666667,1,0,0,-5,0.166666666666667,1
"latent_dependent",526,"BY",TRUE,0,0,0,0,-6,0,0
"latent_dependent",527,"unadjusted",TRUE,0.5,1,0,0,-3,0.5,3
"latent_dependent",527,"Holm",TRUE,0.166666666666667,1,0,0,-5,0.166666666666667,1
"latent_dependent",527,"BY",TRUE,0,0,0,0,-6,0,0
"latent_dependent",528,"unadjusted",TRUE,0.833333333333333,1,0,0,-1,0.833333333333333,5
"latent_dependent",528,"Holm",TRUE,0.166666666666667,1,0,0,-5,0.166666666666667,1
"latent_dependent",528,"BY",TRUE,0,0,0,0,-6,0,0
"latent_dependent",529,"unadjusted",TRUE,0.5,0.6,0.4,1,-1,0.375,5
"latent_dependent",529,"Holm",TRUE,0.166666666666667,1,0,0,-5,0.166666666666667,1
"latent_dependent",529,"BY",TRUE,0.166666666666667,1,0,0,-5,0.166666666666667,1
"latent_dependent",530,"unadjusted",TRUE,0.666666666666667,0.8,0.2,1,-1,0.571428571428571,5
"latent_dependent",530,"Holm",TRUE,0.333333333333333,1,0,0,-4,0.333333333333333,2
"latent_dependent",530,"BY",TRUE,0.166666666666667,1,0,0,-5,0.166666666666667,1
"latent_dependent",531,"unadjusted",TRUE,0.666666666666667,0.8,0.2,1,-1,0.571428571428571,5
"latent_dependent",531,"Holm",TRUE,0.5,1,0,0,-3,0.5,3
"latent_dependent",531,"BY",TRUE,0.5,1,0,0,-3,0.5,3
"latent_dependent",532,"unadjusted",TRUE,0.833333333333333,1,0,0,-1,0.833333333333333,5
"latent_dependent",532,"Holm",TRUE,0.166666666666667,1,0,0,-5,0.166666666666667,1
"latent_dependent",532,"BY",TRUE,0,0,0,0,-6,0,0
"latent_dependent",533,"unadjusted",TRUE,0.833333333333333,1,0,0,-1,0.833333333333333,5
"latent_dependent",533,"Holm",TRUE,0.166666666666667,1,0,0,-5,0.166666666666667,1
"latent_dependent",533,"BY",TRUE,0.166666666666667,1,0,0,-5,0.166666666666667,1
"latent_dependent",534,"unadjusted",TRUE,0.833333333333333,0.833333333333333,0.166666666666667,1,0,0.714285714285714,6
"latent_dependent",534,"Holm",TRUE,0,0,0,0,-6,0,0
"latent_dependent",534,"BY",TRUE,0,0,0,0,-6,0,0
"latent_dependent",535,"unadjusted",TRUE,0.833333333333333,1,0,0,-1,0.833333333333333,5
"latent_dependent",535,"Holm",TRUE,0.166666666666667,1,0,0,-5,0.166666666666667,1
"latent_dependent",535,"BY",TRUE,0.166666666666667,1,0,0,-5,0.166666666666667,1
"latent_dependent",536,"unadjusted",TRUE,0.5,0.6,0.4,1,-1,0.375,5
"latent_dependent",536,"Holm",TRUE,0.333333333333333,1,0,0,-4,0.333333333333333,2
"latent_dependent",536,"BY",TRUE,0.166666666666667,1,0,0,-5,0.166666666666667,1
"latent_dependent",537,"unadjusted",TRUE,0.833333333333333,0.833333333333333,0.166666666666667,1,0,0.714285714285714,6
"latent_dependent",537,"Holm",TRUE,0.166666666666667,1,0,0,-5,0.166666666666667,1
"latent_dependent",537,"BY",TRUE,0.166666666666667,1,0,0,-5,0.166666666666667,1
"latent_dependent",538,"unadjusted",TRUE,0.666666666666667,1,0,0,-2,0.666666666666667,4
"latent_dependent",538,"Holm",TRUE,0,0,0,0,-6,0,0
"latent_dependent",538,"BY",TRUE,0,0,0,0,-6,0,0
"latent_dependent",539,"unadjusted",TRUE,1,1,0,0,0,1,6
"latent_dependent",539,"Holm",TRUE,0.166666666666667,1,0,0,-5,0.166666666666667,1
"latent_dependent",539,"BY",TRUE,0.166666666666667,1,0,0,-5,0.166666666666667,1
"latent_dependent",540,"unadjusted",TRUE,0.833333333333333,1,0,0,-1,0.833333333333333,5
"latent_dependent",540,"Holm",TRUE,0.333333333333333,1,0,0,-4,0.333333333333333,2
"latent_dependent",540,"BY",TRUE,0.333333333333333,1,0,0,-4,0.333333333333333,2
"latent_dependent",541,"unadjusted",TRUE,0.5,0.75,0.25,1,-2,0.428571428571429,4
"latent_dependent",541,"Holm",TRUE,0.166666666666667,1,0,0,-5,0.166666666666667,1
"latent_dependent",541,"BY",TRUE,0.166666666666667,1,0,0,-5,0.166666666666667,1
"latent_dependent",542,"unadjusted",TRUE,0.5,0.6,0.4,1,-1,0.375,5
"latent_dependent",542,"Holm",TRUE,0.166666666666667,1,0,0,-5,0.166666666666667,1
"latent_dependent",542,"BY",TRUE,0.166666666666667,1,0,0,-5,0.166666666666667,1
"latent_dependent",543,"unadjusted",TRUE,0.5,1,0,0,-3,0.5,3
"latent_dependent",543,"Holm",TRUE,0,0,0,0,-6,0,0
"latent_dependent",543,"BY",TRUE,0,0,0,0,-6,0,0
"latent_dependent",544,"unadjusted",TRUE,0.833333333333333,1,0,0,-1,0.833333333333333,5
"latent_dependent",544,"Holm",TRUE,0,0,0,0,-6,0,0
"latent_dependent",544,"BY",TRUE,0,0,0,0,-6,0,0
"latent_dependent",545,"unadjusted",TRUE,0.333333333333333,0.666666666666667,0.333333333333333,1,-3,0.285714285714286,3
"latent_dependent",545,"Holm",TRUE,0,0,0,0,-6,0,0
"latent_dependent",545,"BY",TRUE,0,0,0,0,-6,0,0
"latent_dependent",546,"unadjusted",TRUE,0.5,0.75,0.25,1,-2,0.428571428571429,4
"latent_dependent",546,"Holm",TRUE,0,0,0,0,-6,0,0
"latent_dependent",546,"BY",TRUE,0,0,0,0,-6,0,0
"latent_dependent",547,"unadjusted",TRUE,0.666666666666667,1,0,0,-2,0.666666666666667,4
"latent_dependent",547,"Holm",TRUE,0.166666666666667,1,0,0,-5,0.166666666666667,1
"latent_dependent",547,"BY",TRUE,0,0,0,0,-6,0,0
"latent_dependent",548,"unadjusted",TRUE,0.5,1,0,0,-3,0.5,3
"latent_dependent",548,"Holm",TRUE,0.166666666666667,1,0,0,-5,0.166666666666667,1
"latent_dependent",548,"BY",TRUE,0.166666666666667,1,0,0,-5,0.166666666666667,1
"latent_dependent",549,"unadjusted",TRUE,0.833333333333333,1,0,0,-1,0.833333333333333,5
"latent_dependent",549,"Holm",TRUE,0.166666666666667,1,0,0,-5,0.166666666666667,1
"latent_dependent",549,"BY",TRUE,0,0,0,0,-6,0,0
"latent_dependent",550,"unadjusted",TRUE,0.5,1,0,0,-3,0.5,3
"latent_dependent",550,"Holm",TRUE,0.333333333333333,1,0,0,-4,0.333333333333333,2
"latent_dependent",550,"BY",TRUE,0.333333333333333,1,0,0,-4,0.333333333333333,2
"latent_dependent",551,"unadjusted",TRUE,0.833333333333333,0.833333333333333,0.166666666666667,1,0,0.714285714285714,6
"latent_dependent",551,"Holm",TRUE,0.333333333333333,1,0,0,-4,0.333333333333333,2
"latent_dependent",551,"BY",TRUE,0.166666666666667,1,0,0,-5,0.166666666666667,1
"latent_dependent",552,"unadjusted",TRUE,0.666666666666667,0.666666666666667,0.333333333333333,1,0,0.5,6
"latent_dependent",552,"Holm",TRUE,0.333333333333333,1,0,0,-4,0.333333333333333,2
"latent_dependent",552,"BY",TRUE,0.166666666666667,1,0,0,-5,0.166666666666667,1
"latent_dependent",553,"unadjusted",TRUE,0.666666666666667,1,0,0,-2,0.666666666666667,4
"latent_dependent",553,"Holm",TRUE,0,0,0,0,-6,0,0
"latent_dependent",553,"BY",TRUE,0,0,0,0,-6,0,0
"latent_dependent",554,"unadjusted",TRUE,0.5,0.6,0.4,1,-1,0.375,5
"latent_dependent",554,"Holm",TRUE,0.166666666666667,1,0,0,-5,0.166666666666667,1
"latent_dependent",554,"BY",TRUE,0,0,0,0,-6,0,0
"latent_dependent",555,"unadjusted",TRUE,0.833333333333333,1,0,0,-1,0.833333333333333,5
"latent_dependent",555,"Holm",TRUE,0.5,1,0,0,-3,0.5,3
"latent_dependent",555,"BY",TRUE,0.5,1,0,0,-3,0.5,3
"latent_dependent",556,"unadjusted",TRUE,0.833333333333333,0.833333333333333,0.166666666666667,1,0,0.714285714285714,6
"latent_dependent",556,"Holm",TRUE,0,0,0,0,-6,0,0
"latent_dependent",556,"BY",TRUE,0,0,0,0,-6,0,0
"latent_dependent",557,"unadjusted",TRUE,0.666666666666667,0.8,0.2,1,-1,0.571428571428571,5
"latent_dependent",557,"Holm",TRUE,0.166666666666667,1,0,0,-5,0.166666666666667,1
"latent_dependent",557,"BY",TRUE,0.166666666666667,1,0,0,-5,0.166666666666667,1
"latent_dependent",558,"unadjusted",TRUE,0.833333333333333,1,0,0,-1,0.833333333333333,5
"latent_dependent",558,"Holm",TRUE,0.333333333333333,1,0,0,-4,0.333333333333333,2
"latent_dependent",558,"BY",TRUE,0.333333333333333,1,0,0,-4,0.333333333333333,2
"latent_dependent",559,"unadjusted",TRUE,0.5,1,0,0,-3,0.5,3
"latent_dependent",559,"Holm",TRUE,0.166666666666667,1,0,0,-5,0.166666666666667,1
"latent_dependent",559,"BY",TRUE,0.166666666666667,1,0,0,-5,0.166666666666667,1
"latent_dependent",560,"unadjusted",TRUE,0.666666666666667,1,0,0,-2,0.666666666666667,4
"latent_dependent",560,"Holm",TRUE,0.166666666666667,1,0,0,-5,0.166666666666667,1
"latent_dependent",560,"BY",TRUE,0.166666666666667,1,0,0,-5,0.166666666666667,1
"latent_dependent",561,"unadjusted",TRUE,0.5,0.75,0.25,1,-2,0.428571428571429,4
"latent_dependent",561,"Holm",TRUE,0,0,0,0,-6,0,0
"latent_dependent",561,"BY",TRUE,0,0,0,0,-6,0,0
"latent_dependent",562,"unadjusted",TRUE,1,1,0,0,0,1,6
"latent_dependent",562,"Holm",TRUE,0.166666666666667,1,0,0,-5,0.166666666666667,1
"latent_dependent",562,"BY",TRUE,0.166666666666667,1,0,0,-5,0.166666666666667,1
"latent_dependent",563,"unadjusted",TRUE,0.666666666666667,1,0,0,-2,0.666666666666667,4
"latent_dependent",563,"Holm",TRUE,0,0,0,0,-6,0,0
"latent_dependent",563,"BY",TRUE,0,0,0,0,-6,0,0
"latent_dependent",564,"unadjusted",TRUE,0.833333333333333,0.833333333333333,0.166666666666667,1,0,0.714285714285714,6
"latent_dependent",564,"Holm",TRUE,0.166666666666667,1,0,0,-5,0.166666666666667,1
"latent_dependent",564,"BY",TRUE,0.166666666666667,1,0,0,-5,0.166666666666667,1
"latent_dependent",565,"unadjusted",TRUE,0.666666666666667,1,0,0,-2,0.666666666666667,4
"latent_dependent",565,"Holm",TRUE,0.166666666666667,1,0,0,-5,0.166666666666667,1
"latent_dependent",565,"BY",TRUE,0.166666666666667,1,0,0,-5,0.166666666666667,1
"latent_dependent",566,"unadjusted",TRUE,0.833333333333333,1,0,0,-1,0.833333333333333,5
"latent_dependent",566,"Holm",TRUE,0.166666666666667,1,0,0,-5,0.166666666666667,1
"latent_dependent",566,"BY",TRUE,0,0,0,0,-6,0,0
"latent_dependent",567,"unadjusted",TRUE,1,0.857142857142857,0.142857142857143,1,1,0.857142857142857,7
"latent_dependent",567,"Holm",TRUE,0.166666666666667,1,0,0,-5,0.166666666666667,1
"latent_dependent",567,"BY",TRUE,0,0,0,0,-6,0,0
"latent_dependent",568,"unadjusted",TRUE,1,1,0,0,0,1,6
"latent_dependent",568,"Holm",TRUE,0.333333333333333,1,0,0,-4,0.333333333333333,2
"latent_dependent",568,"BY",TRUE,0.166666666666667,1,0,0,-5,0.166666666666667,1
"latent_dependent",569,"unadjusted",TRUE,0.833333333333333,1,0,0,-1,0.833333333333333,5
"latent_dependent",569,"Holm",TRUE,0.166666666666667,1,0,0,-5,0.166666666666667,1
"latent_dependent",569,"BY",TRUE,0,0,0,0,-6,0,0
"latent_dependent",570,"unadjusted",TRUE,0.5,1,0,0,-3,0.5,3
"latent_dependent",570,"Holm",TRUE,0.166666666666667,1,0,0,-5,0.166666666666667,1
"latent_dependent",570,"BY",TRUE,0.166666666666667,1,0,0,-5,0.166666666666667,1
"latent_dependent",571,"unadjusted",TRUE,0.5,1,0,0,-3,0.5,3
"latent_dependent",571,"Holm",TRUE,0,0,0,0,-6,0,0
"latent_dependent",571,"BY",TRUE,0,0,0,0,-6,0,0
"latent_dependent",572,"unadjusted",TRUE,0.833333333333333,0.714285714285714,0.285714285714286,1,1,0.625,7
"latent_dependent",572,"Holm",TRUE,0.5,1,0,0,-3,0.5,3
"latent_dependent",572,"BY",TRUE,0.5,1,0,0,-3,0.5,3
"latent_dependent",573,"unadjusted",TRUE,1,1,0,0,0,1,6
"latent_dependent",573,"Holm",TRUE,0,0,0,0,-6,0,0
"latent_dependent",573,"BY",TRUE,0,0,0,0,-6,0,0
"latent_dependent",574,"unadjusted",TRUE,0.666666666666667,0.8,0.2,1,-1,0.571428571428571,5
"latent_dependent",574,"Holm",TRUE,0,0,0,0,-6,0,0
"latent_dependent",574,"BY",TRUE,0,0,0,0,-6,0,0
"latent_dependent",575,"unadjusted",TRUE,1,1,0,0,0,1,6
"latent_dependent",575,"Holm",TRUE,0.333333333333333,1,0,0,-4,0.333333333333333,2
"latent_dependent",575,"BY",TRUE,0,0,0,0,-6,0,0
"latent_dependent",576,"unadjusted",TRUE,0.5,1,0,0,-3,0.5,3
"latent_dependent",576,"Holm",TRUE,0,0,0,0,-6,0,0
"latent_dependent",576,"BY",TRUE,0,0,0,0,-6,0,0
"latent_dependent",577,"unadjusted",TRUE,0.5,1,0,0,-3,0.5,3
"latent_dependent",577,"Holm",TRUE,0.333333333333333,1,0,0,-4,0.333333333333333,2
"latent_dependent",577,"BY",TRUE,0.166666666666667,1,0,0,-5,0.166666666666667,1
"latent_dependent",578,"unadjusted",TRUE,0.166666666666667,0.333333333333333,0.666666666666667,1,-3,0.125,3
"latent_dependent",578,"Holm",TRUE,0,0,0,0,-6,0,0
"latent_dependent",578,"BY",TRUE,0,0,0,0,-6,0,0
"latent_dependent",579,"unadjusted",TRUE,0.666666666666667,1,0,0,-2,0.666666666666667,4
"latent_dependent",579,"Holm",TRUE,0.333333333333333,1,0,0,-4,0.333333333333333,2
"latent_dependent",579,"BY",TRUE,0.333333333333333,1,0,0,-4,0.333333333333333,2
"latent_dependent",580,"unadjusted",TRUE,0.5,1,0,0,-3,0.5,3
"latent_dependent",580,"Holm",TRUE,0,0,0,0,-6,0,0
"latent_dependent",580,"BY",TRUE,0,0,0,0,-6,0,0
"latent_dependent",581,"unadjusted",TRUE,0.666666666666667,1,0,0,-2,0.666666666666667,4
"latent_dependent",581,"Holm",TRUE,0,0,0,0,-6,0,0
"latent_dependent",581,"BY",TRUE,0,0,0,0,-6,0,0
"latent_dependent",582,"unadjusted",TRUE,0.833333333333333,0.833333333333333,0.166666666666667,1,0,0.714285714285714,6
"latent_dependent",582,"Holm",TRUE,0,0,0,0,-6,0,0
"latent_dependent",582,"BY",TRUE,0,0,0,0,-6,0,0
"latent_dependent",583,"unadjusted",TRUE,0.833333333333333,0.833333333333333,0.166666666666667,1,0,0.714285714285714,6
"latent_dependent",583,"Holm",TRUE,0.333333333333333,1,0,0,-4,0.333333333333333,2
"latent_dependent",583,"BY",TRUE,0.333333333333333,1,0,0,-4,0.333333333333333,2
"latent_dependent",584,"unadjusted",TRUE,0.666666666666667,1,0,0,-2,0.666666666666667,4
"latent_dependent",584,"Holm",TRUE,0.166666666666667,1,0,0,-5,0.166666666666667,1
"latent_dependent",584,"BY",TRUE,0,0,0,0,-6,0,0
"latent_dependent",585,"unadjusted",TRUE,0.833333333333333,0.833333333333333,0.166666666666667,1,0,0.714285714285714,6
"latent_dependent",585,"Holm",TRUE,0.333333333333333,1,0,0,-4,0.333333333333333,2
"latent_dependent",585,"BY",TRUE,0,0,0,0,-6,0,0
"latent_dependent",586,"unadjusted",TRUE,0.5,1,0,0,-3,0.5,3
"latent_dependent",586,"Holm",TRUE,0.166666666666667,1,0,0,-5,0.166666666666667,1
"latent_dependent",586,"BY",TRUE,0.166666666666667,1,0,0,-5,0.166666666666667,1
"latent_dependent",587,"unadjusted",TRUE,0.666666666666667,1,0,0,-2,0.666666666666667,4
"latent_dependent",587,"Holm",TRUE,0.333333333333333,1,0,0,-4,0.333333333333333,2
"latent_dependent",587,"BY",TRUE,0,0,0,0,-6,0,0
"latent_dependent",588,"unadjusted",TRUE,0.666666666666667,0.8,0.2,1,-1,0.571428571428571,5
"latent_dependent",588,"Holm",TRUE,0.5,1,0,0,-3,0.5,3
"latent_dependent",588,"BY",TRUE,0.5,1,0,0,-3,0.5,3
"latent_dependent",589,"unadjusted",TRUE,0.666666666666667,0.8,0.2,1,-1,0.571428571428571,5
"latent_dependent",589,"Holm",TRUE,0.333333333333333,1,0,0,-4,0.333333333333333,2
"latent_dependent",589,"BY",TRUE,0.333333333333333,1,0,0,-4,0.333333333333333,2
"latent_dependent",590,"unadjusted",TRUE,0.666666666666667,0.8,0.2,1,-1,0.571428571428571,5
"latent_dependent",590,"Holm",TRUE,0.166666666666667,1,0,0,-5,0.166666666666667,1
"latent_dependent",590,"BY",TRUE,0.166666666666667,1,0,0,-5,0.166666666666667,1
"latent_dependent",591,"unadjusted",TRUE,0.333333333333333,1,0,0,-4,0.333333333333333,2
"latent_dependent",591,"Holm",TRUE,0.333333333333333,1,0,0,-4,0.333333333333333,2
"latent_dependent",591,"BY",TRUE,0.166666666666667,1,0,0,-5,0.166666666666667,1
"latent_dependent",592,"unadjusted",TRUE,1,1,0,0,0,1,6
"latent_dependent",592,"Holm",TRUE,0.333333333333333,1,0,0,-4,0.333333333333333,2
"latent_dependent",592,"BY",TRUE,0.333333333333333,1,0,0,-4,0.333333333333333,2
"latent_dependent",593,"unadjusted",TRUE,0.5,0.75,0.25,1,-2,0.428571428571429,4
"latent_dependent",593,"Holm",TRUE,0.166666666666667,1,0,0,-5,0.166666666666667,1
"latent_dependent",593,"BY",TRUE,0.166666666666667,1,0,0,-5,0.166666666666667,1
"latent_dependent",594,"unadjusted",TRUE,0.5,1,0,0,-3,0.5,3
"latent_dependent",594,"Holm",TRUE,0.333333333333333,1,0,0,-4,0.333333333333333,2
"latent_dependent",594,"BY",TRUE,0.333333333333333,1,0,0,-4,0.333333333333333,2
"latent_dependent",595,"unadjusted",TRUE,0.666666666666667,0.666666666666667,0.333333333333333,1,0,0.5,6
"latent_dependent",595,"Holm",TRUE,0,0,0,0,-6,0,0
"latent_dependent",595,"BY",TRUE,0,0,0,0,-6,0,0
"latent_dependent",596,"unadjusted",TRUE,0.833333333333333,0.833333333333333,0.166666666666667,1,0,0.714285714285714,6
"latent_dependent",596,"Holm",TRUE,0.333333333333333,1,0,0,-4,0.333333333333333,2
"latent_dependent",596,"BY",TRUE,0.333333333333333,1,0,0,-4,0.333333333333333,2
"latent_dependent",597,"unadjusted",TRUE,0.666666666666667,0.666666666666667,0.333333333333333,1,0,0.5,6
"latent_dependent",597,"Holm",TRUE,0.166666666666667,1,0,0,-5,0.166666666666667,1
"latent_dependent",597,"BY",TRUE,0.166666666666667,1,0,0,-5,0.166666666666667,1
"latent_dependent",598,"unadjusted",TRUE,0.833333333333333,0.714285714285714,0.285714285714286,1,1,0.625,7
"latent_dependent",598,"Holm",TRUE,0.166666666666667,1,0,0,-5,0.166666666666667,1
"latent_dependent",598,"BY",TRUE,0.166666666666667,1,0,0,-5,0.166666666666667,1
"latent_dependent",599,"unadjusted",TRUE,0.5,1,0,0,-3,0.5,3
"latent_dependent",599,"Holm",TRUE,0,0,0,0,-6,0,0
"latent_dependent",599,"BY",TRUE,0,0,0,0,-6,0,0
"latent_dependent",600,"unadjusted",TRUE,0.833333333333333,0.714285714285714,0.285714285714286,1,1,0.625,7
"latent_dependent",600,"Holm",TRUE,0,0,0,0,-6,0,0
"latent_dependent",600,"BY",TRUE,0,0,0,0,-6,0,0
"latent_dependent",601,"unadjusted",TRUE,0.666666666666667,1,0,0,-2,0.666666666666667,4
"latent_dependent",601,"Holm",TRUE,0.166666666666667,1,0,0,-5,0.166666666666667,1
"latent_dependent",601,"BY",TRUE,0,0,0,0,-6,0,0
"latent_dependent",602,"unadjusted",TRUE,1,1,0,0,0,1,6
"latent_dependent",602,"Holm",TRUE,0.5,1,0,0,-3,0.5,3
"latent_dependent",602,"BY",TRUE,0.5,1,0,0,-3,0.5,3
"latent_dependent",603,"unadjusted",TRUE,0.333333333333333,1,0,0,-4,0.333333333333333,2
"latent_dependent",603,"Holm",TRUE,0.166666666666667,1,0,0,-5,0.166666666666667,1
"latent_dependent",603,"BY",TRUE,0.166666666666667,1,0,0,-5,0.166666666666667,1
"latent_dependent",604,"unadjusted",TRUE,0.833333333333333,0.833333333333333,0.166666666666667,1,0,0.714285714285714,6
"latent_dependent",604,"Holm",TRUE,0.5,1,0,0,-3,0.5,3
"latent_dependent",604,"BY",TRUE,0.5,1,0,0,-3,0.5,3
"latent_dependent",605,"unadjusted",TRUE,0.666666666666667,0.8,0.2,1,-1,0.571428571428571,5
"latent_dependent",605,"Holm",TRUE,0.166666666666667,1,0,0,-5,0.166666666666667,1
"latent_dependent",605,"BY",TRUE,0.166666666666667,1,0,0,-5,0.166666666666667,1
"latent_dependent",606,"unadjusted",TRUE,0.666666666666667,1,0,0,-2,0.666666666666667,4
"latent_dependent",606,"Holm",TRUE,0,0,0,0,-6,0,0
"latent_dependent",606,"BY",TRUE,0,0,0,0,-6,0,0
"latent_dependent",607,"unadjusted",TRUE,0.833333333333333,0.833333333333333,0.166666666666667,1,0,0.714285714285714,6
"latent_dependent",607,"Holm",TRUE,0.166666666666667,0.5,0.5,1,-4,0.142857142857143,2
"latent_dependent",607,"BY",TRUE,0.166666666666667,1,0,0,-5,0.166666666666667,1
"latent_dependent",608,"unadjusted",TRUE,0.666666666666667,0.666666666666667,0.333333333333333,1,0,0.5,6
"latent_dependent",608,"Holm",TRUE,0.166666666666667,1,0,0,-5,0.166666666666667,1
"latent_dependent",608,"BY",TRUE,0.166666666666667,1,0,0,-5,0.166666666666667,1
"latent_dependent",609,"unadjusted",TRUE,0.666666666666667,1,0,0,-2,0.666666666666667,4
"latent_dependent",609,"Holm",TRUE,0.166666666666667,1,0,0,-5,0.166666666666667,1
"latent_dependent",609,"BY",TRUE,0.166666666666667,1,0,0,-5,0.166666666666667,1
"latent_dependent",610,"unadjusted",TRUE,0.833333333333333,0.833333333333333,0.166666666666667,1,0,0.714285714285714,6
"latent_dependent",610,"Holm",TRUE,0,0,0,0,-6,0,0
"latent_dependent",610,"BY",TRUE,0,0,0,0,-6,0,0
"latent_dependent",611,"unadjusted",TRUE,0.833333333333333,0.625,0.375,1,2,0.555555555555556,8
"latent_dependent",611,"Holm",TRUE,0.5,1,0,0,-3,0.5,3
"latent_dependent",611,"BY",TRUE,0.5,1,0,0,-3,0.5,3
"latent_dependent",612,"unadjusted",TRUE,0.5,1,0,0,-3,0.5,3
"latent_dependent",612,"Holm",TRUE,0.166666666666667,1,0,0,-5,0.166666666666667,1
"latent_dependent",612,"BY",TRUE,0.166666666666667,1,0,0,-5,0.166666666666667,1
"latent_dependent",613,"unadjusted",TRUE,0.5,1,0,0,-3,0.5,3
"latent_dependent",613,"Holm",TRUE,0.166666666666667,1,0,0,-5,0.166666666666667,1
"latent_dependent",613,"BY",TRUE,0,0,0,0,-6,0,0
"latent_dependent",614,"unadjusted",TRUE,0.833333333333333,1,0,0,-1,0.833333333333333,5
"latent_dependent",614,"Holm",TRUE,0,0,0,0,-6,0,0
"latent_dependent",614,"BY",TRUE,0,0,0,0,-6,0,0
"latent_dependent",615,"unadjusted",TRUE,0.666666666666667,1,0,0,-2,0.666666666666667,4
"latent_dependent",615,"Holm",TRUE,0.166666666666667,1,0,0,-5,0.166666666666667,1
"latent_dependent",615,"BY",TRUE,0,0,0,0,-6,0,0
"latent_dependent",616,"unadjusted",TRUE,0.5,0.75,0.25,1,-2,0.428571428571429,4
"latent_dependent",616,"Holm",TRUE,0,0,1,1,-5,0,1
"latent_dependent",616,"BY",TRUE,0,0,1,1,-5,0,1
"latent_dependent",617,"unadjusted",TRUE,0.5,1,0,0,-3,0.5,3
"latent_dependent",617,"Holm",TRUE,0.166666666666667,1,0,0,-5,0.166666666666667,1
"latent_dependent",617,"BY",TRUE,0.166666666666667,1,0,0,-5,0.166666666666667,1
"latent_dependent",618,"unadjusted",TRUE,0.5,1,0,0,-3,0.5,3
"latent_dependent",618,"Holm",TRUE,0,0,0,0,-6,0,0
"latent_dependent",618,"BY",TRUE,0,0,0,0,-6,0,0
"latent_dependent",619,"unadjusted",TRUE,0.666666666666667,1,0,0,-2,0.666666666666667,4
"latent_dependent",619,"Holm",TRUE,0.333333333333333,1,0,0,-4,0.333333333333333,2
"latent_dependent",619,"BY",TRUE,0.333333333333333,1,0,0,-4,0.333333333333333,2
"latent_dependent",620,"unadjusted",TRUE,0.833333333333333,1,0,0,-1,0.833333333333333,5
"latent_dependent",620,"Holm",TRUE,0.166666666666667,1,0,0,-5,0.166666666666667,1
"latent_dependent",620,"BY",TRUE,0.166666666666667,1,0,0,-5,0.166666666666667,1
"latent_dependent",621,"unadjusted",TRUE,0.5,1,0,0,-3,0.5,3
"latent_dependent",621,"Holm",TRUE,0,0,0,0,-6,0,0
"latent_dependent",621,"BY",TRUE,0,0,0,0,-6,0,0
"latent_dependent",622,"unadjusted",TRUE,0.833333333333333,0.833333333333333,0.166666666666667,1,0,0.714285714285714,6
"latent_dependent",622,"Holm",TRUE,0.5,1,0,0,-3,0.5,3
"latent_dependent",622,"BY",TRUE,0.5,1,0,0,-3,0.5,3
"latent_dependent",623,"unadjusted",TRUE,0.5,1,0,0,-3,0.5,3
"latent_dependent",623,"Holm",TRUE,0.333333333333333,1,0,0,-4,0.333333333333333,2
"latent_dependent",623,"BY",TRUE,0.166666666666667,1,0,0,-5,0.166666666666667,1
"latent_dependent",624,"unadjusted",TRUE,0.666666666666667,1,0,0,-2,0.666666666666667,4
"latent_dependent",624,"Holm",TRUE,0.166666666666667,1,0,0,-5,0.166666666666667,1
"latent_dependent",624,"BY",TRUE,0.166666666666667,1,0,0,-5,0.166666666666667,1
"latent_dependent",625,"unadjusted",TRUE,0.5,0.75,0.25,1,-2,0.428571428571429,4
"latent_dependent",625,"Holm",TRUE,0,0,0,0,-6,0,0
"latent_dependent",625,"BY",TRUE,0,0,0,0,-6,0,0
"latent_dependent",626,"unadjusted",TRUE,0.5,1,0,0,-3,0.5,3
"latent_dependent",626,"Holm",TRUE,0.166666666666667,1,0,0,-5,0.166666666666667,1
"latent_dependent",626,"BY",TRUE,0.166666666666667,1,0,0,-5,0.166666666666667,1
"latent_dependent",627,"unadjusted",TRUE,0.5,0.6,0.4,1,-1,0.375,5
"latent_dependent",627,"Holm",TRUE,0,0,0,0,-6,0,0
"latent_dependent",627,"BY",TRUE,0,0,0,0,-6,0,0
"latent_dependent",628,"unadjusted",TRUE,1,1,0,0,0,1,6
"latent_dependent",628,"Holm",TRUE,0.333333333333333,1,0,0,-4,0.333333333333333,2
"latent_dependent",628,"BY",TRUE,0.333333333333333,1,0,0,-4,0.333333333333333,2
"latent_dependent",629,"unadjusted",TRUE,0.5,1,0,0,-3,0.5,3
"latent_dependent",629,"Holm",TRUE,0.333333333333333,1,0,0,-4,0.333333333333333,2
"latent_dependent",629,"BY",TRUE,0.166666666666667,1,0,0,-5,0.166666666666667,1
"latent_dependent",630,"unadjusted",TRUE,0.833333333333333,1,0,0,-1,0.833333333333333,5
"latent_dependent",630,"Holm",TRUE,0.166666666666667,1,0,0,-5,0.166666666666667,1
"latent_dependent",630,"BY",TRUE,0,0,0,0,-6,0,0
"latent_dependent",631,"unadjusted",TRUE,0.666666666666667,0.666666666666667,0.333333333333333,1,0,0.5,6
"latent_dependent",631,"Holm",TRUE,0.5,1,0,0,-3,0.5,3
"latent_dependent",631,"BY",TRUE,0.5,1,0,0,-3,0.5,3
"latent_dependent",632,"unadjusted",TRUE,0.833333333333333,1,0,0,-1,0.833333333333333,5
"latent_dependent",632,"Holm",TRUE,0.333333333333333,1,0,0,-4,0.333333333333333,2
"latent_dependent",632,"BY",TRUE,0.333333333333333,1,0,0,-4,0.333333333333333,2
"latent_dependent",633,"unadjusted",TRUE,0.333333333333333,1,0,0,-4,0.333333333333333,2
"latent_dependent",633,"Holm",TRUE,0,0,0,0,-6,0,0
"latent_dependent",633,"BY",TRUE,0,0,0,0,-6,0,0
"latent_dependent",634,"unadjusted",TRUE,0.833333333333333,0.625,0.375,1,2,0.555555555555556,8
"latent_dependent",634,"Holm",TRUE,0.333333333333333,1,0,0,-4,0.333333333333333,2
"latent_dependent",634,"BY",TRUE,0.333333333333333,1,0,0,-4,0.333333333333333,2
"latent_dependent",635,"unadjusted",TRUE,0.666666666666667,1,0,0,-2,0.666666666666667,4
"latent_dependent",635,"Holm",TRUE,0,0,0,0,-6,0,0
"latent_dependent",635,"BY",TRUE,0,0,0,0,-6,0,0
"latent_dependent",636,"unadjusted",TRUE,0.666666666666667,1,0,0,-2,0.666666666666667,4
"latent_dependent",636,"Holm",TRUE,0.166666666666667,1,0,0,-5,0.166666666666667,1
"latent_dependent",636,"BY",TRUE,0.166666666666667,1,0,0,-5,0.166666666666667,1
"latent_dependent",637,"unadjusted",TRUE,0.666666666666667,1,0,0,-2,0.666666666666667,4
"latent_dependent",637,"Holm",TRUE,0.166666666666667,1,0,0,-5,0.166666666666667,1
"latent_dependent",637,"BY",TRUE,0,0,0,0,-6,0,0
"latent_dependent",638,"unadjusted",TRUE,0.666666666666667,1,0,0,-2,0.666666666666667,4
"latent_dependent",638,"Holm",TRUE,0.333333333333333,1,0,0,-4,0.333333333333333,2
"latent_dependent",638,"BY",TRUE,0.166666666666667,1,0,0,-5,0.166666666666667,1
"latent_dependent",639,"unadjusted",TRUE,0.833333333333333,1,0,0,-1,0.833333333333333,5
"latent_dependent",639,"Holm",TRUE,0.166666666666667,1,0,0,-5,0.166666666666667,1
"latent_dependent",639,"BY",TRUE,0.166666666666667,1,0,0,-5,0.166666666666667,1
"latent_dependent",640,"unadjusted",TRUE,0.666666666666667,1,0,0,-2,0.666666666666667,4
"latent_dependent",640,"Holm",TRUE,0.166666666666667,1,0,0,-5,0.166666666666667,1
"latent_dependent",640,"BY",TRUE,0.166666666666667,1,0,0,-5,0.166666666666667,1
"latent_dependent",641,"unadjusted",TRUE,0.833333333333333,1,0,0,-1,0.833333333333333,5
"latent_dependent",641,"Holm",TRUE,0.166666666666667,1,0,0,-5,0.166666666666667,1
"latent_dependent",641,"BY",TRUE,0.166666666666667,1,0,0,-5,0.166666666666667,1
"latent_dependent",642,"unadjusted",TRUE,0.666666666666667,0.666666666666667,0.333333333333333,1,0,0.5,6
"latent_dependent",642,"Holm",TRUE,0.333333333333333,1,0,0,-4,0.333333333333333,2
"latent_dependent",642,"BY",TRUE,0.166666666666667,1,0,0,-5,0.166666666666667,1
"latent_dependent",643,"unadjusted",TRUE,0.666666666666667,1,0,0,-2,0.666666666666667,4
"latent_dependent",643,"Holm",TRUE,0,0,0,0,-6,0,0
"latent_dependent",643,"BY",TRUE,0,0,0,0,-6,0,0
"latent_dependent",644,"unadjusted",TRUE,0.5,1,0,0,-3,0.5,3
"latent_dependent",644,"Holm",TRUE,0.166666666666667,1,0,0,-5,0.166666666666667,1
"latent_dependent",644,"BY",TRUE,0.166666666666667,1,0,0,-5,0.166666666666667,1
"latent_dependent",645,"unadjusted",TRUE,0.833333333333333,0.833333333333333,0.166666666666667,1,0,0.714285714285714,6
"latent_dependent",645,"Holm",TRUE,0.166666666666667,1,0,0,-5,0.166666666666667,1
"latent_dependent",645,"BY",TRUE,0,0,0,0,-6,0,0
"latent_dependent",646,"unadjusted",TRUE,0.666666666666667,1,0,0,-2,0.666666666666667,4
"latent_dependent",646,"Holm",TRUE,0.166666666666667,1,0,0,-5,0.166666666666667,1
"latent_dependent",646,"BY",TRUE,0.166666666666667,1,0,0,-5,0.166666666666667,1
"latent_dependent",647,"unadjusted",TRUE,0.666666666666667,1,0,0,-2,0.666666666666667,4
"latent_dependent",647,"Holm",TRUE,0,0,0,0,-6,0,0
"latent_dependent",647,"BY",TRUE,0,0,0,0,-6,0,0
"latent_dependent",648,"unadjusted",TRUE,0.666666666666667,1,0,0,-2,0.666666666666667,4
"latent_dependent",648,"Holm",TRUE,0.166666666666667,1,0,0,-5,0.166666666666667,1
"latent_dependent",648,"BY",TRUE,0,0,0,0,-6,0,0
"latent_dependent",649,"unadjusted",TRUE,0.666666666666667,0.8,0.2,1,-1,0.571428571428571,5
"latent_dependent",649,"Holm",TRUE,0.333333333333333,1,0,0,-4,0.333333333333333,2
"latent_dependent",649,"BY",TRUE,0.333333333333333,1,0,0,-4,0.333333333333333,2
"latent_dependent",650,"unadjusted",TRUE,0.5,0.75,0.25,1,-2,0.428571428571429,4
"latent_dependent",650,"Holm",TRUE,0.166666666666667,1,0,0,-5,0.166666666666667,1
"latent_dependent",650,"BY",TRUE,0.166666666666667,1,0,0,-5,0.166666666666667,1
"latent_dependent",651,"unadjusted",TRUE,0.666666666666667,1,0,0,-2,0.666666666666667,4
"latent_dependent",651,"Holm",TRUE,0.333333333333333,1,0,0,-4,0.333333333333333,2
"latent_dependent",651,"BY",TRUE,0.333333333333333,1,0,0,-4,0.333333333333333,2
"latent_dependent",652,"unadjusted",TRUE,0.833333333333333,1,0,0,-1,0.833333333333333,5
"latent_dependent",652,"Holm",TRUE,0,0,0,0,-6,0,0
"latent_dependent",652,"BY",TRUE,0,0,0,0,-6,0,0
"latent_dependent",653,"unadjusted",FALSE,0.333333333333333,1,0,0,-4,0.333333333333333,2
"latent_dependent",653,"Holm",FALSE,0,0,0,0,-6,0,0
"latent_dependent",653,"BY",FALSE,0,0,0,0,-6,0,0
"latent_dependent",654,"unadjusted",TRUE,0.666666666666667,1,0,0,-2,0.666666666666667,4
"latent_dependent",654,"Holm",TRUE,0,0,0,0,-6,0,0
"latent_dependent",654,"BY",TRUE,0,0,0,0,-6,0,0
"latent_dependent",655,"unadjusted",TRUE,0.666666666666667,1,0,0,-2,0.666666666666667,4
"latent_dependent",655,"Holm",TRUE,0.333333333333333,1,0,0,-4,0.333333333333333,2
"latent_dependent",655,"BY",TRUE,0.333333333333333,1,0,0,-4,0.333333333333333,2
"latent_dependent",656,"unadjusted",TRUE,0.5,1,0,0,-3,0.5,3
"latent_dependent",656,"Holm",TRUE,0.166666666666667,1,0,0,-5,0.166666666666667,1
"latent_dependent",656,"BY",TRUE,0,0,0,0,-6,0,0
"latent_dependent",657,"unadjusted",TRUE,0.5,1,0,0,-3,0.5,3
"latent_dependent",657,"Holm",TRUE,0.166666666666667,1,0,0,-5,0.166666666666667,1
"latent_dependent",657,"BY",TRUE,0,0,0,0,-6,0,0
"latent_dependent",658,"unadjusted",FALSE,0.5,1,0,0,-3,0.5,3
"latent_dependent",658,"Holm",FALSE,0.166666666666667,1,0,0,-5,0.166666666666667,1
"latent_dependent",658,"BY",FALSE,0,0,0,0,-6,0,0
"latent_dependent",659,"unadjusted",TRUE,0.666666666666667,0.8,0.2,1,-1,0.571428571428571,5
"latent_dependent",659,"Holm",TRUE,0.166666666666667,1,0,0,-5,0.166666666666667,1
"latent_dependent",659,"BY",TRUE,0.166666666666667,1,0,0,-5,0.166666666666667,1
"latent_dependent",660,"unadjusted",TRUE,0.666666666666667,0.8,0.2,1,-1,0.571428571428571,5
"latent_dependent",660,"Holm",TRUE,0.166666666666667,1,0,0,-5,0.166666666666667,1
"latent_dependent",660,"BY",TRUE,0.166666666666667,1,0,0,-5,0.166666666666667,1
"latent_dependent",661,"unadjusted",TRUE,0.5,0.6,0.4,1,-1,0.375,5
"latent_dependent",661,"Holm",TRUE,0.166666666666667,1,0,0,-5,0.166666666666667,1
"latent_dependent",661,"BY",TRUE,0,0,0,0,-6,0,0
"latent_dependent",662,"unadjusted",TRUE,0.5,0.75,0.25,1,-2,0.428571428571429,4
"latent_dependent",662,"Holm",TRUE,0,0,0,0,-6,0,0
"latent_dependent",662,"BY",TRUE,0,0,0,0,-6,0,0
"latent_dependent",663,"unadjusted",TRUE,0.666666666666667,1,0,0,-2,0.666666666666667,4
"latent_dependent",663,"Holm",TRUE,0.166666666666667,1,0,0,-5,0.166666666666667,1
"latent_dependent",663,"BY",TRUE,0.166666666666667,1,0,0,-5,0.166666666666667,1
"latent_dependent",664,"unadjusted",TRUE,0.666666666666667,1,0,0,-2,0.666666666666667,4
"latent_dependent",664,"Holm",TRUE,0.166666666666667,1,0,0,-5,0.166666666666667,1
"latent_dependent",664,"BY",TRUE,0,0,0,0,-6,0,0
"latent_dependent",665,"unadjusted",TRUE,0.833333333333333,0.833333333333333,0.166666666666667,1,0,0.714285714285714,6
"latent_dependent",665,"Holm",TRUE,0.333333333333333,1,0,0,-4,0.333333333333333,2
"latent_dependent",665,"BY",TRUE,0,0,0,0,-6,0,0
"latent_dependent",666,"unadjusted",TRUE,1,1,0,0,0,1,6
"latent_dependent",666,"Holm",TRUE,0.166666666666667,1,0,0,-5,0.166666666666667,1
"latent_dependent",666,"BY",TRUE,0,0,0,0,-6,0,0
"latent_dependent",667,"unadjusted",TRUE,0.833333333333333,0.714285714285714,0.285714285714286,1,1,0.625,7
"latent_dependent",667,"Holm",TRUE,0.166666666666667,1,0,0,-5,0.166666666666667,1
"latent_dependent",667,"BY",TRUE,0.166666666666667,1,0,0,-5,0.166666666666667,1
"latent_dependent",668,"unadjusted",TRUE,0.5,1,0,0,-3,0.5,3
"latent_dependent",668,"Holm",TRUE,0.166666666666667,1,0,0,-5,0.166666666666667,1
"latent_dependent",668,"BY",TRUE,0.166666666666667,1,0,0,-5,0.166666666666667,1
"latent_dependent",669,"unadjusted",TRUE,0.166666666666667,0.5,0.5,1,-4,0.142857142857143,2
"latent_dependent",669,"Holm",TRUE,0.166666666666667,1,0,0,-5,0.166666666666667,1
"latent_dependent",669,"BY",TRUE,0.166666666666667,1,0,0,-5,0.166666666666667,1
"latent_dependent",670,"unadjusted",TRUE,0.666666666666667,0.8,0.2,1,-1,0.571428571428571,5
"latent_dependent",670,"Holm",TRUE,0.333333333333333,1,0,0,-4,0.333333333333333,2
"latent_dependent",670,"BY",TRUE,0.333333333333333,1,0,0,-4,0.333333333333333,2
"latent_dependent",671,"unadjusted",TRUE,0.5,1,0,0,-3,0.5,3
"latent_dependent",671,"Holm",TRUE,0.166666666666667,1,0,0,-5,0.166666666666667,1
"latent_dependent",671,"BY",TRUE,0.166666666666667,1,0,0,-5,0.166666666666667,1
"latent_dependent",672,"unadjusted",TRUE,0.5,1,0,0,-3,0.5,3
"latent_dependent",672,"Holm",TRUE,0,0,0,0,-6,0,0
"latent_dependent",672,"BY",TRUE,0,0,0,0,-6,0,0
"latent_dependent",673,"unadjusted",TRUE,0.333333333333333,0.5,0.5,1,-2,0.25,4
"latent_dependent",673,"Holm",TRUE,0.166666666666667,1,0,0,-5,0.166666666666667,1
"latent_dependent",673,"BY",TRUE,0.166666666666667,1,0,0,-5,0.166666666666667,1
"latent_dependent",674,"unadjusted",TRUE,0.833333333333333,1,0,0,-1,0.833333333333333,5
"latent_dependent",674,"Holm",TRUE,0.333333333333333,1,0,0,-4,0.333333333333333,2
"latent_dependent",674,"BY",TRUE,0.333333333333333,1,0,0,-4,0.333333333333333,2
"latent_dependent",675,"unadjusted",TRUE,0.666666666666667,1,0,0,-2,0.666666666666667,4
"latent_dependent",675,"Holm",TRUE,0.333333333333333,1,0,0,-4,0.333333333333333,2
"latent_dependent",675,"BY",TRUE,0.333333333333333,1,0,0,-4,0.333333333333333,2
"latent_dependent",676,"unadjusted",TRUE,0.666666666666667,0.666666666666667,0.333333333333333,1,0,0.5,6
"latent_dependent",676,"Holm",TRUE,0.333333333333333,1,0,0,-4,0.333333333333333,2
"latent_dependent",676,"BY",TRUE,0,0,0,0,-6,0,0
"latent_dependent",677,"unadjusted",TRUE,1,1,0,0,0,1,6
"latent_dependent",677,"Holm",TRUE,0,0,0,0,-6,0,0
"latent_dependent",677,"BY",TRUE,0,0,0,0,-6,0,0
"latent_dependent",678,"unadjusted",TRUE,0.166666666666667,1,0,0,-5,0.166666666666667,1
"latent_dependent",678,"Holm",TRUE,0.166666666666667,1,0,0,-5,0.166666666666667,1
"latent_dependent",678,"BY",TRUE,0.166666666666667,1,0,0,-5,0.166666666666667,1
"latent_dependent",679,"unadjusted",TRUE,0.333333333333333,1,0,0,-4,0.333333333333333,2
"latent_dependent",679,"Holm",TRUE,0.166666666666667,1,0,0,-5,0.166666666666667,1
"latent_dependent",679,"BY",TRUE,0.166666666666667,1,0,0,-5,0.166666666666667,1
"latent_dependent",680,"unadjusted",TRUE,0.166666666666667,0.5,0.5,1,-4,0.142857142857143,2
"latent_dependent",680,"Holm",TRUE,0.166666666666667,1,0,0,-5,0.166666666666667,1
"latent_dependent",680,"BY",TRUE,0.166666666666667,1,0,0,-5,0.166666666666667,1
"latent_dependent",681,"unadjusted",TRUE,0.666666666666667,0.8,0.2,1,-1,0.571428571428571,5
"latent_dependent",681,"Holm",TRUE,0.333333333333333,1,0,0,-4,0.333333333333333,2
"latent_dependent",681,"BY",TRUE,0.333333333333333,1,0,0,-4,0.333333333333333,2
"latent_dependent",682,"unadjusted",TRUE,0.666666666666667,0.8,0.2,1,-1,0.571428571428571,5
"latent_dependent",682,"Holm",TRUE,0,0,0,0,-6,0,0
"latent_dependent",682,"BY",TRUE,0,0,0,0,-6,0,0
"latent_dependent",683,"unadjusted",TRUE,0.5,0.75,0.25,1,-2,0.428571428571429,4
"latent_dependent",683,"Holm",TRUE,0,0,0,0,-6,0,0
"latent_dependent",683,"BY",TRUE,0,0,0,0,-6,0,0
"latent_dependent",684,"unadjusted",TRUE,0.666666666666667,1,0,0,-2,0.666666666666667,4
"latent_dependent",684,"Holm",TRUE,0.166666666666667,1,0,0,-5,0.166666666666667,1
"latent_dependent",684,"BY",TRUE,0.166666666666667,1,0,0,-5,0.166666666666667,1
"latent_dependent",685,"unadjusted",TRUE,0.5,1,0,0,-3,0.5,3
"latent_dependent",685,"Holm",TRUE,0,0,0,0,-6,0,0
"latent_dependent",685,"BY",TRUE,0,0,0,0,-6,0,0
"latent_dependent",686,"unadjusted",TRUE,0.666666666666667,0.8,0.2,1,-1,0.571428571428571,5
"latent_dependent",686,"Holm",TRUE,0,0,0,0,-6,0,0
"latent_dependent",686,"BY",TRUE,0,0,0,0,-6,0,0
"latent_dependent",687,"unadjusted",TRUE,0.333333333333333,1,0,0,-4,0.333333333333333,2
"latent_dependent",687,"Holm",TRUE,0,0,0,0,-6,0,0
"latent_dependent",687,"BY",TRUE,0,0,0,0,-6,0,0
"latent_dependent",688,"unadjusted",TRUE,0.333333333333333,1,0,0,-4,0.333333333333333,2
"latent_dependent",688,"Holm",TRUE,0.333333333333333,1,0,0,-4,0.333333333333333,2
"latent_dependent",688,"BY",TRUE,0.166666666666667,1,0,0,-5,0.166666666666667,1
"latent_dependent",689,"unadjusted",TRUE,0.333333333333333,1,0,0,-4,0.333333333333333,2
"latent_dependent",689,"Holm",TRUE,0,0,0,0,-6,0,0
"latent_dependent",689,"BY",TRUE,0,0,0,0,-6,0,0
"latent_dependent",690,"unadjusted",TRUE,0.666666666666667,0.8,0.2,1,-1,0.571428571428571,5
"latent_dependent",690,"Holm",TRUE,0,0,0,0,-6,0,0
"latent_dependent",690,"BY",TRUE,0,0,0,0,-6,0,0
"latent_dependent",691,"unadjusted",TRUE,1,1,0,0,0,1,6
"latent_dependent",691,"Holm",TRUE,0.333333333333333,1,0,0,-4,0.333333333333333,2
"latent_dependent",691,"BY",TRUE,0.166666666666667,1,0,0,-5,0.166666666666667,1
"latent_dependent",692,"unadjusted",TRUE,1,0.857142857142857,0.142857142857143,1,1,0.857142857142857,7
"latent_dependent",692,"Holm",TRUE,0.5,1,0,0,-3,0.5,3
"latent_dependent",692,"BY",TRUE,0.5,1,0,0,-3,0.5,3
"latent_dependent",693,"unadjusted",TRUE,0.666666666666667,1,0,0,-2,0.666666666666667,4
"latent_dependent",693,"Holm",TRUE,0,0,0,0,-6,0,0
"latent_dependent",693,"BY",TRUE,0,0,0,0,-6,0,0
"latent_dependent",694,"unadjusted",TRUE,0.666666666666667,1,0,0,-2,0.666666666666667,4
"latent_dependent",694,"Holm",TRUE,0.333333333333333,1,0,0,-4,0.333333333333333,2
"latent_dependent",694,"BY",TRUE,0,0,0,0,-6,0,0
"latent_dependent",695,"unadjusted",TRUE,0.333333333333333,1,0,0,-4,0.333333333333333,2
"latent_dependent",695,"Holm",TRUE,0.166666666666667,1,0,0,-5,0.166666666666667,1
"latent_dependent",695,"BY",TRUE,0,0,0,0,-6,0,0
"latent_dependent",696,"unadjusted",TRUE,0.833333333333333,0.833333333333333,0.166666666666667,1,0,0.714285714285714,6
"latent_dependent",696,"Holm",TRUE,0.166666666666667,1,0,0,-5,0.166666666666667,1
"latent_dependent",696,"BY",TRUE,0.166666666666667,1,0,0,-5,0.166666666666667,1
"latent_dependent",697,"unadjusted",TRUE,0.666666666666667,1,0,0,-2,0.666666666666667,4
"latent_dependent",697,"Holm",TRUE,0.5,1,0,0,-3,0.5,3
"latent_dependent",697,"BY",TRUE,0.5,1,0,0,-3,0.5,3
"latent_dependent",698,"unadjusted",TRUE,0.5,1,0,0,-3,0.5,3
"latent_dependent",698,"Holm",TRUE,0,0,0,0,-6,0,0
"latent_dependent",698,"BY",TRUE,0,0,0,0,-6,0,0
"latent_dependent",699,"unadjusted",TRUE,0.333333333333333,0.5,0.5,1,-2,0.25,4
"latent_dependent",699,"Holm",TRUE,0.333333333333333,1,0,0,-4,0.333333333333333,2
"latent_dependent",699,"BY",TRUE,0.166666666666667,1,0,0,-5,0.166666666666667,1
"latent_dependent",700,"unadjusted",TRUE,0.666666666666667,1,0,0,-2,0.666666666666667,4
"latent_dependent",700,"Holm",TRUE,0,0,0,0,-6,0,0
"latent_dependent",700,"BY",TRUE,0,0,0,0,-6,0,0
"latent_dependent",701,"unadjusted",TRUE,0.666666666666667,1,0,0,-2,0.666666666666667,4
"latent_dependent",701,"Holm",TRUE,0.333333333333333,1,0,0,-4,0.333333333333333,2
"latent_dependent",701,"BY",TRUE,0.333333333333333,1,0,0,-4,0.333333333333333,2
"latent_dependent",702,"unadjusted",TRUE,0.5,1,0,0,-3,0.5,3
"latent_dependent",702,"Holm",TRUE,0.166666666666667,1,0,0,-5,0.166666666666667,1
"latent_dependent",702,"BY",TRUE,0,0,0,0,-6,0,0
"latent_dependent",703,"unadjusted",TRUE,0.5,0.75,0.25,1,-2,0.428571428571429,4
"latent_dependent",703,"Holm",TRUE,0,0,0,0,-6,0,0
"latent_dependent",703,"BY",TRUE,0,0,0,0,-6,0,0
"latent_dependent",704,"unadjusted",TRUE,0.833333333333333,1,0,0,-1,0.833333333333333,5
"latent_dependent",704,"Holm",TRUE,0,0,0,0,-6,0,0
"latent_dependent",704,"BY",TRUE,0,0,0,0,-6,0,0
"latent_dependent",705,"unadjusted",TRUE,0.333333333333333,1,0,0,-4,0.333333333333333,2
"latent_dependent",705,"Holm",TRUE,0,0,0,0,-6,0,0
"latent_dependent",705,"BY",TRUE,0,0,0,0,-6,0,0
"latent_dependent",706,"unadjusted",TRUE,0.5,1,0,0,-3,0.5,3
"latent_dependent",706,"Holm",TRUE,0,0,0,0,-6,0,0
"latent_dependent",706,"BY",TRUE,0,0,0,0,-6,0,0
"latent_dependent",707,"unadjusted",TRUE,0.666666666666667,1,0,0,-2,0.666666666666667,4
"latent_dependent",707,"Holm",TRUE,0.166666666666667,1,0,0,-5,0.166666666666667,1
"latent_dependent",707,"BY",TRUE,0.166666666666667,1,0,0,-5,0.166666666666667,1
"latent_dependent",708,"unadjusted",TRUE,0.833333333333333,0.833333333333333,0.166666666666667,1,0,0.714285714285714,6
"latent_dependent",708,"Holm",TRUE,0,0,0,0,-6,0,0
"latent_dependent",708,"BY",TRUE,0,0,0,0,-6,0,0
"latent_dependent",709,"unadjusted",TRUE,0.833333333333333,1,0,0,-1,0.833333333333333,5
"latent_dependent",709,"Holm",TRUE,0.333333333333333,1,0,0,-4,0.333333333333333,2
"latent_dependent",709,"BY",TRUE,0.333333333333333,1,0,0,-4,0.333333333333333,2
"latent_dependent",710,"unadjusted",TRUE,0.833333333333333,1,0,0,-1,0.833333333333333,5
"latent_dependent",710,"Holm",TRUE,0.166666666666667,1,0,0,-5,0.166666666666667,1
"latent_dependent",710,"BY",TRUE,0.166666666666667,1,0,0,-5,0.166666666666667,1
"latent_dependent",711,"unadjusted",TRUE,0.5,1,0,0,-3,0.5,3
"latent_dependent",711,"Holm",TRUE,0.166666666666667,1,0,0,-5,0.166666666666667,1
"latent_dependent",711,"BY",TRUE,0.166666666666667,1,0,0,-5,0.166666666666667,1
"latent_dependent",712,"unadjusted",TRUE,1,1,0,0,0,1,6
"latent_dependent",712,"Holm",TRUE,0.333333333333333,1,0,0,-4,0.333333333333333,2
"latent_dependent",712,"BY",TRUE,0.333333333333333,1,0,0,-4,0.333333333333333,2
"latent_dependent",713,"unadjusted",TRUE,0.833333333333333,0.833333333333333,0.166666666666667,1,0,0.714285714285714,6
"latent_dependent",713,"Holm",TRUE,0.333333333333333,1,0,0,-4,0.333333333333333,2
"latent_dependent",713,"BY",TRUE,0.166666666666667,1,0,0,-5,0.166666666666667,1
"latent_dependent",714,"unadjusted",TRUE,0.833333333333333,1,0,0,-1,0.833333333333333,5
"latent_dependent",714,"Holm",TRUE,0.333333333333333,1,0,0,-4,0.333333333333333,2
"latent_dependent",714,"BY",TRUE,0,0,0,0,-6,0,0
"latent_dependent",715,"unadjusted",TRUE,0.833333333333333,0.714285714285714,0.285714285714286,1,1,0.625,7
"latent_dependent",715,"Holm",TRUE,0.333333333333333,1,0,0,-4,0.333333333333333,2
"latent_dependent",715,"BY",TRUE,0.333333333333333,1,0,0,-4,0.333333333333333,2
"latent_dependent",716,"unadjusted",TRUE,0.666666666666667,0.8,0.2,1,-1,0.571428571428571,5
"latent_dependent",716,"Holm",TRUE,0.333333333333333,1,0,0,-4,0.333333333333333,2
"latent_dependent",716,"BY",TRUE,0.166666666666667,1,0,0,-5,0.166666666666667,1
"latent_dependent",717,"unadjusted",TRUE,1,0.75,0.25,1,2,0.75,8
"latent_dependent",717,"Holm",TRUE,0.166666666666667,1,0,0,-5,0.166666666666667,1
"latent_dependent",717,"BY",TRUE,0,0,0,0,-6,0,0
"latent_dependent",718,"unadjusted",TRUE,0.833333333333333,1,0,0,-1,0.833333333333333,5
"latent_dependent",718,"Holm",TRUE,0.333333333333333,1,0,0,-4,0.333333333333333,2
"latent_dependent",718,"BY",TRUE,0.333333333333333,1,0,0,-4,0.333333333333333,2
"latent_dependent",719,"unadjusted",TRUE,0.666666666666667,1,0,0,-2,0.666666666666667,4
"latent_dependent",719,"Holm",TRUE,0.166666666666667,1,0,0,-5,0.166666666666667,1
"latent_dependent",719,"BY",TRUE,0,0,0,0,-6,0,0
"latent_dependent",720,"unadjusted",TRUE,0.333333333333333,1,0,0,-4,0.333333333333333,2
"latent_dependent",720,"Holm",TRUE,0,0,0,0,-6,0,0
"latent_dependent",720,"BY",TRUE,0,0,0,0,-6,0,0
"latent_dependent",721,"unadjusted",TRUE,0.5,0.75,0.25,1,-2,0.428571428571429,4
"latent_dependent",721,"Holm",TRUE,0.5,1,0,0,-3,0.5,3
"latent_dependent",721,"BY",TRUE,0.5,1,0,0,-3,0.5,3
"latent_dependent",722,"unadjusted",TRUE,0.833333333333333,0.714285714285714,0.285714285714286,1,1,0.625,7
"latent_dependent",722,"Holm",TRUE,0.166666666666667,1,0,0,-5,0.166666666666667,1
"latent_dependent",722,"BY",TRUE,0.166666666666667,1,0,0,-5,0.166666666666667,1
"latent_dependent",723,"unadjusted",TRUE,0.833333333333333,0.833333333333333,0.166666666666667,1,0,0.714285714285714,6
"latent_dependent",723,"Holm",TRUE,0.166666666666667,1,0,0,-5,0.166666666666667,1
"latent_dependent",723,"BY",TRUE,0.166666666666667,1,0,0,-5,0.166666666666667,1
"latent_dependent",724,"unadjusted",TRUE,0.666666666666667,1,0,0,-2,0.666666666666667,4
"latent_dependent",724,"Holm",TRUE,0.333333333333333,1,0,0,-4,0.333333333333333,2
"latent_dependent",724,"BY",TRUE,0.333333333333333,1,0,0,-4,0.333333333333333,2
"latent_dependent",725,"unadjusted",TRUE,0.5,1,0,0,-3,0.5,3
"latent_dependent",725,"Holm",TRUE,0.333333333333333,1,0,0,-4,0.333333333333333,2
"latent_dependent",725,"BY",TRUE,0.166666666666667,1,0,0,-5,0.166666666666667,1
"latent_dependent",726,"unadjusted",TRUE,0.666666666666667,0.8,0.2,1,-1,0.571428571428571,5
"latent_dependent",726,"Holm",TRUE,0.166666666666667,1,0,0,-5,0.166666666666667,1
"latent_dependent",726,"BY",TRUE,0,0,0,0,-6,0,0
"latent_dependent",727,"unadjusted",TRUE,0.833333333333333,1,0,0,-1,0.833333333333333,5
"latent_dependent",727,"Holm",TRUE,0.166666666666667,1,0,0,-5,0.166666666666667,1
"latent_dependent",727,"BY",TRUE,0,0,0,0,-6,0,0
"latent_dependent",728,"unadjusted",TRUE,0.666666666666667,0.8,0.2,1,-1,0.571428571428571,5
"latent_dependent",728,"Holm",TRUE,0,0,0,0,-6,0,0
"latent_dependent",728,"BY",TRUE,0,0,0,0,-6,0,0
"latent_dependent",729,"unadjusted",TRUE,0.833333333333333,1,0,0,-1,0.833333333333333,5
"latent_dependent",729,"Holm",TRUE,0.5,1,0,0,-3,0.5,3
"latent_dependent",729,"BY",TRUE,0.5,1,0,0,-3,0.5,3
"latent_dependent",730,"unadjusted",TRUE,0.5,0.6,0.4,1,-1,0.375,5
"latent_dependent",730,"Holm",TRUE,0.166666666666667,1,0,0,-5,0.166666666666667,1
"latent_dependent",730,"BY",TRUE,0.166666666666667,1,0,0,-5,0.166666666666667,1
"latent_dependent",731,"unadjusted",TRUE,0.666666666666667,1,0,0,-2,0.666666666666667,4
"latent_dependent",731,"Holm",TRUE,0,0,0,0,-6,0,0
"latent_dependent",731,"BY",TRUE,0,0,0,0,-6,0,0
"latent_dependent",732,"unadjusted",TRUE,0.833333333333333,1,0,0,-1,0.833333333333333,5
"latent_dependent",732,"Holm",TRUE,0.5,1,0,0,-3,0.5,3
"latent_dependent",732,"BY",TRUE,0.5,1,0,0,-3,0.5,3
"latent_dependent",733,"unadjusted",TRUE,0.833333333333333,1,0,0,-1,0.833333333333333,5
"latent_dependent",733,"Holm",TRUE,0.166666666666667,1,0,0,-5,0.166666666666667,1
"latent_dependent",733,"BY",TRUE,0.166666666666667,1,0,0,-5,0.166666666666667,1
"latent_dependent",734,"unadjusted",TRUE,0.833333333333333,0.833333333333333,0.166666666666667,1,0,0.714285714285714,6
"latent_dependent",734,"Holm",TRUE,0.5,1,0,0,-3,0.5,3
"latent_dependent",734,"BY",TRUE,0.5,1,0,0,-3,0.5,3
"latent_dependent",735,"unadjusted",TRUE,1,0.75,0.25,1,2,0.75,8
"latent_dependent",735,"Holm",TRUE,0.333333333333333,1,0,0,-4,0.333333333333333,2
"latent_dependent",735,"BY",TRUE,0.333333333333333,1,0,0,-4,0.333333333333333,2
"latent_dependent",736,"unadjusted",TRUE,0.666666666666667,0.8,0.2,1,-1,0.571428571428571,5
"latent_dependent",736,"Holm",TRUE,0.166666666666667,1,0,0,-5,0.166666666666667,1
"latent_dependent",736,"BY",TRUE,0,0,0,0,-6,0,0
"latent_dependent",737,"unadjusted",TRUE,0.5,0.75,0.25,1,-2,0.428571428571429,4
"latent_dependent",737,"Holm",TRUE,0,0,0,0,-6,0,0
"latent_dependent",737,"BY",TRUE,0,0,0,0,-6,0,0
"latent_dependent",738,"unadjusted",TRUE,0.666666666666667,1,0,0,-2,0.666666666666667,4
"latent_dependent",738,"Holm",TRUE,0,0,0,0,-6,0,0
"latent_dependent",738,"BY",TRUE,0,0,0,0,-6,0,0
"latent_dependent",739,"unadjusted",TRUE,0.5,1,0,0,-3,0.5,3
"latent_dependent",739,"Holm",TRUE,0.333333333333333,1,0,0,-4,0.333333333333333,2
"latent_dependent",739,"BY",TRUE,0.333333333333333,1,0,0,-4,0.333333333333333,2
"latent_dependent",740,"unadjusted",TRUE,0.5,0.75,0.25,1,-2,0.428571428571429,4
"latent_dependent",740,"Holm",TRUE,0.333333333333333,1,0,0,-4,0.333333333333333,2
"latent_dependent",740,"BY",TRUE,0.333333333333333,1,0,0,-4,0.333333333333333,2
"latent_dependent",741,"unadjusted",TRUE,0.833333333333333,1,0,0,-1,0.833333333333333,5
"latent_dependent",741,"Holm",TRUE,0.5,1,0,0,-3,0.5,3
"latent_dependent",741,"BY",TRUE,0.5,1,0,0,-3,0.5,3
"latent_dependent",742,"unadjusted",TRUE,0.833333333333333,1,0,0,-1,0.833333333333333,5
"latent_dependent",742,"Holm",TRUE,0.333333333333333,1,0,0,-4,0.333333333333333,2
"latent_dependent",742,"BY",TRUE,0.166666666666667,1,0,0,-5,0.166666666666667,1
"latent_dependent",743,"unadjusted",TRUE,0.666666666666667,1,0,0,-2,0.666666666666667,4
"latent_dependent",743,"Holm",TRUE,0.166666666666667,1,0,0,-5,0.166666666666667,1
"latent_dependent",743,"BY",TRUE,0,0,0,0,-6,0,0
"latent_dependent",744,"unadjusted",TRUE,0.666666666666667,0.8,0.2,1,-1,0.571428571428571,5
"latent_dependent",744,"Holm",TRUE,0.166666666666667,1,0,0,-5,0.166666666666667,1
"latent_dependent",744,"BY",TRUE,0.166666666666667,1,0,0,-5,0.166666666666667,1
"latent_dependent",745,"unadjusted",TRUE,0.833333333333333,1,0,0,-1,0.833333333333333,5
"latent_dependent",745,"Holm",TRUE,0.166666666666667,1,0,0,-5,0.166666666666667,1
"latent_dependent",745,"BY",TRUE,0.166666666666667,1,0,0,-5,0.166666666666667,1
"latent_dependent",746,"unadjusted",TRUE,1,0.857142857142857,0.142857142857143,1,1,0.857142857142857,7
"latent_dependent",746,"Holm",TRUE,0.166666666666667,1,0,0,-5,0.166666666666667,1
"latent_dependent",746,"BY",TRUE,0.166666666666667,1,0,0,-5,0.166666666666667,1
"latent_dependent",747,"unadjusted",TRUE,0.666666666666667,1,0,0,-2,0.666666666666667,4
"latent_dependent",747,"Holm",TRUE,0.333333333333333,1,0,0,-4,0.333333333333333,2
"latent_dependent",747,"BY",TRUE,0,0,0,0,-6,0,0
"latent_dependent",748,"unadjusted",TRUE,0.833333333333333,0.833333333333333,0.166666666666667,1,0,0.714285714285714,6
"latent_dependent",748,"Holm",TRUE,0.333333333333333,1,0,0,-4,0.333333333333333,2
"latent_dependent",748,"BY",TRUE,0.333333333333333,1,0,0,-4,0.333333333333333,2
"latent_dependent",749,"unadjusted",TRUE,0.666666666666667,1,0,0,-2,0.666666666666667,4
"latent_dependent",749,"Holm",TRUE,0.333333333333333,1,0,0,-4,0.333333333333333,2
"latent_dependent",749,"BY",TRUE,0.166666666666667,1,0,0,-5,0.166666666666667,1
"latent_dependent",750,"unadjusted",TRUE,0.833333333333333,1,0,0,-1,0.833333333333333,5
"latent_dependent",750,"Holm",TRUE,0.5,1,0,0,-3,0.5,3
"latent_dependent",750,"BY",TRUE,0.5,1,0,0,-3,0.5,3
"latent_dependent",751,"unadjusted",TRUE,0.833333333333333,1,0,0,-1,0.833333333333333,5
"latent_dependent",751,"Holm",TRUE,0.166666666666667,1,0,0,-5,0.166666666666667,1
"latent_dependent",751,"BY",TRUE,0.166666666666667,1,0,0,-5,0.166666666666667,1
"latent_dependent",752,"unadjusted",TRUE,0.666666666666667,1,0,0,-2,0.666666666666667,4
"latent_dependent",752,"Holm",TRUE,0,0,0,0,-6,0,0
"latent_dependent",752,"BY",TRUE,0,0,0,0,-6,0,0
"latent_dependent",753,"unadjusted",TRUE,0.5,1,0,0,-3,0.5,3
"latent_dependent",753,"Holm",TRUE,0.333333333333333,1,0,0,-4,0.333333333333333,2
"latent_dependent",753,"BY",TRUE,0,0,0,0,-6,0,0
"latent_dependent",754,"unadjusted",TRUE,0.833333333333333,0.833333333333333,0.166666666666667,1,0,0.714285714285714,6
"latent_dependent",754,"Holm",TRUE,0.333333333333333,1,0,0,-4,0.333333333333333,2
"latent_dependent",754,"BY",TRUE,0.333333333333333,1,0,0,-4,0.333333333333333,2
"latent_dependent",755,"unadjusted",TRUE,0.833333333333333,1,0,0,-1,0.833333333333333,5
"latent_dependent",755,"Holm",TRUE,0.333333333333333,1,0,0,-4,0.333333333333333,2
"latent_dependent",755,"BY",TRUE,0.333333333333333,1,0,0,-4,0.333333333333333,2
"latent_dependent",756,"unadjusted",TRUE,0.333333333333333,1,0,0,-4,0.333333333333333,2
"latent_dependent",756,"Holm",TRUE,0.166666666666667,1,0,0,-5,0.166666666666667,1
"latent_dependent",756,"BY",TRUE,0.166666666666667,1,0,0,-5,0.166666666666667,1
"latent_dependent",757,"unadjusted",TRUE,0.5,1,0,0,-3,0.5,3
"latent_dependent",757,"Holm",TRUE,0,0,0,0,-6,0,0
"latent_dependent",757,"BY",TRUE,0,0,0,0,-6,0,0
"latent_dependent",758,"unadjusted",TRUE,0.666666666666667,0.666666666666667,0.333333333333333,1,0,0.5,6
"latent_dependent",758,"Holm",TRUE,0.333333333333333,1,0,0,-4,0.333333333333333,2
"latent_dependent",758,"BY",TRUE,0.333333333333333,1,0,0,-4,0.333333333333333,2
"latent_dependent",759,"unadjusted",TRUE,0.833333333333333,1,0,0,-1,0.833333333333333,5
"latent_dependent",759,"Holm",TRUE,0.166666666666667,1,0,0,-5,0.166666666666667,1
"latent_dependent",759,"BY",TRUE,0.166666666666667,1,0,0,-5,0.166666666666667,1
"latent_dependent",760,"unadjusted",TRUE,0.666666666666667,1,0,0,-2,0.666666666666667,4
"latent_dependent",760,"Holm",TRUE,0,0,0,0,-6,0,0
"latent_dependent",760,"BY",TRUE,0,0,0,0,-6,0,0
"latent_dependent",761,"unadjusted",TRUE,0.666666666666667,1,0,0,-2,0.666666666666667,4
"latent_dependent",761,"Holm",TRUE,0.166666666666667,1,0,0,-5,0.166666666666667,1
"latent_dependent",761,"BY",TRUE,0.166666666666667,1,0,0,-5,0.166666666666667,1
"latent_dependent",762,"unadjusted",TRUE,0.166666666666667,0.333333333333333,0.666666666666667,1,-3,0.125,3
"latent_dependent",762,"Holm",TRUE,0,0,0,0,-6,0,0
"latent_dependent",762,"BY",TRUE,0,0,0,0,-6,0,0
"latent_dependent",763,"unadjusted",TRUE,0.666666666666667,1,0,0,-2,0.666666666666667,4
"latent_dependent",763,"Holm",TRUE,0.166666666666667,1,0,0,-5,0.166666666666667,1
"latent_dependent",763,"BY",TRUE,0.166666666666667,1,0,0,-5,0.166666666666667,1
"latent_dependent",764,"unadjusted",TRUE,0.5,0.75,0.25,1,-2,0.428571428571429,4
"latent_dependent",764,"Holm",TRUE,0.333333333333333,1,0,0,-4,0.333333333333333,2
"latent_dependent",764,"BY",TRUE,0.166666666666667,1,0,0,-5,0.166666666666667,1
"latent_dependent",765,"unadjusted",TRUE,0.333333333333333,0.666666666666667,0.333333333333333,1,-3,0.285714285714286,3
"latent_dependent",765,"Holm",TRUE,0,0,1,1,-5,0,1
"latent_dependent",765,"BY",TRUE,0,0,0,0,-6,0,0
"latent_dependent",766,"unadjusted",TRUE,0.833333333333333,1,0,0,-1,0.833333333333333,5
"latent_dependent",766,"Holm",TRUE,0.333333333333333,1,0,0,-4,0.333333333333333,2
"latent_dependent",766,"BY",TRUE,0.166666666666667,1,0,0,-5,0.166666666666667,1
"latent_dependent",767,"unadjusted",TRUE,0.5,0.6,0.4,1,-1,0.375,5
"latent_dependent",767,"Holm",TRUE,0.333333333333333,1,0,0,-4,0.333333333333333,2
"latent_dependent",767,"BY",TRUE,0.166666666666667,1,0,0,-5,0.166666666666667,1
"latent_dependent",768,"unadjusted",TRUE,1,0.857142857142857,0.142857142857143,1,1,0.857142857142857,7
"latent_dependent",768,"Holm",TRUE,0.333333333333333,1,0,0,-4,0.333333333333333,2
"latent_dependent",768,"BY",TRUE,0,0,0,0,-6,0,0
"latent_dependent",769,"unadjusted",TRUE,0.666666666666667,0.8,0.2,1,-1,0.571428571428571,5
"latent_dependent",769,"Holm",TRUE,0.333333333333333,1,0,0,-4,0.333333333333333,2
"latent_dependent",769,"BY",TRUE,0.333333333333333,1,0,0,-4,0.333333333333333,2
"latent_dependent",770,"unadjusted",TRUE,0.5,1,0,0,-3,0.5,3
"latent_dependent",770,"Holm",TRUE,0.333333333333333,1,0,0,-4,0.333333333333333,2
"latent_dependent",770,"BY",TRUE,0.333333333333333,1,0,0,-4,0.333333333333333,2
"latent_dependent",771,"unadjusted",TRUE,0.666666666666667,0.8,0.2,1,-1,0.571428571428571,5
"latent_dependent",771,"Holm",TRUE,0.166666666666667,1,0,0,-5,0.166666666666667,1
"latent_dependent",771,"BY",TRUE,0,0,0,0,-6,0,0
"latent_dependent",772,"unadjusted",TRUE,0.333333333333333,1,0,0,-4,0.333333333333333,2
"latent_dependent",772,"Holm",TRUE,0,0,0,0,-6,0,0
"latent_dependent",772,"BY",TRUE,0,0,0,0,-6,0,0
"latent_dependent",773,"unadjusted",TRUE,0.5,1,0,0,-3,0.5,3
"latent_dependent",773,"Holm",TRUE,0.333333333333333,1,0,0,-4,0.333333333333333,2
"latent_dependent",773,"BY",TRUE,0.333333333333333,1,0,0,-4,0.333333333333333,2
"latent_dependent",774,"unadjusted",TRUE,0.666666666666667,0.8,0.2,1,-1,0.571428571428571,5
"latent_dependent",774,"Holm",TRUE,0.333333333333333,1,0,0,-4,0.333333333333333,2
"latent_dependent",774,"BY",TRUE,0.166666666666667,1,0,0,-5,0.166666666666667,1
"latent_dependent",775,"unadjusted",TRUE,0.666666666666667,1,0,0,-2,0.666666666666667,4
"latent_dependent",775,"Holm",TRUE,0.166666666666667,1,0,0,-5,0.166666666666667,1
"latent_dependent",775,"BY",TRUE,0.166666666666667,1,0,0,-5,0.166666666666667,1
"latent_dependent",776,"unadjusted",TRUE,0.666666666666667,0.8,0.2,1,-1,0.571428571428571,5
"latent_dependent",776,"Holm",TRUE,0.333333333333333,1,0,0,-4,0.333333333333333,2
"latent_dependent",776,"BY",TRUE,0.333333333333333,1,0,0,-4,0.333333333333333,2
"latent_dependent",777,"unadjusted",TRUE,0.5,0.75,0.25,1,-2,0.428571428571429,4
"latent_dependent",777,"Holm",TRUE,0,0,0,0,-6,0,0
"latent_dependent",777,"BY",TRUE,0,0,0,0,-6,0,0
"latent_dependent",778,"unadjusted",TRUE,0.833333333333333,1,0,0,-1,0.833333333333333,5
"latent_dependent",778,"Holm",TRUE,0.333333333333333,1,0,0,-4,0.333333333333333,2
"latent_dependent",778,"BY",TRUE,0.166666666666667,1,0,0,-5,0.166666666666667,1
"latent_dependent",779,"unadjusted",TRUE,0.666666666666667,0.8,0.2,1,-1,0.571428571428571,5
"latent_dependent",779,"Holm",TRUE,0,0,0,0,-6,0,0
"latent_dependent",779,"BY",TRUE,0,0,0,0,-6,0,0
"latent_dependent",780,"unadjusted",TRUE,0.333333333333333,1,0,0,-4,0.333333333333333,2
"latent_dependent",780,"Holm",TRUE,0.166666666666667,1,0,0,-5,0.166666666666667,1
"latent_dependent",780,"BY",TRUE,0,0,0,0,-6,0,0
"latent_dependent",781,"unadjusted",TRUE,0.666666666666667,0.8,0.2,1,-1,0.571428571428571,5
"latent_dependent",781,"Holm",TRUE,0.333333333333333,1,0,0,-4,0.333333333333333,2
"latent_dependent",781,"BY",TRUE,0.333333333333333,1,0,0,-4,0.333333333333333,2
"latent_dependent",782,"unadjusted",TRUE,0.333333333333333,1,0,0,-4,0.333333333333333,2
"latent_dependent",782,"Holm",TRUE,0.166666666666667,1,0,0,-5,0.166666666666667,1
"latent_dependent",782,"BY",TRUE,0,0,0,0,-6,0,0
"latent_dependent",783,"unadjusted",TRUE,0.833333333333333,1,0,0,-1,0.833333333333333,5
"latent_dependent",783,"Holm",TRUE,0.166666666666667,1,0,0,-5,0.166666666666667,1
"latent_dependent",783,"BY",TRUE,0.166666666666667,1,0,0,-5,0.166666666666667,1
"latent_dependent",784,"unadjusted",TRUE,0.666666666666667,1,0,0,-2,0.666666666666667,4
"latent_dependent",784,"Holm",TRUE,0.333333333333333,1,0,0,-4,0.333333333333333,2
"latent_dependent",784,"BY",TRUE,0.166666666666667,1,0,0,-5,0.166666666666667,1
"latent_dependent",785,"unadjusted",TRUE,0.833333333333333,1,0,0,-1,0.833333333333333,5
"latent_dependent",785,"Holm",TRUE,0.5,1,0,0,-3,0.5,3
"latent_dependent",785,"BY",TRUE,0.5,1,0,0,-3,0.5,3
"latent_dependent",786,"unadjusted",TRUE,0.666666666666667,1,0,0,-2,0.666666666666667,4
"latent_dependent",786,"Holm",TRUE,0.166666666666667,1,0,0,-5,0.166666666666667,1
"latent_dependent",786,"BY",TRUE,0.166666666666667,1,0,0,-5,0.166666666666667,1
"latent_dependent",787,"unadjusted",TRUE,0.5,0.5,0.5,1,0,0.333333333333333,6
"latent_dependent",787,"Holm",TRUE,0.333333333333333,0.666666666666667,0.333333333333333,1,-3,0.285714285714286,3
"latent_dependent",787,"BY",TRUE,0.333333333333333,0.666666666666667,0.333333333333333,1,-3,0.285714285714286,3
"latent_dependent",788,"unadjusted",TRUE,0.666666666666667,0.8,0.2,1,-1,0.571428571428571,5
"latent_dependent",788,"Holm",TRUE,0.333333333333333,1,0,0,-4,0.333333333333333,2
"latent_dependent",788,"BY",TRUE,0.333333333333333,1,0,0,-4,0.333333333333333,2
"latent_dependent",789,"unadjusted",TRUE,1,0.857142857142857,0.142857142857143,1,1,0.857142857142857,7
"latent_dependent",789,"Holm",TRUE,0.333333333333333,1,0,0,-4,0.333333333333333,2
"latent_dependent",789,"BY",TRUE,0.166666666666667,1,0,0,-5,0.166666666666667,1
"latent_dependent",790,"unadjusted",TRUE,0.333333333333333,1,0,0,-4,0.333333333333333,2
"latent_dependent",790,"Holm",TRUE,0,0,0,0,-6,0,0
"latent_dependent",790,"BY",TRUE,0,0,0,0,-6,0,0
"latent_dependent",791,"unadjusted",TRUE,0.833333333333333,1,0,0,-1,0.833333333333333,5
"latent_dependent",791,"Holm",TRUE,0.333333333333333,1,0,0,-4,0.333333333333333,2
"latent_dependent",791,"BY",TRUE,0.333333333333333,1,0,0,-4,0.333333333333333,2
"latent_dependent",792,"unadjusted",TRUE,0.666666666666667,0.8,0.2,1,-1,0.571428571428571,5
"latent_dependent",792,"Holm",TRUE,0.166666666666667,1,0,0,-5,0.166666666666667,1
"latent_dependent",792,"BY",TRUE,0,0,0,0,-6,0,0
"latent_dependent",793,"unadjusted",TRUE,0.666666666666667,1,0,0,-2,0.666666666666667,4
"latent_dependent",793,"Holm",TRUE,0,0,0,0,-6,0,0
"latent_dependent",793,"BY",TRUE,0,0,0,0,-6,0,0
"latent_dependent",794,"unadjusted",TRUE,1,1,0,0,0,1,6
"latent_dependent",794,"Holm",TRUE,0.5,1,0,0,-3,0.5,3
"latent_dependent",794,"BY",TRUE,0.5,1,0,0,-3,0.5,3
"latent_dependent",795,"unadjusted",TRUE,0.666666666666667,0.8,0.2,1,-1,0.571428571428571,5
"latent_dependent",795,"Holm",TRUE,0,0,0,0,-6,0,0
"latent_dependent",795,"BY",TRUE,0,0,0,0,-6,0,0
"latent_dependent",796,"unadjusted",TRUE,0.333333333333333,1,0,0,-4,0.333333333333333,2
"latent_dependent",796,"Holm",TRUE,0.333333333333333,1,0,0,-4,0.333333333333333,2
"latent_dependent",796,"BY",TRUE,0.333333333333333,1,0,0,-4,0.333333333333333,2
"latent_dependent",797,"unadjusted",TRUE,0.833333333333333,1,0,0,-1,0.833333333333333,5
"latent_dependent",797,"Holm",TRUE,0.333333333333333,1,0,0,-4,0.333333333333333,2
"latent_dependent",797,"BY",TRUE,0.166666666666667,1,0,0,-5,0.166666666666667,1
"latent_dependent",798,"unadjusted",TRUE,0.833333333333333,1,0,0,-1,0.833333333333333,5
"latent_dependent",798,"Holm",TRUE,0.333333333333333,1,0,0,-4,0.333333333333333,2
"latent_dependent",798,"BY",TRUE,0.166666666666667,1,0,0,-5,0.166666666666667,1
"latent_dependent",799,"unadjusted",TRUE,0.5,0.6,0.4,1,-1,0.375,5
"latent_dependent",799,"Holm",TRUE,0.166666666666667,1,0,0,-5,0.166666666666667,1
"latent_dependent",799,"BY",TRUE,0,0,0,0,-6,0,0
"latent_dependent",800,"unadjusted",TRUE,0.666666666666667,1,0,0,-2,0.666666666666667,4
"latent_dependent",800,"Holm",TRUE,0,0,0,0,-6,0,0
"latent_dependent",800,"BY",TRUE,0,0,0,0,-6,0,0
"latent_dependent",801,"unadjusted",TRUE,0.333333333333333,0.666666666666667,0.333333333333333,1,-3,0.285714285714286,3
"latent_dependent",801,"Holm",TRUE,0.166666666666667,1,0,0,-5,0.166666666666667,1
"latent_dependent",801,"BY",TRUE,0.166666666666667,1,0,0,-5,0.166666666666667,1
"latent_dependent",802,"unadjusted",TRUE,0.666666666666667,0.8,0.2,1,-1,0.571428571428571,5
"latent_dependent",802,"Holm",TRUE,0,0,0,0,-6,0,0
"latent_dependent",802,"BY",TRUE,0,0,0,0,-6,0,0
"latent_dependent",803,"unadjusted",TRUE,0.833333333333333,1,0,0,-1,0.833333333333333,5
"latent_dependent",803,"Holm",TRUE,0.333333333333333,1,0,0,-4,0.333333333333333,2
"latent_dependent",803,"BY",TRUE,0.333333333333333,1,0,0,-4,0.333333333333333,2
"latent_dependent",804,"unadjusted",TRUE,0.5,1,0,0,-3,0.5,3
"latent_dependent",804,"Holm",TRUE,0,0,0,0,-6,0,0
"latent_dependent",804,"BY",TRUE,0,0,0,0,-6,0,0
"latent_dependent",805,"unadjusted",TRUE,0.666666666666667,0.8,0.2,1,-1,0.571428571428571,5
"latent_dependent",805,"Holm",TRUE,0,0,0,0,-6,0,0
"latent_dependent",805,"BY",TRUE,0,0,0,0,-6,0,0
"latent_dependent",806,"unadjusted",TRUE,0.833333333333333,0.833333333333333,0.166666666666667,1,0,0.714285714285714,6
"latent_dependent",806,"Holm",TRUE,0.166666666666667,1,0,0,-5,0.166666666666667,1
"latent_dependent",806,"BY",TRUE,0.166666666666667,1,0,0,-5,0.166666666666667,1
"latent_dependent",807,"unadjusted",TRUE,0.833333333333333,1,0,0,-1,0.833333333333333,5
"latent_dependent",807,"Holm",TRUE,0.166666666666667,1,0,0,-5,0.166666666666667,1
"latent_dependent",807,"BY",TRUE,0.166666666666667,1,0,0,-5,0.166666666666667,1
"latent_dependent",808,"unadjusted",TRUE,0.666666666666667,1,0,0,-2,0.666666666666667,4
"latent_dependent",808,"Holm",TRUE,0.333333333333333,1,0,0,-4,0.333333333333333,2
"latent_dependent",808,"BY",TRUE,0,0,0,0,-6,0,0
"latent_dependent",809,"unadjusted",TRUE,0.666666666666667,1,0,0,-2,0.666666666666667,4
"latent_dependent",809,"Holm",TRUE,0,0,0,0,-6,0,0
"latent_dependent",809,"BY",TRUE,0,0,0,0,-6,0,0
"latent_dependent",810,"unadjusted",TRUE,0.833333333333333,1,0,0,-1,0.833333333333333,5
"latent_dependent",810,"Holm",TRUE,0.166666666666667,1,0,0,-5,0.166666666666667,1
"latent_dependent",810,"BY",TRUE,0.166666666666667,1,0,0,-5,0.166666666666667,1
"latent_dependent",811,"unadjusted",TRUE,0.666666666666667,0.666666666666667,0.333333333333333,1,0,0.5,6
"latent_dependent",811,"Holm",TRUE,0.333333333333333,1,0,0,-4,0.333333333333333,2
"latent_dependent",811,"BY",TRUE,0.166666666666667,1,0,0,-5,0.166666666666667,1
"latent_dependent",812,"unadjusted",TRUE,1,1,0,0,0,1,6
"latent_dependent",812,"Holm",TRUE,0.333333333333333,1,0,0,-4,0.333333333333333,2
"latent_dependent",812,"BY",TRUE,0,0,0,0,-6,0,0
"latent_dependent",813,"unadjusted",TRUE,0.333333333333333,1,0,0,-4,0.333333333333333,2
"latent_dependent",813,"Holm",TRUE,0.166666666666667,1,0,0,-5,0.166666666666667,1
"latent_dependent",813,"BY",TRUE,0.166666666666667,1,0,0,-5,0.166666666666667,1
"latent_dependent",814,"unadjusted",TRUE,0.666666666666667,1,0,0,-2,0.666666666666667,4
"latent_dependent",814,"Holm",TRUE,0,0,0,0,-6,0,0
"latent_dependent",814,"BY",TRUE,0,0,0,0,-6,0,0
"latent_dependent",815,"unadjusted",TRUE,0.5,1,0,0,-3,0.5,3
"latent_dependent",815,"Holm",TRUE,0,0,0,0,-6,0,0
"latent_dependent",815,"BY",TRUE,0,0,0,0,-6,0,0
"latent_dependent",816,"unadjusted",TRUE,0.833333333333333,1,0,0,-1,0.833333333333333,5
"latent_dependent",816,"Holm",TRUE,0.166666666666667,1,0,0,-5,0.166666666666667,1
"latent_dependent",816,"BY",TRUE,0.166666666666667,1,0,0,-5,0.166666666666667,1
"latent_dependent",817,"unadjusted",TRUE,0.833333333333333,0.833333333333333,0.166666666666667,1,0,0.714285714285714,6
"latent_dependent",817,"Holm",TRUE,0.5,1,0,0,-3,0.5,3
"latent_dependent",817,"BY",TRUE,0.5,1,0,0,-3,0.5,3
"latent_dependent",818,"unadjusted",TRUE,0.333333333333333,0.666666666666667,0.333333333333333,1,-3,0.285714285714286,3
"latent_dependent",818,"Holm",TRUE,0,0,1,1,-5,0,1
"latent_dependent",818,"BY",TRUE,0,0,1,1,-5,0,1
"latent_dependent",819,"unadjusted",TRUE,0.833333333333333,1,0,0,-1,0.833333333333333,5
"latent_dependent",819,"Holm",TRUE,0,0,0,0,-6,0,0
"latent_dependent",819,"BY",TRUE,0,0,0,0,-6,0,0
"latent_dependent",820,"unadjusted",TRUE,0.5,1,0,0,-3,0.5,3
"latent_dependent",820,"Holm",TRUE,0.166666666666667,1,0,0,-5,0.166666666666667,1
"latent_dependent",820,"BY",TRUE,0,0,0,0,-6,0,0
"latent_dependent",821,"unadjusted",TRUE,0.666666666666667,1,0,0,-2,0.666666666666667,4
"latent_dependent",821,"Holm",TRUE,0.333333333333333,1,0,0,-4,0.333333333333333,2
"latent_dependent",821,"BY",TRUE,0.333333333333333,1,0,0,-4,0.333333333333333,2
"latent_dependent",822,"unadjusted",TRUE,1,1,0,0,0,1,6
"latent_dependent",822,"Holm",TRUE,0.333333333333333,1,0,0,-4,0.333333333333333,2
"latent_dependent",822,"BY",TRUE,0.333333333333333,1,0,0,-4,0.333333333333333,2
"latent_dependent",823,"unadjusted",TRUE,1,1,0,0,0,1,6
"latent_dependent",823,"Holm",TRUE,0,0,0,0,-6,0,0
"latent_dependent",823,"BY",TRUE,0,0,0,0,-6,0,0
"latent_dependent",824,"unadjusted",TRUE,0.666666666666667,1,0,0,-2,0.666666666666667,4
"latent_dependent",824,"Holm",TRUE,0.5,1,0,0,-3,0.5,3
"latent_dependent",824,"BY",TRUE,0.5,1,0,0,-3,0.5,3
"latent_dependent",825,"unadjusted",TRUE,0.666666666666667,1,0,0,-2,0.666666666666667,4
"latent_dependent",825,"Holm",TRUE,0.333333333333333,1,0,0,-4,0.333333333333333,2
"latent_dependent",825,"BY",TRUE,0.333333333333333,1,0,0,-4,0.333333333333333,2
"latent_dependent",826,"unadjusted",TRUE,0.333333333333333,1,0,0,-4,0.333333333333333,2
"latent_dependent",826,"Holm",TRUE,0,0,0,0,-6,0,0
"latent_dependent",826,"BY",TRUE,0,0,0,0,-6,0,0
"latent_dependent",827,"unadjusted",TRUE,0.666666666666667,0.8,0.2,1,-1,0.571428571428571,5
"latent_dependent",827,"Holm",TRUE,0,0,0,0,-6,0,0
"latent_dependent",827,"BY",TRUE,0,0,0,0,-6,0,0
"latent_dependent",828,"unadjusted",TRUE,0.833333333333333,0.833333333333333,0.166666666666667,1,0,0.714285714285714,6
"latent_dependent",828,"Holm",TRUE,0.333333333333333,1,0,0,-4,0.333333333333333,2
"latent_dependent",828,"BY",TRUE,0.166666666666667,1,0,0,-5,0.166666666666667,1
"latent_dependent",829,"unadjusted",TRUE,0.833333333333333,1,0,0,-1,0.833333333333333,5
"latent_dependent",829,"Holm",TRUE,0.333333333333333,1,0,0,-4,0.333333333333333,2
"latent_dependent",829,"BY",TRUE,0.333333333333333,1,0,0,-4,0.333333333333333,2
"latent_dependent",830,"unadjusted",TRUE,0.666666666666667,0.8,0.2,1,-1,0.571428571428571,5
"latent_dependent",830,"Holm",TRUE,0,0,0,0,-6,0,0
"latent_dependent",830,"BY",TRUE,0,0,0,0,-6,0,0
"latent_dependent",831,"unadjusted",TRUE,0.666666666666667,1,0,0,-2,0.666666666666667,4
"latent_dependent",831,"Holm",TRUE,0.166666666666667,1,0,0,-5,0.166666666666667,1
"latent_dependent",831,"BY",TRUE,0.166666666666667,1,0,0,-5,0.166666666666667,1
"latent_dependent",832,"unadjusted",TRUE,0.666666666666667,1,0,0,-2,0.666666666666667,4
"latent_dependent",832,"Holm",TRUE,0,0,0,0,-6,0,0
"latent_dependent",832,"BY",TRUE,0,0,0,0,-6,0,0
"latent_dependent",833,"unadjusted",TRUE,0.5,0.6,0.4,1,-1,0.375,5
"latent_dependent",833,"Holm",TRUE,0,0,1,1,-5,0,1
"latent_dependent",833,"BY",TRUE,0,0,0,0,-6,0,0
"latent_dependent",834,"unadjusted",TRUE,0.333333333333333,1,0,0,-4,0.333333333333333,2
"latent_dependent",834,"Holm",TRUE,0,0,0,0,-6,0,0
"latent_dependent",834,"BY",TRUE,0,0,0,0,-6,0,0
"latent_dependent",835,"unadjusted",TRUE,1,1,0,0,0,1,6
"latent_dependent",835,"Holm",TRUE,0.333333333333333,1,0,0,-4,0.333333333333333,2
"latent_dependent",835,"BY",TRUE,0.333333333333333,1,0,0,-4,0.333333333333333,2
"latent_dependent",836,"unadjusted",TRUE,0.666666666666667,0.8,0.2,1,-1,0.571428571428571,5
"latent_dependent",836,"Holm",TRUE,0,0,0,0,-6,0,0
"latent_dependent",836,"BY",TRUE,0,0,0,0,-6,0,0
"latent_dependent",837,"unadjusted",TRUE,0.833333333333333,1,0,0,-1,0.833333333333333,5
"latent_dependent",837,"Holm",TRUE,0.166666666666667,1,0,0,-5,0.166666666666667,1
"latent_dependent",837,"BY",TRUE,0,0,0,0,-6,0,0
"latent_dependent",838,"unadjusted",TRUE,0.333333333333333,0.666666666666667,0.333333333333333,1,-3,0.285714285714286,3
"latent_dependent",838,"Holm",TRUE,0.166666666666667,1,0,0,-5,0.166666666666667,1
"latent_dependent",838,"BY",TRUE,0,0,0,0,-6,0,0
"latent_dependent",839,"unadjusted",TRUE,1,1,0,0,0,1,6
"latent_dependent",839,"Holm",TRUE,0.333333333333333,1,0,0,-4,0.333333333333333,2
"latent_dependent",839,"BY",TRUE,0.333333333333333,1,0,0,-4,0.333333333333333,2
"latent_dependent",840,"unadjusted",TRUE,1,0.857142857142857,0.142857142857143,1,1,0.857142857142857,7
"latent_dependent",840,"Holm",TRUE,0.166666666666667,1,0,0,-5,0.166666666666667,1
"latent_dependent",840,"BY",TRUE,0.166666666666667,1,0,0,-5,0.166666666666667,1
"latent_dependent",841,"unadjusted",TRUE,1,1,0,0,0,1,6
"latent_dependent",841,"Holm",TRUE,0.666666666666667,1,0,0,-2,0.666666666666667,4
"latent_dependent",841,"BY",TRUE,0.666666666666667,1,0,0,-2,0.666666666666667,4
"latent_dependent",842,"unadjusted",TRUE,1,1,0,0,0,1,6
"latent_dependent",842,"Holm",TRUE,0.833333333333333,1,0,0,-1,0.833333333333333,5
"latent_dependent",842,"BY",TRUE,0.833333333333333,1,0,0,-1,0.833333333333333,5
"latent_dependent",843,"unadjusted",TRUE,0.5,1,0,0,-3,0.5,3
"latent_dependent",843,"Holm",TRUE,0.166666666666667,1,0,0,-5,0.166666666666667,1
"latent_dependent",843,"BY",TRUE,0.166666666666667,1,0,0,-5,0.166666666666667,1
"latent_dependent",844,"unadjusted",TRUE,0.833333333333333,1,0,0,-1,0.833333333333333,5
"latent_dependent",844,"Holm",TRUE,0.166666666666667,1,0,0,-5,0.166666666666667,1
"latent_dependent",844,"BY",TRUE,0.166666666666667,1,0,0,-5,0.166666666666667,1
"latent_dependent",845,"unadjusted",TRUE,1,0.857142857142857,0.142857142857143,1,1,0.857142857142857,7
"latent_dependent",845,"Holm",TRUE,0.666666666666667,1,0,0,-2,0.666666666666667,4
"latent_dependent",845,"BY",TRUE,0.833333333333333,1,0,0,-1,0.833333333333333,5
"latent_dependent",846,"unadjusted",TRUE,1,1,0,0,0,1,6
"latent_dependent",846,"Holm",TRUE,0.166666666666667,1,0,0,-5,0.166666666666667,1
"latent_dependent",846,"BY",TRUE,0,0,0,0,-6,0,0
"latent_dependent",847,"unadjusted",TRUE,0.666666666666667,1,0,0,-2,0.666666666666667,4
"latent_dependent",847,"Holm",TRUE,0.166666666666667,1,0,0,-5,0.166666666666667,1
"latent_dependent",847,"BY",TRUE,0.166666666666667,1,0,0,-5,0.166666666666667,1
"latent_dependent",848,"unadjusted",TRUE,0.666666666666667,1,0,0,-2,0.666666666666667,4
"latent_dependent",848,"Holm",TRUE,0.333333333333333,1,0,0,-4,0.333333333333333,2
"latent_dependent",848,"BY",TRUE,0,0,0,0,-6,0,0
"latent_dependent",849,"unadjusted",TRUE,0.5,1,0,0,-3,0.5,3
"latent_dependent",849,"Holm",TRUE,0.166666666666667,1,0,0,-5,0.166666666666667,1
"latent_dependent",849,"BY",TRUE,0.166666666666667,1,0,0,-5,0.166666666666667,1
"latent_dependent",850,"unadjusted",TRUE,0.5,0.75,0.25,1,-2,0.428571428571429,4
"latent_dependent",850,"Holm",TRUE,0,0,0,0,-6,0,0
"latent_dependent",850,"BY",TRUE,0,0,0,0,-6,0,0
"latent_dependent",851,"unadjusted",TRUE,0.666666666666667,0.8,0.2,1,-1,0.571428571428571,5
"latent_dependent",851,"Holm",TRUE,0.166666666666667,1,0,0,-5,0.166666666666667,1
"latent_dependent",851,"BY",TRUE,0,0,0,0,-6,0,0
"latent_dependent",852,"unadjusted",TRUE,0.333333333333333,0.666666666666667,0.333333333333333,1,-3,0.285714285714286,3
"latent_dependent",852,"Holm",TRUE,0,0,0,0,-6,0,0
"latent_dependent",852,"BY",TRUE,0,0,0,0,-6,0,0
"latent_dependent",853,"unadjusted",TRUE,0.166666666666667,1,0,0,-5,0.166666666666667,1
"latent_dependent",853,"Holm",TRUE,0.166666666666667,1,0,0,-5,0.166666666666667,1
"latent_dependent",853,"BY",TRUE,0,0,0,0,-6,0,0
"latent_dependent",854,"unadjusted",TRUE,0.5,0.75,0.25,1,-2,0.428571428571429,4
"latent_dependent",854,"Holm",TRUE,0,0,0,0,-6,0,0
"latent_dependent",854,"BY",TRUE,0,0,0,0,-6,0,0
"latent_dependent",855,"unadjusted",TRUE,1,1,0,0,0,1,6
"latent_dependent",855,"Holm",TRUE,0.5,1,0,0,-3,0.5,3
"latent_dependent",855,"BY",TRUE,0.5,1,0,0,-3,0.5,3
"latent_dependent",856,"unadjusted",TRUE,0.833333333333333,1,0,0,-1,0.833333333333333,5
"latent_dependent",856,"Holm",TRUE,0.333333333333333,1,0,0,-4,0.333333333333333,2
"latent_dependent",856,"BY",TRUE,0.333333333333333,1,0,0,-4,0.333333333333333,2
"latent_dependent",857,"unadjusted",TRUE,0.666666666666667,0.666666666666667,0.333333333333333,1,0,0.5,6
"latent_dependent",857,"Holm",TRUE,0.166666666666667,1,0,0,-5,0.166666666666667,1
"latent_dependent",857,"BY",TRUE,0.166666666666667,1,0,0,-5,0.166666666666667,1
"latent_dependent",858,"unadjusted",TRUE,0.5,0.75,0.25,1,-2,0.428571428571429,4
"latent_dependent",858,"Holm",TRUE,0.166666666666667,1,0,0,-5,0.166666666666667,1
"latent_dependent",858,"BY",TRUE,0,0,0,0,-6,0,0
"latent_dependent",859,"unadjusted",TRUE,0.666666666666667,0.8,0.2,1,-1,0.571428571428571,5
"latent_dependent",859,"Holm",TRUE,0.166666666666667,1,0,0,-5,0.166666666666667,1
"latent_dependent",859,"BY",TRUE,0.166666666666667,1,0,0,-5,0.166666666666667,1
"latent_dependent",860,"unadjusted",TRUE,0.666666666666667,1,0,0,-2,0.666666666666667,4
"latent_dependent",860,"Holm",TRUE,0.333333333333333,1,0,0,-4,0.333333333333333,2
"latent_dependent",860,"BY",TRUE,0.166666666666667,1,0,0,-5,0.166666666666667,1
"latent_dependent",861,"unadjusted",TRUE,0.833333333333333,0.833333333333333,0.166666666666667,1,0,0.714285714285714,6
"latent_dependent",861,"Holm",TRUE,0.166666666666667,1,0,0,-5,0.166666666666667,1
"latent_dependent",861,"BY",TRUE,0,0,0,0,-6,0,0
"latent_dependent",862,"unadjusted",TRUE,0.5,1,0,0,-3,0.5,3
"latent_dependent",862,"Holm",TRUE,0.166666666666667,1,0,0,-5,0.166666666666667,1
"latent_dependent",862,"BY",TRUE,0,0,0,0,-6,0,0
"latent_dependent",863,"unadjusted",TRUE,0.833333333333333,0.833333333333333,0.166666666666667,1,0,0.714285714285714,6
"latent_dependent",863,"Holm",TRUE,0.166666666666667,1,0,0,-5,0.166666666666667,1
"latent_dependent",863,"BY",TRUE,0.166666666666667,1,0,0,-5,0.166666666666667,1
"latent_dependent",864,"unadjusted",TRUE,0.5,1,0,0,-3,0.5,3
"latent_dependent",864,"Holm",TRUE,0,0,0,0,-6,0,0
"latent_dependent",864,"BY",TRUE,0,0,0,0,-6,0,0
"latent_dependent",865,"unadjusted",TRUE,0.666666666666667,0.666666666666667,0.333333333333333,1,0,0.5,6
"latent_dependent",865,"Holm",TRUE,0.5,1,0,0,-3,0.5,3
"latent_dependent",865,"BY",TRUE,0.5,1,0,0,-3,0.5,3
"latent_dependent",866,"unadjusted",TRUE,1,1,0,0,0,1,6
"latent_dependent",866,"Holm",TRUE,0.666666666666667,1,0,0,-2,0.666666666666667,4
"latent_dependent",866,"BY",TRUE,0.666666666666667,1,0,0,-2,0.666666666666667,4
"latent_dependent",867,"unadjusted",TRUE,0.666666666666667,0.571428571428571,0.428571428571429,1,1,0.444444444444444,7
"latent_dependent",867,"Holm",TRUE,0,0,0,0,-6,0,0
"latent_dependent",867,"BY",TRUE,0,0,0,0,-6,0,0
"latent_dependent",868,"unadjusted",TRUE,0.666666666666667,1,0,0,-2,0.666666666666667,4
"latent_dependent",868,"Holm",TRUE,0.5,1,0,0,-3,0.5,3
"latent_dependent",868,"BY",TRUE,0.5,1,0,0,-3,0.5,3
"latent_dependent",869,"unadjusted",TRUE,0.666666666666667,1,0,0,-2,0.666666666666667,4
"latent_dependent",869,"Holm",TRUE,0.166666666666667,1,0,0,-5,0.166666666666667,1
"latent_dependent",869,"BY",TRUE,0.166666666666667,1,0,0,-5,0.166666666666667,1
"latent_dependent",870,"unadjusted",TRUE,0.833333333333333,0.833333333333333,0.166666666666667,1,0,0.714285714285714,6
"latent_dependent",870,"Holm",TRUE,0.333333333333333,1,0,0,-4,0.333333333333333,2
"latent_dependent",870,"BY",TRUE,0.333333333333333,1,0,0,-4,0.333333333333333,2
"latent_dependent",871,"unadjusted",TRUE,0.666666666666667,1,0,0,-2,0.666666666666667,4
"latent_dependent",871,"Holm",TRUE,0,0,0,0,-6,0,0
"latent_dependent",871,"BY",TRUE,0,0,0,0,-6,0,0
"latent_dependent",872,"unadjusted",TRUE,0.833333333333333,1,0,0,-1,0.833333333333333,5
"latent_dependent",872,"Holm",TRUE,0.333333333333333,1,0,0,-4,0.333333333333333,2
"latent_dependent",872,"BY",TRUE,0.166666666666667,1,0,0,-5,0.166666666666667,1
"latent_dependent",873,"unadjusted",TRUE,0.666666666666667,1,0,0,-2,0.666666666666667,4
"latent_dependent",873,"Holm",TRUE,0.166666666666667,1,0,0,-5,0.166666666666667,1
"latent_dependent",873,"BY",TRUE,0,0,0,0,-6,0,0
"latent_dependent",874,"unadjusted",TRUE,0.666666666666667,1,0,0,-2,0.666666666666667,4
"latent_dependent",874,"Holm",TRUE,0.166666666666667,1,0,0,-5,0.166666666666667,1
"latent_dependent",874,"BY",TRUE,0.166666666666667,1,0,0,-5,0.166666666666667,1
"latent_dependent",875,"unadjusted",TRUE,0.333333333333333,1,0,0,-4,0.333333333333333,2
"latent_dependent",875,"Holm",TRUE,0,0,0,0,-6,0,0
"latent_dependent",875,"BY",TRUE,0,0,0,0,-6,0,0
"latent_dependent",876,"unadjusted",TRUE,0.666666666666667,1,0,0,-2,0.666666666666667,4
"latent_dependent",876,"Holm",TRUE,0,0,0,0,-6,0,0
"latent_dependent",876,"BY",TRUE,0,0,0,0,-6,0,0
"latent_dependent",877,"unadjusted",TRUE,0.833333333333333,1,0,0,-1,0.833333333333333,5
"latent_dependent",877,"Holm",TRUE,0.333333333333333,1,0,0,-4,0.333333333333333,2
"latent_dependent",877,"BY",TRUE,0.333333333333333,1,0,0,-4,0.333333333333333,2
"latent_dependent",878,"unadjusted",TRUE,0.5,1,0,0,-3,0.5,3
"latent_dependent",878,"Holm",TRUE,0.333333333333333,1,0,0,-4,0.333333333333333,2
"latent_dependent",878,"BY",TRUE,0.166666666666667,1,0,0,-5,0.166666666666667,1
"latent_dependent",879,"unadjusted",TRUE,0.5,0.75,0.25,1,-2,0.428571428571429,4
"latent_dependent",879,"Holm",TRUE,0,0,0,0,-6,0,0
"latent_dependent",879,"BY",TRUE,0,0,0,0,-6,0,0
"latent_dependent",880,"unadjusted",TRUE,0.666666666666667,1,0,0,-2,0.666666666666667,4
"latent_dependent",880,"Holm",TRUE,0.166666666666667,1,0,0,-5,0.166666666666667,1
"latent_dependent",880,"BY",TRUE,0,0,0,0,-6,0,0
"latent_dependent",881,"unadjusted",TRUE,0.833333333333333,1,0,0,-1,0.833333333333333,5
"latent_dependent",881,"Holm",TRUE,0,0,0,0,-6,0,0
"latent_dependent",881,"BY",TRUE,0,0,0,0,-6,0,0
"latent_dependent",882,"unadjusted",TRUE,0.5,0.75,0.25,1,-2,0.428571428571429,4
"latent_dependent",882,"Holm",TRUE,0.333333333333333,1,0,0,-4,0.333333333333333,2
"latent_dependent",882,"BY",TRUE,0.333333333333333,1,0,0,-4,0.333333333333333,2
"latent_dependent",883,"unadjusted",TRUE,0.833333333333333,0.833333333333333,0.166666666666667,1,0,0.714285714285714,6
"latent_dependent",883,"Holm",TRUE,0,0,0,0,-6,0,0
"latent_dependent",883,"BY",TRUE,0,0,0,0,-6,0,0
"latent_dependent",884,"unadjusted",TRUE,0.666666666666667,1,0,0,-2,0.666666666666667,4
"latent_dependent",884,"Holm",TRUE,0.5,1,0,0,-3,0.5,3
"latent_dependent",884,"BY",TRUE,0.5,1,0,0,-3,0.5,3
"latent_dependent",885,"unadjusted",TRUE,0.5,0.75,0.25,1,-2,0.428571428571429,4
"latent_dependent",885,"Holm",TRUE,0.166666666666667,1,0,0,-5,0.166666666666667,1
"latent_dependent",885,"BY",TRUE,0,0,0,0,-6,0,0
"latent_dependent",886,"unadjusted",TRUE,0.5,0.75,0.25,1,-2,0.428571428571429,4
"latent_dependent",886,"Holm",TRUE,0.166666666666667,1,0,0,-5,0.166666666666667,1
"latent_dependent",886,"BY",TRUE,0,0,0,0,-6,0,0
"latent_dependent",887,"unadjusted",TRUE,0.666666666666667,1,0,0,-2,0.666666666666667,4
"latent_dependent",887,"Holm",TRUE,0.333333333333333,1,0,0,-4,0.333333333333333,2
"latent_dependent",887,"BY",TRUE,0.333333333333333,1,0,0,-4,0.333333333333333,2
"latent_dependent",888,"unadjusted",TRUE,0.833333333333333,1,0,0,-1,0.833333333333333,5
"latent_dependent",888,"Holm",TRUE,0.333333333333333,1,0,0,-4,0.333333333333333,2
"latent_dependent",888,"BY",TRUE,0.333333333333333,1,0,0,-4,0.333333333333333,2
"latent_dependent",889,"unadjusted",TRUE,0.333333333333333,1,0,0,-4,0.333333333333333,2
"latent_dependent",889,"Holm",TRUE,0.166666666666667,1,0,0,-5,0.166666666666667,1
"latent_dependent",889,"BY",TRUE,0.166666666666667,1,0,0,-5,0.166666666666667,1
"latent_dependent",890,"unadjusted",TRUE,0.5,1,0,0,-3,0.5,3
"latent_dependent",890,"Holm",TRUE,0.166666666666667,1,0,0,-5,0.166666666666667,1
"latent_dependent",890,"BY",TRUE,0.166666666666667,1,0,0,-5,0.166666666666667,1
"latent_dependent",891,"unadjusted",TRUE,0.333333333333333,1,0,0,-4,0.333333333333333,2
"latent_dependent",891,"Holm",TRUE,0.166666666666667,1,0,0,-5,0.166666666666667,1
"latent_dependent",891,"BY",TRUE,0.166666666666667,1,0,0,-5,0.166666666666667,1
"latent_dependent",892,"unadjusted",TRUE,0.5,1,0,0,-3,0.5,3
"latent_dependent",892,"Holm",TRUE,0.333333333333333,1,0,0,-4,0.333333333333333,2
"latent_dependent",892,"BY",TRUE,0,0,0,0,-6,0,0
"latent_dependent",893,"unadjusted",TRUE,1,1,0,0,0,1,6
"latent_dependent",893,"Holm",TRUE,0,0,0,0,-6,0,0
"latent_dependent",893,"BY",TRUE,0,0,0,0,-6,0,0
"latent_dependent",894,"unadjusted",TRUE,1,0.857142857142857,0.142857142857143,1,1,0.857142857142857,7
"latent_dependent",894,"Holm",TRUE,0.333333333333333,1,0,0,-4,0.333333333333333,2
"latent_dependent",894,"BY",TRUE,0,0,0,0,-6,0,0
"latent_dependent",895,"unadjusted",TRUE,1,0.857142857142857,0.142857142857143,1,1,0.857142857142857,7
"latent_dependent",895,"Holm",TRUE,0.666666666666667,1,0,0,-2,0.666666666666667,4
"latent_dependent",895,"BY",TRUE,0.666666666666667,1,0,0,-2,0.666666666666667,4
"latent_dependent",896,"unadjusted",TRUE,0.833333333333333,1,0,0,-1,0.833333333333333,5
"latent_dependent",896,"Holm",TRUE,0.333333333333333,1,0,0,-4,0.333333333333333,2
"latent_dependent",896,"BY",TRUE,0.333333333333333,1,0,0,-4,0.333333333333333,2
"latent_dependent",897,"unadjusted",TRUE,0.5,1,0,0,-3,0.5,3
"latent_dependent",897,"Holm",TRUE,0,0,0,0,-6,0,0
"latent_dependent",897,"BY",TRUE,0,0,0,0,-6,0,0
"latent_dependent",898,"unadjusted",TRUE,0.5,1,0,0,-3,0.5,3
"latent_dependent",898,"Holm",TRUE,0.333333333333333,1,0,0,-4,0.333333333333333,2
"latent_dependent",898,"BY",TRUE,0.166666666666667,1,0,0,-5,0.166666666666667,1
"latent_dependent",899,"unadjusted",TRUE,0.5,0.75,0.25,1,-2,0.428571428571429,4
"latent_dependent",899,"Holm",TRUE,0.333333333333333,1,0,0,-4,0.333333333333333,2
"latent_dependent",899,"BY",TRUE,0.166666666666667,1,0,0,-5,0.166666666666667,1
"latent_dependent",900,"unadjusted",TRUE,0.666666666666667,0.8,0.2,1,-1,0.571428571428571,5
"latent_dependent",900,"Holm",TRUE,0.166666666666667,1,0,0,-5,0.166666666666667,1
"latent_dependent",900,"BY",TRUE,0.166666666666667,1,0,0,-5,0.166666666666667,1
"latent_dependent",901,"unadjusted",TRUE,0.5,0.75,0.25,1,-2,0.428571428571429,4
"latent_dependent",901,"Holm",TRUE,0.166666666666667,1,0,0,-5,0.166666666666667,1
"latent_dependent",901,"BY",TRUE,0,0,0,0,-6,0,0
"latent_dependent",902,"unadjusted",TRUE,0.666666666666667,1,0,0,-2,0.666666666666667,4
"latent_dependent",902,"Holm",TRUE,0,0,0,0,-6,0,0
"latent_dependent",902,"BY",TRUE,0,0,0,0,-6,0,0
"latent_dependent",903,"unadjusted",TRUE,0.333333333333333,0.666666666666667,0.333333333333333,1,-3,0.285714285714286,3
"latent_dependent",903,"Holm",TRUE,0,0,0,0,-6,0,0
"latent_dependent",903,"BY",TRUE,0,0,0,0,-6,0,0
"latent_dependent",904,"unadjusted",TRUE,0.5,1,0,0,-3,0.5,3
"latent_dependent",904,"Holm",TRUE,0.166666666666667,1,0,0,-5,0.166666666666667,1
"latent_dependent",904,"BY",TRUE,0,0,0,0,-6,0,0
"latent_dependent",905,"unadjusted",TRUE,0.5,1,0,0,-3,0.5,3
"latent_dependent",905,"Holm",TRUE,0.166666666666667,1,0,0,-5,0.166666666666667,1
"latent_dependent",905,"BY",TRUE,0,0,0,0,-6,0,0
"latent_dependent",906,"unadjusted",TRUE,0.5,0.75,0.25,1,-2,0.428571428571429,4
"latent_dependent",906,"Holm",TRUE,0,0,0,0,-6,0,0
"latent_dependent",906,"BY",TRUE,0,0,0,0,-6,0,0
"latent_dependent",907,"unadjusted",TRUE,0.833333333333333,0.833333333333333,0.166666666666667,1,0,0.714285714285714,6
"latent_dependent",907,"Holm",TRUE,0.333333333333333,1,0,0,-4,0.333333333333333,2
"latent_dependent",907,"BY",TRUE,0.333333333333333,1,0,0,-4,0.333333333333333,2
"latent_dependent",908,"unadjusted",TRUE,0.666666666666667,0.8,0.2,1,-1,0.571428571428571,5
"latent_dependent",908,"Holm",TRUE,0,0,0,0,-6,0,0
"latent_dependent",908,"BY",TRUE,0,0,0,0,-6,0,0
"latent_dependent",909,"unadjusted",TRUE,0.5,0.75,0.25,1,-2,0.428571428571429,4
"latent_dependent",909,"Holm",TRUE,0,0,0,0,-6,0,0
"latent_dependent",909,"BY",TRUE,0,0,0,0,-6,0,0
"latent_dependent",910,"unadjusted",TRUE,0.833333333333333,1,0,0,-1,0.833333333333333,5
"latent_dependent",910,"Holm",TRUE,0.166666666666667,1,0,0,-5,0.166666666666667,1
"latent_dependent",910,"BY",TRUE,0.166666666666667,1,0,0,-5,0.166666666666667,1
"latent_dependent",911,"unadjusted",TRUE,1,1,0,0,0,1,6
"latent_dependent",911,"Holm",TRUE,0.333333333333333,1,0,0,-4,0.333333333333333,2
"latent_dependent",911,"BY",TRUE,0.333333333333333,1,0,0,-4,0.333333333333333,2
"latent_dependent",912,"unadjusted",TRUE,0.333333333333333,0.5,0.5,1,-2,0.25,4
"latent_dependent",912,"Holm",TRUE,0,0,0,0,-6,0,0
"latent_dependent",912,"BY",TRUE,0,0,0,0,-6,0,0
"latent_dependent",913,"unadjusted",TRUE,0.833333333333333,0.833333333333333,0.166666666666667,1,0,0.714285714285714,6
"latent_dependent",913,"Holm",TRUE,0.333333333333333,1,0,0,-4,0.333333333333333,2
"latent_dependent",913,"BY",TRUE,0.333333333333333,1,0,0,-4,0.333333333333333,2
"latent_dependent",914,"unadjusted",TRUE,0.833333333333333,1,0,0,-1,0.833333333333333,5
"latent_dependent",914,"Holm",TRUE,0.5,1,0,0,-3,0.5,3
"latent_dependent",914,"BY",TRUE,0.5,1,0,0,-3,0.5,3
"latent_dependent",915,"unadjusted",TRUE,0.833333333333333,1,0,0,-1,0.833333333333333,5
"latent_dependent",915,"Holm",TRUE,0.333333333333333,1,0,0,-4,0.333333333333333,2
"latent_dependent",915,"BY",TRUE,0.166666666666667,1,0,0,-5,0.166666666666667,1
"latent_dependent",916,"unadjusted",TRUE,0.666666666666667,0.8,0.2,1,-1,0.571428571428571,5
"latent_dependent",916,"Holm",TRUE,0.166666666666667,1,0,0,-5,0.166666666666667,1
"latent_dependent",916,"BY",TRUE,0.166666666666667,1,0,0,-5,0.166666666666667,1
"latent_dependent",917,"unadjusted",TRUE,0.833333333333333,1,0,0,-1,0.833333333333333,5
"latent_dependent",917,"Holm",TRUE,0.5,1,0,0,-3,0.5,3
"latent_dependent",917,"BY",TRUE,0.5,1,0,0,-3,0.5,3
"latent_dependent",918,"unadjusted",TRUE,0.833333333333333,0.833333333333333,0.166666666666667,1,0,0.714285714285714,6
"latent_dependent",918,"Holm",TRUE,0.333333333333333,1,0,0,-4,0.333333333333333,2
"latent_dependent",918,"BY",TRUE,0.166666666666667,1,0,0,-5,0.166666666666667,1
"latent_dependent",919,"unadjusted",TRUE,0.333333333333333,1,0,0,-4,0.333333333333333,2
"latent_dependent",919,"Holm",TRUE,0.166666666666667,1,0,0,-5,0.166666666666667,1
"latent_dependent",919,"BY",TRUE,0.166666666666667,1,0,0,-5,0.166666666666667,1
"latent_dependent",920,"unadjusted",TRUE,0.666666666666667,1,0,0,-2,0.666666666666667,4
"latent_dependent",920,"Holm",TRUE,0.166666666666667,1,0,0,-5,0.166666666666667,1
"latent_dependent",920,"BY",TRUE,0.166666666666667,1,0,0,-5,0.166666666666667,1
"latent_dependent",921,"unadjusted",TRUE,0.333333333333333,1,0,0,-4,0.333333333333333,2
"latent_dependent",921,"Holm",TRUE,0,0,0,0,-6,0,0
"latent_dependent",921,"BY",TRUE,0,0,0,0,-6,0,0
"latent_dependent",922,"unadjusted",TRUE,0.666666666666667,1,0,0,-2,0.666666666666667,4
"latent_dependent",922,"Holm",TRUE,0.333333333333333,1,0,0,-4,0.333333333333333,2
"latent_dependent",922,"BY",TRUE,0.333333333333333,1,0,0,-4,0.333333333333333,2
"latent_dependent",923,"unadjusted",TRUE,1,1,0,0,0,1,6
"latent_dependent",923,"Holm",TRUE,0.166666666666667,1,0,0,-5,0.166666666666667,1
"latent_dependent",923,"BY",TRUE,0,0,0,0,-6,0,0
"latent_dependent",924,"unadjusted",TRUE,0.833333333333333,1,0,0,-1,0.833333333333333,5
"latent_dependent",924,"Holm",TRUE,0.333333333333333,1,0,0,-4,0.333333333333333,2
"latent_dependent",924,"BY",TRUE,0.166666666666667,1,0,0,-5,0.166666666666667,1
"latent_dependent",925,"unadjusted",TRUE,0.5,0.75,0.25,1,-2,0.428571428571429,4
"latent_dependent",925,"Holm",TRUE,0,0,0,0,-6,0,0
"latent_dependent",925,"BY",TRUE,0,0,0,0,-6,0,0
"latent_dependent",926,"unadjusted",TRUE,0.5,0.75,0.25,1,-2,0.428571428571429,4
"latent_dependent",926,"Holm",TRUE,0,0,0,0,-6,0,0
"latent_dependent",926,"BY",TRUE,0,0,0,0,-6,0,0
"latent_dependent",927,"unadjusted",TRUE,1,0.857142857142857,0.142857142857143,1,1,0.857142857142857,7
"latent_dependent",927,"Holm",TRUE,0,0,0,0,-6,0,0
"latent_dependent",927,"BY",TRUE,0,0,0,0,-6,0,0
"latent_dependent",928,"unadjusted",TRUE,0.666666666666667,0.8,0.2,1,-1,0.571428571428571,5
"latent_dependent",928,"Holm",TRUE,0.166666666666667,1,0,0,-5,0.166666666666667,1
"latent_dependent",928,"BY",TRUE,0.166666666666667,1,0,0,-5,0.166666666666667,1
"latent_dependent",929,"unadjusted",TRUE,0.333333333333333,1,0,0,-4,0.333333333333333,2
"latent_dependent",929,"Holm",TRUE,0.166666666666667,1,0,0,-5,0.166666666666667,1
"latent_dependent",929,"BY",TRUE,0.166666666666667,1,0,0,-5,0.166666666666667,1
"latent_dependent",930,"unadjusted",TRUE,0.666666666666667,1,0,0,-2,0.666666666666667,4
"latent_dependent",930,"Holm",TRUE,0.333333333333333,1,0,0,-4,0.333333333333333,2
"latent_dependent",930,"BY",TRUE,0.166666666666667,1,0,0,-5,0.166666666666667,1
"latent_dependent",931,"unadjusted",TRUE,0.666666666666667,1,0,0,-2,0.666666666666667,4
"latent_dependent",931,"Holm",TRUE,0.333333333333333,1,0,0,-4,0.333333333333333,2
"latent_dependent",931,"BY",TRUE,0.333333333333333,1,0,0,-4,0.333333333333333,2
"latent_dependent",932,"unadjusted",FALSE,0.333333333333333,1,0,0,-4,0.333333333333333,2
"latent_dependent",932,"Holm",FALSE,0,0,0,0,-6,0,0
"latent_dependent",932,"BY",FALSE,0,0,0,0,-6,0,0
"latent_dependent",933,"unadjusted",TRUE,0.333333333333333,1,0,0,-4,0.333333333333333,2
"latent_dependent",933,"Holm",TRUE,0,0,0,0,-6,0,0
"latent_dependent",933,"BY",TRUE,0,0,0,0,-6,0,0
"latent_dependent",934,"unadjusted",TRUE,0.833333333333333,1,0,0,-1,0.833333333333333,5
"latent_dependent",934,"Holm",TRUE,0.333333333333333,1,0,0,-4,0.333333333333333,2
"latent_dependent",934,"BY",TRUE,0.166666666666667,1,0,0,-5,0.166666666666667,1
"latent_dependent",935,"unadjusted",TRUE,0.833333333333333,1,0,0,-1,0.833333333333333,5
"latent_dependent",935,"Holm",TRUE,0.166666666666667,1,0,0,-5,0.166666666666667,1
"latent_dependent",935,"BY",TRUE,0.166666666666667,1,0,0,-5,0.166666666666667,1
"latent_dependent",936,"unadjusted",TRUE,0.333333333333333,0.666666666666667,0.333333333333333,1,-3,0.285714285714286,3
"latent_dependent",936,"Holm",TRUE,0.166666666666667,1,0,0,-5,0.166666666666667,1
"latent_dependent",936,"BY",TRUE,0.166666666666667,1,0,0,-5,0.166666666666667,1
"latent_dependent",937,"unadjusted",TRUE,0.833333333333333,1,0,0,-1,0.833333333333333,5
"latent_dependent",937,"Holm",TRUE,0.333333333333333,1,0,0,-4,0.333333333333333,2
"latent_dependent",937,"BY",TRUE,0.333333333333333,1,0,0,-4,0.333333333333333,2
"latent_dependent",938,"unadjusted",TRUE,0.666666666666667,0.666666666666667,0.333333333333333,1,0,0.5,6
"latent_dependent",938,"Holm",TRUE,0.166666666666667,1,0,0,-5,0.166666666666667,1
"latent_dependent",938,"BY",TRUE,0.166666666666667,1,0,0,-5,0.166666666666667,1
"latent_dependent",939,"unadjusted",TRUE,0.666666666666667,1,0,0,-2,0.666666666666667,4
"latent_dependent",939,"Holm",TRUE,0,0,0,0,-6,0,0
"latent_dependent",939,"BY",TRUE,0,0,0,0,-6,0,0
"latent_dependent",940,"unadjusted",TRUE,0.833333333333333,0.833333333333333,0.166666666666667,1,0,0.714285714285714,6
"latent_dependent",940,"Holm",TRUE,0.5,1,0,0,-3,0.5,3
"latent_dependent",940,"BY",TRUE,0.5,1,0,0,-3,0.5,3
"latent_dependent",941,"unadjusted",TRUE,0.666666666666667,1,0,0,-2,0.666666666666667,4
"latent_dependent",941,"Holm",TRUE,0.666666666666667,1,0,0,-2,0.666666666666667,4
"latent_dependent",941,"BY",TRUE,0.666666666666667,1,0,0,-2,0.666666666666667,4
"latent_dependent",942,"unadjusted",TRUE,0.5,1,0,0,-3,0.5,3
"latent_dependent",942,"Holm",TRUE,0.333333333333333,1,0,0,-4,0.333333333333333,2
"latent_dependent",942,"BY",TRUE,0.333333333333333,1,0,0,-4,0.333333333333333,2
"latent_dependent",943,"unadjusted",TRUE,0.5,1,0,0,-3,0.5,3
"latent_dependent",943,"Holm",TRUE,0,0,0,0,-6,0,0
"latent_dependent",943,"BY",TRUE,0,0,0,0,-6,0,0
"latent_dependent",944,"unadjusted",TRUE,0.666666666666667,0.8,0.2,1,-1,0.571428571428571,5
"latent_dependent",944,"Holm",TRUE,0.166666666666667,1,0,0,-5,0.166666666666667,1
"latent_dependent",944,"BY",TRUE,0.166666666666667,1,0,0,-5,0.166666666666667,1
"latent_dependent",945,"unadjusted",TRUE,0.666666666666667,0.666666666666667,0.333333333333333,1,0,0.5,6
"latent_dependent",945,"Holm",TRUE,0.5,1,0,0,-3,0.5,3
"latent_dependent",945,"BY",TRUE,0.5,1,0,0,-3,0.5,3
"latent_dependent",946,"unadjusted",TRUE,0.833333333333333,1,0,0,-1,0.833333333333333,5
"latent_dependent",946,"Holm",TRUE,0,0,0,0,-6,0,0
"latent_dependent",946,"BY",TRUE,0,0,0,0,-6,0,0
"latent_dependent",947,"unadjusted",TRUE,0.5,1,0,0,-3,0.5,3
"latent_dependent",947,"Holm",TRUE,0,0,0,0,-6,0,0
"latent_dependent",947,"BY",TRUE,0,0,0,0,-6,0,0
"latent_dependent",948,"unadjusted",TRUE,0.666666666666667,0.571428571428571,0.428571428571429,1,1,0.444444444444444,7
"latent_dependent",948,"Holm",TRUE,0,0,0,0,-6,0,0
"latent_dependent",948,"BY",TRUE,0,0,0,0,-6,0,0
"latent_dependent",949,"unadjusted",TRUE,0.833333333333333,1,0,0,-1,0.833333333333333,5
"latent_dependent",949,"Holm",TRUE,0,0,0,0,-6,0,0
"latent_dependent",949,"BY",TRUE,0,0,0,0,-6,0,0
"latent_dependent",950,"unadjusted",TRUE,0.666666666666667,0.8,0.2,1,-1,0.571428571428571,5
"latent_dependent",950,"Holm",TRUE,0.166666666666667,1,0,0,-5,0.166666666666667,1
"latent_dependent",950,"BY",TRUE,0.166666666666667,1,0,0,-5,0.166666666666667,1
"latent_dependent",951,"unadjusted",TRUE,0.833333333333333,1,0,0,-1,0.833333333333333,5
"latent_dependent",951,"Holm",TRUE,0.5,1,0,0,-3,0.5,3
"latent_dependent",951,"BY",TRUE,0.5,1,0,0,-3,0.5,3
"latent_dependent",952,"unadjusted",TRUE,0.833333333333333,1,0,0,-1,0.833333333333333,5
"latent_dependent",952,"Holm",TRUE,0.333333333333333,1,0,0,-4,0.333333333333333,2
"latent_dependent",952,"BY",TRUE,0,0,0,0,-6,0,0
"latent_dependent",953,"unadjusted",TRUE,0.833333333333333,0.833333333333333,0.166666666666667,1,0,0.714285714285714,6
"latent_dependent",953,"Holm",TRUE,0.5,1,0,0,-3,0.5,3
"latent_dependent",953,"BY",TRUE,0.5,1,0,0,-3,0.5,3
"latent_dependent",954,"unadjusted",TRUE,0.833333333333333,1,0,0,-1,0.833333333333333,5
"latent_dependent",954,"Holm",TRUE,0.166666666666667,1,0,0,-5,0.166666666666667,1
"latent_dependent",954,"BY",TRUE,0.166666666666667,1,0,0,-5,0.166666666666667,1
"latent_dependent",955,"unadjusted",TRUE,0.5,1,0,0,-3,0.5,3
"latent_dependent",955,"Holm",TRUE,0.333333333333333,1,0,0,-4,0.333333333333333,2
"latent_dependent",955,"BY",TRUE,0.333333333333333,1,0,0,-4,0.333333333333333,2
"latent_dependent",956,"unadjusted",TRUE,0.5,1,0,0,-3,0.5,3
"latent_dependent",956,"Holm",TRUE,0.166666666666667,1,0,0,-5,0.166666666666667,1
"latent_dependent",956,"BY",TRUE,0.166666666666667,1,0,0,-5,0.166666666666667,1
"latent_dependent",957,"unadjusted",TRUE,0.666666666666667,0.8,0.2,1,-1,0.571428571428571,5
"latent_dependent",957,"Holm",TRUE,0.333333333333333,1,0,0,-4,0.333333333333333,2
"latent_dependent",957,"BY",TRUE,0.333333333333333,1,0,0,-4,0.333333333333333,2
"latent_dependent",958,"unadjusted",TRUE,0.666666666666667,1,0,0,-2,0.666666666666667,4
"latent_dependent",958,"Holm",TRUE,0.166666666666667,1,0,0,-5,0.166666666666667,1
"latent_dependent",958,"BY",TRUE,0.166666666666667,1,0,0,-5,0.166666666666667,1
"latent_dependent",959,"unadjusted",TRUE,0.666666666666667,1,0,0,-2,0.666666666666667,4
"latent_dependent",959,"Holm",TRUE,0,0,0,0,-6,0,0
"latent_dependent",959,"BY",TRUE,0,0,0,0,-6,0,0
"latent_dependent",960,"unadjusted",TRUE,0.333333333333333,1,0,0,-4,0.333333333333333,2
"latent_dependent",960,"Holm",TRUE,0.166666666666667,1,0,0,-5,0.166666666666667,1
"latent_dependent",960,"BY",TRUE,0.166666666666667,1,0,0,-5,0.166666666666667,1
"latent_dependent",961,"unadjusted",TRUE,0.833333333333333,1,0,0,-1,0.833333333333333,5
"latent_dependent",961,"Holm",TRUE,0.166666666666667,1,0,0,-5,0.166666666666667,1
"latent_dependent",961,"BY",TRUE,0.166666666666667,1,0,0,-5,0.166666666666667,1
"latent_dependent",962,"unadjusted",TRUE,0.5,1,0,0,-3,0.5,3
"latent_dependent",962,"Holm",TRUE,0.333333333333333,1,0,0,-4,0.333333333333333,2
"latent_dependent",962,"BY",TRUE,0.333333333333333,1,0,0,-4,0.333333333333333,2
"latent_dependent",963,"unadjusted",TRUE,1,1,0,0,0,1,6
"latent_dependent",963,"Holm",TRUE,0.333333333333333,1,0,0,-4,0.333333333333333,2
"latent_dependent",963,"BY",TRUE,0.166666666666667,1,0,0,-5,0.166666666666667,1
"latent_dependent",964,"unadjusted",TRUE,0.666666666666667,1,0,0,-2,0.666666666666667,4
"latent_dependent",964,"Holm",TRUE,0.333333333333333,1,0,0,-4,0.333333333333333,2
"latent_dependent",964,"BY",TRUE,0.333333333333333,1,0,0,-4,0.333333333333333,2
"latent_dependent",965,"unadjusted",TRUE,1,1,0,0,0,1,6
"latent_dependent",965,"Holm",TRUE,0.5,1,0,0,-3,0.5,3
"latent_dependent",965,"BY",TRUE,0.5,1,0,0,-3,0.5,3
"latent_dependent",966,"unadjusted",FALSE,0.166666666666667,0.5,0.5,1,-4,0.142857142857143,2
"latent_dependent",966,"Holm",FALSE,0,0,0,0,-6,0,0
"latent_dependent",966,"BY",FALSE,0,0,0,0,-6,0,0
"latent_dependent",967,"unadjusted",TRUE,0.5,0.6,0.4,1,-1,0.375,5
"latent_dependent",967,"Holm",TRUE,0.333333333333333,1,0,0,-4,0.333333333333333,2
"latent_dependent",967,"BY",TRUE,0.333333333333333,1,0,0,-4,0.333333333333333,2
"latent_dependent",968,"unadjusted",TRUE,0.833333333333333,0.833333333333333,0.166666666666667,1,0,0.714285714285714,6
"latent_dependent",968,"Holm",TRUE,0.333333333333333,1,0,0,-4,0.333333333333333,2
"latent_dependent",968,"BY",TRUE,0.333333333333333,1,0,0,-4,0.333333333333333,2
"latent_dependent",969,"unadjusted",TRUE,0.666666666666667,1,0,0,-2,0.666666666666667,4
"latent_dependent",969,"Holm",TRUE,0.166666666666667,1,0,0,-5,0.166666666666667,1
"latent_dependent",969,"BY",TRUE,0,0,0,0,-6,0,0
"latent_dependent",970,"unadjusted",TRUE,0.5,1,0,0,-3,0.5,3
"latent_dependent",970,"Holm",TRUE,0.166666666666667,1,0,0,-5,0.166666666666667,1
"latent_dependent",970,"BY",TRUE,0,0,0,0,-6,0,0
"latent_dependent",971,"unadjusted",TRUE,0.833333333333333,0.833333333333333,0.166666666666667,1,0,0.714285714285714,6
"latent_dependent",971,"Holm",TRUE,0.333333333333333,1,0,0,-4,0.333333333333333,2
"latent_dependent",971,"BY",TRUE,0.166666666666667,1,0,0,-5,0.166666666666667,1
"latent_dependent",972,"unadjusted",TRUE,0.666666666666667,1,0,0,-2,0.666666666666667,4
"latent_dependent",972,"Holm",TRUE,0.166666666666667,1,0,0,-5,0.166666666666667,1
"latent_dependent",972,"BY",TRUE,0.166666666666667,1,0,0,-5,0.166666666666667,1
"latent_dependent",973,"unadjusted",TRUE,0.666666666666667,0.8,0.2,1,-1,0.571428571428571,5
"latent_dependent",973,"Holm",TRUE,0.333333333333333,1,0,0,-4,0.333333333333333,2
"latent_dependent",973,"BY",TRUE,0.333333333333333,1,0,0,-4,0.333333333333333,2
"latent_dependent",974,"unadjusted",TRUE,0.666666666666667,1,0,0,-2,0.666666666666667,4
"latent_dependent",974,"Holm",TRUE,0.166666666666667,1,0,0,-5,0.166666666666667,1
"latent_dependent",974,"BY",TRUE,0,0,0,0,-6,0,0
"latent_dependent",975,"unadjusted",TRUE,0.666666666666667,0.8,0.2,1,-1,0.571428571428571,5
"latent_dependent",975,"Holm",TRUE,0,0,0,0,-6,0,0
"latent_dependent",975,"BY",TRUE,0,0,0,0,-6,0,0
"latent_dependent",976,"unadjusted",TRUE,0.666666666666667,1,0,0,-2,0.666666666666667,4
"latent_dependent",976,"Holm",TRUE,0.5,1,0,0,-3,0.5,3
"latent_dependent",976,"BY",TRUE,0.5,1,0,0,-3,0.5,3
"latent_dependent",977,"unadjusted",TRUE,0.666666666666667,1,0,0,-2,0.666666666666667,4
"latent_dependent",977,"Holm",TRUE,0,0,0,0,-6,0,0
"latent_dependent",977,"BY",TRUE,0,0,0,0,-6,0,0
"latent_dependent",978,"unadjusted",TRUE,0.833333333333333,1,0,0,-1,0.833333333333333,5
"latent_dependent",978,"Holm",TRUE,0.5,1,0,0,-3,0.5,3
"latent_dependent",978,"BY",TRUE,0.5,1,0,0,-3,0.5,3
"latent_dependent",979,"unadjusted",TRUE,0.666666666666667,1,0,0,-2,0.666666666666667,4
"latent_dependent",979,"Holm",TRUE,0,0,0,0,-6,0,0
"latent_dependent",979,"BY",TRUE,0,0,0,0,-6,0,0
"latent_dependent",980,"unadjusted",TRUE,0.666666666666667,0.8,0.2,1,-1,0.571428571428571,5
"latent_dependent",980,"Holm",TRUE,0.166666666666667,1,0,0,-5,0.166666666666667,1
"latent_dependent",980,"BY",TRUE,0.166666666666667,1,0,0,-5,0.166666666666667,1
"latent_dependent",981,"unadjusted",TRUE,0.666666666666667,1,0,0,-2,0.666666666666667,4
"latent_dependent",981,"Holm",TRUE,0.333333333333333,1,0,0,-4,0.333333333333333,2
"latent_dependent",981,"BY",TRUE,0.333333333333333,1,0,0,-4,0.333333333333333,2
"latent_dependent",982,"unadjusted",TRUE,0.666666666666667,0.8,0.2,1,-1,0.571428571428571,5
"latent_dependent",982,"Holm",TRUE,0.333333333333333,1,0,0,-4,0.333333333333333,2
"latent_dependent",982,"BY",TRUE,0,0,0,0,-6,0,0
"latent_dependent",983,"unadjusted",TRUE,0.5,1,0,0,-3,0.5,3
"latent_dependent",983,"Holm",TRUE,0.166666666666667,1,0,0,-5,0.166666666666667,1
"latent_dependent",983,"BY",TRUE,0,0,0,0,-6,0,0
"latent_dependent",984,"unadjusted",TRUE,0.833333333333333,1,0,0,-1,0.833333333333333,5
"latent_dependent",984,"Holm",TRUE,0,0,0,0,-6,0,0
"latent_dependent",984,"BY",TRUE,0,0,0,0,-6,0,0
"latent_dependent",985,"unadjusted",TRUE,0.666666666666667,1,0,0,-2,0.666666666666667,4
"latent_dependent",985,"Holm",TRUE,0.333333333333333,1,0,0,-4,0.333333333333333,2
"latent_dependent",985,"BY",TRUE,0,0,0,0,-6,0,0
"latent_dependent",986,"unadjusted",TRUE,0.666666666666667,1,0,0,-2,0.666666666666667,4
"latent_dependent",986,"Holm",TRUE,0.333333333333333,1,0,0,-4,0.333333333333333,2
"latent_dependent",986,"BY",TRUE,0,0,0,0,-6,0,0
"latent_dependent",987,"unadjusted",TRUE,0.5,1,0,0,-3,0.5,3
"latent_dependent",987,"Holm",TRUE,0,0,0,0,-6,0,0
"latent_dependent",987,"BY",TRUE,0,0,0,0,-6,0,0
"latent_dependent",988,"unadjusted",TRUE,0.666666666666667,0.8,0.2,1,-1,0.571428571428571,5
"latent_dependent",988,"Holm",TRUE,0.166666666666667,1,0,0,-5,0.166666666666667,1
"latent_dependent",988,"BY",TRUE,0.166666666666667,1,0,0,-5,0.166666666666667,1
"latent_dependent",989,"unadjusted",TRUE,0.333333333333333,0.666666666666667,0.333333333333333,1,-3,0.285714285714286,3
"latent_dependent",989,"Holm",TRUE,0.333333333333333,1,0,0,-4,0.333333333333333,2
"latent_dependent",989,"BY",TRUE,0.333333333333333,1,0,0,-4,0.333333333333333,2
"latent_dependent",990,"unadjusted",TRUE,0.833333333333333,0.833333333333333,0.166666666666667,1,0,0.714285714285714,6
"latent_dependent",990,"Holm",TRUE,0,0,0,0,-6,0,0
"latent_dependent",990,"BY",TRUE,0,0,0,0,-6,0,0
"latent_dependent",991,"unadjusted",TRUE,0.833333333333333,0.714285714285714,0.285714285714286,1,1,0.625,7
"latent_dependent",991,"Holm",TRUE,0.166666666666667,1,0,0,-5,0.166666666666667,1
"latent_dependent",991,"BY",TRUE,0.166666666666667,1,0,0,-5,0.166666666666667,1
"latent_dependent",992,"unadjusted",TRUE,0.666666666666667,1,0,0,-2,0.666666666666667,4
"latent_dependent",992,"Holm",TRUE,0,0,0,0,-6,0,0
"latent_dependent",992,"BY",TRUE,0,0,0,0,-6,0,0
"latent_dependent",993,"unadjusted",TRUE,0.333333333333333,1,0,0,-4,0.333333333333333,2
"latent_dependent",993,"Holm",TRUE,0.166666666666667,1,0,0,-5,0.166666666666667,1
"latent_dependent",993,"BY",TRUE,0,0,0,0,-6,0,0
"latent_dependent",994,"unadjusted",TRUE,0.5,0.75,0.25,1,-2,0.428571428571429,4
"latent_dependent",994,"Holm",TRUE,0,0,0,0,-6,0,0
"latent_dependent",994,"BY",TRUE,0,0,0,0,-6,0,0
"latent_dependent",995,"unadjusted",TRUE,1,0.857142857142857,0.142857142857143,1,1,0.857142857142857,7
"latent_dependent",995,"Holm",TRUE,0.333333333333333,1,0,0,-4,0.333333333333333,2
"latent_dependent",995,"BY",TRUE,0.166666666666667,1,0,0,-5,0.166666666666667,1
"latent_dependent",996,"unadjusted",TRUE,0.666666666666667,1,0,0,-2,0.666666666666667,4
"latent_dependent",996,"Holm",TRUE,0.166666666666667,1,0,0,-5,0.166666666666667,1
"latent_dependent",996,"BY",TRUE,0.166666666666667,1,0,0,-5,0.166666666666667,1
"latent_dependent",997,"unadjusted",TRUE,0.5,1,0,0,-3,0.5,3
"latent_dependent",997,"Holm",TRUE,0,0,0,0,-6,0,0
"latent_dependent",997,"BY",TRUE,0,0,0,0,-6,0,0
"latent_dependent",998,"unadjusted",TRUE,1,0.75,0.25,1,2,0.75,8
"latent_dependent",998,"Holm",TRUE,0.166666666666667,1,0,0,-5,0.166666666666667,1
"latent_dependent",998,"BY",TRUE,0.166666666666667,1,0,0,-5,0.166666666666667,1
"latent_dependent",999,"unadjusted",TRUE,0.833333333333333,1,0,0,-1,0.833333333333333,5
"latent_dependent",999,"Holm",TRUE,0.5,1,0,0,-3,0.5,3
"latent_dependent",999,"BY",TRUE,0.5,1,0,0,-3,0.5,3
"latent_dependent",1000,"unadjusted",TRUE,0.5,1,0,0,-3,0.5,3
"latent_dependent",1000,"Holm",TRUE,0,0,0,0,-6,0,0
"latent_dependent",1000,"BY",TRUE,0,0,0,0,-6,0,0
"three_group",1,"unadjusted",FALSE,0.666666666666667,1,0,0,-2,0.666666666666667,4
"three_group",1,"Holm",FALSE,0,0,0,0,-6,0,0
"three_group",1,"BY",FALSE,0,0,0,0,-6,0,0
"three_group",2,"unadjusted",TRUE,0.666666666666667,0.8,0.2,1,-1,0.571428571428571,5
"three_group",2,"Holm",TRUE,0.166666666666667,1,0,0,-5,0.166666666666667,1
"three_group",2,"BY",TRUE,0.166666666666667,1,0,0,-5,0.166666666666667,1
"three_group",3,"unadjusted",TRUE,0.5,0.75,0.25,1,-2,0.428571428571429,4
"three_group",3,"Holm",TRUE,0,0,0,0,-6,0,0
"three_group",3,"BY",TRUE,0,0,0,0,-6,0,0
"three_group",4,"unadjusted",TRUE,0.333333333333333,0.666666666666667,0.333333333333333,1,-3,0.285714285714286,3
"three_group",4,"Holm",TRUE,0,0,0,0,-6,0,0
"three_group",4,"BY",TRUE,0,0,0,0,-6,0,0
"three_group",5,"unadjusted",TRUE,0.666666666666667,1,0,0,-2,0.666666666666667,4
"three_group",5,"Holm",TRUE,0.166666666666667,1,0,0,-5,0.166666666666667,1
"three_group",5,"BY",TRUE,0.166666666666667,1,0,0,-5,0.166666666666667,1
"three_group",6,"unadjusted",TRUE,0.833333333333333,1,0,0,-1,0.833333333333333,5
"three_group",6,"Holm",TRUE,0.333333333333333,1,0,0,-4,0.333333333333333,2
"three_group",6,"BY",TRUE,0,0,0,0,-6,0,0
"three_group",7,"unadjusted",TRUE,0.5,1,0,0,-3,0.5,3
"three_group",7,"Holm",TRUE,0.166666666666667,1,0,0,-5,0.166666666666667,1
"three_group",7,"BY",TRUE,0,0,0,0,-6,0,0
"three_group",8,"unadjusted",TRUE,0.5,1,0,0,-3,0.5,3
"three_group",8,"Holm",TRUE,0.166666666666667,1,0,0,-5,0.166666666666667,1
"three_group",8,"BY",TRUE,0,0,0,0,-6,0,0
"three_group",9,"unadjusted",TRUE,0.333333333333333,1,0,0,-4,0.333333333333333,2
"three_group",9,"Holm",TRUE,0.166666666666667,1,0,0,-5,0.166666666666667,1
"three_group",9,"BY",TRUE,0.166666666666667,1,0,0,-5,0.166666666666667,1
"three_group",10,"unadjusted",TRUE,1,1,0,0,0,1,6
"three_group",10,"Holm",TRUE,0.666666666666667,1,0,0,-2,0.666666666666667,4
"three_group",10,"BY",TRUE,0.666666666666667,1,0,0,-2,0.666666666666667,4
"three_group",11,"unadjusted",TRUE,0.666666666666667,0.8,0.2,1,-1,0.571428571428571,5
"three_group",11,"Holm",TRUE,0.333333333333333,1,0,0,-4,0.333333333333333,2
"three_group",11,"BY",TRUE,0.333333333333333,1,0,0,-4,0.333333333333333,2
"three_group",12,"unadjusted",TRUE,0.5,0.75,0.25,1,-2,0.428571428571429,4
"three_group",12,"Holm",TRUE,0.166666666666667,1,0,0,-5,0.166666666666667,1
"three_group",12,"BY",TRUE,0,0,0,0,-6,0,0
"three_group",13,"unadjusted",TRUE,0.666666666666667,0.666666666666667,0.333333333333333,1,0,0.5,6
"three_group",13,"Holm",TRUE,0.166666666666667,1,0,0,-5,0.166666666666667,1
"three_group",13,"BY",TRUE,0.166666666666667,1,0,0,-5,0.166666666666667,1
"three_group",14,"unadjusted",TRUE,0.666666666666667,1,0,0,-2,0.666666666666667,4
"three_group",14,"Holm",TRUE,0.166666666666667,1,0,0,-5,0.166666666666667,1
"three_group",14,"BY",TRUE,0.166666666666667,1,0,0,-5,0.166666666666667,1
"three_group",15,"unadjusted",TRUE,0.333333333333333,1,0,0,-4,0.333333333333333,2
"three_group",15,"Holm",TRUE,0.166666666666667,1,0,0,-5,0.166666666666667,1
"three_group",15,"BY",TRUE,0.166666666666667,1,0,0,-5,0.166666666666667,1
"three_group",16,"unadjusted",TRUE,0.5,0.75,0.25,1,-2,0.428571428571429,4
"three_group",16,"Holm",TRUE,0.166666666666667,1,0,0,-5,0.166666666666667,1
"three_group",16,"BY",TRUE,0,0,0,0,-6,0,0
"three_group",17,"unadjusted",TRUE,0.666666666666667,1,0,0,-2,0.666666666666667,4
"three_group",17,"Holm",TRUE,0.166666666666667,1,0,0,-5,0.166666666666667,1
"three_group",17,"BY",TRUE,0,0,0,0,-6,0,0
"three_group",18,"unadjusted",TRUE,0.5,0.5,0.5,1,0,0.333333333333333,6
"three_group",18,"Holm",TRUE,0.333333333333333,1,0,0,-4,0.333333333333333,2
"three_group",18,"BY",TRUE,0.166666666666667,1,0,0,-5,0.166666666666667,1
"three_group",19,"unadjusted",TRUE,0.666666666666667,1,0,0,-2,0.666666666666667,4
"three_group",19,"Holm",TRUE,0.166666666666667,1,0,0,-5,0.166666666666667,1
"three_group",19,"BY",TRUE,0.166666666666667,1,0,0,-5,0.166666666666667,1
"three_group",20,"unadjusted",TRUE,0.833333333333333,0.833333333333333,0.166666666666667,1,0,0.714285714285714,6
"three_group",20,"Holm",TRUE,0.666666666666667,1,0,0,-2,0.666666666666667,4
"three_group",20,"BY",TRUE,0.666666666666667,1,0,0,-2,0.666666666666667,4
"three_group",21,"unadjusted",TRUE,0.333333333333333,0.666666666666667,0.333333333333333,1,-3,0.285714285714286,3
"three_group",21,"Holm",TRUE,0.166666666666667,1,0,0,-5,0.166666666666667,1
"three_group",21,"BY",TRUE,0,0,0,0,-6,0,0
"three_group",22,"unadjusted",TRUE,0.833333333333333,0.833333333333333,0.166666666666667,1,0,0.714285714285714,6
"three_group",22,"Holm",TRUE,0.166666666666667,0.5,0.5,1,-4,0.142857142857143,2
"three_group",22,"BY",TRUE,0,0,0,0,-6,0,0
"three_group",23,"unadjusted",FALSE,0.333333333333333,1,0,0,-4,0.333333333333333,2
"three_group",23,"Holm",FALSE,0,0,0,0,-6,0,0
"three_group",23,"BY",FALSE,0,0,0,0,-6,0,0
"three_group",24,"unadjusted",FALSE,0.333333333333333,1,0,0,-4,0.333333333333333,2
"three_group",24,"Holm",FALSE,0,0,0,0,-6,0,0
"three_group",24,"BY",FALSE,0,0,0,0,-6,0,0
"three_group",25,"unadjusted",TRUE,0.833333333333333,0.833333333333333,0.166666666666667,1,0,0.714285714285714,6
"three_group",25,"Holm",TRUE,0.166666666666667,1,0,0,-5,0.166666666666667,1
"three_group",25,"BY",TRUE,0,0,0,0,-6,0,0
"three_group",26,"unadjusted",TRUE,0.5,0.6,0.4,1,-1,0.375,5
"three_group",26,"Holm",TRUE,0,0,0,0,-6,0,0
"three_group",26,"BY",TRUE,0,0,0,0,-6,0,0
"three_group",27,"unadjusted",TRUE,0.166666666666667,0.5,0.5,1,-4,0.142857142857143,2
"three_group",27,"Holm",TRUE,0.166666666666667,1,0,0,-5,0.166666666666667,1
"three_group",27,"BY",TRUE,0.166666666666667,1,0,0,-5,0.166666666666667,1
"three_group",28,"unadjusted",TRUE,0.5,0.75,0.25,1,-2,0.428571428571429,4
"three_group",28,"Holm",TRUE,0.166666666666667,1,0,0,-5,0.166666666666667,1
"three_group",28,"BY",TRUE,0,0,0,0,-6,0,0
"three_group",29,"unadjusted",TRUE,0.833333333333333,0.833333333333333,0.166666666666667,1,0,0.714285714285714,6
"three_group",29,"Holm",TRUE,0.166666666666667,1,0,0,-5,0.166666666666667,1
"three_group",29,"BY",TRUE,0.166666666666667,1,0,0,-5,0.166666666666667,1
"three_group",30,"unadjusted",TRUE,0.333333333333333,1,0,0,-4,0.333333333333333,2
"three_group",30,"Holm",TRUE,0,0,0,0,-6,0,0
"three_group",30,"BY",TRUE,0,0,0,0,-6,0,0
"three_group",31,"unadjusted",TRUE,0.833333333333333,1,0,0,-1,0.833333333333333,5
"three_group",31,"Holm",TRUE,0,0,0,0,-6,0,0
"three_group",31,"BY",TRUE,0,0,0,0,-6,0,0
"three_group",32,"unadjusted",TRUE,0.333333333333333,1,0,0,-4,0.333333333333333,2
"three_group",32,"Holm",TRUE,0.166666666666667,1,0,0,-5,0.166666666666667,1
"three_group",32,"BY",TRUE,0.166666666666667,1,0,0,-5,0.166666666666667,1
"three_group",33,"unadjusted",TRUE,0.666666666666667,0.8,0.2,1,-1,0.571428571428571,5
"three_group",33,"Holm",TRUE,0.166666666666667,1,0,0,-5,0.166666666666667,1
"three_group",33,"BY",TRUE,0,0,0,0,-6,0,0
"three_group",34,"unadjusted",TRUE,0.666666666666667,0.8,0.2,1,-1,0.571428571428571,5
"three_group",34,"Holm",TRUE,0.166666666666667,1,0,0,-5,0.166666666666667,1
"three_group",34,"BY",TRUE,0,0,0,0,-6,0,0
"three_group",35,"unadjusted",TRUE,0.5,1,0,0,-3,0.5,3
"three_group",35,"Holm",TRUE,0,0,0,0,-6,0,0
"three_group",35,"BY",TRUE,0,0,0,0,-6,0,0
"three_group",36,"unadjusted",TRUE,0.5,0.75,0.25,1,-2,0.428571428571429,4
"three_group",36,"Holm",TRUE,0,0,0,0,-6,0,0
"three_group",36,"BY",TRUE,0,0,0,0,-6,0,0
"three_group",37,"unadjusted",TRUE,0.833333333333333,1,0,0,-1,0.833333333333333,5
"three_group",37,"Holm",TRUE,0.166666666666667,1,0,0,-5,0.166666666666667,1
"three_group",37,"BY",TRUE,0,0,0,0,-6,0,0
"three_group",38,"unadjusted",TRUE,0.5,1,0,0,-3,0.5,3
"three_group",38,"Holm",TRUE,0.166666666666667,1,0,0,-5,0.166666666666667,1
"three_group",38,"BY",TRUE,0.166666666666667,1,0,0,-5,0.166666666666667,1
"three_group",39,"unadjusted",TRUE,0.5,0.75,0.25,1,-2,0.428571428571429,4
"three_group",39,"Holm",TRUE,0,0,0,0,-6,0,0
"three_group",39,"BY",TRUE,0,0,0,0,-6,0,0
"three_group",40,"unadjusted",TRUE,0.333333333333333,0.666666666666667,0.333333333333333,1,-3,0.285714285714286,3
"three_group",40,"Holm",TRUE,0.166666666666667,1,0,0,-5,0.166666666666667,1
"three_group",40,"BY",TRUE,0,0,0,0,-6,0,0
"three_group",41,"unadjusted",TRUE,0.666666666666667,0.8,0.2,1,-1,0.571428571428571,5
"three_group",41,"Holm",TRUE,0.333333333333333,1,0,0,-4,0.333333333333333,2
"three_group",41,"BY",TRUE,0.333333333333333,1,0,0,-4,0.333333333333333,2
"three_group",42,"unadjusted",TRUE,0.333333333333333,0.666666666666667,0.333333333333333,1,-3,0.285714285714286,3
"three_group",42,"Holm",TRUE,0,0,0,0,-6,0,0
"three_group",42,"BY",TRUE,0,0,0,0,-6,0,0
"three_group",43,"unadjusted",TRUE,0.5,0.75,0.25,1,-2,0.428571428571429,4
"three_group",43,"Holm",TRUE,0.333333333333333,1,0,0,-4,0.333333333333333,2
"three_group",43,"BY",TRUE,0.166666666666667,1,0,0,-5,0.166666666666667,1
"three_group",44,"unadjusted",TRUE,0.833333333333333,0.833333333333333,0.166666666666667,1,0,0.714285714285714,6
"three_group",44,"Holm",TRUE,0.333333333333333,1,0,0,-4,0.333333333333333,2
"three_group",44,"BY",TRUE,0.166666666666667,1,0,0,-5,0.166666666666667,1
"three_group",45,"unadjusted",TRUE,0.5,0.75,0.25,1,-2,0.428571428571429,4
"three_group",45,"Holm",TRUE,0.166666666666667,1,0,0,-5,0.166666666666667,1
"three_group",45,"BY",TRUE,0.166666666666667,1,0,0,-5,0.166666666666667,1
"three_group",46,"unadjusted",TRUE,0.666666666666667,1,0,0,-2,0.666666666666667,4
"three_group",46,"Holm",TRUE,0.166666666666667,1,0,0,-5,0.166666666666667,1
"three_group",46,"BY",TRUE,0,0,0,0,-6,0,0
"three_group",47,"unadjusted",TRUE,0.333333333333333,1,0,0,-4,0.333333333333333,2
"three_group",47,"Holm",TRUE,0,0,0,0,-6,0,0
"three_group",47,"BY",TRUE,0,0,0,0,-6,0,0
"three_group",48,"unadjusted",TRUE,0.666666666666667,1,0,0,-2,0.666666666666667,4
"three_group",48,"Holm",TRUE,0.5,1,0,0,-3,0.5,3
"three_group",48,"BY",TRUE,0.5,1,0,0,-3,0.5,3
"three_group",49,"unadjusted",TRUE,0.333333333333333,0.666666666666667,0.333333333333333,1,-3,0.285714285714286,3
"three_group",49,"Holm",TRUE,0.166666666666667,1,0,0,-5,0.166666666666667,1
"three_group",49,"BY",TRUE,0,0,0,0,-6,0,0
"three_group",50,"unadjusted",TRUE,0.666666666666667,1,0,0,-2,0.666666666666667,4
"three_group",50,"Holm",TRUE,0.666666666666667,1,0,0,-2,0.666666666666667,4
"three_group",50,"BY",TRUE,0.666666666666667,1,0,0,-2,0.666666666666667,4
"three_group",51,"unadjusted",TRUE,0.833333333333333,1,0,0,-1,0.833333333333333,5
"three_group",51,"Holm",TRUE,0.333333333333333,1,0,0,-4,0.333333333333333,2
"three_group",51,"BY",TRUE,0.333333333333333,1,0,0,-4,0.333333333333333,2
"three_group",52,"unadjusted",TRUE,0.5,1,0,0,-3,0.5,3
"three_group",52,"Holm",TRUE,0,0,0,0,-6,0,0
"three_group",52,"BY",TRUE,0,0,0,0,-6,0,0
"three_group",53,"unadjusted",TRUE,1,1,0,0,0,1,6
"three_group",53,"Holm",TRUE,0.666666666666667,1,0,0,-2,0.666666666666667,4
"three_group",53,"BY",TRUE,0.666666666666667,1,0,0,-2,0.666666666666667,4
"three_group",54,"unadjusted",TRUE,0.666666666666667,1,0,0,-2,0.666666666666667,4
"three_group",54,"Holm",TRUE,0.333333333333333,1,0,0,-4,0.333333333333333,2
"three_group",54,"BY",TRUE,0.333333333333333,1,0,0,-4,0.333333333333333,2
"three_group",55,"unadjusted",TRUE,0.333333333333333,1,0,0,-4,0.333333333333333,2
"three_group",55,"Holm",TRUE,0,0,0,0,-6,0,0
"three_group",55,"BY",TRUE,0,0,0,0,-6,0,0
"three_group",56,"unadjusted",TRUE,0.833333333333333,1,0,0,-1,0.833333333333333,5
"three_group",56,"Holm",TRUE,0.166666666666667,1,0,0,-5,0.166666666666667,1
"three_group",56,"BY",TRUE,0,0,0,0,-6,0,0
"three_group",57,"unadjusted",TRUE,0.833333333333333,1,0,0,-1,0.833333333333333,5
"three_group",57,"Holm",TRUE,0.5,1,0,0,-3,0.5,3
"three_group",57,"BY",TRUE,0.166666666666667,1,0,0,-5,0.166666666666667,1
"three_group",58,"unadjusted",TRUE,0.666666666666667,1,0,0,-2,0.666666666666667,4
"three_group",58,"Holm",TRUE,0.166666666666667,1,0,0,-5,0.166666666666667,1
"three_group",58,"BY",TRUE,0,0,0,0,-6,0,0
"three_group",59,"unadjusted",TRUE,0.5,1,0,0,-3,0.5,3
"three_group",59,"Holm",TRUE,0.166666666666667,1,0,0,-5,0.166666666666667,1
"three_group",59,"BY",TRUE,0.166666666666667,1,0,0,-5,0.166666666666667,1
"three_group",60,"unadjusted",TRUE,0.833333333333333,1,0,0,-1,0.833333333333333,5
"three_group",60,"Holm",TRUE,0.5,1,0,0,-3,0.5,3
"three_group",60,"BY",TRUE,0.166666666666667,1,0,0,-5,0.166666666666667,1
"three_group",61,"unadjusted",TRUE,0.5,1,0,0,-3,0.5,3
"three_group",61,"Holm",TRUE,0.166666666666667,1,0,0,-5,0.166666666666667,1
"three_group",61,"BY",TRUE,0.166666666666667,1,0,0,-5,0.166666666666667,1
"three_group",62,"unadjusted",TRUE,0.833333333333333,1,0,0,-1,0.833333333333333,5
"three_group",62,"Holm",TRUE,0.333333333333333,1,0,0,-4,0.333333333333333,2
"three_group",62,"BY",TRUE,0.333333333333333,1,0,0,-4,0.333333333333333,2
"three_group",63,"unadjusted",TRUE,0.666666666666667,1,0,0,-2,0.666666666666667,4
"three_group",63,"Holm",TRUE,0,0,0,0,-6,0,0
"three_group",63,"BY",TRUE,0,0,0,0,-6,0,0
"three_group",64,"unadjusted",TRUE,0.333333333333333,1,0,0,-4,0.333333333333333,2
"three_group",64,"Holm",TRUE,0.166666666666667,1,0,0,-5,0.166666666666667,1
"three_group",64,"BY",TRUE,0.166666666666667,1,0,0,-5,0.166666666666667,1
"three_group",65,"unadjusted",TRUE,0.5,1,0,0,-3,0.5,3
"three_group",65,"Holm",TRUE,0.333333333333333,1,0,0,-4,0.333333333333333,2
"three_group",65,"BY",TRUE,0.166666666666667,1,0,0,-5,0.166666666666667,1
"three_group",66,"unadjusted",TRUE,0.5,0.6,0.4,1,-1,0.375,5
"three_group",66,"Holm",TRUE,0.166666666666667,1,0,0,-5,0.166666666666667,1
"three_group",66,"BY",TRUE,0,0,0,0,-6,0,0
"three_group",67,"unadjusted",TRUE,0.5,1,0,0,-3,0.5,3
"three_group",67,"Holm",TRUE,0,0,0,0,-6,0,0
"three_group",67,"BY",TRUE,0,0,0,0,-6,0,0
"three_group",68,"unadjusted",TRUE,1,1,0,0,0,1,6
"three_group",68,"Holm",TRUE,0,0,0,0,-6,0,0
"three_group",68,"BY",TRUE,0,0,0,0,-6,0,0
"three_group",69,"unadjusted",FALSE,0.333333333333333,1,0,0,-4,0.333333333333333,2
"three_group",69,"Holm",FALSE,0,0,0,0,-6,0,0
"three_group",69,"BY",FALSE,0,0,0,0,-6,0,0
"three_group",70,"unadjusted",TRUE,0.666666666666667,1,0,0,-2,0.666666666666667,4
"three_group",70,"Holm",TRUE,0,0,0,0,-6,0,0
"three_group",70,"BY",TRUE,0,0,0,0,-6,0,0
"three_group",71,"unadjusted",TRUE,0.333333333333333,1,0,0,-4,0.333333333333333,2
"three_group",71,"Holm",TRUE,0.333333333333333,1,0,0,-4,0.333333333333333,2
"three_group",71,"BY",TRUE,0.333333333333333,1,0,0,-4,0.333333333333333,2
"three_group",72,"unadjusted",TRUE,0.333333333333333,1,0,0,-4,0.333333333333333,2
"three_group",72,"Holm",TRUE,0.166666666666667,1,0,0,-5,0.166666666666667,1
"three_group",72,"BY",TRUE,0.166666666666667,1,0,0,-5,0.166666666666667,1
"three_group",73,"unadjusted",TRUE,0.833333333333333,0.833333333333333,0.166666666666667,1,0,0.714285714285714,6
"three_group",73,"Holm",TRUE,0,0,0,0,-6,0,0
"three_group",73,"BY",TRUE,0,0,0,0,-6,0,0
"three_group",74,"unadjusted",TRUE,0.833333333333333,1,0,0,-1,0.833333333333333,5
"three_group",74,"Holm",TRUE,0.166666666666667,1,0,0,-5,0.166666666666667,1
"three_group",74,"BY",TRUE,0,0,0,0,-6,0,0
"three_group",75,"unadjusted",TRUE,0.5,1,0,0,-3,0.5,3
"three_group",75,"Holm",TRUE,0.333333333333333,1,0,0,-4,0.333333333333333,2
"three_group",75,"BY",TRUE,0.333333333333333,1,0,0,-4,0.333333333333333,2
"three_group",76,"unadjusted",TRUE,0.833333333333333,1,0,0,-1,0.833333333333333,5
"three_group",76,"Holm",TRUE,0,0,0,0,-6,0,0
"three_group",76,"BY",TRUE,0,0,0,0,-6,0,0
"three_group",77,"unadjusted",TRUE,0.5,1,0,0,-3,0.5,3
"three_group",77,"Holm",TRUE,0.333333333333333,1,0,0,-4,0.333333333333333,2
"three_group",77,"BY",TRUE,0,0,0,0,-6,0,0
"three_group",78,"unadjusted",TRUE,0.5,1,0,0,-3,0.5,3
"three_group",78,"Holm",TRUE,0,0,0,0,-6,0,0
"three_group",78,"BY",TRUE,0,0,0,0,-6,0,0
"three_group",79,"unadjusted",TRUE,0.666666666666667,0.571428571428571,0.428571428571429,1,1,0.444444444444444,7
"three_group",79,"Holm",TRUE,0.166666666666667,1,0,0,-5,0.166666666666667,1
"three_group",79,"BY",TRUE,0.166666666666667,1,0,0,-5,0.166666666666667,1
"three_group",80,"unadjusted",TRUE,0.5,1,0,0,-3,0.5,3
"three_group",80,"Holm",TRUE,0.166666666666667,1,0,0,-5,0.166666666666667,1
"three_group",80,"BY",TRUE,0,0,0,0,-6,0,0
"three_group",81,"unadjusted",TRUE,0.666666666666667,0.8,0.2,1,-1,0.571428571428571,5
"three_group",81,"Holm",TRUE,0.166666666666667,1,0,0,-5,0.166666666666667,1
"three_group",81,"BY",TRUE,0,0,0,0,-6,0,0
"three_group",82,"unadjusted",TRUE,0.833333333333333,1,0,0,-1,0.833333333333333,5
"three_group",82,"Holm",TRUE,0,0,0,0,-6,0,0
"three_group",82,"BY",TRUE,0,0,0,0,-6,0,0
"three_group",83,"unadjusted",TRUE,0.333333333333333,0.5,0.5,1,-2,0.25,4
"three_group",83,"Holm",TRUE,0.166666666666667,1,0,0,-5,0.166666666666667,1
"three_group",83,"BY",TRUE,0,0,0,0,-6,0,0
"three_group",84,"unadjusted",TRUE,0.5,1,0,0,-3,0.5,3
"three_group",84,"Holm",TRUE,0,0,0,0,-6,0,0
"three_group",84,"BY",TRUE,0,0,0,0,-6,0,0
"three_group",85,"unadjusted",TRUE,0.5,0.75,0.25,1,-2,0.428571428571429,4
"three_group",85,"Holm",TRUE,0.333333333333333,1,0,0,-4,0.333333333333333,2
"three_group",85,"BY",TRUE,0,0,0,0,-6,0,0
"three_group",86,"unadjusted",TRUE,0.666666666666667,0.8,0.2,1,-1,0.571428571428571,5
"three_group",86,"Holm",TRUE,0.166666666666667,1,0,0,-5,0.166666666666667,1
"three_group",86,"BY",TRUE,0,0,0,0,-6,0,0
"three_group",87,"unadjusted",TRUE,0.833333333333333,0.833333333333333,0.166666666666667,1,0,0.714285714285714,6
"three_group",87,"Holm",TRUE,0.166666666666667,1,0,0,-5,0.166666666666667,1
"three_group",87,"BY",TRUE,0.166666666666667,1,0,0,-5,0.166666666666667,1
"three_group",88,"unadjusted",TRUE,0.5,1,0,0,-3,0.5,3
"three_group",88,"Holm",TRUE,0,0,0,0,-6,0,0
"three_group",88,"BY",TRUE,0,0,0,0,-6,0,0
"three_group",89,"unadjusted",TRUE,0.666666666666667,1,0,0,-2,0.666666666666667,4
"three_group",89,"Holm",TRUE,0.166666666666667,1,0,0,-5,0.166666666666667,1
"three_group",89,"BY",TRUE,0,0,0,0,-6,0,0
"three_group",90,"unadjusted",TRUE,0.5,0.6,0.4,1,-1,0.375,5
"three_group",90,"Holm",TRUE,0,0,1,1,-5,0,1
"three_group",90,"BY",TRUE,0,0,1,1,-5,0,1
"three_group",91,"unadjusted",TRUE,0.5,0.75,0.25,1,-2,0.428571428571429,4
"three_group",91,"Holm",TRUE,0.333333333333333,1,0,0,-4,0.333333333333333,2
"three_group",91,"BY",TRUE,0.333333333333333,1,0,0,-4,0.333333333333333,2
"three_group",92,"unadjusted",TRUE,1,1,0,0,0,1,6
"three_group",92,"Holm",TRUE,0.5,1,0,0,-3,0.5,3
"three_group",92,"BY",TRUE,0.5,1,0,0,-3,0.5,3
"three_group",93,"unadjusted",TRUE,0.333333333333333,1,0,0,-4,0.333333333333333,2
"three_group",93,"Holm",TRUE,0.166666666666667,1,0,0,-5,0.166666666666667,1
"three_group",93,"BY",TRUE,0.166666666666667,1,0,0,-5,0.166666666666667,1
"three_group",94,"unadjusted",TRUE,1,1,0,0,0,1,6
"three_group",94,"Holm",TRUE,0.166666666666667,1,0,0,-5,0.166666666666667,1
"three_group",94,"BY",TRUE,0.166666666666667,1,0,0,-5,0.166666666666667,1
"three_group",95,"unadjusted",TRUE,0.833333333333333,1,0,0,-1,0.833333333333333,5
"three_group",95,"Holm",TRUE,0.333333333333333,1,0,0,-4,0.333333333333333,2
"three_group",95,"BY",TRUE,0,0,0,0,-6,0,0
"three_group",96,"unadjusted",TRUE,0.5,0.75,0.25,1,-2,0.428571428571429,4
"three_group",96,"Holm",TRUE,0.333333333333333,1,0,0,-4,0.333333333333333,2
"three_group",96,"BY",TRUE,0,0,0,0,-6,0,0
"three_group",97,"unadjusted",TRUE,0.666666666666667,0.8,0.2,1,-1,0.571428571428571,5
"three_group",97,"Holm",TRUE,0.5,1,0,0,-3,0.5,3
"three_group",97,"BY",TRUE,0.5,1,0,0,-3,0.5,3
"three_group",98,"unadjusted",TRUE,0.166666666666667,0.5,0.5,1,-4,0.142857142857143,2
"three_group",98,"Holm",TRUE,0,0,0,0,-6,0,0
"three_group",98,"BY",TRUE,0,0,0,0,-6,0,0
"three_group",99,"unadjusted",TRUE,0.666666666666667,0.666666666666667,0.333333333333333,1,0,0.5,6
"three_group",99,"Holm",TRUE,0.333333333333333,1,0,0,-4,0.333333333333333,2
"three_group",99,"BY",TRUE,0.166666666666667,1,0,0,-5,0.166666666666667,1
"three_group",100,"unadjusted",TRUE,0.833333333333333,0.833333333333333,0.166666666666667,1,0,0.714285714285714,6
"three_group",100,"Holm",TRUE,0.166666666666667,1,0,0,-5,0.166666666666667,1
"three_group",100,"BY",TRUE,0,0,0,0,-6,0,0
"three_group",101,"unadjusted",TRUE,1,0.857142857142857,0.142857142857143,1,1,0.857142857142857,7
"three_group",101,"Holm",TRUE,0.166666666666667,1,0,0,-5,0.166666666666667,1
"three_group",101,"BY",TRUE,0,0,0,0,-6,0,0
"three_group",102,"unadjusted",TRUE,0.666666666666667,1,0,0,-2,0.666666666666667,4
"three_group",102,"Holm",TRUE,0.333333333333333,1,0,0,-4,0.333333333333333,2
"three_group",102,"BY",TRUE,0,0,0,0,-6,0,0
"three_group",103,"unadjusted",TRUE,0.666666666666667,1,0,0,-2,0.666666666666667,4
"three_group",103,"Holm",TRUE,0,0,0,0,-6,0,0
"three_group",103,"BY",TRUE,0,0,0,0,-6,0,0
"three_group",104,"unadjusted",TRUE,0.5,1,0,0,-3,0.5,3
"three_group",104,"Holm",TRUE,0.5,1,0,0,-3,0.5,3
"three_group",104,"BY",TRUE,0.5,1,0,0,-3,0.5,3
"three_group",105,"unadjusted",TRUE,0.833333333333333,0.833333333333333,0.166666666666667,1,0,0.714285714285714,6
"three_group",105,"Holm",TRUE,0.166666666666667,1,0,0,-5,0.166666666666667,1
"three_group",105,"BY",TRUE,0,0,0,0,-6,0,0
"three_group",106,"unadjusted",TRUE,0.333333333333333,0.666666666666667,0.333333333333333,1,-3,0.285714285714286,3
"three_group",106,"Holm",TRUE,0,0,0,0,-6,0,0
"three_group",106,"BY",TRUE,0,0,0,0,-6,0,0
"three_group",107,"unadjusted",TRUE,0.666666666666667,0.8,0.2,1,-1,0.571428571428571,5
"three_group",107,"Holm",TRUE,0.166666666666667,1,0,0,-5,0.166666666666667,1
"three_group",107,"BY",TRUE,0.166666666666667,1,0,0,-5,0.166666666666667,1
"three_group",108,"unadjusted",TRUE,0.333333333333333,1,0,0,-4,0.333333333333333,2
"three_group",108,"Holm",TRUE,0,0,0,0,-6,0,0
"three_group",108,"BY",TRUE,0,0,0,0,-6,0,0
"three_group",109,"unadjusted",TRUE,0.666666666666667,0.8,0.2,1,-1,0.571428571428571,5
"three_group",109,"Holm",TRUE,0.166666666666667,1,0,0,-5,0.166666666666667,1
"three_group",109,"BY",TRUE,0,0,0,0,-6,0,0
"three_group",110,"unadjusted",TRUE,0.5,1,0,0,-3,0.5,3
"three_group",110,"Holm",TRUE,0,0,0,0,-6,0,0
"three_group",110,"BY",TRUE,0,0,0,0,-6,0,0
"three_group",111,"unadjusted",TRUE,0.833333333333333,1,0,0,-1,0.833333333333333,5
"three_group",111,"Holm",TRUE,0,0,0,0,-6,0,0
"three_group",111,"BY",TRUE,0,0,0,0,-6,0,0
"three_group",112,"unadjusted",TRUE,0.5,0.6,0.4,1,-1,0.375,5
"three_group",112,"Holm",TRUE,0.166666666666667,1,0,0,-5,0.166666666666667,1
"three_group",112,"BY",TRUE,0.166666666666667,1,0,0,-5,0.166666666666667,1
"three_group",113,"unadjusted",FALSE,0.333333333333333,0.666666666666667,0.333333333333333,1,-3,0.285714285714286,3
"three_group",113,"Holm",FALSE,0,0,0,0,-6,0,0
"three_group",113,"BY",FALSE,0,0,0,0,-6,0,0
"three_group",114,"unadjusted",TRUE,1,0.857142857142857,0.142857142857143,1,1,0.857142857142857,7
"three_group",114,"Holm",TRUE,0.666666666666667,1,0,0,-2,0.666666666666667,4
"three_group",114,"BY",TRUE,0.666666666666667,1,0,0,-2,0.666666666666667,4
"three_group",115,"unadjusted",TRUE,0.666666666666667,0.8,0.2,1,-1,0.571428571428571,5
"three_group",115,"Holm",TRUE,0,0,0,0,-6,0,0
"three_group",115,"BY",TRUE,0,0,0,0,-6,0,0
"three_group",116,"unadjusted",TRUE,0.5,0.75,0.25,1,-2,0.428571428571429,4
"three_group",116,"Holm",TRUE,0.166666666666667,1,0,0,-5,0.166666666666667,1
"three_group",116,"BY",TRUE,0,0,0,0,-6,0,0
"three_group",117,"unadjusted",TRUE,0.833333333333333,1,0,0,-1,0.833333333333333,5
"three_group",117,"Holm",TRUE,0,0,0,0,-6,0,0
"three_group",117,"BY",TRUE,0,0,0,0,-6,0,0
"three_group",118,"unadjusted",TRUE,0.666666666666667,1,0,0,-2,0.666666666666667,4
"three_group",118,"Holm",TRUE,0,0,0,0,-6,0,0
"three_group",118,"BY",TRUE,0,0,0,0,-6,0,0
"three_group",119,"unadjusted",TRUE,0.833333333333333,0.714285714285714,0.285714285714286,1,1,0.625,7
"three_group",119,"Holm",TRUE,0.333333333333333,1,0,0,-4,0.333333333333333,2
"three_group",119,"BY",TRUE,0.166666666666667,1,0,0,-5,0.166666666666667,1
"three_group",120,"unadjusted",TRUE,0.5,0.75,0.25,1,-2,0.428571428571429,4
"three_group",120,"Holm",TRUE,0.333333333333333,1,0,0,-4,0.333333333333333,2
"three_group",120,"BY",TRUE,0.333333333333333,1,0,0,-4,0.333333333333333,2
"three_group",121,"unadjusted",TRUE,0.666666666666667,0.5,0.5,1,2,0.4,8
"three_group",121,"Holm",TRUE,0.166666666666667,1,0,0,-5,0.166666666666667,1
"three_group",121,"BY",TRUE,0,0,0,0,-6,0,0
"three_group",122,"unadjusted",TRUE,0.333333333333333,0.666666666666667,0.333333333333333,1,-3,0.285714285714286,3
"three_group",122,"Holm",TRUE,0,0,0,0,-6,0,0
"three_group",122,"BY",TRUE,0,0,0,0,-6,0,0
"three_group",123,"unadjusted",TRUE,0.5,1,0,0,-3,0.5,3
"three_group",123,"Holm",TRUE,0.166666666666667,1,0,0,-5,0.166666666666667,1
"three_group",123,"BY",TRUE,0.166666666666667,1,0,0,-5,0.166666666666667,1
"three_group",124,"unadjusted",TRUE,0.5,1,0,0,-3,0.5,3
"three_group",124,"Holm",TRUE,0,0,0,0,-6,0,0
"three_group",124,"BY",TRUE,0,0,0,0,-6,0,0
"three_group",125,"unadjusted",TRUE,0.666666666666667,0.8,0.2,1,-1,0.571428571428571,5
"three_group",125,"Holm",TRUE,0.166666666666667,1,0,0,-5,0.166666666666667,1
"three_group",125,"BY",TRUE,0.166666666666667,1,0,0,-5,0.166666666666667,1
"three_group",126,"unadjusted",TRUE,0.666666666666667,1,0,0,-2,0.666666666666667,4
"three_group",126,"Holm",TRUE,0.166666666666667,1,0,0,-5,0.166666666666667,1
"three_group",126,"BY",TRUE,0,0,0,0,-6,0,0
"three_group",127,"unadjusted",TRUE,0.666666666666667,1,0,0,-2,0.666666666666667,4
"three_group",127,"Holm",TRUE,0.333333333333333,1,0,0,-4,0.333333333333333,2
"three_group",127,"BY",TRUE,0.333333333333333,1,0,0,-4,0.333333333333333,2
"three_group",128,"unadjusted",TRUE,0.666666666666667,0.666666666666667,0.333333333333333,1,0,0.5,6
"three_group",128,"Holm",TRUE,0.5,1,0,0,-3,0.5,3
"three_group",128,"BY",TRUE,0,0,0,0,-6,0,0
"three_group",129,"unadjusted",TRUE,0.666666666666667,1,0,0,-2,0.666666666666667,4
"three_group",129,"Holm",TRUE,0,0,0,0,-6,0,0
"three_group",129,"BY",TRUE,0,0,0,0,-6,0,0
"three_group",130,"unadjusted",TRUE,0.5,0.75,0.25,1,-2,0.428571428571429,4
"three_group",130,"Holm",TRUE,0,0,0,0,-6,0,0
"three_group",130,"BY",TRUE,0,0,0,0,-6,0,0
"three_group",131,"unadjusted",TRUE,0.333333333333333,0.666666666666667,0.333333333333333,1,-3,0.285714285714286,3
"three_group",131,"Holm",TRUE,0.166666666666667,1,0,0,-5,0.166666666666667,1
"three_group",131,"BY",TRUE,0.166666666666667,1,0,0,-5,0.166666666666667,1
"three_group",132,"unadjusted",TRUE,0.5,0.75,0.25,1,-2,0.428571428571429,4
"three_group",132,"Holm",TRUE,0,0,0,0,-6,0,0
"three_group",132,"BY",TRUE,0,0,0,0,-6,0,0
"three_group",133,"unadjusted",TRUE,0.333333333333333,0.666666666666667,0.333333333333333,1,-3,0.285714285714286,3
"three_group",133,"Holm",TRUE,0.166666666666667,0.5,0.5,1,-4,0.142857142857143,2
"three_group",133,"BY",TRUE,0,0,0,0,-6,0,0
"three_group",134,"unadjusted",TRUE,0.5,1,0,0,-3,0.5,3
"three_group",134,"Holm",TRUE,0.166666666666667,1,0,0,-5,0.166666666666667,1
"three_group",134,"BY",TRUE,0,0,0,0,-6,0,0
"three_group",135,"unadjusted",TRUE,1,0.857142857142857,0.142857142857143,1,1,0.857142857142857,7
"three_group",135,"Holm",TRUE,0.166666666666667,1,0,0,-5,0.166666666666667,1
"three_group",135,"BY",TRUE,0.166666666666667,1,0,0,-5,0.166666666666667,1
"three_group",136,"unadjusted",TRUE,0.833333333333333,0.833333333333333,0.166666666666667,1,0,0.714285714285714,6
"three_group",136,"Holm",TRUE,0.333333333333333,1,0,0,-4,0.333333333333333,2
"three_group",136,"BY",TRUE,0.166666666666667,1,0,0,-5,0.166666666666667,1
"three_group",137,"unadjusted",TRUE,0.666666666666667,0.8,0.2,1,-1,0.571428571428571,5
"three_group",137,"Holm",TRUE,0.166666666666667,1,0,0,-5,0.166666666666667,1
"three_group",137,"BY",TRUE,0.166666666666667,1,0,0,-5,0.166666666666667,1
"three_group",138,"unadjusted",TRUE,0.833333333333333,1,0,0,-1,0.833333333333333,5
"three_group",138,"Holm",TRUE,0.5,1,0,0,-3,0.5,3
"three_group",138,"BY",TRUE,0.5,1,0,0,-3,0.5,3
"three_group",139,"unadjusted",TRUE,0.666666666666667,1,0,0,-2,0.666666666666667,4
"three_group",139,"Holm",TRUE,0.166666666666667,1,0,0,-5,0.166666666666667,1
"three_group",139,"BY",TRUE,0,0,0,0,-6,0,0
"three_group",140,"unadjusted",TRUE,0.833333333333333,1,0,0,-1,0.833333333333333,5
"three_group",140,"Holm",TRUE,0.333333333333333,1,0,0,-4,0.333333333333333,2
"three_group",140,"BY",TRUE,0.166666666666667,1,0,0,-5,0.166666666666667,1
"three_group",141,"unadjusted",TRUE,0.333333333333333,0.5,0.5,1,-2,0.25,4
"three_group",141,"Holm",TRUE,0,0,0,0,-6,0,0
"three_group",141,"BY",TRUE,0,0,0,0,-6,0,0
"three_group",142,"unadjusted",TRUE,0.833333333333333,0.714285714285714,0.285714285714286,1,1,0.625,7
"three_group",142,"Holm",TRUE,0,0,0,0,-6,0,0
"three_group",142,"BY",TRUE,0,0,0,0,-6,0,0
"three_group",143,"unadjusted",TRUE,0.5,1,0,0,-3,0.5,3
"three_group",143,"Holm",TRUE,0.166666666666667,1,0,0,-5,0.166666666666667,1
"three_group",143,"BY",TRUE,0.166666666666667,1,0,0,-5,0.166666666666667,1
"three_group",144,"unadjusted",TRUE,0.666666666666667,0.666666666666667,0.333333333333333,1,0,0.5,6
"three_group",144,"Holm",TRUE,0.166666666666667,1,0,0,-5,0.166666666666667,1
"three_group",144,"BY",TRUE,0.166666666666667,1,0,0,-5,0.166666666666667,1
"three_group",145,"unadjusted",TRUE,0.666666666666667,1,0,0,-2,0.666666666666667,4
"three_group",145,"Holm",TRUE,0.333333333333333,1,0,0,-4,0.333333333333333,2
"three_group",145,"BY",TRUE,0.333333333333333,1,0,0,-4,0.333333333333333,2
"three_group",146,"unadjusted",TRUE,0.5,1,0,0,-3,0.5,3
"three_group",146,"Holm",TRUE,0.333333333333333,1,0,0,-4,0.333333333333333,2
"three_group",146,"BY",TRUE,0.333333333333333,1,0,0,-4,0.333333333333333,2
"three_group",147,"unadjusted",TRUE,0.333333333333333,1,0,0,-4,0.333333333333333,2
"three_group",147,"Holm",TRUE,0.333333333333333,1,0,0,-4,0.333333333333333,2
"three_group",147,"BY",TRUE,0.333333333333333,1,0,0,-4,0.333333333333333,2
"three_group",148,"unadjusted",TRUE,0.833333333333333,1,0,0,-1,0.833333333333333,5
"three_group",148,"Holm",TRUE,0,0,0,0,-6,0,0
"three_group",148,"BY",TRUE,0,0,0,0,-6,0,0
"three_group",149,"unadjusted",TRUE,0.333333333333333,0.666666666666667,0.333333333333333,1,-3,0.285714285714286,3
"three_group",149,"Holm",TRUE,0.166666666666667,1,0,0,-5,0.166666666666667,1
"three_group",149,"BY",TRUE,0.166666666666667,1,0,0,-5,0.166666666666667,1
"three_group",150,"unadjusted",TRUE,0.5,1,0,0,-3,0.5,3
"three_group",150,"Holm",TRUE,0.166666666666667,1,0,0,-5,0.166666666666667,1
"three_group",150,"BY",TRUE,0,0,0,0,-6,0,0
"three_group",151,"unadjusted",TRUE,0.666666666666667,1,0,0,-2,0.666666666666667,4
"three_group",151,"Holm",TRUE,0.166666666666667,1,0,0,-5,0.166666666666667,1
"three_group",151,"BY",TRUE,0,0,0,0,-6,0,0
"three_group",152,"unadjusted",TRUE,0.833333333333333,1,0,0,-1,0.833333333333333,5
"three_group",152,"Holm",TRUE,0,0,0,0,-6,0,0
"three_group",152,"BY",TRUE,0,0,0,0,-6,0,0
"three_group",153,"unadjusted",TRUE,0.5,0.75,0.25,1,-2,0.428571428571429,4
"three_group",153,"Holm",TRUE,0,0,0,0,-6,0,0
"three_group",153,"BY",TRUE,0,0,0,0,-6,0,0
"three_group",154,"unadjusted",TRUE,0.5,0.75,0.25,1,-2,0.428571428571429,4
"three_group",154,"Holm",TRUE,0.166666666666667,1,0,0,-5,0.166666666666667,1
"three_group",154,"BY",TRUE,0.166666666666667,1,0,0,-5,0.166666666666667,1
"three_group",155,"unadjusted",TRUE,0.833333333333333,1,0,0,-1,0.833333333333333,5
"three_group",155,"Holm",TRUE,0.166666666666667,1,0,0,-5,0.166666666666667,1
"three_group",155,"BY",TRUE,0,0,0,0,-6,0,0
"three_group",156,"unadjusted",TRUE,0.5,0.75,0.25,1,-2,0.428571428571429,4
"three_group",156,"Holm",TRUE,0.166666666666667,1,0,0,-5,0.166666666666667,1
"three_group",156,"BY",TRUE,0.166666666666667,1,0,0,-5,0.166666666666667,1
"three_group",157,"unadjusted",TRUE,0.666666666666667,1,0,0,-2,0.666666666666667,4
"three_group",157,"Holm",TRUE,0,0,0,0,-6,0,0
"three_group",157,"BY",TRUE,0,0,0,0,-6,0,0
"three_group",158,"unadjusted",TRUE,0.5,1,0,0,-3,0.5,3
"three_group",158,"Holm",TRUE,0.166666666666667,1,0,0,-5,0.166666666666667,1
"three_group",158,"BY",TRUE,0.166666666666667,1,0,0,-5,0.166666666666667,1
"three_group",159,"unadjusted",TRUE,0.666666666666667,1,0,0,-2,0.666666666666667,4
"three_group",159,"Holm",TRUE,0,0,0,0,-6,0,0
"three_group",159,"BY",TRUE,0,0,0,0,-6,0,0
"three_group",160,"unadjusted",TRUE,0.666666666666667,1,0,0,-2,0.666666666666667,4
"three_group",160,"Holm",TRUE,0.333333333333333,1,0,0,-4,0.333333333333333,2
"three_group",160,"BY",TRUE,0,0,0,0,-6,0,0
"three_group",161,"unadjusted",FALSE,0.333333333333333,0.666666666666667,0.333333333333333,1,-3,0.285714285714286,3
"three_group",161,"Holm",FALSE,0,0,0,0,-6,0,0
"three_group",161,"BY",FALSE,0,0,0,0,-6,0,0
"three_group",162,"unadjusted",TRUE,0.666666666666667,0.8,0.2,1,-1,0.571428571428571,5
"three_group",162,"Holm",TRUE,0.5,1,0,0,-3,0.5,3
"three_group",162,"BY",TRUE,0.5,1,0,0,-3,0.5,3
"three_group",163,"unadjusted",TRUE,0.666666666666667,0.571428571428571,0.428571428571429,1,1,0.444444444444444,7
"three_group",163,"Holm",TRUE,0.333333333333333,1,0,0,-4,0.333333333333333,2
"three_group",163,"BY",TRUE,0.166666666666667,1,0,0,-5,0.166666666666667,1
"three_group",164,"unadjusted",TRUE,0.666666666666667,0.8,0.2,1,-1,0.571428571428571,5
"three_group",164,"Holm",TRUE,0,0,0,0,-6,0,0
"three_group",164,"BY",TRUE,0,0,0,0,-6,0,0
"three_group",165,"unadjusted",TRUE,1,1,0,0,0,1,6
"three_group",165,"Holm",TRUE,0.333333333333333,1,0,0,-4,0.333333333333333,2
"three_group",165,"BY",TRUE,0.333333333333333,1,0,0,-4,0.333333333333333,2
"three_group",166,"unadjusted",TRUE,0.666666666666667,0.8,0.2,1,-1,0.571428571428571,5
"three_group",166,"Holm",TRUE,0.333333333333333,1,0,0,-4,0.333333333333333,2
"three_group",166,"BY",TRUE,0,0,0,0,-6,0,0
"three_group",167,"unadjusted",TRUE,0.666666666666667,0.8,0.2,1,-1,0.571428571428571,5
"three_group",167,"Holm",TRUE,0.166666666666667,1,0,0,-5,0.166666666666667,1
"three_group",167,"BY",TRUE,0.166666666666667,1,0,0,-5,0.166666666666667,1
"three_group",168,"unadjusted",TRUE,0.666666666666667,1,0,0,-2,0.666666666666667,4
"three_group",168,"Holm",TRUE,0.166666666666667,1,0,0,-5,0.166666666666667,1
"three_group",168,"BY",TRUE,0.166666666666667,1,0,0,-5,0.166666666666667,1
"three_group",169,"unadjusted",TRUE,0.666666666666667,0.8,0.2,1,-1,0.571428571428571,5
"three_group",169,"Holm",TRUE,0.166666666666667,1,0,0,-5,0.166666666666667,1
"three_group",169,"BY",TRUE,0,0,0,0,-6,0,0
"three_group",170,"unadjusted",TRUE,0.333333333333333,0.666666666666667,0.333333333333333,1,-3,0.285714285714286,3
"three_group",170,"Holm",TRUE,0.166666666666667,1,0,0,-5,0.166666666666667,1
"three_group",170,"BY",TRUE,0,0,0,0,-6,0,0
"three_group",171,"unadjusted",TRUE,0.833333333333333,1,0,0,-1,0.833333333333333,5
"three_group",171,"Holm",TRUE,0,0,0,0,-6,0,0
"three_group",171,"BY",TRUE,0,0,0,0,-6,0,0
"three_group",172,"unadjusted",TRUE,0.666666666666667,0.8,0.2,1,-1,0.571428571428571,5
"three_group",172,"Holm",TRUE,0.166666666666667,0.5,0.5,1,-4,0.142857142857143,2
"three_group",172,"BY",TRUE,0,0,0,0,-6,0,0
"three_group",173,"unadjusted",TRUE,0.5,0.75,0.25,1,-2,0.428571428571429,4
"three_group",173,"Holm",TRUE,0.166666666666667,1,0,0,-5,0.166666666666667,1
"three_group",173,"BY",TRUE,0,0,0,0,-6,0,0
"three_group",174,"unadjusted",TRUE,0.5,1,0,0,-3,0.5,3
"three_group",174,"Holm",TRUE,0,0,0,0,-6,0,0
"three_group",174,"BY",TRUE,0,0,0,0,-6,0,0
"three_group",175,"unadjusted",TRUE,0.666666666666667,0.8,0.2,1,-1,0.571428571428571,5
"three_group",175,"Holm",TRUE,0.166666666666667,1,0,0,-5,0.166666666666667,1
"three_group",175,"BY",TRUE,0.166666666666667,1,0,0,-5,0.166666666666667,1
"three_group",176,"unadjusted",TRUE,0.666666666666667,0.8,0.2,1,-1,0.571428571428571,5
"three_group",176,"Holm",TRUE,0.333333333333333,1,0,0,-4,0.333333333333333,2
"three_group",176,"BY",TRUE,0.333333333333333,1,0,0,-4,0.333333333333333,2
"three_group",177,"unadjusted",TRUE,0.5,0.75,0.25,1,-2,0.428571428571429,4
"three_group",177,"Holm",TRUE,0.166666666666667,1,0,0,-5,0.166666666666667,1
"three_group",177,"BY",TRUE,0,0,0,0,-6,0,0
"three_group",178,"unadjusted",TRUE,0.5,1,0,0,-3,0.5,3
"three_group",178,"Holm",TRUE,0.166666666666667,1,0,0,-5,0.166666666666667,1
"three_group",178,"BY",TRUE,0.166666666666667,1,0,0,-5,0.166666666666667,1
"three_group",179,"unadjusted",TRUE,0.666666666666667,1,0,0,-2,0.666666666666667,4
"three_group",179,"Holm",TRUE,0.166666666666667,1,0,0,-5,0.166666666666667,1
"three_group",179,"BY",TRUE,0,0,0,0,-6,0,0
"three_group",180,"unadjusted",TRUE,0.333333333333333,0.666666666666667,0.333333333333333,1,-3,0.285714285714286,3
"three_group",180,"Holm",TRUE,0,0,0,0,-6,0,0
"three_group",180,"BY",TRUE,0,0,0,0,-6,0,0
"three_group",181,"unadjusted",TRUE,0.833333333333333,0.833333333333333,0.166666666666667,1,0,0.714285714285714,6
"three_group",181,"Holm",TRUE,0.333333333333333,1,0,0,-4,0.333333333333333,2
"three_group",181,"BY",TRUE,0.333333333333333,1,0,0,-4,0.333333333333333,2
"three_group",182,"unadjusted",TRUE,0.5,0.75,0.25,1,-2,0.428571428571429,4
"three_group",182,"Holm",TRUE,0,0,0,0,-6,0,0
"three_group",182,"BY",TRUE,0,0,0,0,-6,0,0
"three_group",183,"unadjusted",TRUE,0.5,1,0,0,-3,0.5,3
"three_group",183,"Holm",TRUE,0.333333333333333,1,0,0,-4,0.333333333333333,2
"three_group",183,"BY",TRUE,0.333333333333333,1,0,0,-4,0.333333333333333,2
"three_group",184,"unadjusted",TRUE,0.666666666666667,1,0,0,-2,0.666666666666667,4
"three_group",184,"Holm",TRUE,0.166666666666667,1,0,0,-5,0.166666666666667,1
"three_group",184,"BY",TRUE,0.166666666666667,1,0,0,-5,0.166666666666667,1
"three_group",185,"unadjusted",TRUE,0.333333333333333,1,0,0,-4,0.333333333333333,2
"three_group",185,"Holm",TRUE,0.166666666666667,1,0,0,-5,0.166666666666667,1
"three_group",185,"BY",TRUE,0,0,0,0,-6,0,0
"three_group",186,"unadjusted",TRUE,0.5,0.75,0.25,1,-2,0.428571428571429,4
"three_group",186,"Holm",TRUE,0.333333333333333,1,0,0,-4,0.333333333333333,2
"three_group",186,"BY",TRUE,0.333333333333333,1,0,0,-4,0.333333333333333,2
"three_group",187,"unadjusted",TRUE,0.5,0.6,0.4,1,-1,0.375,5
"three_group",187,"Holm",TRUE,0,0,0,0,-6,0,0
"three_group",187,"BY",TRUE,0,0,0,0,-6,0,0
"three_group",188,"unadjusted",TRUE,0.5,1,0,0,-3,0.5,3
"three_group",188,"Holm",TRUE,0.166666666666667,1,0,0,-5,0.166666666666667,1
"three_group",188,"BY",TRUE,0.166666666666667,1,0,0,-5,0.166666666666667,1
"three_group",189,"unadjusted",FALSE,0.333333333333333,1,0,0,-4,0.333333333333333,2
"three_group",189,"Holm",FALSE,0,0,0,0,-6,0,0
"three_group",189,"BY",FALSE,0,0,0,0,-6,0,0
"three_group",190,"unadjusted",TRUE,0.333333333333333,1,0,0,-4,0.333333333333333,2
"three_group",190,"Holm",TRUE,0.333333333333333,1,0,0,-4,0.333333333333333,2
"three_group",190,"BY",TRUE,0.333333333333333,1,0,0,-4,0.333333333333333,2
"three_group",191,"unadjusted",TRUE,1,1,0,0,0,1,6
"three_group",191,"Holm",TRUE,0.5,1,0,0,-3,0.5,3
"three_group",191,"BY",TRUE,0.5,1,0,0,-3,0.5,3
"three_group",192,"unadjusted",TRUE,0.833333333333333,0.833333333333333,0.166666666666667,1,0,0.714285714285714,6
"three_group",192,"Holm",TRUE,0.333333333333333,1,0,0,-4,0.333333333333333,2
"three_group",192,"BY",TRUE,0,0,0,0,-6,0,0
"three_group",193,"unadjusted",TRUE,0.833333333333333,1,0,0,-1,0.833333333333333,5
"three_group",193,"Holm",TRUE,0.166666666666667,1,0,0,-5,0.166666666666667,1
"three_group",193,"BY",TRUE,0.166666666666667,1,0,0,-5,0.166666666666667,1
"three_group",194,"unadjusted",TRUE,0.666666666666667,0.666666666666667,0.333333333333333,1,0,0.5,6
"three_group",194,"Holm",TRUE,0.166666666666667,1,0,0,-5,0.166666666666667,1
"three_group",194,"BY",TRUE,0,0,0,0,-6,0,0
"three_group",195,"unadjusted",TRUE,0.666666666666667,0.666666666666667,0.333333333333333,1,0,0.5,6
"three_group",195,"Holm",TRUE,0.166666666666667,1,0,0,-5,0.166666666666667,1
"three_group",195,"BY",TRUE,0,0,0,0,-6,0,0
"three_group",196,"unadjusted",TRUE,0.666666666666667,0.8,0.2,1,-1,0.571428571428571,5
"three_group",196,"Holm",TRUE,0.333333333333333,1,0,0,-4,0.333333333333333,2
"three_group",196,"BY",TRUE,0.333333333333333,1,0,0,-4,0.333333333333333,2
"three_group",197,"unadjusted",TRUE,0.666666666666667,1,0,0,-2,0.666666666666667,4
"three_group",197,"Holm",TRUE,0.166666666666667,1,0,0,-5,0.166666666666667,1
"three_group",197,"BY",TRUE,0.166666666666667,1,0,0,-5,0.166666666666667,1
"three_group",198,"unadjusted",TRUE,0.666666666666667,0.8,0.2,1,-1,0.571428571428571,5
"three_group",198,"Holm",TRUE,0.166666666666667,1,0,0,-5,0.166666666666667,1
"three_group",198,"BY",TRUE,0.166666666666667,1,0,0,-5,0.166666666666667,1
"three_group",199,"unadjusted",TRUE,0.5,0.75,0.25,1,-2,0.428571428571429,4
"three_group",199,"Holm",TRUE,0.166666666666667,1,0,0,-5,0.166666666666667,1
"three_group",199,"BY",TRUE,0.166666666666667,1,0,0,-5,0.166666666666667,1
"three_group",200,"unadjusted",TRUE,1,0.857142857142857,0.142857142857143,1,1,0.857142857142857,7
"three_group",200,"Holm",TRUE,0.166666666666667,1,0,0,-5,0.166666666666667,1
"three_group",200,"BY",TRUE,0,0,0,0,-6,0,0
"three_group",201,"unadjusted",TRUE,0.666666666666667,0.8,0.2,1,-1,0.571428571428571,5
"three_group",201,"Holm",TRUE,0.166666666666667,1,0,0,-5,0.166666666666667,1
"three_group",201,"BY",TRUE,0,0,0,0,-6,0,0
"three_group",202,"unadjusted",TRUE,0.5,0.5,0.5,1,0,0.333333333333333,6
"three_group",202,"Holm",TRUE,0,0,0,0,-6,0,0
"three_group",202,"BY",TRUE,0,0,0,0,-6,0,0
"three_group",203,"unadjusted",TRUE,0.833333333333333,1,0,0,-1,0.833333333333333,5
"three_group",203,"Holm",TRUE,0.333333333333333,1,0,0,-4,0.333333333333333,2
"three_group",203,"BY",TRUE,0,0,0,0,-6,0,0
"three_group",204,"unadjusted",TRUE,0.833333333333333,0.833333333333333,0.166666666666667,1,0,0.714285714285714,6
"three_group",204,"Holm",TRUE,0.5,1,0,0,-3,0.5,3
"three_group",204,"BY",TRUE,0.5,1,0,0,-3,0.5,3
"three_group",205,"unadjusted",TRUE,0.5,0.75,0.25,1,-2,0.428571428571429,4
"three_group",205,"Holm",TRUE,0.166666666666667,1,0,0,-5,0.166666666666667,1
"three_group",205,"BY",TRUE,0,0,0,0,-6,0,0
"three_group",206,"unadjusted",TRUE,0.5,1,0,0,-3,0.5,3
"three_group",206,"Holm",TRUE,0.5,1,0,0,-3,0.5,3
"three_group",206,"BY",TRUE,0.5,1,0,0,-3,0.5,3
"three_group",207,"unadjusted",TRUE,0.666666666666667,0.8,0.2,1,-1,0.571428571428571,5
"three_group",207,"Holm",TRUE,0.333333333333333,1,0,0,-4,0.333333333333333,2
"three_group",207,"BY",TRUE,0.333333333333333,1,0,0,-4,0.333333333333333,2
"three_group",208,"unadjusted",TRUE,0.666666666666667,0.8,0.2,1,-1,0.571428571428571,5
"three_group",208,"Holm",TRUE,0.166666666666667,1,0,0,-5,0.166666666666667,1
"three_group",208,"BY",TRUE,0.166666666666667,1,0,0,-5,0.166666666666667,1
"three_group",209,"unadjusted",TRUE,0.833333333333333,1,0,0,-1,0.833333333333333,5
"three_group",209,"Holm",TRUE,0.166666666666667,1,0,0,-5,0.166666666666667,1
"three_group",209,"BY",TRUE,0.166666666666667,1,0,0,-5,0.166666666666667,1
"three_group",210,"unadjusted",TRUE,0.666666666666667,0.666666666666667,0.333333333333333,1,0,0.5,6
"three_group",210,"Holm",TRUE,0.333333333333333,1,0,0,-4,0.333333333333333,2
"three_group",210,"BY",TRUE,0.166666666666667,1,0,0,-5,0.166666666666667,1
"three_group",211,"unadjusted",TRUE,0.833333333333333,0.714285714285714,0.285714285714286,1,1,0.625,7
"three_group",211,"Holm",TRUE,0,0,0,0,-6,0,0
"three_group",211,"BY",TRUE,0,0,0,0,-6,0,0
"three_group",212,"unadjusted",TRUE,0.666666666666667,1,0,0,-2,0.666666666666667,4
"three_group",212,"Holm",TRUE,0,0,0,0,-6,0,0
"three_group",212,"BY",TRUE,0,0,0,0,-6,0,0
"three_group",213,"unadjusted",TRUE,0.833333333333333,0.833333333333333,0.166666666666667,1,0,0.714285714285714,6
"three_group",213,"Holm",TRUE,0.166666666666667,1,0,0,-5,0.166666666666667,1
"three_group",213,"BY",TRUE,0.166666666666667,1,0,0,-5,0.166666666666667,1
"three_group",214,"unadjusted",TRUE,0.833333333333333,0.833333333333333,0.166666666666667,1,0,0.714285714285714,6
"three_group",214,"Holm",TRUE,0.5,1,0,0,-3,0.5,3
"three_group",214,"BY",TRUE,0.5,1,0,0,-3,0.5,3
"three_group",215,"unadjusted",TRUE,0.5,1,0,0,-3,0.5,3
"three_group",215,"Holm",TRUE,0,0,0,0,-6,0,0
"three_group",215,"BY",TRUE,0,0,0,0,-6,0,0
"three_group",216,"unadjusted",TRUE,0.666666666666667,0.8,0.2,1,-1,0.571428571428571,5
"three_group",216,"Holm",TRUE,0.166666666666667,1,0,0,-5,0.166666666666667,1
"three_group",216,"BY",TRUE,0.166666666666667,1,0,0,-5,0.166666666666667,1
"three_group",217,"unadjusted",TRUE,0.666666666666667,1,0,0,-2,0.666666666666667,4
"three_group",217,"Holm",TRUE,0.166666666666667,1,0,0,-5,0.166666666666667,1
"three_group",217,"BY",TRUE,0.166666666666667,1,0,0,-5,0.166666666666667,1
"three_group",218,"unadjusted",TRUE,0.5,1,0,0,-3,0.5,3
"three_group",218,"Holm",TRUE,0.333333333333333,1,0,0,-4,0.333333333333333,2
"three_group",218,"BY",TRUE,0.333333333333333,1,0,0,-4,0.333333333333333,2
"three_group",219,"unadjusted",TRUE,0.833333333333333,0.714285714285714,0.285714285714286,1,1,0.625,7
"three_group",219,"Holm",TRUE,0.333333333333333,1,0,0,-4,0.333333333333333,2
"three_group",219,"BY",TRUE,0.166666666666667,1,0,0,-5,0.166666666666667,1
"three_group",220,"unadjusted",TRUE,0.5,1,0,0,-3,0.5,3
"three_group",220,"Holm",TRUE,0.166666666666667,1,0,0,-5,0.166666666666667,1
"three_group",220,"BY",TRUE,0,0,0,0,-6,0,0
"three_group",221,"unadjusted",TRUE,0.833333333333333,1,0,0,-1,0.833333333333333,5
"three_group",221,"Holm",TRUE,0.166666666666667,1,0,0,-5,0.166666666666667,1
"three_group",221,"BY",TRUE,0.166666666666667,1,0,0,-5,0.166666666666667,1
"three_group",222,"unadjusted",TRUE,0.833333333333333,0.714285714285714,0.285714285714286,1,1,0.625,7
"three_group",222,"Holm",TRUE,0.333333333333333,1,0,0,-4,0.333333333333333,2
"three_group",222,"BY",TRUE,0.166666666666667,1,0,0,-5,0.166666666666667,1
"three_group",223,"unadjusted",TRUE,0.5,0.6,0.4,1,-1,0.375,5
"three_group",223,"Holm",TRUE,0.333333333333333,1,0,0,-4,0.333333333333333,2
"three_group",223,"BY",TRUE,0.333333333333333,1,0,0,-4,0.333333333333333,2
"three_group",224,"unadjusted",TRUE,0.166666666666667,0.5,0.5,1,-4,0.142857142857143,2
"three_group",224,"Holm",TRUE,0.166666666666667,1,0,0,-5,0.166666666666667,1
"three_group",224,"BY",TRUE,0,0,0,0,-6,0,0
"three_group",225,"unadjusted",TRUE,0.666666666666667,1,0,0,-2,0.666666666666667,4
"three_group",225,"Holm",TRUE,0,0,0,0,-6,0,0
"three_group",225,"BY",TRUE,0,0,0,0,-6,0,0
"three_group",226,"unadjusted",TRUE,0.5,0.75,0.25,1,-2,0.428571428571429,4
"three_group",226,"Holm",TRUE,0.166666666666667,1,0,0,-5,0.166666666666667,1
"three_group",226,"BY",TRUE,0.166666666666667,1,0,0,-5,0.166666666666667,1
"three_group",227,"unadjusted",TRUE,0.333333333333333,1,0,0,-4,0.333333333333333,2
"three_group",227,"Holm",TRUE,0.166666666666667,1,0,0,-5,0.166666666666667,1
"three_group",227,"BY",TRUE,0.166666666666667,1,0,0,-5,0.166666666666667,1
"three_group",228,"unadjusted",TRUE,0.5,0.5,0.5,1,0,0.333333333333333,6
"three_group",228,"Holm",TRUE,0.166666666666667,1,0,0,-5,0.166666666666667,1
"three_group",228,"BY",TRUE,0.166666666666667,1,0,0,-5,0.166666666666667,1
"three_group",229,"unadjusted",TRUE,0.5,1,0,0,-3,0.5,3
"three_group",229,"Holm",TRUE,0,0,0,0,-6,0,0
"three_group",229,"BY",TRUE,0,0,0,0,-6,0,0
"three_group",230,"unadjusted",TRUE,0.833333333333333,0.833333333333333,0.166666666666667,1,0,0.714285714285714,6
"three_group",230,"Holm",TRUE,0.166666666666667,1,0,0,-5,0.166666666666667,1
"three_group",230,"BY",TRUE,0.166666666666667,1,0,0,-5,0.166666666666667,1
"three_group",231,"unadjusted",TRUE,0.666666666666667,0.8,0.2,1,-1,0.571428571428571,5
"three_group",231,"Holm",TRUE,0,0,0,0,-6,0,0
"three_group",231,"BY",TRUE,0,0,0,0,-6,0,0
"three_group",232,"unadjusted",TRUE,0.333333333333333,0.666666666666667,0.333333333333333,1,-3,0.285714285714286,3
"three_group",232,"Holm",TRUE,0,0,0,0,-6,0,0
"three_group",232,"BY",TRUE,0,0,0,0,-6,0,0
"three_group",233,"unadjusted",TRUE,0.5,1,0,0,-3,0.5,3
"three_group",233,"Holm",TRUE,0.333333333333333,1,0,0,-4,0.333333333333333,2
"three_group",233,"BY",TRUE,0.333333333333333,1,0,0,-4,0.333333333333333,2
"three_group",234,"unadjusted",TRUE,0.666666666666667,1,0,0,-2,0.666666666666667,4
"three_group",234,"Holm",TRUE,0.166666666666667,1,0,0,-5,0.166666666666667,1
"three_group",234,"BY",TRUE,0.166666666666667,1,0,0,-5,0.166666666666667,1
"three_group",235,"unadjusted",TRUE,0.333333333333333,0.666666666666667,0.333333333333333,1,-3,0.285714285714286,3
"three_group",235,"Holm",TRUE,0,0,0,0,-6,0,0
"three_group",235,"BY",TRUE,0,0,0,0,-6,0,0
"three_group",236,"unadjusted",TRUE,0.833333333333333,0.833333333333333,0.166666666666667,1,0,0.714285714285714,6
"three_group",236,"Holm",TRUE,0.166666666666667,1,0,0,-5,0.166666666666667,1
"three_group",236,"BY",TRUE,0.166666666666667,1,0,0,-5,0.166666666666667,1
"three_group",237,"unadjusted",TRUE,0.5,1,0,0,-3,0.5,3
"three_group",237,"Holm",TRUE,0,0,0,0,-6,0,0
"three_group",237,"BY",TRUE,0,0,0,0,-6,0,0
"three_group",238,"unadjusted",TRUE,0.666666666666667,0.666666666666667,0.333333333333333,1,0,0.5,6
"three_group",238,"Holm",TRUE,0.166666666666667,1,0,0,-5,0.166666666666667,1
"three_group",238,"BY",TRUE,0.166666666666667,1,0,0,-5,0.166666666666667,1
"three_group",239,"unadjusted",TRUE,0.5,1,0,0,-3,0.5,3
"three_group",239,"Holm",TRUE,0,0,0,0,-6,0,0
"three_group",239,"BY",TRUE,0,0,0,0,-6,0,0
"three_group",240,"unadjusted",TRUE,0.666666666666667,1,0,0,-2,0.666666666666667,4
"three_group",240,"Holm",TRUE,0.333333333333333,1,0,0,-4,0.333333333333333,2
"three_group",240,"BY",TRUE,0.333333333333333,1,0,0,-4,0.333333333333333,2
"three_group",241,"unadjusted",TRUE,0.833333333333333,1,0,0,-1,0.833333333333333,5
"three_group",241,"Holm",TRUE,0.333333333333333,1,0,0,-4,0.333333333333333,2
"three_group",241,"BY",TRUE,0.166666666666667,1,0,0,-5,0.166666666666667,1
"three_group",242,"unadjusted",TRUE,0.5,1,0,0,-3,0.5,3
"three_group",242,"Holm",TRUE,0.166666666666667,1,0,0,-5,0.166666666666667,1
"three_group",242,"BY",TRUE,0,0,0,0,-6,0,0
"three_group",243,"unadjusted",TRUE,0.333333333333333,1,0,0,-4,0.333333333333333,2
"three_group",243,"Holm",TRUE,0,0,0,0,-6,0,0
"three_group",243,"BY",TRUE,0,0,0,0,-6,0,0
"three_group",244,"unadjusted",TRUE,0.833333333333333,0.833333333333333,0.166666666666667,1,0,0.714285714285714,6
"three_group",244,"Holm",TRUE,0,0,0,0,-6,0,0
"three_group",244,"BY",TRUE,0,0,0,0,-6,0,0
"three_group",245,"unadjusted",TRUE,0.5,0.6,0.4,1,-1,0.375,5
"three_group",245,"Holm",TRUE,0.333333333333333,1,0,0,-4,0.333333333333333,2
"three_group",245,"BY",TRUE,0.333333333333333,1,0,0,-4,0.333333333333333,2
"three_group",246,"unadjusted",TRUE,0.666666666666667,0.8,0.2,1,-1,0.571428571428571,5
"three_group",246,"Holm",TRUE,0.166666666666667,1,0,0,-5,0.166666666666667,1
"three_group",246,"BY",TRUE,0.166666666666667,1,0,0,-5,0.166666666666667,1
"three_group",247,"unadjusted",FALSE,0.166666666666667,1,0,0,-5,0.166666666666667,1
"three_group",247,"Holm",FALSE,0,0,0,0,-6,0,0
"three_group",247,"BY",FALSE,0,0,0,0,-6,0,0
"three_group",248,"unadjusted",TRUE,0.833333333333333,0.833333333333333,0.166666666666667,1,0,0.714285714285714,6
"three_group",248,"Holm",TRUE,0.166666666666667,1,0,0,-5,0.166666666666667,1
"three_group",248,"BY",TRUE,0.166666666666667,1,0,0,-5,0.166666666666667,1
"three_group",249,"unadjusted",TRUE,0.333333333333333,0.666666666666667,0.333333333333333,1,-3,0.285714285714286,3
"three_group",249,"Holm",TRUE,0.166666666666667,1,0,0,-5,0.166666666666667,1
"three_group",249,"BY",TRUE,0.166666666666667,1,0,0,-5,0.166666666666667,1
"three_group",250,"unadjusted",TRUE,0.833333333333333,0.833333333333333,0.166666666666667,1,0,0.714285714285714,6
"three_group",250,"Holm",TRUE,0.166666666666667,1,0,0,-5,0.166666666666667,1
"three_group",250,"BY",TRUE,0,0,0,0,-6,0,0
"three_group",251,"unadjusted",TRUE,0.5,0.75,0.25,1,-2,0.428571428571429,4
"three_group",251,"Holm",TRUE,0,0,0,0,-6,0,0
"three_group",251,"BY",TRUE,0,0,0,0,-6,0,0
"three_group",252,"unadjusted",TRUE,0.666666666666667,1,0,0,-2,0.666666666666667,4
"three_group",252,"Holm",TRUE,0.166666666666667,1,0,0,-5,0.166666666666667,1
"three_group",252,"BY",TRUE,0.166666666666667,1,0,0,-5,0.166666666666667,1
"three_group",253,"unadjusted",TRUE,0.833333333333333,0.833333333333333,0.166666666666667,1,0,0.714285714285714,6
"three_group",253,"Holm",TRUE,0.166666666666667,1,0,0,-5,0.166666666666667,1
"three_group",253,"BY",TRUE,0,0,0,0,-6,0,0
"three_group",254,"unadjusted",TRUE,0.666666666666667,1,0,0,-2,0.666666666666667,4
"three_group",254,"Holm",TRUE,0.333333333333333,1,0,0,-4,0.333333333333333,2
"three_group",254,"BY",TRUE,0.166666666666667,1,0,0,-5,0.166666666666667,1
"three_group",255,"unadjusted",TRUE,0.833333333333333,1,0,0,-1,0.833333333333333,5
"three_group",255,"Holm",TRUE,0.5,1,0,0,-3,0.5,3
"three_group",255,"BY",TRUE,0.5,1,0,0,-3,0.5,3
"three_group",256,"unadjusted",TRUE,0.666666666666667,1,0,0,-2,0.666666666666667,4
"three_group",256,"Holm",TRUE,0,0,0,0,-6,0,0
"three_group",256,"BY",TRUE,0,0,0,0,-6,0,0
"three_group",257,"unadjusted",TRUE,0.5,0.75,0.25,1,-2,0.428571428571429,4
"three_group",257,"Holm",TRUE,0.166666666666667,0.5,0.5,1,-4,0.142857142857143,2
"three_group",257,"BY",TRUE,0,0,0,0,-6,0,0
"three_group",258,"unadjusted",TRUE,0.666666666666667,1,0,0,-2,0.666666666666667,4
"three_group",258,"Holm",TRUE,0.5,1,0,0,-3,0.5,3
"three_group",258,"BY",TRUE,0.5,1,0,0,-3,0.5,3
"three_group",259,"unadjusted",FALSE,0.166666666666667,1,0,0,-5,0.166666666666667,1
"three_group",259,"Holm",FALSE,0,0,0,0,-6,0,0
"three_group",259,"BY",FALSE,0,0,0,0,-6,0,0
"three_group",260,"unadjusted",TRUE,0.5,1,0,0,-3,0.5,3
"three_group",260,"Holm",TRUE,0.166666666666667,1,0,0,-5,0.166666666666667,1
"three_group",260,"BY",TRUE,0,0,0,0,-6,0,0
"three_group",261,"unadjusted",TRUE,0.666666666666667,1,0,0,-2,0.666666666666667,4
"three_group",261,"Holm",TRUE,0,0,0,0,-6,0,0
"three_group",261,"BY",TRUE,0,0,0,0,-6,0,0
"three_group",262,"unadjusted",TRUE,0.833333333333333,1,0,0,-1,0.833333333333333,5
"three_group",262,"Holm",TRUE,0,0,0,0,-6,0,0
"three_group",262,"BY",TRUE,0,0,0,0,-6,0,0
"three_group",263,"unadjusted",TRUE,0.833333333333333,0.833333333333333,0.166666666666667,1,0,0.714285714285714,6
"three_group",263,"Holm",TRUE,0,0,0,0,-6,0,0
"three_group",263,"BY",TRUE,0,0,0,0,-6,0,0
"three_group",264,"unadjusted",FALSE,0.333333333333333,1,0,0,-4,0.333333333333333,2
"three_group",264,"Holm",FALSE,0,0,0,0,-6,0,0
"three_group",264,"BY",FALSE,0,0,0,0,-6,0,0
"three_group",265,"unadjusted",FALSE,0,0,1,1,-5,0,1
"three_group",265,"Holm",FALSE,0,0,0,0,-6,0,0
"three_group",265,"BY",FALSE,0,0,0,0,-6,0,0
"three_group",266,"unadjusted",FALSE,0.166666666666667,1,0,0,-5,0.166666666666667,1
"three_group",266,"Holm",FALSE,0,0,0,0,-6,0,0
"three_group",266,"BY",FALSE,0,0,0,0,-6,0,0
"three_group",267,"unadjusted",TRUE,0.833333333333333,1,0,0,-1,0.833333333333333,5
"three_group",267,"Holm",TRUE,0.333333333333333,1,0,0,-4,0.333333333333333,2
"three_group",267,"BY",TRUE,0,0,0,0,-6,0,0
"three_group",268,"unadjusted",TRUE,0.833333333333333,1,0,0,-1,0.833333333333333,5
"three_group",268,"Holm",TRUE,0.166666666666667,1,0,0,-5,0.166666666666667,1
"three_group",268,"BY",TRUE,0,0,0,0,-6,0,0
"three_group",269,"unadjusted",TRUE,0.5,0.75,0.25,1,-2,0.428571428571429,4
"three_group",269,"Holm",TRUE,0,0,0,0,-6,0,0
"three_group",269,"BY",TRUE,0,0,0,0,-6,0,0
"three_group",270,"unadjusted",TRUE,0.666666666666667,0.666666666666667,0.333333333333333,1,0,0.5,6
"three_group",270,"Holm",TRUE,0,0,0,0,-6,0,0
"three_group",270,"BY",TRUE,0,0,0,0,-6,0,0
"three_group",271,"unadjusted",TRUE,0.5,1,0,0,-3,0.5,3
"three_group",271,"Holm",TRUE,0.166666666666667,1,0,0,-5,0.166666666666667,1
"three_group",271,"BY",TRUE,0,0,0,0,-6,0,0
"three_group",272,"unadjusted",TRUE,0.333333333333333,1,0,0,-4,0.333333333333333,2
"three_group",272,"Holm",TRUE,0,0,0,0,-6,0,0
"three_group",272,"BY",TRUE,0,0,0,0,-6,0,0
"three_group",273,"unadjusted",TRUE,0.5,0.6,0.4,1,-1,0.375,5
"three_group",273,"Holm",TRUE,0,0,0,0,-6,0,0
"three_group",273,"BY",TRUE,0,0,0,0,-6,0,0
"three_group",274,"unadjusted",TRUE,0.333333333333333,1,0,0,-4,0.333333333333333,2
"three_group",274,"Holm",TRUE,0.166666666666667,1,0,0,-5,0.166666666666667,1
"three_group",274,"BY",TRUE,0,0,0,0,-6,0,0
"three_group",275,"unadjusted",TRUE,0.833333333333333,1,0,0,-1,0.833333333333333,5
"three_group",275,"Holm",TRUE,0.333333333333333,1,0,0,-4,0.333333333333333,2
"three_group",275,"BY",TRUE,0.333333333333333,1,0,0,-4,0.333333333333333,2
"three_group",276,"unadjusted",TRUE,0.5,0.75,0.25,1,-2,0.428571428571429,4
"three_group",276,"Holm",TRUE,0.166666666666667,1,0,0,-5,0.166666666666667,1
"three_group",276,"BY",TRUE,0.166666666666667,1,0,0,-5,0.166666666666667,1
"three_group",277,"unadjusted",TRUE,0.833333333333333,0.833333333333333,0.166666666666667,1,0,0.714285714285714,6
"three_group",277,"Holm",TRUE,0.5,1,0,0,-3,0.5,3
"three_group",277,"BY",TRUE,0.5,1,0,0,-3,0.5,3
"three_group",278,"unadjusted",FALSE,0.166666666666667,0.5,0.5,1,-4,0.142857142857143,2
"three_group",278,"Holm",FALSE,0,0,0,0,-6,0,0
"three_group",278,"BY",FALSE,0,0,0,0,-6,0,0
"three_group",279,"unadjusted",TRUE,0.333333333333333,1,0,0,-4,0.333333333333333,2
"three_group",279,"Holm",TRUE,0.166666666666667,1,0,0,-5,0.166666666666667,1
"three_group",279,"BY",TRUE,0.166666666666667,1,0,0,-5,0.166666666666667,1
"three_group",280,"unadjusted",TRUE,0.833333333333333,0.833333333333333,0.166666666666667,1,0,0.714285714285714,6
"three_group",280,"Holm",TRUE,0.166666666666667,1,0,0,-5,0.166666666666667,1
"three_group",280,"BY",TRUE,0,0,0,0,-6,0,0
"three_group",281,"unadjusted",TRUE,0.333333333333333,1,0,0,-4,0.333333333333333,2
"three_group",281,"Holm",TRUE,0,0,0,0,-6,0,0
"three_group",281,"BY",TRUE,0,0,0,0,-6,0,0
"three_group",282,"unadjusted",TRUE,0.5,0.75,0.25,1,-2,0.428571428571429,4
"three_group",282,"Holm",TRUE,0.166666666666667,1,0,0,-5,0.166666666666667,1
"three_group",282,"BY",TRUE,0.166666666666667,1,0,0,-5,0.166666666666667,1
"three_group",283,"unadjusted",TRUE,0.5,0.75,0.25,1,-2,0.428571428571429,4
"three_group",283,"Holm",TRUE,0.166666666666667,1,0,0,-5,0.166666666666667,1
"three_group",283,"BY",TRUE,0,0,0,0,-6,0,0
"three_group",284,"unadjusted",TRUE,0.5,1,0,0,-3,0.5,3
"three_group",284,"Holm",TRUE,0.166666666666667,1,0,0,-5,0.166666666666667,1
"three_group",284,"BY",TRUE,0,0,0,0,-6,0,0
"three_group",285,"unadjusted",TRUE,0.5,0.75,0.25,1,-2,0.428571428571429,4
"three_group",285,"Holm",TRUE,0.166666666666667,1,0,0,-5,0.166666666666667,1
"three_group",285,"BY",TRUE,0.166666666666667,1,0,0,-5,0.166666666666667,1
"three_group",286,"unadjusted",TRUE,0.833333333333333,0.833333333333333,0.166666666666667,1,0,0.714285714285714,6
"three_group",286,"Holm",TRUE,0.166666666666667,1,0,0,-5,0.166666666666667,1
"three_group",286,"BY",TRUE,0.166666666666667,1,0,0,-5,0.166666666666667,1
"three_group",287,"unadjusted",TRUE,0.666666666666667,1,0,0,-2,0.666666666666667,4
"three_group",287,"Holm",TRUE,0.166666666666667,1,0,0,-5,0.166666666666667,1
"three_group",287,"BY",TRUE,0.166666666666667,1,0,0,-5,0.166666666666667,1
"three_group",288,"unadjusted",TRUE,0.5,0.75,0.25,1,-2,0.428571428571429,4
"three_group",288,"Holm",TRUE,0.166666666666667,1,0,0,-5,0.166666666666667,1
"three_group",288,"BY",TRUE,0,0,0,0,-6,0,0
"three_group",289,"unadjusted",TRUE,0.333333333333333,0.666666666666667,0.333333333333333,1,-3,0.285714285714286,3
"three_group",289,"Holm",TRUE,0,0,0,0,-6,0,0
"three_group",289,"BY",TRUE,0,0,0,0,-6,0,0
"three_group",290,"unadjusted",TRUE,0.333333333333333,0.666666666666667,0.333333333333333,1,-3,0.285714285714286,3
"three_group",290,"Holm",TRUE,0,0,0,0,-6,0,0
"three_group",290,"BY",TRUE,0,0,0,0,-6,0,0
"three_group",291,"unadjusted",TRUE,0.5,0.75,0.25,1,-2,0.428571428571429,4
"three_group",291,"Holm",TRUE,0,0,0,0,-6,0,0
"three_group",291,"BY",TRUE,0,0,0,0,-6,0,0
"three_group",292,"unadjusted",TRUE,0.666666666666667,0.666666666666667,0.333333333333333,1,0,0.5,6
"three_group",292,"Holm",TRUE,0.333333333333333,1,0,0,-4,0.333333333333333,2
"three_group",292,"BY",TRUE,0.166666666666667,1,0,0,-5,0.166666666666667,1
"three_group",293,"unadjusted",TRUE,0.666666666666667,1,0,0,-2,0.666666666666667,4
"three_group",293,"Holm",TRUE,0,0,0,0,-6,0,0
"three_group",293,"BY",TRUE,0,0,0,0,-6,0,0
"three_group",294,"unadjusted",TRUE,0.833333333333333,0.833333333333333,0.166666666666667,1,0,0.714285714285714,6
"three_group",294,"Holm",TRUE,0.166666666666667,1,0,0,-5,0.166666666666667,1
"three_group",294,"BY",TRUE,0.166666666666667,1,0,0,-5,0.166666666666667,1
"three_group",295,"unadjusted",TRUE,1,0.857142857142857,0.142857142857143,1,1,0.857142857142857,7
"three_group",295,"Holm",TRUE,0,0,0,0,-6,0,0
"three_group",295,"BY",TRUE,0,0,0,0,-6,0,0
"three_group",296,"unadjusted",TRUE,0.5,1,0,0,-3,0.5,3
"three_group",296,"Holm",TRUE,0.5,1,0,0,-3,0.5,3
"three_group",296,"BY",TRUE,0.5,1,0,0,-3,0.5,3
"three_group",297,"unadjusted",TRUE,0.666666666666667,0.8,0.2,1,-1,0.571428571428571,5
"three_group",297,"Holm",TRUE,0.166666666666667,1,0,0,-5,0.166666666666667,1
"three_group",297,"BY",TRUE,0.166666666666667,1,0,0,-5,0.166666666666667,1
"three_group",298,"unadjusted",TRUE,0.5,0.75,0.25,1,-2,0.428571428571429,4
"three_group",298,"Holm",TRUE,0,0,0,0,-6,0,0
"three_group",298,"BY",TRUE,0,0,0,0,-6,0,0
"three_group",299,"unadjusted",TRUE,0.666666666666667,1,0,0,-2,0.666666666666667,4
"three_group",299,"Holm",TRUE,0,0,0,0,-6,0,0
"three_group",299,"BY",TRUE,0,0,0,0,-6,0,0
"three_group",300,"unadjusted",TRUE,0.666666666666667,1,0,0,-2,0.666666666666667,4
"three_group",300,"Holm",TRUE,0.333333333333333,1,0,0,-4,0.333333333333333,2
"three_group",300,"BY",TRUE,0.333333333333333,1,0,0,-4,0.333333333333333,2
"three_group",301,"unadjusted",TRUE,0.666666666666667,1,0,0,-2,0.666666666666667,4
"three_group",301,"Holm",TRUE,0.166666666666667,1,0,0,-5,0.166666666666667,1
"three_group",301,"BY",TRUE,0.166666666666667,1,0,0,-5,0.166666666666667,1
"three_group",302,"unadjusted",TRUE,0.5,1,0,0,-3,0.5,3
"three_group",302,"Holm",TRUE,0,0,0,0,-6,0,0
"three_group",302,"BY",TRUE,0,0,0,0,-6,0,0
"three_group",303,"unadjusted",TRUE,0.833333333333333,0.714285714285714,0.285714285714286,1,1,0.625,7
"three_group",303,"Holm",TRUE,0.333333333333333,1,0,0,-4,0.333333333333333,2
"three_group",303,"BY",TRUE,0.333333333333333,1,0,0,-4,0.333333333333333,2
"three_group",304,"unadjusted",TRUE,0.5,1,0,0,-3,0.5,3
"three_group",304,"Holm",TRUE,0.333333333333333,1,0,0,-4,0.333333333333333,2
"three_group",304,"BY",TRUE,0.166666666666667,1,0,0,-5,0.166666666666667,1
"three_group",305,"unadjusted",TRUE,0.666666666666667,1,0,0,-2,0.666666666666667,4
"three_group",305,"Holm",TRUE,0.5,1,0,0,-3,0.5,3
"three_group",305,"BY",TRUE,0.333333333333333,1,0,0,-4,0.333333333333333,2
"three_group",306,"unadjusted",TRUE,0.833333333333333,1,0,0,-1,0.833333333333333,5
"three_group",306,"Holm",TRUE,0.166666666666667,1,0,0,-5,0.166666666666667,1
"three_group",306,"BY",TRUE,0.166666666666667,1,0,0,-5,0.166666666666667,1
"three_group",307,"unadjusted",TRUE,0.5,1,0,0,-3,0.5,3
"three_group",307,"Holm",TRUE,0,0,0,0,-6,0,0
"three_group",307,"BY",TRUE,0,0,0,0,-6,0,0
"three_group",308,"unadjusted",TRUE,0.833333333333333,0.714285714285714,0.285714285714286,1,1,0.625,7
"three_group",308,"Holm",TRUE,0.333333333333333,1,0,0,-4,0.333333333333333,2
"three_group",308,"BY",TRUE,0.333333333333333,1,0,0,-4,0.333333333333333,2
"three_group",309,"unadjusted",TRUE,0.833333333333333,0.714285714285714,0.285714285714286,1,1,0.625,7
"three_group",309,"Holm",TRUE,0,0,0,0,-6,0,0
"three_group",309,"BY",TRUE,0,0,0,0,-6,0,0
"three_group",310,"unadjusted",TRUE,0.833333333333333,1,0,0,-1,0.833333333333333,5
"three_group",310,"Holm",TRUE,0.166666666666667,1,0,0,-5,0.166666666666667,1
"three_group",310,"BY",TRUE,0.166666666666667,1,0,0,-5,0.166666666666667,1
"three_group",311,"unadjusted",TRUE,1,1,0,0,0,1,6
"three_group",311,"Holm",TRUE,0.5,1,0,0,-3,0.5,3
"three_group",311,"BY",TRUE,0.166666666666667,1,0,0,-5,0.166666666666667,1
"three_group",312,"unadjusted",TRUE,0.666666666666667,1,0,0,-2,0.666666666666667,4
"three_group",312,"Holm",TRUE,0,0,0,0,-6,0,0
"three_group",312,"BY",TRUE,0,0,0,0,-6,0,0
"three_group",313,"unadjusted",TRUE,0.5,1,0,0,-3,0.5,3
"three_group",313,"Holm",TRUE,0.166666666666667,1,0,0,-5,0.166666666666667,1
"three_group",313,"BY",TRUE,0.166666666666667,1,0,0,-5,0.166666666666667,1
"three_group",314,"unadjusted",TRUE,0.333333333333333,0.5,0.5,1,-2,0.25,4
"three_group",314,"Holm",TRUE,0,0,0,0,-6,0,0
"three_group",314,"BY",TRUE,0,0,0,0,-6,0,0
"three_group",315,"unadjusted",TRUE,0.333333333333333,1,0,0,-4,0.333333333333333,2
"three_group",315,"Holm",TRUE,0.166666666666667,1,0,0,-5,0.166666666666667,1
"three_group",315,"BY",TRUE,0,0,0,0,-6,0,0
"three_group",316,"unadjusted",TRUE,0.833333333333333,0.833333333333333,0.166666666666667,1,0,0.714285714285714,6
"three_group",316,"Holm",TRUE,0.166666666666667,1,0,0,-5,0.166666666666667,1
"three_group",316,"BY",TRUE,0,0,0,0,-6,0,0
"three_group",317,"unadjusted",TRUE,0.166666666666667,0.5,0.5,1,-4,0.142857142857143,2
"three_group",317,"Holm",TRUE,0,0,0,0,-6,0,0
"three_group",317,"BY",TRUE,0,0,0,0,-6,0,0
"three_group",318,"unadjusted",TRUE,0.5,0.6,0.4,1,-1,0.375,5
"three_group",318,"Holm",TRUE,0.166666666666667,1,0,0,-5,0.166666666666667,1
"three_group",318,"BY",TRUE,0,0,0,0,-6,0,0
"three_group",319,"unadjusted",TRUE,0.5,0.6,0.4,1,-1,0.375,5
"three_group",319,"Holm",TRUE,0,0,0,0,-6,0,0
"three_group",319,"BY",TRUE,0,0,0,0,-6,0,0
"three_group",320,"unadjusted",TRUE,0.833333333333333,0.833333333333333,0.166666666666667,1,0,0.714285714285714,6
"three_group",320,"Holm",TRUE,0.5,1,0,0,-3,0.5,3
"three_group",320,"BY",TRUE,0.333333333333333,1,0,0,-4,0.333333333333333,2
"three_group",321,"unadjusted",TRUE,1,0.75,0.25,1,2,0.75,8
"three_group",321,"Holm",TRUE,0.166666666666667,1,0,0,-5,0.166666666666667,1
"three_group",321,"BY",TRUE,0,0,0,0,-6,0,0
"three_group",322,"unadjusted",TRUE,0.666666666666667,1,0,0,-2,0.666666666666667,4
"three_group",322,"Holm",TRUE,0.166666666666667,1,0,0,-5,0.166666666666667,1
"three_group",322,"BY",TRUE,0,0,0,0,-6,0,0
"three_group",323,"unadjusted",TRUE,0.333333333333333,1,0,0,-4,0.333333333333333,2
"three_group",323,"Holm",TRUE,0.166666666666667,1,0,0,-5,0.166666666666667,1
"three_group",323,"BY",TRUE,0,0,0,0,-6,0,0
"three_group",324,"unadjusted",TRUE,0.333333333333333,0.5,0.5,1,-2,0.25,4
"three_group",324,"Holm",TRUE,0,0,0,0,-6,0,0
"three_group",324,"BY",TRUE,0,0,0,0,-6,0,0
"three_group",325,"unadjusted",TRUE,0.666666666666667,0.8,0.2,1,-1,0.571428571428571,5
"three_group",325,"Holm",TRUE,0.166666666666667,1,0,0,-5,0.166666666666667,1
"three_group",325,"BY",TRUE,0,0,0,0,-6,0,0
"three_group",326,"unadjusted",TRUE,0.666666666666667,0.8,0.2,1,-1,0.571428571428571,5
"three_group",326,"Holm",TRUE,0.166666666666667,1,0,0,-5,0.166666666666667,1
"three_group",326,"BY",TRUE,0,0,0,0,-6,0,0
"three_group",327,"unadjusted",TRUE,0.833333333333333,0.833333333333333,0.166666666666667,1,0,0.714285714285714,6
"three_group",327,"Holm",TRUE,0.166666666666667,1,0,0,-5,0.166666666666667,1
"three_group",327,"BY",TRUE,0.166666666666667,1,0,0,-5,0.166666666666667,1
"three_group",328,"unadjusted",TRUE,0.666666666666667,1,0,0,-2,0.666666666666667,4
"three_group",328,"Holm",TRUE,0.166666666666667,1,0,0,-5,0.166666666666667,1
"three_group",328,"BY",TRUE,0.166666666666667,1,0,0,-5,0.166666666666667,1
"three_group",329,"unadjusted",TRUE,0.666666666666667,0.571428571428571,0.428571428571429,1,1,0.444444444444444,7
"three_group",329,"Holm",TRUE,0.333333333333333,1,0,0,-4,0.333333333333333,2
"three_group",329,"BY",TRUE,0.333333333333333,1,0,0,-4,0.333333333333333,2
"three_group",330,"unadjusted",TRUE,0.666666666666667,0.8,0.2,1,-1,0.571428571428571,5
"three_group",330,"Holm",TRUE,0.166666666666667,1,0,0,-5,0.166666666666667,1
"three_group",330,"BY",TRUE,0.166666666666667,1,0,0,-5,0.166666666666667,1
"three_group",331,"unadjusted",TRUE,0.666666666666667,0.8,0.2,1,-1,0.571428571428571,5
"three_group",331,"Holm",TRUE,0.166666666666667,1,0,0,-5,0.166666666666667,1
"three_group",331,"BY",TRUE,0,0,0,0,-6,0,0
"three_group",332,"unadjusted",TRUE,0.666666666666667,0.666666666666667,0.333333333333333,1,0,0.5,6
"three_group",332,"Holm",TRUE,0.333333333333333,1,0,0,-4,0.333333333333333,2
"three_group",332,"BY",TRUE,0.166666666666667,1,0,0,-5,0.166666666666667,1
"three_group",333,"unadjusted",TRUE,0.833333333333333,0.833333333333333,0.166666666666667,1,0,0.714285714285714,6
"three_group",333,"Holm",TRUE,0.5,1,0,0,-3,0.5,3
"three_group",333,"BY",TRUE,0.5,1,0,0,-3,0.5,3
"three_group",334,"unadjusted",TRUE,0.333333333333333,0.5,0.5,1,-2,0.25,4
"three_group",334,"Holm",TRUE,0.166666666666667,1,0,0,-5,0.166666666666667,1
"three_group",334,"BY",TRUE,0,0,0,0,-6,0,0
"three_group",335,"unadjusted",TRUE,0.666666666666667,0.8,0.2,1,-1,0.571428571428571,5
"three_group",335,"Holm",TRUE,0.5,1,0,0,-3,0.5,3
"three_group",335,"BY",TRUE,0.5,1,0,0,-3,0.5,3
"three_group",336,"unadjusted",TRUE,0.5,1,0,0,-3,0.5,3
"three_group",336,"Holm",TRUE,0,0,0,0,-6,0,0
"three_group",336,"BY",TRUE,0,0,0,0,-6,0,0
"three_group",337,"unadjusted",TRUE,1,1,0,0,0,1,6
"three_group",337,"Holm",TRUE,0.333333333333333,1,0,0,-4,0.333333333333333,2
"three_group",337,"BY",TRUE,0.166666666666667,1,0,0,-5,0.166666666666667,1
"three_group",338,"unadjusted",TRUE,0.666666666666667,0.666666666666667,0.333333333333333,1,0,0.5,6
"three_group",338,"Holm",TRUE,0,0,0,0,-6,0,0
"three_group",338,"BY",TRUE,0,0,0,0,-6,0,0
"three_group",339,"unadjusted",TRUE,0.5,1,0,0,-3,0.5,3
"three_group",339,"Holm",TRUE,0.166666666666667,1,0,0,-5,0.166666666666667,1
"three_group",339,"BY",TRUE,0,0,0,0,-6,0,0
"three_group",340,"unadjusted",TRUE,0.5,1,0,0,-3,0.5,3
"three_group",340,"Holm",TRUE,0,0,0,0,-6,0,0
"three_group",340,"BY",TRUE,0,0,0,0,-6,0,0
"three_group",341,"unadjusted",TRUE,0.5,1,0,0,-3,0.5,3
"three_group",341,"Holm",TRUE,0.166666666666667,1,0,0,-5,0.166666666666667,1
"three_group",341,"BY",TRUE,0.166666666666667,1,0,0,-5,0.166666666666667,1
"three_group",342,"unadjusted",TRUE,0.666666666666667,0.8,0.2,1,-1,0.571428571428571,5
"three_group",342,"Holm",TRUE,0.333333333333333,1,0,0,-4,0.333333333333333,2
"three_group",342,"BY",TRUE,0.166666666666667,1,0,0,-5,0.166666666666667,1
"three_group",343,"unadjusted",TRUE,0.666666666666667,1,0,0,-2,0.666666666666667,4
"three_group",343,"Holm",TRUE,0.5,1,0,0,-3,0.5,3
"three_group",343,"BY",TRUE,0.5,1,0,0,-3,0.5,3
"three_group",344,"unadjusted",TRUE,0.666666666666667,1,0,0,-2,0.666666666666667,4
"three_group",344,"Holm",TRUE,0.166666666666667,1,0,0,-5,0.166666666666667,1
"three_group",344,"BY",TRUE,0,0,0,0,-6,0,0
"three_group",345,"unadjusted",TRUE,0.666666666666667,1,0,0,-2,0.666666666666667,4
"three_group",345,"Holm",TRUE,0.333333333333333,1,0,0,-4,0.333333333333333,2
"three_group",345,"BY",TRUE,0.333333333333333,1,0,0,-4,0.333333333333333,2
"three_group",346,"unadjusted",TRUE,1,0.857142857142857,0.142857142857143,1,1,0.857142857142857,7
"three_group",346,"Holm",TRUE,0.166666666666667,1,0,0,-5,0.166666666666667,1
"three_group",346,"BY",TRUE,0,0,0,0,-6,0,0
"three_group",347,"unadjusted",TRUE,0.833333333333333,0.833333333333333,0.166666666666667,1,0,0.714285714285714,6
"three_group",347,"Holm",TRUE,0.333333333333333,1,0,0,-4,0.333333333333333,2
"three_group",347,"BY",TRUE,0.333333333333333,1,0,0,-4,0.333333333333333,2
"three_group",348,"unadjusted",TRUE,0.333333333333333,1,0,0,-4,0.333333333333333,2
"three_group",348,"Holm",TRUE,0.166666666666667,1,0,0,-5,0.166666666666667,1
"three_group",348,"BY",TRUE,0.166666666666667,1,0,0,-5,0.166666666666667,1
"three_group",349,"unadjusted",TRUE,0.833333333333333,1,0,0,-1,0.833333333333333,5
"three_group",349,"Holm",TRUE,0.333333333333333,1,0,0,-4,0.333333333333333,2
"three_group",349,"BY",TRUE,0.333333333333333,1,0,0,-4,0.333333333333333,2
"three_group",350,"unadjusted",TRUE,0.666666666666667,0.8,0.2,1,-1,0.571428571428571,5
"three_group",350,"Holm",TRUE,0.333333333333333,1,0,0,-4,0.333333333333333,2
"three_group",350,"BY",TRUE,0,0,0,0,-6,0,0
"three_group",351,"unadjusted",TRUE,0.666666666666667,0.571428571428571,0.428571428571429,1,1,0.444444444444444,7
"three_group",351,"Holm",TRUE,0.166666666666667,1,0,0,-5,0.166666666666667,1
"three_group",351,"BY",TRUE,0.166666666666667,1,0,0,-5,0.166666666666667,1
"three_group",352,"unadjusted",TRUE,1,0.857142857142857,0.142857142857143,1,1,0.857142857142857,7
"three_group",352,"Holm",TRUE,0.166666666666667,1,0,0,-5,0.166666666666667,1
"three_group",352,"BY",TRUE,0,0,0,0,-6,0,0
"three_group",353,"unadjusted",TRUE,0.5,0.6,0.4,1,-1,0.375,5
"three_group",353,"Holm",TRUE,0,0,0,0,-6,0,0
"three_group",353,"BY",TRUE,0,0,0,0,-6,0,0
"three_group",354,"unadjusted",TRUE,0.333333333333333,1,0,0,-4,0.333333333333333,2
"three_group",354,"Holm",TRUE,0,0,0,0,-6,0,0
"three_group",354,"BY",TRUE,0,0,0,0,-6,0,0
"three_group",355,"unadjusted",TRUE,0.5,0.75,0.25,1,-2,0.428571428571429,4
"three_group",355,"Holm",TRUE,0.166666666666667,1,0,0,-5,0.166666666666667,1
"three_group",355,"BY",TRUE,0,0,0,0,-6,0,0
"three_group",356,"unadjusted",TRUE,0.666666666666667,0.666666666666667,0.333333333333333,1,0,0.5,6
"three_group",356,"Holm",TRUE,0.166666666666667,1,0,0,-5,0.166666666666667,1
"three_group",356,"BY",TRUE,0.166666666666667,1,0,0,-5,0.166666666666667,1
"three_group",357,"unadjusted",TRUE,0.666666666666667,0.8,0.2,1,-1,0.571428571428571,5
"three_group",357,"Holm",TRUE,0.333333333333333,1,0,0,-4,0.333333333333333,2
"three_group",357,"BY",TRUE,0.333333333333333,1,0,0,-4,0.333333333333333,2
"three_group",358,"unadjusted",TRUE,0.666666666666667,0.8,0.2,1,-1,0.571428571428571,5
"three_group",358,"Holm",TRUE,0.166666666666667,1,0,0,-5,0.166666666666667,1
"three_group",358,"BY",TRUE,0,0,0,0,-6,0,0
"three_group",359,"unadjusted",TRUE,0.666666666666667,0.8,0.2,1,-1,0.571428571428571,5
"three_group",359,"Holm",TRUE,0.333333333333333,1,0,0,-4,0.333333333333333,2
"three_group",359,"BY",TRUE,0.333333333333333,1,0,0,-4,0.333333333333333,2
"three_group",360,"unadjusted",TRUE,0.833333333333333,0.833333333333333,0.166666666666667,1,0,0.714285714285714,6
"three_group",360,"Holm",TRUE,0.333333333333333,1,0,0,-4,0.333333333333333,2
"three_group",360,"BY",TRUE,0.166666666666667,1,0,0,-5,0.166666666666667,1
"three_group",361,"unadjusted",TRUE,0.666666666666667,0.8,0.2,1,-1,0.571428571428571,5
"three_group",361,"Holm",TRUE,0.166666666666667,1,0,0,-5,0.166666666666667,1
"three_group",361,"BY",TRUE,0.166666666666667,1,0,0,-5,0.166666666666667,1
"three_group",362,"unadjusted",TRUE,0.333333333333333,0.5,0.5,1,-2,0.25,4
"three_group",362,"Holm",TRUE,0,0,0,0,-6,0,0
"three_group",362,"BY",TRUE,0,0,0,0,-6,0,0
"three_group",363,"unadjusted",TRUE,0.5,1,0,0,-3,0.5,3
"three_group",363,"Holm",TRUE,0.166666666666667,1,0,0,-5,0.166666666666667,1
"three_group",363,"BY",TRUE,0.166666666666667,1,0,0,-5,0.166666666666667,1
"three_group",364,"unadjusted",TRUE,0.333333333333333,1,0,0,-4,0.333333333333333,2
"three_group",364,"Holm",TRUE,0.166666666666667,1,0,0,-5,0.166666666666667,1
"three_group",364,"BY",TRUE,0,0,0,0,-6,0,0
"three_group",365,"unadjusted",TRUE,0.833333333333333,0.833333333333333,0.166666666666667,1,0,0.714285714285714,6
"three_group",365,"Holm",TRUE,0.166666666666667,1,0,0,-5,0.166666666666667,1
"three_group",365,"BY",TRUE,0,0,0,0,-6,0,0
"three_group",366,"unadjusted",TRUE,0.333333333333333,1,0,0,-4,0.333333333333333,2
"three_group",366,"Holm",TRUE,0.166666666666667,1,0,0,-5,0.166666666666667,1
"three_group",366,"BY",TRUE,0.166666666666667,1,0,0,-5,0.166666666666667,1
"three_group",367,"unadjusted",TRUE,0.666666666666667,0.666666666666667,0.333333333333333,1,0,0.5,6
"three_group",367,"Holm",TRUE,0.333333333333333,1,0,0,-4,0.333333333333333,2
"three_group",367,"BY",TRUE,0.333333333333333,1,0,0,-4,0.333333333333333,2
"three_group",368,"unadjusted",TRUE,0.666666666666667,0.571428571428571,0.428571428571429,1,1,0.444444444444444,7
"three_group",368,"Holm",TRUE,0.166666666666667,1,0,0,-5,0.166666666666667,1
"three_group",368,"BY",TRUE,0.166666666666667,1,0,0,-5,0.166666666666667,1
"three_group",369,"unadjusted",TRUE,0.666666666666667,0.571428571428571,0.428571428571429,1,1,0.444444444444444,7
"three_group",369,"Holm",TRUE,0.166666666666667,1,0,0,-5,0.166666666666667,1
"three_group",369,"BY",TRUE,0.166666666666667,1,0,0,-5,0.166666666666667,1
"three_group",370,"unadjusted",TRUE,0.5,1,0,0,-3,0.5,3
"three_group",370,"Holm",TRUE,0.166666666666667,1,0,0,-5,0.166666666666667,1
"three_group",370,"BY",TRUE,0,0,0,0,-6,0,0
"three_group",371,"unadjusted",TRUE,0.666666666666667,0.8,0.2,1,-1,0.571428571428571,5
"three_group",371,"Holm",TRUE,0.166666666666667,1,0,0,-5,0.166666666666667,1
"three_group",371,"BY",TRUE,0,0,0,0,-6,0,0
"three_group",372,"unadjusted",TRUE,0.833333333333333,1,0,0,-1,0.833333333333333,5
"three_group",372,"Holm",TRUE,0.166666666666667,1,0,0,-5,0.166666666666667,1
"three_group",372,"BY",TRUE,0,0,0,0,-6,0,0
"three_group",373,"unadjusted",TRUE,0.166666666666667,1,0,0,-5,0.166666666666667,1
"three_group",373,"Holm",TRUE,0,0,0,0,-6,0,0
"three_group",373,"BY",TRUE,0,0,0,0,-6,0,0
"three_group",374,"unadjusted",TRUE,0.5,0.6,0.4,1,-1,0.375,5
"three_group",374,"Holm",TRUE,0,0,0,0,-6,0,0
"three_group",374,"BY",TRUE,0,0,0,0,-6,0,0
"three_group",375,"unadjusted",TRUE,0.666666666666667,1,0,0,-2,0.666666666666667,4
"three_group",375,"Holm",TRUE,0,0,0,0,-6,0,0
"three_group",375,"BY",TRUE,0,0,0,0,-6,0,0
"three_group",376,"unadjusted",TRUE,0.5,0.75,0.25,1,-2,0.428571428571429,4
"three_group",376,"Holm",TRUE,0.333333333333333,1,0,0,-4,0.333333333333333,2
"three_group",376,"BY",TRUE,0.166666666666667,1,0,0,-5,0.166666666666667,1
"three_group",377,"unadjusted",TRUE,0.5,0.75,0.25,1,-2,0.428571428571429,4
"three_group",377,"Holm",TRUE,0.333333333333333,1,0,0,-4,0.333333333333333,2
"three_group",377,"BY",TRUE,0.166666666666667,1,0,0,-5,0.166666666666667,1
"three_group",378,"unadjusted",TRUE,0.833333333333333,1,0,0,-1,0.833333333333333,5
"three_group",378,"Holm",TRUE,0,0,0,0,-6,0,0
"three_group",378,"BY",TRUE,0,0,0,0,-6,0,0
"three_group",379,"unadjusted",TRUE,0.333333333333333,1,0,0,-4,0.333333333333333,2
"three_group",379,"Holm",TRUE,0.166666666666667,1,0,0,-5,0.166666666666667,1
"three_group",379,"BY",TRUE,0.166666666666667,1,0,0,-5,0.166666666666667,1
"three_group",380,"unadjusted",TRUE,0.666666666666667,1,0,0,-2,0.666666666666667,4
"three_group",380,"Holm",TRUE,0.166666666666667,1,0,0,-5,0.166666666666667,1
"three_group",380,"BY",TRUE,0,0,0,0,-6,0,0
"three_group",381,"unadjusted",TRUE,0.666666666666667,1,0,0,-2,0.666666666666667,4
"three_group",381,"Holm",TRUE,0,0,0,0,-6,0,0
"three_group",381,"BY",TRUE,0,0,0,0,-6,0,0
"three_group",382,"unadjusted",TRUE,0.5,1,0,0,-3,0.5,3
"three_group",382,"Holm",TRUE,0.166666666666667,1,0,0,-5,0.166666666666667,1
"three_group",382,"BY",TRUE,0.166666666666667,1,0,0,-5,0.166666666666667,1
"three_group",383,"unadjusted",TRUE,0.833333333333333,0.833333333333333,0.166666666666667,1,0,0.714285714285714,6
"three_group",383,"Holm",TRUE,0.333333333333333,1,0,0,-4,0.333333333333333,2
"three_group",383,"BY",TRUE,0.166666666666667,1,0,0,-5,0.166666666666667,1
"three_group",384,"unadjusted",TRUE,0.666666666666667,0.666666666666667,0.333333333333333,1,0,0.5,6
"three_group",384,"Holm",TRUE,0.333333333333333,1,0,0,-4,0.333333333333333,2
"three_group",384,"BY",TRUE,0.333333333333333,1,0,0,-4,0.333333333333333,2
"three_group",385,"unadjusted",TRUE,0.333333333333333,0.5,0.5,1,-2,0.25,4
"three_group",385,"Holm",TRUE,0,0,0,0,-6,0,0
"three_group",385,"BY",TRUE,0,0,0,0,-6,0,0
"three_group",386,"unadjusted",TRUE,0.5,0.75,0.25,1,-2,0.428571428571429,4
"three_group",386,"Holm",TRUE,0,0,0,0,-6,0,0
"three_group",386,"BY",TRUE,0,0,0,0,-6,0,0
"three_group",387,"unadjusted",TRUE,0.666666666666667,0.8,0.2,1,-1,0.571428571428571,5
"three_group",387,"Holm",TRUE,0.166666666666667,1,0,0,-5,0.166666666666667,1
"three_group",387,"BY",TRUE,0,0,0,0,-6,0,0
"three_group",388,"unadjusted",TRUE,0.5,1,0,0,-3,0.5,3
"three_group",388,"Holm",TRUE,0.166666666666667,1,0,0,-5,0.166666666666667,1
"three_group",388,"BY",TRUE,0.166666666666667,1,0,0,-5,0.166666666666667,1
"three_group",389,"unadjusted",TRUE,0.5,0.75,0.25,1,-2,0.428571428571429,4
"three_group",389,"Holm",TRUE,0,0,0,0,-6,0,0
"three_group",389,"BY",TRUE,0,0,0,0,-6,0,0
"three_group",390,"unadjusted",TRUE,0.666666666666667,1,0,0,-2,0.666666666666667,4
"three_group",390,"Holm",TRUE,0,0,0,0,-6,0,0
"three_group",390,"BY",TRUE,0,0,0,0,-6,0,0
"three_group",391,"unadjusted",TRUE,0.833333333333333,0.833333333333333,0.166666666666667,1,0,0.714285714285714,6
"three_group",391,"Holm",TRUE,0,0,0,0,-6,0,0
"three_group",391,"BY",TRUE,0,0,0,0,-6,0,0
"three_group",392,"unadjusted",TRUE,0.833333333333333,1,0,0,-1,0.833333333333333,5
"three_group",392,"Holm",TRUE,0.166666666666667,1,0,0,-5,0.166666666666667,1
"three_group",392,"BY",TRUE,0,0,0,0,-6,0,0
"three_group",393,"unadjusted",TRUE,0.166666666666667,0.5,0.5,1,-4,0.142857142857143,2
"three_group",393,"Holm",TRUE,0,0,0,0,-6,0,0
"three_group",393,"BY",TRUE,0,0,0,0,-6,0,0
"three_group",394,"unadjusted",TRUE,1,0.75,0.25,1,2,0.75,8
"three_group",394,"Holm",TRUE,0.333333333333333,1,0,0,-4,0.333333333333333,2
"three_group",394,"BY",TRUE,0,0,0,0,-6,0,0
"three_group",395,"unadjusted",TRUE,0.833333333333333,0.833333333333333,0.166666666666667,1,0,0.714285714285714,6
"three_group",395,"Holm",TRUE,0.333333333333333,1,0,0,-4,0.333333333333333,2
"three_group",395,"BY",TRUE,0.166666666666667,1,0,0,-5,0.166666666666667,1
"three_group",396,"unadjusted",TRUE,1,0.857142857142857,0.142857142857143,1,1,0.857142857142857,7
"three_group",396,"Holm",TRUE,0.666666666666667,1,0,0,-2,0.666666666666667,4
"three_group",396,"BY",TRUE,0.666666666666667,1,0,0,-2,0.666666666666667,4
"three_group",397,"unadjusted",TRUE,0.833333333333333,0.833333333333333,0.166666666666667,1,0,0.714285714285714,6
"three_group",397,"Holm",TRUE,0.166666666666667,1,0,0,-5,0.166666666666667,1
"three_group",397,"BY",TRUE,0,0,0,0,-6,0,0
"three_group",398,"unadjusted",TRUE,0.666666666666667,0.8,0.2,1,-1,0.571428571428571,5
"three_group",398,"Holm",TRUE,0.333333333333333,1,0,0,-4,0.333333333333333,2
"three_group",398,"BY",TRUE,0.166666666666667,1,0,0,-5,0.166666666666667,1
"three_group",399,"unadjusted",TRUE,0.333333333333333,1,0,0,-4,0.333333333333333,2
"three_group",399,"Holm",TRUE,0.166666666666667,1,0,0,-5,0.166666666666667,1
"three_group",399,"BY",TRUE,0.166666666666667,1,0,0,-5,0.166666666666667,1
"three_group",400,"unadjusted",TRUE,0.666666666666667,0.666666666666667,0.333333333333333,1,0,0.5,6
"three_group",400,"Holm",TRUE,0,0,0,0,-6,0,0
"three_group",400,"BY",TRUE,0,0,0,0,-6,0,0
"three_group",401,"unadjusted",TRUE,0.666666666666667,1,0,0,-2,0.666666666666667,4
"three_group",401,"Holm",TRUE,0.333333333333333,1,0,0,-4,0.333333333333333,2
"three_group",401,"BY",TRUE,0.333333333333333,1,0,0,-4,0.333333333333333,2
"three_group",402,"unadjusted",TRUE,0.5,1,0,0,-3,0.5,3
"three_group",402,"Holm",TRUE,0,0,0,0,-6,0,0
"three_group",402,"BY",TRUE,0,0,0,0,-6,0,0
"three_group",403,"unadjusted",TRUE,0.666666666666667,0.666666666666667,0.333333333333333,1,0,0.5,6
"three_group",403,"Holm",TRUE,0.166666666666667,1,0,0,-5,0.166666666666667,1
"three_group",403,"BY",TRUE,0,0,0,0,-6,0,0
"three_group",404,"unadjusted",TRUE,0.5,0.75,0.25,1,-2,0.428571428571429,4
"three_group",404,"Holm",TRUE,0.333333333333333,1,0,0,-4,0.333333333333333,2
"three_group",404,"BY",TRUE,0.333333333333333,1,0,0,-4,0.333333333333333,2
"three_group",405,"unadjusted",TRUE,0.5,1,0,0,-3,0.5,3
"three_group",405,"Holm",TRUE,0,0,0,0,-6,0,0
"three_group",405,"BY",TRUE,0,0,0,0,-6,0,0
"three_group",406,"unadjusted",TRUE,0.5,0.75,0.25,1,-2,0.428571428571429,4
"three_group",406,"Holm",TRUE,0,0,0,0,-6,0,0
"three_group",406,"BY",TRUE,0,0,0,0,-6,0,0
"three_group",407,"unadjusted",TRUE,0.5,1,0,0,-3,0.5,3
"three_group",407,"Holm",TRUE,0.166666666666667,1,0,0,-5,0.166666666666667,1
"three_group",407,"BY",TRUE,0.166666666666667,1,0,0,-5,0.166666666666667,1
"three_group",408,"unadjusted",TRUE,0.5,1,0,0,-3,0.5,3
"three_group",408,"Holm",TRUE,0,0,0,0,-6,0,0
"three_group",408,"BY",TRUE,0,0,0,0,-6,0,0
"three_group",409,"unadjusted",TRUE,0.666666666666667,1,0,0,-2,0.666666666666667,4
"three_group",409,"Holm",TRUE,0,0,0,0,-6,0,0
"three_group",409,"BY",TRUE,0,0,0,0,-6,0,0
"three_group",410,"unadjusted",TRUE,0.666666666666667,1,0,0,-2,0.666666666666667,4
"three_group",410,"Holm",TRUE,0.333333333333333,1,0,0,-4,0.333333333333333,2
"three_group",410,"BY",TRUE,0.333333333333333,1,0,0,-4,0.333333333333333,2
"three_group",411,"unadjusted",TRUE,0.5,0.6,0.4,1,-1,0.375,5
"three_group",411,"Holm",TRUE,0.166666666666667,1,0,0,-5,0.166666666666667,1
"three_group",411,"BY",TRUE,0.166666666666667,1,0,0,-5,0.166666666666667,1
"three_group",412,"unadjusted",TRUE,0.833333333333333,1,0,0,-1,0.833333333333333,5
"three_group",412,"Holm",TRUE,0.5,1,0,0,-3,0.5,3
"three_group",412,"BY",TRUE,0.5,1,0,0,-3,0.5,3
"three_group",413,"unadjusted",TRUE,0.333333333333333,0.666666666666667,0.333333333333333,1,-3,0.285714285714286,3
"three_group",413,"Holm",TRUE,0.166666666666667,1,0,0,-5,0.166666666666667,1
"three_group",413,"BY",TRUE,0,0,0,0,-6,0,0
"three_group",414,"unadjusted",TRUE,0.666666666666667,1,0,0,-2,0.666666666666667,4
"three_group",414,"Holm",TRUE,0.333333333333333,1,0,0,-4,0.333333333333333,2
"three_group",414,"BY",TRUE,0.333333333333333,1,0,0,-4,0.333333333333333,2
"three_group",415,"unadjusted",TRUE,0.833333333333333,0.833333333333333,0.166666666666667,1,0,0.714285714285714,6
"three_group",415,"Holm",TRUE,0.166666666666667,1,0,0,-5,0.166666666666667,1
"three_group",415,"BY",TRUE,0,0,0,0,-6,0,0
"three_group",416,"unadjusted",TRUE,0.5,0.75,0.25,1,-2,0.428571428571429,4
"three_group",416,"Holm",TRUE,0,0,0,0,-6,0,0
"three_group",416,"BY",TRUE,0,0,0,0,-6,0,0
"three_group",417,"unadjusted",TRUE,0.5,0.75,0.25,1,-2,0.428571428571429,4
"three_group",417,"Holm",TRUE,0,0,0,0,-6,0,0
"three_group",417,"BY",TRUE,0,0,0,0,-6,0,0
"three_group",418,"unadjusted",TRUE,0.5,1,0,0,-3,0.5,3
"three_group",418,"Holm",TRUE,0,0,0,0,-6,0,0
"three_group",418,"BY",TRUE,0,0,0,0,-6,0,0
"three_group",419,"unadjusted",TRUE,0.5,1,0,0,-3,0.5,3
"three_group",419,"Holm",TRUE,0,0,0,0,-6,0,0
"three_group",419,"BY",TRUE,0,0,0,0,-6,0,0
"three_group",420,"unadjusted",TRUE,0.666666666666667,1,0,0,-2,0.666666666666667,4
"three_group",420,"Holm",TRUE,0.333333333333333,1,0,0,-4,0.333333333333333,2
"three_group",420,"BY",TRUE,0.333333333333333,1,0,0,-4,0.333333333333333,2
"three_group",421,"unadjusted",FALSE,0.166666666666667,1,0,0,-5,0.166666666666667,1
"three_group",421,"Holm",FALSE,0,0,0,0,-6,0,0
"three_group",421,"BY",FALSE,0,0,0,0,-6,0,0
"three_group",422,"unadjusted",TRUE,1,0.857142857142857,0.142857142857143,1,1,0.857142857142857,7
"three_group",422,"Holm",TRUE,0.166666666666667,1,0,0,-5,0.166666666666667,1
"three_group",422,"BY",TRUE,0,0,0,0,-6,0,0
"three_group",423,"unadjusted",TRUE,0.666666666666667,0.8,0.2,1,-1,0.571428571428571,5
"three_group",423,"Holm",TRUE,0.166666666666667,1,0,0,-5,0.166666666666667,1
"three_group",423,"BY",TRUE,0,0,0,0,-6,0,0
"three_group",424,"unadjusted",TRUE,1,0.75,0.25,1,2,0.75,8
"three_group",424,"Holm",TRUE,0.166666666666667,1,0,0,-5,0.166666666666667,1
"three_group",424,"BY",TRUE,0,0,0,0,-6,0,0
"three_group",425,"unadjusted",TRUE,0.833333333333333,0.714285714285714,0.285714285714286,1,1,0.625,7
"three_group",425,"Holm",TRUE,0.5,1,0,0,-3,0.5,3
"three_group",425,"BY",TRUE,0.5,1,0,0,-3,0.5,3
"three_group",426,"unadjusted",TRUE,0.5,0.75,0.25,1,-2,0.428571428571429,4
"three_group",426,"Holm",TRUE,0.333333333333333,1,0,0,-4,0.333333333333333,2
"three_group",426,"BY",TRUE,0,0,0,0,-6,0,0
"three_group",427,"unadjusted",TRUE,0.5,0.75,0.25,1,-2,0.428571428571429,4
"three_group",427,"Holm",TRUE,0.333333333333333,1,0,0,-4,0.333333333333333,2
"three_group",427,"BY",TRUE,0.333333333333333,1,0,0,-4,0.333333333333333,2
"three_group",428,"unadjusted",TRUE,0.666666666666667,0.666666666666667,0.333333333333333,1,0,0.5,6
"three_group",428,"Holm",TRUE,0.166666666666667,1,0,0,-5,0.166666666666667,1
"three_group",428,"BY",TRUE,0,0,0,0,-6,0,0
"three_group",429,"unadjusted",TRUE,0.833333333333333,0.833333333333333,0.166666666666667,1,0,0.714285714285714,6
"three_group",429,"Holm",TRUE,0.166666666666667,1,0,0,-5,0.166666666666667,1
"three_group",429,"BY",TRUE,0,0,0,0,-6,0,0
"three_group",430,"unadjusted",TRUE,0.666666666666667,0.8,0.2,1,-1,0.571428571428571,5
"three_group",430,"Holm",TRUE,0.166666666666667,1,0,0,-5,0.166666666666667,1
"three_group",430,"BY",TRUE,0,0,0,0,-6,0,0
"three_group",431,"unadjusted",TRUE,0.833333333333333,0.714285714285714,0.285714285714286,1,1,0.625,7
"three_group",431,"Holm",TRUE,0.5,1,0,0,-3,0.5,3
"three_group",431,"BY",TRUE,0.166666666666667,1,0,0,-5,0.166666666666667,1
"three_group",432,"unadjusted",TRUE,0.5,0.75,0.25,1,-2,0.428571428571429,4
"three_group",432,"Holm",TRUE,0,0,0,0,-6,0,0
"three_group",432,"BY",TRUE,0,0,0,0,-6,0,0
"three_group",433,"unadjusted",TRUE,0.833333333333333,0.625,0.375,1,2,0.555555555555556,8
"three_group",433,"Holm",TRUE,0.166666666666667,1,0,0,-5,0.166666666666667,1
"three_group",433,"BY",TRUE,0.166666666666667,1,0,0,-5,0.166666666666667,1
"three_group",434,"unadjusted",TRUE,0.666666666666667,1,0,0,-2,0.666666666666667,4
"three_group",434,"Holm",TRUE,0,0,0,0,-6,0,0
"three_group",434,"BY",TRUE,0,0,0,0,-6,0,0
"three_group",435,"unadjusted",TRUE,0.333333333333333,1,0,0,-4,0.333333333333333,2
"three_group",435,"Holm",TRUE,0.166666666666667,1,0,0,-5,0.166666666666667,1
"three_group",435,"BY",TRUE,0,0,0,0,-6,0,0
"three_group",436,"unadjusted",TRUE,0.666666666666667,1,0,0,-2,0.666666666666667,4
"three_group",436,"Holm",TRUE,0.166666666666667,1,0,0,-5,0.166666666666667,1
"three_group",436,"BY",TRUE,0,0,0,0,-6,0,0
"three_group",437,"unadjusted",TRUE,0.666666666666667,0.8,0.2,1,-1,0.571428571428571,5
"three_group",437,"Holm",TRUE,0,0,0,0,-6,0,0
"three_group",437,"BY",TRUE,0,0,0,0,-6,0,0
"three_group",438,"unadjusted",TRUE,0.666666666666667,1,0,0,-2,0.666666666666667,4
"three_group",438,"Holm",TRUE,0.166666666666667,1,0,0,-5,0.166666666666667,1
"three_group",438,"BY",TRUE,0,0,0,0,-6,0,0
"three_group",439,"unadjusted",TRUE,0.833333333333333,1,0,0,-1,0.833333333333333,5
"three_group",439,"Holm",TRUE,0.166666666666667,1,0,0,-5,0.166666666666667,1
"three_group",439,"BY",TRUE,0,0,0,0,-6,0,0
"three_group",440,"unadjusted",TRUE,0.333333333333333,1,0,0,-4,0.333333333333333,2
"three_group",440,"Holm",TRUE,0.166666666666667,1,0,0,-5,0.166666666666667,1
"three_group",440,"BY",TRUE,0,0,0,0,-6,0,0
"three_group",441,"unadjusted",TRUE,0.5,0.75,0.25,1,-2,0.428571428571429,4
"three_group",441,"Holm",TRUE,0.166666666666667,1,0,0,-5,0.166666666666667,1
"three_group",441,"BY",TRUE,0.166666666666667,1,0,0,-5,0.166666666666667,1
"three_group",442,"unadjusted",TRUE,0.666666666666667,0.8,0.2,1,-1,0.571428571428571,5
"three_group",442,"Holm",TRUE,0.333333333333333,1,0,0,-4,0.333333333333333,2
"three_group",442,"BY",TRUE,0.333333333333333,1,0,0,-4,0.333333333333333,2
"three_group",443,"unadjusted",TRUE,0.5,1,0,0,-3,0.5,3
"three_group",443,"Holm",TRUE,0.333333333333333,1,0,0,-4,0.333333333333333,2
"three_group",443,"BY",TRUE,0.333333333333333,1,0,0,-4,0.333333333333333,2
"three_group",444,"unadjusted",TRUE,0.333333333333333,0.666666666666667,0.333333333333333,1,-3,0.285714285714286,3
"three_group",444,"Holm",TRUE,0.166666666666667,1,0,0,-5,0.166666666666667,1
"three_group",444,"BY",TRUE,0.166666666666667,1,0,0,-5,0.166666666666667,1
"three_group",445,"unadjusted",TRUE,0.5,1,0,0,-3,0.5,3
"three_group",445,"Holm",TRUE,0,0,0,0,-6,0,0
"three_group",445,"BY",TRUE,0,0,0,0,-6,0,0
"three_group",446,"unadjusted",TRUE,0.333333333333333,0.666666666666667,0.333333333333333,1,-3,0.285714285714286,3
"three_group",446,"Holm",TRUE,0.166666666666667,0.5,0.5,1,-4,0.142857142857143,2
"three_group",446,"BY",TRUE,0.166666666666667,0.5,0.5,1,-4,0.142857142857143,2
"three_group",447,"unadjusted",TRUE,0.333333333333333,0.666666666666667,0.333333333333333,1,-3,0.285714285714286,3
"three_group",447,"Holm",TRUE,0,0,0,0,-6,0,0
"three_group",447,"BY",TRUE,0,0,0,0,-6,0,0
"three_group",448,"unadjusted",TRUE,0.666666666666667,1,0,0,-2,0.666666666666667,4
"three_group",448,"Holm",TRUE,0.166666666666667,1,0,0,-5,0.166666666666667,1
"three_group",448,"BY",TRUE,0,0,0,0,-6,0,0
"three_group",449,"unadjusted",TRUE,0.666666666666667,0.666666666666667,0.333333333333333,1,0,0.5,6
"three_group",449,"Holm",TRUE,0,0,0,0,-6,0,0
"three_group",449,"BY",TRUE,0,0,0,0,-6,0,0
"three_group",450,"unadjusted",TRUE,0.666666666666667,0.8,0.2,1,-1,0.571428571428571,5
"three_group",450,"Holm",TRUE,0.333333333333333,1,0,0,-4,0.333333333333333,2
"three_group",450,"BY",TRUE,0.333333333333333,1,0,0,-4,0.333333333333333,2
"three_group",451,"unadjusted",TRUE,0.666666666666667,0.8,0.2,1,-1,0.571428571428571,5
"three_group",451,"Holm",TRUE,0.166666666666667,1,0,0,-5,0.166666666666667,1
"three_group",451,"BY",TRUE,0.166666666666667,1,0,0,-5,0.166666666666667,1
"three_group",452,"unadjusted",TRUE,0.666666666666667,0.8,0.2,1,-1,0.571428571428571,5
"three_group",452,"Holm",TRUE,0.166666666666667,1,0,0,-5,0.166666666666667,1
"three_group",452,"BY",TRUE,0,0,0,0,-6,0,0
"three_group",453,"unadjusted",TRUE,0.833333333333333,0.833333333333333,0.166666666666667,1,0,0.714285714285714,6
"three_group",453,"Holm",TRUE,0,0,0,0,-6,0,0
"three_group",453,"BY",TRUE,0,0,0,0,-6,0,0
"three_group",454,"unadjusted",TRUE,0.666666666666667,0.8,0.2,1,-1,0.571428571428571,5
"three_group",454,"Holm",TRUE,0.333333333333333,1,0,0,-4,0.333333333333333,2
"three_group",454,"BY",TRUE,0.333333333333333,1,0,0,-4,0.333333333333333,2
"three_group",455,"unadjusted",TRUE,0.666666666666667,0.8,0.2,1,-1,0.571428571428571,5
"three_group",455,"Holm",TRUE,0,0,0,0,-6,0,0
"three_group",455,"BY",TRUE,0,0,0,0,-6,0,0
"three_group",456,"unadjusted",TRUE,0.833333333333333,1,0,0,-1,0.833333333333333,5
"three_group",456,"Holm",TRUE,0.5,1,0,0,-3,0.5,3
"three_group",456,"BY",TRUE,0.166666666666667,1,0,0,-5,0.166666666666667,1
"three_group",457,"unadjusted",TRUE,0.833333333333333,1,0,0,-1,0.833333333333333,5
"three_group",457,"Holm",TRUE,0.333333333333333,1,0,0,-4,0.333333333333333,2
"three_group",457,"BY",TRUE,0.333333333333333,1,0,0,-4,0.333333333333333,2
"three_group",458,"unadjusted",TRUE,0.333333333333333,1,0,0,-4,0.333333333333333,2
"three_group",458,"Holm",TRUE,0.166666666666667,1,0,0,-5,0.166666666666667,1
"three_group",458,"BY",TRUE,0,0,0,0,-6,0,0
"three_group",459,"unadjusted",TRUE,0.333333333333333,1,0,0,-4,0.333333333333333,2
"three_group",459,"Holm",TRUE,0,0,0,0,-6,0,0
"three_group",459,"BY",TRUE,0,0,0,0,-6,0,0
"three_group",460,"unadjusted",TRUE,0.666666666666667,1,0,0,-2,0.666666666666667,4
"three_group",460,"Holm",TRUE,0,0,0,0,-6,0,0
"three_group",460,"BY",TRUE,0,0,0,0,-6,0,0
"three_group",461,"unadjusted",TRUE,0.333333333333333,0.666666666666667,0.333333333333333,1,-3,0.285714285714286,3
"three_group",461,"Holm",TRUE,0,0,0,0,-6,0,0
"three_group",461,"BY",TRUE,0,0,0,0,-6,0,0
"three_group",462,"unadjusted",TRUE,1,0.666666666666667,0.333333333333333,1,3,0.666666666666667,9
"three_group",462,"Holm",TRUE,0.333333333333333,1,0,0,-4,0.333333333333333,2
"three_group",462,"BY",TRUE,0.333333333333333,1,0,0,-4,0.333333333333333,2
"three_group",463,"unadjusted",TRUE,0.5,0.75,0.25,1,-2,0.428571428571429,4
"three_group",463,"Holm",TRUE,0.166666666666667,1,0,0,-5,0.166666666666667,1
"three_group",463,"BY",TRUE,0,0,0,0,-6,0,0
"three_group",464,"unadjusted",TRUE,0.666666666666667,0.8,0.2,1,-1,0.571428571428571,5
"three_group",464,"Holm",TRUE,0.166666666666667,1,0,0,-5,0.166666666666667,1
"three_group",464,"BY",TRUE,0.166666666666667,1,0,0,-5,0.166666666666667,1
"three_group",465,"unadjusted",TRUE,0.333333333333333,0.666666666666667,0.333333333333333,1,-3,0.285714285714286,3
"three_group",465,"Holm",TRUE,0,0,0,0,-6,0,0
"three_group",465,"BY",TRUE,0,0,0,0,-6,0,0
"three_group",466,"unadjusted",TRUE,0.666666666666667,0.8,0.2,1,-1,0.571428571428571,5
"three_group",466,"Holm",TRUE,0.5,1,0,0,-3,0.5,3
"three_group",466,"BY",TRUE,0.166666666666667,1,0,0,-5,0.166666666666667,1
"three_group",467,"unadjusted",TRUE,0.833333333333333,0.833333333333333,0.166666666666667,1,0,0.714285714285714,6
"three_group",467,"Holm",TRUE,0.166666666666667,1,0,0,-5,0.166666666666667,1
"three_group",467,"BY",TRUE,0,0,0,0,-6,0,0
"three_group",468,"unadjusted",TRUE,0.666666666666667,0.8,0.2,1,-1,0.571428571428571,5
"three_group",468,"Holm",TRUE,0,0,0,0,-6,0,0
"three_group",468,"BY",TRUE,0,0,0,0,-6,0,0
"three_group",469,"unadjusted",TRUE,0.666666666666667,0.8,0.2,1,-1,0.571428571428571,5
"three_group",469,"Holm",TRUE,0,0,0,0,-6,0,0
"three_group",469,"BY",TRUE,0,0,0,0,-6,0,0
"three_group",470,"unadjusted",TRUE,0.666666666666667,0.666666666666667,0.333333333333333,1,0,0.5,6
"three_group",470,"Holm",TRUE,0.166666666666667,1,0,0,-5,0.166666666666667,1
"three_group",470,"BY",TRUE,0.166666666666667,1,0,0,-5,0.166666666666667,1
"three_group",471,"unadjusted",TRUE,0.666666666666667,1,0,0,-2,0.666666666666667,4
"three_group",471,"Holm",TRUE,0,0,0,0,-6,0,0
"three_group",471,"BY",TRUE,0,0,0,0,-6,0,0
"three_group",472,"unadjusted",TRUE,0.333333333333333,0.666666666666667,0.333333333333333,1,-3,0.285714285714286,3
"three_group",472,"Holm",TRUE,0.166666666666667,1,0,0,-5,0.166666666666667,1
"three_group",472,"BY",TRUE,0,0,0,0,-6,0,0
"three_group",473,"unadjusted",TRUE,0.666666666666667,0.8,0.2,1,-1,0.571428571428571,5
"three_group",473,"Holm",TRUE,0.333333333333333,1,0,0,-4,0.333333333333333,2
"three_group",473,"BY",TRUE,0.333333333333333,1,0,0,-4,0.333333333333333,2
"three_group",474,"unadjusted",TRUE,0.833333333333333,1,0,0,-1,0.833333333333333,5
"three_group",474,"Holm",TRUE,0.333333333333333,1,0,0,-4,0.333333333333333,2
"three_group",474,"BY",TRUE,0.166666666666667,1,0,0,-5,0.166666666666667,1
"three_group",475,"unadjusted",TRUE,0.5,1,0,0,-3,0.5,3
"three_group",475,"Holm",TRUE,0.333333333333333,1,0,0,-4,0.333333333333333,2
"three_group",475,"BY",TRUE,0,0,0,0,-6,0,0
"three_group",476,"unadjusted",TRUE,0.666666666666667,1,0,0,-2,0.666666666666667,4
"three_group",476,"Holm",TRUE,0,0,0,0,-6,0,0
"three_group",476,"BY",TRUE,0,0,0,0,-6,0,0
"three_group",477,"unadjusted",TRUE,0.5,1,0,0,-3,0.5,3
"three_group",477,"Holm",TRUE,0,0,0,0,-6,0,0
"three_group",477,"BY",TRUE,0,0,0,0,-6,0,0
"three_group",478,"unadjusted",TRUE,0.333333333333333,1,0,0,-4,0.333333333333333,2
"three_group",478,"Holm",TRUE,0.333333333333333,1,0,0,-4,0.333333333333333,2
"three_group",478,"BY",TRUE,0.333333333333333,1,0,0,-4,0.333333333333333,2
"three_group",479,"unadjusted",TRUE,0.666666666666667,0.666666666666667,0.333333333333333,1,0,0.5,6
"three_group",479,"Holm",TRUE,0,0,0,0,-6,0,0
"three_group",479,"BY",TRUE,0,0,0,0,-6,0,0
"three_group",480,"unadjusted",TRUE,0.666666666666667,0.8,0.2,1,-1,0.571428571428571,5
"three_group",480,"Holm",TRUE,0.333333333333333,1,0,0,-4,0.333333333333333,2
"three_group",480,"BY",TRUE,0.333333333333333,1,0,0,-4,0.333333333333333,2
"three_group",481,"unadjusted",TRUE,0.833333333333333,0.833333333333333,0.166666666666667,1,0,0.714285714285714,6
"three_group",481,"Holm",TRUE,0.166666666666667,1,0,0,-5,0.166666666666667,1
"three_group",481,"BY",TRUE,0.166666666666667,1,0,0,-5,0.166666666666667,1
"three_group",482,"unadjusted",TRUE,0.5,0.75,0.25,1,-2,0.428571428571429,4
"three_group",482,"Holm",TRUE,0.166666666666667,1,0,0,-5,0.166666666666667,1
"three_group",482,"BY",TRUE,0,0,0,0,-6,0,0
"three_group",483,"unadjusted",TRUE,0.666666666666667,1,0,0,-2,0.666666666666667,4
"three_group",483,"Holm",TRUE,0.166666666666667,1,0,0,-5,0.166666666666667,1
"three_group",483,"BY",TRUE,0,0,0,0,-6,0,0
"three_group",484,"unadjusted",TRUE,0.666666666666667,1,0,0,-2,0.666666666666667,4
"three_group",484,"Holm",TRUE,0,0,0,0,-6,0,0
"three_group",484,"BY",TRUE,0,0,0,0,-6,0,0
"three_group",485,"unadjusted",FALSE,0.333333333333333,0.666666666666667,0.333333333333333,1,-3,0.285714285714286,3
"three_group",485,"Holm",FALSE,0,0,0,0,-6,0,0
"three_group",485,"BY",FALSE,0,0,0,0,-6,0,0
"three_group",486,"unadjusted",TRUE,0.666666666666667,1,0,0,-2,0.666666666666667,4
"three_group",486,"Holm",TRUE,0.166666666666667,1,0,0,-5,0.166666666666667,1
"three_group",486,"BY",TRUE,0,0,0,0,-6,0,0
"three_group",487,"unadjusted",TRUE,0.666666666666667,1,0,0,-2,0.666666666666667,4
"three_group",487,"Holm",TRUE,0.333333333333333,1,0,0,-4,0.333333333333333,2
"three_group",487,"BY",TRUE,0.166666666666667,1,0,0,-5,0.166666666666667,1
"three_group",488,"unadjusted",FALSE,0.166666666666667,1,0,0,-5,0.166666666666667,1
"three_group",488,"Holm",FALSE,0,0,0,0,-6,0,0
"three_group",488,"BY",FALSE,0,0,0,0,-6,0,0
"three_group",489,"unadjusted",TRUE,0.5,1,0,0,-3,0.5,3
"three_group",489,"Holm",TRUE,0,0,0,0,-6,0,0
"three_group",489,"BY",TRUE,0,0,0,0,-6,0,0
"three_group",490,"unadjusted",TRUE,0.833333333333333,1,0,0,-1,0.833333333333333,5
"three_group",490,"Holm",TRUE,0.166666666666667,1,0,0,-5,0.166666666666667,1
"three_group",490,"BY",TRUE,0.166666666666667,1,0,0,-5,0.166666666666667,1
"three_group",491,"unadjusted",TRUE,0.666666666666667,0.571428571428571,0.428571428571429,1,1,0.444444444444444,7
"three_group",491,"Holm",TRUE,0.333333333333333,1,0,0,-4,0.333333333333333,2
"three_group",491,"BY",TRUE,0.166666666666667,1,0,0,-5,0.166666666666667,1
"three_group",492,"unadjusted",TRUE,0.5,1,0,0,-3,0.5,3
"three_group",492,"Holm",TRUE,0.5,1,0,0,-3,0.5,3
"three_group",492,"BY",TRUE,0.5,1,0,0,-3,0.5,3
"three_group",493,"unadjusted",TRUE,0.666666666666667,0.8,0.2,1,-1,0.571428571428571,5
"three_group",493,"Holm",TRUE,0.166666666666667,1,0,0,-5,0.166666666666667,1
"three_group",493,"BY",TRUE,0,0,0,0,-6,0,0
"three_group",494,"unadjusted",TRUE,0.666666666666667,0.666666666666667,0.333333333333333,1,0,0.5,6
"three_group",494,"Holm",TRUE,0.166666666666667,1,0,0,-5,0.166666666666667,1
"three_group",494,"BY",TRUE,0.166666666666667,1,0,0,-5,0.166666666666667,1
"three_group",495,"unadjusted",TRUE,0.5,1,0,0,-3,0.5,3
"three_group",495,"Holm",TRUE,0.333333333333333,1,0,0,-4,0.333333333333333,2
"three_group",495,"BY",TRUE,0,0,0,0,-6,0,0
"three_group",496,"unadjusted",TRUE,0.5,0.75,0.25,1,-2,0.428571428571429,4
"three_group",496,"Holm",TRUE,0.333333333333333,1,0,0,-4,0.333333333333333,2
"three_group",496,"BY",TRUE,0.166666666666667,1,0,0,-5,0.166666666666667,1
"three_group",497,"unadjusted",TRUE,0.333333333333333,0.5,0.5,1,-2,0.25,4
"three_group",497,"Holm",TRUE,0.166666666666667,1,0,0,-5,0.166666666666667,1
"three_group",497,"BY",TRUE,0.166666666666667,1,0,0,-5,0.166666666666667,1
"three_group",498,"unadjusted",TRUE,0.666666666666667,1,0,0,-2,0.666666666666667,4
"three_group",498,"Holm",TRUE,0.166666666666667,1,0,0,-5,0.166666666666667,1
"three_group",498,"BY",TRUE,0.166666666666667,1,0,0,-5,0.166666666666667,1
"three_group",499,"unadjusted",TRUE,0.666666666666667,0.571428571428571,0.428571428571429,1,1,0.444444444444444,7
"three_group",499,"Holm",TRUE,0,0,0,0,-6,0,0
"three_group",499,"BY",TRUE,0,0,0,0,-6,0,0
"three_group",500,"unadjusted",TRUE,0.5,1,0,0,-3,0.5,3
"three_group",500,"Holm",TRUE,0.5,1,0,0,-3,0.5,3
"three_group",500,"BY",TRUE,0,0,0,0,-6,0,0
"three_group",501,"unadjusted",TRUE,0.666666666666667,1,0,0,-2,0.666666666666667,4
"three_group",501,"Holm",TRUE,0.166666666666667,1,0,0,-5,0.166666666666667,1
"three_group",501,"BY",TRUE,0,0,0,0,-6,0,0
"three_group",502,"unadjusted",TRUE,0.666666666666667,0.8,0.2,1,-1,0.571428571428571,5
"three_group",502,"Holm",TRUE,0.333333333333333,1,0,0,-4,0.333333333333333,2
"three_group",502,"BY",TRUE,0.333333333333333,1,0,0,-4,0.333333333333333,2
"three_group",503,"unadjusted",TRUE,0.666666666666667,0.8,0.2,1,-1,0.571428571428571,5
"three_group",503,"Holm",TRUE,0.166666666666667,1,0,0,-5,0.166666666666667,1
"three_group",503,"BY",TRUE,0.166666666666667,1,0,0,-5,0.166666666666667,1
"three_group",504,"unadjusted",TRUE,0.833333333333333,0.833333333333333,0.166666666666667,1,0,0.714285714285714,6
"three_group",504,"Holm",TRUE,0.166666666666667,1,0,0,-5,0.166666666666667,1
"three_group",504,"BY",TRUE,0.166666666666667,1,0,0,-5,0.166666666666667,1
"three_group",505,"unadjusted",TRUE,0.5,1,0,0,-3,0.5,3
"three_group",505,"Holm",TRUE,0.333333333333333,1,0,0,-4,0.333333333333333,2
"three_group",505,"BY",TRUE,0.333333333333333,1,0,0,-4,0.333333333333333,2
"three_group",506,"unadjusted",TRUE,0.666666666666667,0.8,0.2,1,-1,0.571428571428571,5
"three_group",506,"Holm",TRUE,0,0,0,0,-6,0,0
"three_group",506,"BY",TRUE,0,0,0,0,-6,0,0
"three_group",507,"unadjusted",TRUE,0.833333333333333,1,0,0,-1,0.833333333333333,5
"three_group",507,"Holm",TRUE,0,0,0,0,-6,0,0
"three_group",507,"BY",TRUE,0,0,0,0,-6,0,0
"three_group",508,"unadjusted",TRUE,0.833333333333333,0.625,0.375,1,2,0.555555555555556,8
"three_group",508,"Holm",TRUE,0.166666666666667,1,0,0,-5,0.166666666666667,1
"three_group",508,"BY",TRUE,0,0,0,0,-6,0,0
"three_group",509,"unadjusted",TRUE,0.666666666666667,1,0,0,-2,0.666666666666667,4
"three_group",509,"Holm",TRUE,0.5,1,0,0,-3,0.5,3
"three_group",509,"BY",TRUE,0.5,1,0,0,-3,0.5,3
"three_group",510,"unadjusted",TRUE,0.666666666666667,0.8,0.2,1,-1,0.571428571428571,5
"three_group",510,"Holm",TRUE,0,0,0,0,-6,0,0
"three_group",510,"BY",TRUE,0,0,0,0,-6,0,0
"three_group",511,"unadjusted",TRUE,0.333333333333333,1,0,0,-4,0.333333333333333,2
"three_group",511,"Holm",TRUE,0,0,0,0,-6,0,0
"three_group",511,"BY",TRUE,0,0,0,0,-6,0,0
"three_group",512,"unadjusted",TRUE,0.5,0.6,0.4,1,-1,0.375,5
"three_group",512,"Holm",TRUE,0,0,0,0,-6,0,0
"three_group",512,"BY",TRUE,0,0,0,0,-6,0,0
"three_group",513,"unadjusted",TRUE,0.666666666666667,0.8,0.2,1,-1,0.571428571428571,5
"three_group",513,"Holm",TRUE,0.166666666666667,1,0,0,-5,0.166666666666667,1
"three_group",513,"BY",TRUE,0,0,0,0,-6,0,0
"three_group",514,"unadjusted",TRUE,0.5,1,0,0,-3,0.5,3
"three_group",514,"Holm",TRUE,0.166666666666667,1,0,0,-5,0.166666666666667,1
"three_group",514,"BY",TRUE,0.166666666666667,1,0,0,-5,0.166666666666667,1
"three_group",515,"unadjusted",TRUE,0.666666666666667,0.8,0.2,1,-1,0.571428571428571,5
"three_group",515,"Holm",TRUE,0.333333333333333,1,0,0,-4,0.333333333333333,2
"three_group",515,"BY",TRUE,0.333333333333333,1,0,0,-4,0.333333333333333,2
"three_group",516,"unadjusted",TRUE,0.833333333333333,1,0,0,-1,0.833333333333333,5
"three_group",516,"Holm",TRUE,0.166666666666667,1,0,0,-5,0.166666666666667,1
"three_group",516,"BY",TRUE,0,0,0,0,-6,0,0
"three_group",517,"unadjusted",TRUE,0.833333333333333,1,0,0,-1,0.833333333333333,5
"three_group",517,"Holm",TRUE,0,0,0,0,-6,0,0
"three_group",517,"BY",TRUE,0,0,0,0,-6,0,0
"three_group",518,"unadjusted",TRUE,0.666666666666667,1,0,0,-2,0.666666666666667,4
"three_group",518,"Holm",TRUE,0.333333333333333,1,0,0,-4,0.333333333333333,2
"three_group",518,"BY",TRUE,0.333333333333333,1,0,0,-4,0.333333333333333,2
"three_group",519,"unadjusted",FALSE,0.166666666666667,0.5,0.5,1,-4,0.142857142857143,2
"three_group",519,"Holm",FALSE,0.166666666666667,1,0,0,-5,0.166666666666667,1
"three_group",519,"BY",FALSE,0,0,0,0,-6,0,0
"three_group",520,"unadjusted",TRUE,0.5,0.75,0.25,1,-2,0.428571428571429,4
"three_group",520,"Holm",TRUE,0.333333333333333,1,0,0,-4,0.333333333333333,2
"three_group",520,"BY",TRUE,0,0,0,0,-6,0,0
"three_group",521,"unadjusted",TRUE,0.666666666666667,1,0,0,-2,0.666666666666667,4
"three_group",521,"Holm",TRUE,0.166666666666667,1,0,0,-5,0.166666666666667,1
"three_group",521,"BY",TRUE,0,0,0,0,-6,0,0
"three_group",522,"unadjusted",TRUE,0.833333333333333,1,0,0,-1,0.833333333333333,5
"three_group",522,"Holm",TRUE,0.166666666666667,1,0,0,-5,0.166666666666667,1
"three_group",522,"BY",TRUE,0,0,0,0,-6,0,0
"three_group",523,"unadjusted",TRUE,0.666666666666667,0.8,0.2,1,-1,0.571428571428571,5
"three_group",523,"Holm",TRUE,0,0,0,0,-6,0,0
"three_group",523,"BY",TRUE,0,0,0,0,-6,0,0
"three_group",524,"unadjusted",TRUE,0.666666666666667,0.8,0.2,1,-1,0.571428571428571,5
"three_group",524,"Holm",TRUE,0.333333333333333,1,0,0,-4,0.333333333333333,2
"three_group",524,"BY",TRUE,0,0,0,0,-6,0,0
"three_group",525,"unadjusted",TRUE,0.666666666666667,1,0,0,-2,0.666666666666667,4
"three_group",525,"Holm",TRUE,0.166666666666667,1,0,0,-5,0.166666666666667,1
"three_group",525,"BY",TRUE,0.166666666666667,1,0,0,-5,0.166666666666667,1
"three_group",526,"unadjusted",TRUE,0.666666666666667,0.8,0.2,1,-1,0.571428571428571,5
"three_group",526,"Holm",TRUE,0,0,0,0,-6,0,0
"three_group",526,"BY",TRUE,0,0,0,0,-6,0,0
"three_group",527,"unadjusted",TRUE,0.333333333333333,0.5,0.5,1,-2,0.25,4
"three_group",527,"Holm",TRUE,0.166666666666667,1,0,0,-5,0.166666666666667,1
"three_group",527,"BY",TRUE,0,0,0,0,-6,0,0
"three_group",528,"unadjusted",TRUE,0.5,1,0,0,-3,0.5,3
"three_group",528,"Holm",TRUE,0.333333333333333,1,0,0,-4,0.333333333333333,2
"three_group",528,"BY",TRUE,0.333333333333333,1,0,0,-4,0.333333333333333,2
"three_group",529,"unadjusted",TRUE,0.5,0.6,0.4,1,-1,0.375,5
"three_group",529,"Holm",TRUE,0,0,1,1,-5,0,1
"three_group",529,"BY",TRUE,0,0,0,0,-6,0,0
"three_group",530,"unadjusted",FALSE,0.166666666666667,1,0,0,-5,0.166666666666667,1
"three_group",530,"Holm",FALSE,0,0,0,0,-6,0,0
"three_group",530,"BY",FALSE,0,0,0,0,-6,0,0
"three_group",531,"unadjusted",TRUE,0.666666666666667,0.8,0.2,1,-1,0.571428571428571,5
"three_group",531,"Holm",TRUE,0.333333333333333,1,0,0,-4,0.333333333333333,2
"three_group",531,"BY",TRUE,0.166666666666667,1,0,0,-5,0.166666666666667,1
"three_group",532,"unadjusted",TRUE,0.833333333333333,0.555555555555556,0.444444444444444,1,3,0.5,9
"three_group",532,"Holm",TRUE,0,0,0,0,-6,0,0
"three_group",532,"BY",TRUE,0,0,0,0,-6,0,0
"three_group",533,"unadjusted",TRUE,0.5,1,0,0,-3,0.5,3
"three_group",533,"Holm",TRUE,0.166666666666667,1,0,0,-5,0.166666666666667,1
"three_group",533,"BY",TRUE,0,0,0,0,-6,0,0
"three_group",534,"unadjusted",TRUE,0.5,1,0,0,-3,0.5,3
"three_group",534,"Holm",TRUE,0.166666666666667,1,0,0,-5,0.166666666666667,1
"three_group",534,"BY",TRUE,0,0,0,0,-6,0,0
"three_group",535,"unadjusted",TRUE,0.833333333333333,1,0,0,-1,0.833333333333333,5
"three_group",535,"Holm",TRUE,0.166666666666667,1,0,0,-5,0.166666666666667,1
"three_group",535,"BY",TRUE,0.166666666666667,1,0,0,-5,0.166666666666667,1
"three_group",536,"unadjusted",FALSE,0.333333333333333,1,0,0,-4,0.333333333333333,2
"three_group",536,"Holm",FALSE,0,0,0,0,-6,0,0
"three_group",536,"BY",FALSE,0,0,0,0,-6,0,0
"three_group",537,"unadjusted",TRUE,0.333333333333333,0.666666666666667,0.333333333333333,1,-3,0.285714285714286,3
"three_group",537,"Holm",TRUE,0.166666666666667,1,0,0,-5,0.166666666666667,1
"three_group",537,"BY",TRUE,0.166666666666667,1,0,0,-5,0.166666666666667,1
"three_group",538,"unadjusted",TRUE,0.833333333333333,1,0,0,-1,0.833333333333333,5
"three_group",538,"Holm",TRUE,0.5,1,0,0,-3,0.5,3
"three_group",538,"BY",TRUE,0.5,1,0,0,-3,0.5,3
"three_group",539,"unadjusted",TRUE,0.5,1,0,0,-3,0.5,3
"three_group",539,"Holm",TRUE,0.166666666666667,1,0,0,-5,0.166666666666667,1
"three_group",539,"BY",TRUE,0.166666666666667,1,0,0,-5,0.166666666666667,1
"three_group",540,"unadjusted",TRUE,0.5,1,0,0,-3,0.5,3
"three_group",540,"Holm",TRUE,0,0,0,0,-6,0,0
"three_group",540,"BY",TRUE,0,0,0,0,-6,0,0
"three_group",541,"unadjusted",TRUE,0.666666666666667,0.8,0.2,1,-1,0.571428571428571,5
"three_group",541,"Holm",TRUE,0.166666666666667,1,0,0,-5,0.166666666666667,1
"three_group",541,"BY",TRUE,0,0,0,0,-6,0,0
"three_group",542,"unadjusted",TRUE,0.666666666666667,0.666666666666667,0.333333333333333,1,0,0.5,6
"three_group",542,"Holm",TRUE,0.166666666666667,1,0,0,-5,0.166666666666667,1
"three_group",542,"BY",TRUE,0.166666666666667,1,0,0,-5,0.166666666666667,1
"three_group",543,"unadjusted",TRUE,0.333333333333333,0.5,0.5,1,-2,0.25,4
"three_group",543,"Holm",TRUE,0,0,0,0,-6,0,0
"three_group",543,"BY",TRUE,0,0,0,0,-6,0,0
"three_group",544,"unadjusted",TRUE,0.5,0.75,0.25,1,-2,0.428571428571429,4
"three_group",544,"Holm",TRUE,0,0,0,0,-6,0,0
"three_group",544,"BY",TRUE,0,0,0,0,-6,0,0
"three_group",545,"unadjusted",TRUE,0.833333333333333,1,0,0,-1,0.833333333333333,5
"three_group",545,"Holm",TRUE,0.166666666666667,1,0,0,-5,0.166666666666667,1
"three_group",545,"BY",TRUE,0.166666666666667,1,0,0,-5,0.166666666666667,1
"three_group",546,"unadjusted",FALSE,0.333333333333333,1,0,0,-4,0.333333333333333,2
"three_group",546,"Holm",FALSE,0.166666666666667,1,0,0,-5,0.166666666666667,1
"three_group",546,"BY",FALSE,0.166666666666667,1,0,0,-5,0.166666666666667,1
"three_group",547,"unadjusted",TRUE,0.833333333333333,1,0,0,-1,0.833333333333333,5
"three_group",547,"Holm",TRUE,0.333333333333333,1,0,0,-4,0.333333333333333,2
"three_group",547,"BY",TRUE,0.166666666666667,1,0,0,-5,0.166666666666667,1
"three_group",548,"unadjusted",TRUE,0.833333333333333,1,0,0,-1,0.833333333333333,5
"three_group",548,"Holm",TRUE,0,0,0,0,-6,0,0
"three_group",548,"BY",TRUE,0,0,0,0,-6,0,0
"three_group",549,"unadjusted",TRUE,0.333333333333333,1,0,0,-4,0.333333333333333,2
"three_group",549,"Holm",TRUE,0,0,0,0,-6,0,0
"three_group",549,"BY",TRUE,0,0,0,0,-6,0,0
"three_group",550,"unadjusted",TRUE,0.333333333333333,0.5,0.5,1,-2,0.25,4
"three_group",550,"Holm",TRUE,0.166666666666667,1,0,0,-5,0.166666666666667,1
"three_group",550,"BY",TRUE,0.166666666666667,1,0,0,-5,0.166666666666667,1
"three_group",551,"unadjusted",TRUE,0.5,0.75,0.25,1,-2,0.428571428571429,4
"three_group",551,"Holm",TRUE,0.166666666666667,1,0,0,-5,0.166666666666667,1
"three_group",551,"BY",TRUE,0.166666666666667,1,0,0,-5,0.166666666666667,1
"three_group",552,"unadjusted",FALSE,0,0,1,1,-5,0,1
"three_group",552,"Holm",FALSE,0,0,0,0,-6,0,0
"three_group",552,"BY",FALSE,0,0,0,0,-6,0,0
"three_group",553,"unadjusted",TRUE,0.666666666666667,1,0,0,-2,0.666666666666667,4
"three_group",553,"Holm",TRUE,0,0,0,0,-6,0,0
"three_group",553,"BY",TRUE,0,0,0,0,-6,0,0
"three_group",554,"unadjusted",TRUE,0.333333333333333,0.666666666666667,0.333333333333333,1,-3,0.285714285714286,3
"three_group",554,"Holm",TRUE,0.333333333333333,1,0,0,-4,0.333333333333333,2
"three_group",554,"BY",TRUE,0.333333333333333,1,0,0,-4,0.333333333333333,2
"three_group",555,"unadjusted",TRUE,0.5,1,0,0,-3,0.5,3
"three_group",555,"Holm",TRUE,0.166666666666667,1,0,0,-5,0.166666666666667,1
"three_group",555,"BY",TRUE,0.166666666666667,1,0,0,-5,0.166666666666667,1
"three_group",556,"unadjusted",FALSE,0.333333333333333,1,0,0,-4,0.333333333333333,2
"three_group",556,"Holm",FALSE,0,0,0,0,-6,0,0
"three_group",556,"BY",FALSE,0,0,0,0,-6,0,0
"three_group",557,"unadjusted",FALSE,0.333333333333333,1,0,0,-4,0.333333333333333,2
"three_group",557,"Holm",FALSE,0,0,0,0,-6,0,0
"three_group",557,"BY",FALSE,0,0,0,0,-6,0,0
"three_group",558,"unadjusted",TRUE,0.666666666666667,0.8,0.2,1,-1,0.571428571428571,5
"three_group",558,"Holm",TRUE,0.333333333333333,1,0,0,-4,0.333333333333333,2
"three_group",558,"BY",TRUE,0,0,0,0,-6,0,0
"three_group",559,"unadjusted",TRUE,0.833333333333333,1,0,0,-1,0.833333333333333,5
"three_group",559,"Holm",TRUE,0.5,1,0,0,-3,0.5,3
"three_group",559,"BY",TRUE,0,0,0,0,-6,0,0
"three_group",560,"unadjusted",TRUE,0.5,0.6,0.4,1,-1,0.375,5
"three_group",560,"Holm",TRUE,0,0,0,0,-6,0,0
"three_group",560,"BY",TRUE,0,0,0,0,-6,0,0
"three_group",561,"unadjusted",TRUE,0.666666666666667,1,0,0,-2,0.666666666666667,4
"three_group",561,"Holm",TRUE,0.333333333333333,1,0,0,-4,0.333333333333333,2
"three_group",561,"BY",TRUE,0.333333333333333,1,0,0,-4,0.333333333333333,2
"three_group",562,"unadjusted",TRUE,0.666666666666667,0.8,0.2,1,-1,0.571428571428571,5
"three_group",562,"Holm",TRUE,0.5,1,0,0,-3,0.5,3
"three_group",562,"BY",TRUE,0.333333333333333,1,0,0,-4,0.333333333333333,2
"three_group",563,"unadjusted",FALSE,0.5,1,0,0,-3,0.5,3
"three_group",563,"Holm",FALSE,0,0,0,0,-6,0,0
"three_group",563,"BY",FALSE,0,0,0,0,-6,0,0
"three_group",564,"unadjusted",TRUE,0.5,1,0,0,-3,0.5,3
"three_group",564,"Holm",TRUE,0.333333333333333,1,0,0,-4,0.333333333333333,2
"three_group",564,"BY",TRUE,0,0,0,0,-6,0,0
"three_group",565,"unadjusted",TRUE,0.5,0.75,0.25,1,-2,0.428571428571429,4
"three_group",565,"Holm",TRUE,0,0,0,0,-6,0,0
"three_group",565,"BY",TRUE,0,0,0,0,-6,0,0
"three_group",566,"unadjusted",TRUE,0,0,1,1,-3,0,3
"three_group",566,"Holm",TRUE,0,0,0,0,-6,0,0
"three_group",566,"BY",TRUE,0,0,0,0,-6,0,0
"three_group",567,"unadjusted",TRUE,0.5,1,0,0,-3,0.5,3
"three_group",567,"Holm",TRUE,0.166666666666667,1,0,0,-5,0.166666666666667,1
"three_group",567,"BY",TRUE,0,0,0,0,-6,0,0
"three_group",568,"unadjusted",TRUE,0.666666666666667,0.666666666666667,0.333333333333333,1,0,0.5,6
"three_group",568,"Holm",TRUE,0.166666666666667,1,0,0,-5,0.166666666666667,1
"three_group",568,"BY",TRUE,0.166666666666667,1,0,0,-5,0.166666666666667,1
"three_group",569,"unadjusted",TRUE,0.5,0.75,0.25,1,-2,0.428571428571429,4
"three_group",569,"Holm",TRUE,0,0,0,0,-6,0,0
"three_group",569,"BY",TRUE,0,0,0,0,-6,0,0
"three_group",570,"unadjusted",TRUE,0.666666666666667,0.8,0.2,1,-1,0.571428571428571,5
"three_group",570,"Holm",TRUE,0.166666666666667,1,0,0,-5,0.166666666666667,1
"three_group",570,"BY",TRUE,0,0,0,0,-6,0,0
"three_group",571,"unadjusted",TRUE,0.333333333333333,1,0,0,-4,0.333333333333333,2
"three_group",571,"Holm",TRUE,0.166666666666667,1,0,0,-5,0.166666666666667,1
"three_group",571,"BY",TRUE,0,0,0,0,-6,0,0
"three_group",572,"unadjusted",FALSE,0.333333333333333,1,0,0,-4,0.333333333333333,2
"three_group",572,"Holm",FALSE,0,0,0,0,-6,0,0
"three_group",572,"BY",FALSE,0,0,0,0,-6,0,0
"three_group",573,"unadjusted",TRUE,0.833333333333333,0.833333333333333,0.166666666666667,1,0,0.714285714285714,6
"three_group",573,"Holm",TRUE,0.5,1,0,0,-3,0.5,3
"three_group",573,"BY",TRUE,0.5,1,0,0,-3,0.5,3
"three_group",574,"unadjusted",TRUE,0.5,0.75,0.25,1,-2,0.428571428571429,4
"three_group",574,"Holm",TRUE,0,0,0,0,-6,0,0
"three_group",574,"BY",TRUE,0,0,0,0,-6,0,0
"three_group",575,"unadjusted",TRUE,0.166666666666667,0.5,0.5,1,-4,0.142857142857143,2
"three_group",575,"Holm",TRUE,0,0,0,0,-6,0,0
"three_group",575,"BY",TRUE,0,0,0,0,-6,0,0
"three_group",576,"unadjusted",TRUE,0.5,1,0,0,-3,0.5,3
"three_group",576,"Holm",TRUE,0.166666666666667,1,0,0,-5,0.166666666666667,1
"three_group",576,"BY",TRUE,0.166666666666667,1,0,0,-5,0.166666666666667,1
"three_group",577,"unadjusted",TRUE,0.666666666666667,1,0,0,-2,0.666666666666667,4
"three_group",577,"Holm",TRUE,0.166666666666667,1,0,0,-5,0.166666666666667,1
"three_group",577,"BY",TRUE,0.166666666666667,1,0,0,-5,0.166666666666667,1
"three_group",578,"unadjusted",TRUE,0.833333333333333,0.714285714285714,0.285714285714286,1,1,0.625,7
"three_group",578,"Holm",TRUE,0.666666666666667,1,0,0,-2,0.666666666666667,4
"three_group",578,"BY",TRUE,0.666666666666667,1,0,0,-2,0.666666666666667,4
"three_group",579,"unadjusted",TRUE,0.833333333333333,0.714285714285714,0.285714285714286,1,1,0.625,7
"three_group",579,"Holm",TRUE,0.166666666666667,1,0,0,-5,0.166666666666667,1
"three_group",579,"BY",TRUE,0,0,0,0,-6,0,0
"three_group",580,"unadjusted",TRUE,0.666666666666667,1,0,0,-2,0.666666666666667,4
"three_group",580,"Holm",TRUE,0.5,1,0,0,-3,0.5,3
"three_group",580,"BY",TRUE,0.5,1,0,0,-3,0.5,3
"three_group",581,"unadjusted",TRUE,0.5,0.75,0.25,1,-2,0.428571428571429,4
"three_group",581,"Holm",TRUE,0,0,0,0,-6,0,0
"three_group",581,"BY",TRUE,0,0,0,0,-6,0,0
"three_group",582,"unadjusted",FALSE,0.166666666666667,1,0,0,-5,0.166666666666667,1
"three_group",582,"Holm",FALSE,0,0,0,0,-6,0,0
"three_group",582,"BY",FALSE,0,0,0,0,-6,0,0
"three_group",583,"unadjusted",TRUE,0.5,0.75,0.25,1,-2,0.428571428571429,4
"three_group",583,"Holm",TRUE,0.166666666666667,1,0,0,-5,0.166666666666667,1
"three_group",583,"BY",TRUE,0.166666666666667,1,0,0,-5,0.166666666666667,1
"three_group",584,"unadjusted",TRUE,0.5,1,0,0,-3,0.5,3
"three_group",584,"Holm",TRUE,0.166666666666667,1,0,0,-5,0.166666666666667,1
"three_group",584,"BY",TRUE,0,0,0,0,-6,0,0
"three_group",585,"unadjusted",TRUE,1,0.666666666666667,0.333333333333333,1,3,0.666666666666667,9
"three_group",585,"Holm",TRUE,0.5,1,0,0,-3,0.5,3
"three_group",585,"BY",TRUE,0.333333333333333,1,0,0,-4,0.333333333333333,2
"three_group",586,"unadjusted",TRUE,0.833333333333333,0.833333333333333,0.166666666666667,1,0,0.714285714285714,6
"three_group",586,"Holm",TRUE,0,0,0,0,-6,0,0
"three_group",586,"BY",TRUE,0,0,0,0,-6,0,0
"three_group",587,"unadjusted",TRUE,0.833333333333333,0.833333333333333,0.166666666666667,1,0,0.714285714285714,6
"three_group",587,"Holm",TRUE,0,0,0,0,-6,0,0
"three_group",587,"BY",TRUE,0,0,0,0,-6,0,0
"three_group",588,"unadjusted",TRUE,0.833333333333333,0.833333333333333,0.166666666666667,1,0,0.714285714285714,6
"three_group",588,"Holm",TRUE,0.166666666666667,1,0,0,-5,0.166666666666667,1
"three_group",588,"BY",TRUE,0,0,0,0,-6,0,0
"three_group",589,"unadjusted",TRUE,0.166666666666667,0.5,0.5,1,-4,0.142857142857143,2
"three_group",589,"Holm",TRUE,0,0,0,0,-6,0,0
"three_group",589,"BY",TRUE,0,0,0,0,-6,0,0
"three_group",590,"unadjusted",TRUE,0.5,1,0,0,-3,0.5,3
"three_group",590,"Holm",TRUE,0,0,0,0,-6,0,0
"three_group",590,"BY",TRUE,0,0,0,0,-6,0,0
"three_group",591,"unadjusted",TRUE,0.5,0.75,0.25,1,-2,0.428571428571429,4
"three_group",591,"Holm",TRUE,0,0,0,0,-6,0,0
"three_group",591,"BY",TRUE,0,0,0,0,-6,0,0
"three_group",592,"unadjusted",FALSE,0.333333333333333,0.5,0.5,1,-2,0.25,4
"three_group",592,"Holm",FALSE,0,0,0,0,-6,0,0
"three_group",592,"BY",FALSE,0,0,0,0,-6,0,0
"three_group",593,"unadjusted",TRUE,0.666666666666667,0.666666666666667,0.333333333333333,1,0,0.5,6
"three_group",593,"Holm",TRUE,0,0,0,0,-6,0,0
"three_group",593,"BY",TRUE,0,0,0,0,-6,0,0
"three_group",594,"unadjusted",TRUE,0.5,0.6,0.4,1,-1,0.375,5
"three_group",594,"Holm",TRUE,0,0,0,0,-6,0,0
"three_group",594,"BY",TRUE,0,0,0,0,-6,0,0
"three_group",595,"unadjusted",TRUE,0.666666666666667,0.8,0.2,1,-1,0.571428571428571,5
"three_group",595,"Holm",TRUE,0,0,0,0,-6,0,0
"three_group",595,"BY",TRUE,0,0,0,0,-6,0,0
"three_group",596,"unadjusted",TRUE,0.833333333333333,0.833333333333333,0.166666666666667,1,0,0.714285714285714,6
"three_group",596,"Holm",TRUE,0.5,1,0,0,-3,0.5,3
"three_group",596,"BY",TRUE,0.5,1,0,0,-3,0.5,3
"three_group",597,"unadjusted",TRUE,0.666666666666667,1,0,0,-2,0.666666666666667,4
"three_group",597,"Holm",TRUE,0.166666666666667,1,0,0,-5,0.166666666666667,1
"three_group",597,"BY",TRUE,0.166666666666667,1,0,0,-5,0.166666666666667,1
"three_group",598,"unadjusted",TRUE,0.833333333333333,1,0,0,-1,0.833333333333333,5
"three_group",598,"Holm",TRUE,0.333333333333333,1,0,0,-4,0.333333333333333,2
"three_group",598,"BY",TRUE,0.333333333333333,1,0,0,-4,0.333333333333333,2
"three_group",599,"unadjusted",TRUE,0.666666666666667,0.666666666666667,0.333333333333333,1,0,0.5,6
"three_group",599,"Holm",TRUE,0.166666666666667,1,0,0,-5,0.166666666666667,1
"three_group",599,"BY",TRUE,0.166666666666667,1,0,0,-5,0.166666666666667,1
"three_group",600,"unadjusted",FALSE,0,0,1,1,-4,0,2
"three_group",600,"Holm",FALSE,0,0,0,0,-6,0,0
"three_group",600,"BY",FALSE,0,0,0,0,-6,0,0
"three_group",601,"unadjusted",TRUE,1,1,0,0,0,1,6
"three_group",601,"Holm",TRUE,0.166666666666667,1,0,0,-5,0.166666666666667,1
"three_group",601,"BY",TRUE,0,0,0,0,-6,0,0
"three_group",602,"unadjusted",TRUE,0.833333333333333,1,0,0,-1,0.833333333333333,5
"three_group",602,"Holm",TRUE,0,0,0,0,-6,0,0
"three_group",602,"BY",TRUE,0,0,0,0,-6,0,0
"three_group",603,"unadjusted",TRUE,0.666666666666667,1,0,0,-2,0.666666666666667,4
"three_group",603,"Holm",TRUE,0,0,0,0,-6,0,0
"three_group",603,"BY",TRUE,0,0,0,0,-6,0,0
"three_group",604,"unadjusted",TRUE,0.666666666666667,0.8,0.2,1,-1,0.571428571428571,5
"three_group",604,"Holm",TRUE,0.333333333333333,1,0,0,-4,0.333333333333333,2
"three_group",604,"BY",TRUE,0.333333333333333,1,0,0,-4,0.333333333333333,2
"three_group",605,"unadjusted",TRUE,0.833333333333333,0.714285714285714,0.285714285714286,1,1,0.625,7
"three_group",605,"Holm",TRUE,0,0,0,0,-6,0,0
"three_group",605,"BY",TRUE,0,0,0,0,-6,0,0
"three_group",606,"unadjusted",TRUE,0.5,0.75,0.25,1,-2,0.428571428571429,4
"three_group",606,"Holm",TRUE,0,0,0,0,-6,0,0
"three_group",606,"BY",TRUE,0,0,0,0,-6,0,0
"three_group",607,"unadjusted",TRUE,0.5,1,0,0,-3,0.5,3
"three_group",607,"Holm",TRUE,0.166666666666667,1,0,0,-5,0.166666666666667,1
"three_group",607,"BY",TRUE,0.166666666666667,1,0,0,-5,0.166666666666667,1
"three_group",608,"unadjusted",TRUE,0.5,0.75,0.25,1,-2,0.428571428571429,4
"three_group",608,"Holm",TRUE,0.166666666666667,1,0,0,-5,0.166666666666667,1
"three_group",608,"BY",TRUE,0,0,0,0,-6,0,0
"three_group",609,"unadjusted",TRUE,0.833333333333333,1,0,0,-1,0.833333333333333,5
"three_group",609,"Holm",TRUE,0.333333333333333,1,0,0,-4,0.333333333333333,2
"three_group",609,"BY",TRUE,0,0,0,0,-6,0,0
"three_group",610,"unadjusted",TRUE,0.5,1,0,0,-3,0.5,3
"three_group",610,"Holm",TRUE,0.166666666666667,1,0,0,-5,0.166666666666667,1
"three_group",610,"BY",TRUE,0,0,0,0,-6,0,0
"three_group",611,"unadjusted",TRUE,0.5,0.6,0.4,1,-1,0.375,5
"three_group",611,"Holm",TRUE,0,0,0,0,-6,0,0
"three_group",611,"BY",TRUE,0,0,0,0,-6,0,0
"three_group",612,"unadjusted",TRUE,0.5,0.75,0.25,1,-2,0.428571428571429,4
"three_group",612,"Holm",TRUE,0.333333333333333,1,0,0,-4,0.333333333333333,2
"three_group",612,"BY",TRUE,0.333333333333333,1,0,0,-4,0.333333333333333,2
"three_group",613,"unadjusted",TRUE,0.666666666666667,1,0,0,-2,0.666666666666667,4
"three_group",613,"Holm",TRUE,0.166666666666667,1,0,0,-5,0.166666666666667,1
"three_group",613,"BY",TRUE,0.166666666666667,1,0,0,-5,0.166666666666667,1
"three_group",614,"unadjusted",TRUE,0.666666666666667,1,0,0,-2,0.666666666666667,4
"three_group",614,"Holm",TRUE,0,0,0,0,-6,0,0
"three_group",614,"BY",TRUE,0,0,0,0,-6,0,0
"three_group",615,"unadjusted",TRUE,0.833333333333333,1,0,0,-1,0.833333333333333,5
"three_group",615,"Holm",TRUE,0,0,0,0,-6,0,0
"three_group",615,"BY",TRUE,0,0,0,0,-6,0,0
"three_group",616,"unadjusted",TRUE,0.166666666666667,1,0,0,-5,0.166666666666667,1
"three_group",616,"Holm",TRUE,0,0,0,0,-6,0,0
"three_group",616,"BY",TRUE,0,0,0,0,-6,0,0
"three_group",617,"unadjusted",TRUE,1,0.857142857142857,0.142857142857143,1,1,0.857142857142857,7
"three_group",617,"Holm",TRUE,0.166666666666667,1,0,0,-5,0.166666666666667,1
"three_group",617,"BY",TRUE,0.166666666666667,1,0,0,-5,0.166666666666667,1
"three_group",618,"unadjusted",TRUE,0.5,0.5,0.5,1,0,0.333333333333333,6
"three_group",618,"Holm",TRUE,0.166666666666667,1,0,0,-5,0.166666666666667,1
"three_group",618,"BY",TRUE,0,0,0,0,-6,0,0
"three_group",619,"unadjusted",TRUE,0.5,0.6,0.4,1,-1,0.375,5
"three_group",619,"Holm",TRUE,0.166666666666667,1,0,0,-5,0.166666666666667,1
"three_group",619,"BY",TRUE,0,0,0,0,-6,0,0
"three_group",620,"unadjusted",TRUE,0.666666666666667,0.666666666666667,0.333333333333333,1,0,0.5,6
"three_group",620,"Holm",TRUE,0,0,0,0,-6,0,0
"three_group",620,"BY",TRUE,0,0,0,0,-6,0,0
"three_group",621,"unadjusted",TRUE,0.666666666666667,0.8,0.2,1,-1,0.571428571428571,5
"three_group",621,"Holm",TRUE,0.333333333333333,1,0,0,-4,0.333333333333333,2
"three_group",621,"BY",TRUE,0,0,0,0,-6,0,0
"three_group",622,"unadjusted",TRUE,0.5,0.75,0.25,1,-2,0.428571428571429,4
"three_group",622,"Holm",TRUE,0.166666666666667,1,0,0,-5,0.166666666666667,1
"three_group",622,"BY",TRUE,0,0,0,0,-6,0,0
"three_group",623,"unadjusted",TRUE,0.666666666666667,1,0,0,-2,0.666666666666667,4
"three_group",623,"Holm",TRUE,0.333333333333333,1,0,0,-4,0.333333333333333,2
"three_group",623,"BY",TRUE,0.333333333333333,1,0,0,-4,0.333333333333333,2
"three_group",624,"unadjusted",TRUE,0.666666666666667,1,0,0,-2,0.666666666666667,4
"three_group",624,"Holm",TRUE,0.333333333333333,1,0,0,-4,0.333333333333333,2
"three_group",624,"BY",TRUE,0.333333333333333,1,0,0,-4,0.333333333333333,2
"three_group",625,"unadjusted",TRUE,0.666666666666667,0.8,0.2,1,-1,0.571428571428571,5
"three_group",625,"Holm",TRUE,0.5,1,0,0,-3,0.5,3
"three_group",625,"BY",TRUE,0.5,1,0,0,-3,0.5,3
"three_group",626,"unadjusted",TRUE,0.833333333333333,1,0,0,-1,0.833333333333333,5
"three_group",626,"Holm",TRUE,0.5,1,0,0,-3,0.5,3
"three_group",626,"BY",TRUE,0,0,0,0,-6,0,0
"three_group",627,"unadjusted",TRUE,0.833333333333333,0.833333333333333,0.166666666666667,1,0,0.714285714285714,6
"three_group",627,"Holm",TRUE,0.166666666666667,1,0,0,-5,0.166666666666667,1
"three_group",627,"BY",TRUE,0.166666666666667,1,0,0,-5,0.166666666666667,1
"three_group",628,"unadjusted",TRUE,0.666666666666667,1,0,0,-2,0.666666666666667,4
"three_group",628,"Holm",TRUE,0.166666666666667,1,0,0,-5,0.166666666666667,1
"three_group",628,"BY",TRUE,0,0,0,0,-6,0,0
"three_group",629,"unadjusted",TRUE,0.666666666666667,0.666666666666667,0.333333333333333,1,0,0.5,6
"three_group",629,"Holm",TRUE,0.166666666666667,1,0,0,-5,0.166666666666667,1
"three_group",629,"BY",TRUE,0.166666666666667,1,0,0,-5,0.166666666666667,1
"three_group",630,"unadjusted",TRUE,0.666666666666667,1,0,0,-2,0.666666666666667,4
"three_group",630,"Holm",TRUE,0,0,0,0,-6,0,0
"three_group",630,"BY",TRUE,0,0,0,0,-6,0,0
"three_group",631,"unadjusted",TRUE,0.666666666666667,1,0,0,-2,0.666666666666667,4
"three_group",631,"Holm",TRUE,0,0,0,0,-6,0,0
"three_group",631,"BY",TRUE,0,0,0,0,-6,0,0
"three_group",632,"unadjusted",TRUE,0.666666666666667,1,0,0,-2,0.666666666666667,4
"three_group",632,"Holm",TRUE,0,0,0,0,-6,0,0
"three_group",632,"BY",TRUE,0,0,0,0,-6,0,0
"three_group",633,"unadjusted",TRUE,0.833333333333333,1,0,0,-1,0.833333333333333,5
"three_group",633,"Holm",TRUE,0.166666666666667,1,0,0,-5,0.166666666666667,1
"three_group",633,"BY",TRUE,0,0,0,0,-6,0,0
"three_group",634,"unadjusted",TRUE,0.333333333333333,0.666666666666667,0.333333333333333,1,-3,0.285714285714286,3
"three_group",634,"Holm",TRUE,0,0,0,0,-6,0,0
"three_group",634,"BY",TRUE,0,0,0,0,-6,0,0
"three_group",635,"unadjusted",TRUE,0.333333333333333,1,0,0,-4,0.333333333333333,2
"three_group",635,"Holm",TRUE,0.166666666666667,1,0,0,-5,0.166666666666667,1
"three_group",635,"BY",TRUE,0.166666666666667,1,0,0,-5,0.166666666666667,1
"three_group",636,"unadjusted",TRUE,0.5,0.75,0.25,1,-2,0.428571428571429,4
"three_group",636,"Holm",TRUE,0.166666666666667,1,0,0,-5,0.166666666666667,1
"three_group",636,"BY",TRUE,0.166666666666667,1,0,0,-5,0.166666666666667,1
"three_group",637,"unadjusted",TRUE,0.833333333333333,0.833333333333333,0.166666666666667,1,0,0.714285714285714,6
"three_group",637,"Holm",TRUE,0,0,0,0,-6,0,0
"three_group",637,"BY",TRUE,0,0,0,0,-6,0,0
"three_group",638,"unadjusted",TRUE,0.5,0.6,0.4,1,-1,0.375,5
"three_group",638,"Holm",TRUE,0,0,0,0,-6,0,0
"three_group",638,"BY",TRUE,0,0,0,0,-6,0,0
"three_group",639,"unadjusted",TRUE,0.5,1,0,0,-3,0.5,3
"three_group",639,"Holm",TRUE,0.333333333333333,1,0,0,-4,0.333333333333333,2
"three_group",639,"BY",TRUE,0.333333333333333,1,0,0,-4,0.333333333333333,2
"three_group",640,"unadjusted",TRUE,0.666666666666667,0.8,0.2,1,-1,0.571428571428571,5
"three_group",640,"Holm",TRUE,0.166666666666667,1,0,0,-5,0.166666666666667,1
"three_group",640,"BY",TRUE,0.166666666666667,1,0,0,-5,0.166666666666667,1
"three_group",641,"unadjusted",TRUE,0.333333333333333,1,0,0,-4,0.333333333333333,2
"three_group",641,"Holm",TRUE,0.166666666666667,1,0,0,-5,0.166666666666667,1
"three_group",641,"BY",TRUE,0,0,0,0,-6,0,0
"three_group",642,"unadjusted",TRUE,0.5,0.75,0.25,1,-2,0.428571428571429,4
"three_group",642,"Holm",TRUE,0.166666666666667,1,0,0,-5,0.166666666666667,1
"three_group",642,"BY",TRUE,0,0,0,0,-6,0,0
"three_group",643,"unadjusted",TRUE,0.833333333333333,1,0,0,-1,0.833333333333333,5
"three_group",643,"Holm",TRUE,0.166666666666667,1,0,0,-5,0.166666666666667,1
"three_group",643,"BY",TRUE,0.166666666666667,1,0,0,-5,0.166666666666667,1
"three_group",644,"unadjusted",TRUE,0.166666666666667,0.5,0.5,1,-4,0.142857142857143,2
"three_group",644,"Holm",TRUE,0.166666666666667,1,0,0,-5,0.166666666666667,1
"three_group",644,"BY",TRUE,0,0,0,0,-6,0,0
"three_group",645,"unadjusted",TRUE,0.5,0.75,0.25,1,-2,0.428571428571429,4
"three_group",645,"Holm",TRUE,0.166666666666667,1,0,0,-5,0.166666666666667,1
"three_group",645,"BY",TRUE,0.166666666666667,1,0,0,-5,0.166666666666667,1
"three_group",646,"unadjusted",TRUE,1,1,0,0,0,1,6
"three_group",646,"Holm",TRUE,0.5,1,0,0,-3,0.5,3
"three_group",646,"BY",TRUE,0.333333333333333,1,0,0,-4,0.333333333333333,2
"three_group",647,"unadjusted",TRUE,0.5,1,0,0,-3,0.5,3
"three_group",647,"Holm",TRUE,0,0,0,0,-6,0,0
"three_group",647,"BY",TRUE,0,0,0,0,-6,0,0
"three_group",648,"unadjusted",TRUE,0.666666666666667,1,0,0,-2,0.666666666666667,4
"three_group",648,"Holm",TRUE,0,0,0,0,-6,0,0
"three_group",648,"BY",TRUE,0,0,0,0,-6,0,0
"three_group",649,"unadjusted",TRUE,0.333333333333333,1,0,0,-4,0.333333333333333,2
"three_group",649,"Holm",TRUE,0,0,0,0,-6,0,0
"three_group",649,"BY",TRUE,0,0,0,0,-6,0,0
"three_group",650,"unadjusted",TRUE,0.166666666666667,0.5,0.5,1,-4,0.142857142857143,2
"three_group",650,"Holm",TRUE,0,0,0,0,-6,0,0
"three_group",650,"BY",TRUE,0,0,0,0,-6,0,0
"three_group",651,"unadjusted",TRUE,0.833333333333333,0.625,0.375,1,2,0.555555555555556,8
"three_group",651,"Holm",TRUE,0,0,0,0,-6,0,0
"three_group",651,"BY",TRUE,0,0,0,0,-6,0,0
"three_group",652,"unadjusted",TRUE,0.666666666666667,1,0,0,-2,0.666666666666667,4
"three_group",652,"Holm",TRUE,0,0,0,0,-6,0,0
"three_group",652,"BY",TRUE,0,0,0,0,-6,0,0
"three_group",653,"unadjusted",TRUE,0.833333333333333,0.833333333333333,0.166666666666667,1,0,0.714285714285714,6
"three_group",653,"Holm",TRUE,0.166666666666667,1,0,0,-5,0.166666666666667,1
"three_group",653,"BY",TRUE,0,0,0,0,-6,0,0
"three_group",654,"unadjusted",TRUE,0.666666666666667,0.8,0.2,1,-1,0.571428571428571,5
"three_group",654,"Holm",TRUE,0.166666666666667,1,0,0,-5,0.166666666666667,1
"three_group",654,"BY",TRUE,0.166666666666667,1,0,0,-5,0.166666666666667,1
"three_group",655,"unadjusted",TRUE,0.333333333333333,0.666666666666667,0.333333333333333,1,-3,0.285714285714286,3
"three_group",655,"Holm",TRUE,0.166666666666667,1,0,0,-5,0.166666666666667,1
"three_group",655,"BY",TRUE,0,0,0,0,-6,0,0
"three_group",656,"unadjusted",TRUE,0.5,1,0,0,-3,0.5,3
"three_group",656,"Holm",TRUE,0.333333333333333,1,0,0,-4,0.333333333333333,2
"three_group",656,"BY",TRUE,0.333333333333333,1,0,0,-4,0.333333333333333,2
"three_group",657,"unadjusted",TRUE,0.5,0.75,0.25,1,-2,0.428571428571429,4
"three_group",657,"Holm",TRUE,0,0,0,0,-6,0,0
"three_group",657,"BY",TRUE,0,0,0,0,-6,0,0
"three_group",658,"unadjusted",TRUE,0.666666666666667,0.8,0.2,1,-1,0.571428571428571,5
"three_group",658,"Holm",TRUE,0.166666666666667,1,0,0,-5,0.166666666666667,1
"three_group",658,"BY",TRUE,0,0,0,0,-6,0,0
"three_group",659,"unadjusted",TRUE,0.833333333333333,0.714285714285714,0.285714285714286,1,1,0.625,7
"three_group",659,"Holm",TRUE,0.333333333333333,1,0,0,-4,0.333333333333333,2
"three_group",659,"BY",TRUE,0.333333333333333,1,0,0,-4,0.333333333333333,2
"three_group",660,"unadjusted",TRUE,0.5,1,0,0,-3,0.5,3
"three_group",660,"Holm",TRUE,0.166666666666667,1,0,0,-5,0.166666666666667,1
"three_group",660,"BY",TRUE,0.166666666666667,1,0,0,-5,0.166666666666667,1
"three_group",661,"unadjusted",TRUE,0.666666666666667,0.8,0.2,1,-1,0.571428571428571,5
"three_group",661,"Holm",TRUE,0,0,0,0,-6,0,0
"three_group",661,"BY",TRUE,0,0,0,0,-6,0,0
"three_group",662,"unadjusted",TRUE,0.5,0.75,0.25,1,-2,0.428571428571429,4
"three_group",662,"Holm",TRUE,0.333333333333333,1,0,0,-4,0.333333333333333,2
"three_group",662,"BY",TRUE,0.333333333333333,1,0,0,-4,0.333333333333333,2
"three_group",663,"unadjusted",TRUE,0.666666666666667,1,0,0,-2,0.666666666666667,4
"three_group",663,"Holm",TRUE,0.333333333333333,1,0,0,-4,0.333333333333333,2
"three_group",663,"BY",TRUE,0.333333333333333,1,0,0,-4,0.333333333333333,2
"three_group",664,"unadjusted",TRUE,0.833333333333333,1,0,0,-1,0.833333333333333,5
"three_group",664,"Holm",TRUE,0.166666666666667,1,0,0,-5,0.166666666666667,1
"three_group",664,"BY",TRUE,0.166666666666667,1,0,0,-5,0.166666666666667,1
"three_group",665,"unadjusted",FALSE,0.333333333333333,1,0,0,-4,0.333333333333333,2
"three_group",665,"Holm",FALSE,0,0,0,0,-6,0,0
"three_group",665,"BY",FALSE,0,0,0,0,-6,0,0
"three_group",666,"unadjusted",TRUE,0.666666666666667,1,0,0,-2,0.666666666666667,4
"three_group",666,"Holm",TRUE,0.333333333333333,1,0,0,-4,0.333333333333333,2
"three_group",666,"BY",TRUE,0.166666666666667,1,0,0,-5,0.166666666666667,1
"three_group",667,"unadjusted",TRUE,0.5,1,0,0,-3,0.5,3
"three_group",667,"Holm",TRUE,0.166666666666667,1,0,0,-5,0.166666666666667,1
"three_group",667,"BY",TRUE,0,0,0,0,-6,0,0
"three_group",668,"unadjusted",TRUE,0.333333333333333,0.666666666666667,0.333333333333333,1,-3,0.285714285714286,3
"three_group",668,"Holm",TRUE,0.166666666666667,1,0,0,-5,0.166666666666667,1
"three_group",668,"BY",TRUE,0.166666666666667,1,0,0,-5,0.166666666666667,1
"three_group",669,"unadjusted",TRUE,0.666666666666667,0.8,0.2,1,-1,0.571428571428571,5
"three_group",669,"Holm",TRUE,0.5,1,0,0,-3,0.5,3
"three_group",669,"BY",TRUE,0.333333333333333,1,0,0,-4,0.333333333333333,2
"three_group",670,"unadjusted",TRUE,0.833333333333333,0.833333333333333,0.166666666666667,1,0,0.714285714285714,6
"three_group",670,"Holm",TRUE,0.166666666666667,1,0,0,-5,0.166666666666667,1
"three_group",670,"BY",TRUE,0,0,0,0,-6,0,0
"three_group",671,"unadjusted",TRUE,1,0.75,0.25,1,2,0.75,8
"three_group",671,"Holm",TRUE,0.166666666666667,1,0,0,-5,0.166666666666667,1
"three_group",671,"BY",TRUE,0,0,0,0,-6,0,0
"three_group",672,"unadjusted",TRUE,0.5,0.75,0.25,1,-2,0.428571428571429,4
"three_group",672,"Holm",TRUE,0.166666666666667,1,0,0,-5,0.166666666666667,1
"three_group",672,"BY",TRUE,0,0,0,0,-6,0,0
"three_group",673,"unadjusted",TRUE,0.833333333333333,1,0,0,-1,0.833333333333333,5
"three_group",673,"Holm",TRUE,0.166666666666667,1,0,0,-5,0.166666666666667,1
"three_group",673,"BY",TRUE,0,0,0,0,-6,0,0
"three_group",674,"unadjusted",TRUE,0.5,1,0,0,-3,0.5,3
"three_group",674,"Holm",TRUE,0.166666666666667,1,0,0,-5,0.166666666666667,1
"three_group",674,"BY",TRUE,0.166666666666667,1,0,0,-5,0.166666666666667,1
"three_group",675,"unadjusted",TRUE,0.666666666666667,1,0,0,-2,0.666666666666667,4
"three_group",675,"Holm",TRUE,0.166666666666667,1,0,0,-5,0.166666666666667,1
"three_group",675,"BY",TRUE,0.166666666666667,1,0,0,-5,0.166666666666667,1
"three_group",676,"unadjusted",TRUE,0.833333333333333,1,0,0,-1,0.833333333333333,5
"three_group",676,"Holm",TRUE,0.333333333333333,1,0,0,-4,0.333333333333333,2
"three_group",676,"BY",TRUE,0.333333333333333,1,0,0,-4,0.333333333333333,2
"three_group",677,"unadjusted",TRUE,0.166666666666667,0.5,0.5,1,-4,0.142857142857143,2
"three_group",677,"Holm",TRUE,0.166666666666667,1,0,0,-5,0.166666666666667,1
"three_group",677,"BY",TRUE,0,0,0,0,-6,0,0
"three_group",678,"unadjusted",TRUE,0.833333333333333,1,0,0,-1,0.833333333333333,5
"three_group",678,"Holm",TRUE,0,0,0,0,-6,0,0
"three_group",678,"BY",TRUE,0,0,0,0,-6,0,0
"three_group",679,"unadjusted",TRUE,0.833333333333333,0.714285714285714,0.285714285714286,1,1,0.625,7
"three_group",679,"Holm",TRUE,0,0,0,0,-6,0,0
"three_group",679,"BY",TRUE,0,0,0,0,-6,0,0
"three_group",680,"unadjusted",TRUE,0.666666666666667,1,0,0,-2,0.666666666666667,4
"three_group",680,"Holm",TRUE,0.333333333333333,1,0,0,-4,0.333333333333333,2
"three_group",680,"BY",TRUE,0,0,0,0,-6,0,0
"three_group",681,"unadjusted",TRUE,0.833333333333333,1,0,0,-1,0.833333333333333,5
"three_group",681,"Holm",TRUE,0.5,1,0,0,-3,0.5,3
"three_group",681,"BY",TRUE,0.333333333333333,1,0,0,-4,0.333333333333333,2
"three_group",682,"unadjusted",TRUE,0.666666666666667,0.8,0.2,1,-1,0.571428571428571,5
"three_group",682,"Holm",TRUE,0.166666666666667,1,0,0,-5,0.166666666666667,1
"three_group",682,"BY",TRUE,0.166666666666667,1,0,0,-5,0.166666666666667,1
"three_group",683,"unadjusted",TRUE,0.666666666666667,0.8,0.2,1,-1,0.571428571428571,5
"three_group",683,"Holm",TRUE,0,0,0,0,-6,0,0
"three_group",683,"BY",TRUE,0,0,0,0,-6,0,0
"three_group",684,"unadjusted",TRUE,0.666666666666667,0.571428571428571,0.428571428571429,1,1,0.444444444444444,7
"three_group",684,"Holm",TRUE,0.333333333333333,1,0,0,-4,0.333333333333333,2
"three_group",684,"BY",TRUE,0.333333333333333,1,0,0,-4,0.333333333333333,2
"three_group",685,"unadjusted",TRUE,0.5,0.6,0.4,1,-1,0.375,5
"three_group",685,"Holm",TRUE,0.333333333333333,1,0,0,-4,0.333333333333333,2
"three_group",685,"BY",TRUE,0.166666666666667,1,0,0,-5,0.166666666666667,1
"three_group",686,"unadjusted",TRUE,1,0.857142857142857,0.142857142857143,1,1,0.857142857142857,7
"three_group",686,"Holm",TRUE,0.5,1,0,0,-3,0.5,3
"three_group",686,"BY",TRUE,0.5,1,0,0,-3,0.5,3
"three_group",687,"unadjusted",TRUE,0.666666666666667,1,0,0,-2,0.666666666666667,4
"three_group",687,"Holm",TRUE,0.166666666666667,1,0,0,-5,0.166666666666667,1
"three_group",687,"BY",TRUE,0,0,0,0,-6,0,0
"three_group",688,"unadjusted",TRUE,0.666666666666667,0.666666666666667,0.333333333333333,1,0,0.5,6
"three_group",688,"Holm",TRUE,0.166666666666667,1,0,0,-5,0.166666666666667,1
"three_group",688,"BY",TRUE,0.166666666666667,1,0,0,-5,0.166666666666667,1
"three_group",689,"unadjusted",TRUE,0.5,0.6,0.4,1,-1,0.375,5
"three_group",689,"Holm",TRUE,0.166666666666667,1,0,0,-5,0.166666666666667,1
"three_group",689,"BY",TRUE,0.166666666666667,1,0,0,-5,0.166666666666667,1
"three_group",690,"unadjusted",TRUE,0.666666666666667,1,0,0,-2,0.666666666666667,4
"three_group",690,"Holm",TRUE,0.333333333333333,1,0,0,-4,0.333333333333333,2
"three_group",690,"BY",TRUE,0,0,0,0,-6,0,0
"three_group",691,"unadjusted",TRUE,0.666666666666667,0.666666666666667,0.333333333333333,1,0,0.5,6
"three_group",691,"Holm",TRUE,0,0,0,0,-6,0,0
"three_group",691,"BY",TRUE,0,0,0,0,-6,0,0
"three_group",692,"unadjusted",TRUE,0.666666666666667,0.571428571428571,0.428571428571429,1,1,0.444444444444444,7
"three_group",692,"Holm",TRUE,0,0,0,0,-6,0,0
"three_group",692,"BY",TRUE,0,0,0,0,-6,0,0
"three_group",693,"unadjusted",TRUE,0.5,1,0,0,-3,0.5,3
"three_group",693,"Holm",TRUE,0.333333333333333,1,0,0,-4,0.333333333333333,2
"three_group",693,"BY",TRUE,0.166666666666667,1,0,0,-5,0.166666666666667,1
"three_group",694,"unadjusted",TRUE,0.5,0.75,0.25,1,-2,0.428571428571429,4
"three_group",694,"Holm",TRUE,0.333333333333333,1,0,0,-4,0.333333333333333,2
"three_group",694,"BY",TRUE,0.333333333333333,1,0,0,-4,0.333333333333333,2
"three_group",695,"unadjusted",TRUE,0.666666666666667,1,0,0,-2,0.666666666666667,4
"three_group",695,"Holm",TRUE,0.333333333333333,1,0,0,-4,0.333333333333333,2
"three_group",695,"BY",TRUE,0,0,0,0,-6,0,0
"three_group",696,"unadjusted",TRUE,0.5,0.75,0.25,1,-2,0.428571428571429,4
"three_group",696,"Holm",TRUE,0.166666666666667,0.5,0.5,1,-4,0.142857142857143,2
"three_group",696,"BY",TRUE,0,0,0,0,-6,0,0
"three_group",697,"unadjusted",TRUE,0.666666666666667,0.571428571428571,0.428571428571429,1,1,0.444444444444444,7
"three_group",697,"Holm",TRUE,0.166666666666667,1,0,0,-5,0.166666666666667,1
"three_group",697,"BY",TRUE,0.166666666666667,1,0,0,-5,0.166666666666667,1
"three_group",698,"unadjusted",TRUE,0.666666666666667,1,0,0,-2,0.666666666666667,4
"three_group",698,"Holm",TRUE,0.166666666666667,1,0,0,-5,0.166666666666667,1
"three_group",698,"BY",TRUE,0.166666666666667,1,0,0,-5,0.166666666666667,1
"three_group",699,"unadjusted",TRUE,0.5,1,0,0,-3,0.5,3
"three_group",699,"Holm",TRUE,0.166666666666667,1,0,0,-5,0.166666666666667,1
"three_group",699,"BY",TRUE,0,0,0,0,-6,0,0
"three_group",700,"unadjusted",TRUE,1,0.857142857142857,0.142857142857143,1,1,0.857142857142857,7
"three_group",700,"Holm",TRUE,0.333333333333333,1,0,0,-4,0.333333333333333,2
"three_group",700,"BY",TRUE,0,0,0,0,-6,0,0
"three_group",701,"unadjusted",TRUE,1,0.857142857142857,0.142857142857143,1,1,0.857142857142857,7
"three_group",701,"Holm",TRUE,0.5,1,0,0,-3,0.5,3
"three_group",701,"BY",TRUE,0.5,1,0,0,-3,0.5,3
"three_group",702,"unadjusted",TRUE,0.666666666666667,0.8,0.2,1,-1,0.571428571428571,5
"three_group",702,"Holm",TRUE,0.166666666666667,1,0,0,-5,0.166666666666667,1
"three_group",702,"BY",TRUE,0.166666666666667,1,0,0,-5,0.166666666666667,1
"three_group",703,"unadjusted",TRUE,0.666666666666667,0.8,0.2,1,-1,0.571428571428571,5
"three_group",703,"Holm",TRUE,0.333333333333333,1,0,0,-4,0.333333333333333,2
"three_group",703,"BY",TRUE,0,0,0,0,-6,0,0
"three_group",704,"unadjusted",TRUE,0.666666666666667,1,0,0,-2,0.666666666666667,4
"three_group",704,"Holm",TRUE,0.166666666666667,1,0,0,-5,0.166666666666667,1
"three_group",704,"BY",TRUE,0,0,0,0,-6,0,0
"three_group",705,"unadjusted",TRUE,1,1,0,0,0,1,6
"three_group",705,"Holm",TRUE,0.333333333333333,1,0,0,-4,0.333333333333333,2
"three_group",705,"BY",TRUE,0,0,0,0,-6,0,0
"three_group",706,"unadjusted",TRUE,0.666666666666667,0.8,0.2,1,-1,0.571428571428571,5
"three_group",706,"Holm",TRUE,0.166666666666667,1,0,0,-5,0.166666666666667,1
"three_group",706,"BY",TRUE,0,0,0,0,-6,0,0
"three_group",707,"unadjusted",TRUE,0.5,0.75,0.25,1,-2,0.428571428571429,4
"three_group",707,"Holm",TRUE,0.166666666666667,1,0,0,-5,0.166666666666667,1
"three_group",707,"BY",TRUE,0,0,0,0,-6,0,0
"three_group",708,"unadjusted",TRUE,0.666666666666667,1,0,0,-2,0.666666666666667,4
"three_group",708,"Holm",TRUE,0.166666666666667,1,0,0,-5,0.166666666666667,1
"three_group",708,"BY",TRUE,0,0,0,0,-6,0,0
"three_group",709,"unadjusted",TRUE,0.666666666666667,1,0,0,-2,0.666666666666667,4
"three_group",709,"Holm",TRUE,0.166666666666667,1,0,0,-5,0.166666666666667,1
"three_group",709,"BY",TRUE,0,0,0,0,-6,0,0
"three_group",710,"unadjusted",FALSE,0.333333333333333,1,0,0,-4,0.333333333333333,2
"three_group",710,"Holm",FALSE,0,0,0,0,-6,0,0
"three_group",710,"BY",FALSE,0,0,0,0,-6,0,0
"three_group",711,"unadjusted",TRUE,0.833333333333333,0.833333333333333,0.166666666666667,1,0,0.714285714285714,6
"three_group",711,"Holm",TRUE,0.5,1,0,0,-3,0.5,3
"three_group",711,"BY",TRUE,0.333333333333333,1,0,0,-4,0.333333333333333,2
"three_group",712,"unadjusted",TRUE,0.333333333333333,1,0,0,-4,0.333333333333333,2
"three_group",712,"Holm",TRUE,0,0,0,0,-6,0,0
"three_group",712,"BY",TRUE,0,0,0,0,-6,0,0
"three_group",713,"unadjusted",TRUE,0.666666666666667,0.8,0.2,1,-1,0.571428571428571,5
"three_group",713,"Holm",TRUE,0,0,0,0,-6,0,0
"three_group",713,"BY",TRUE,0,0,0,0,-6,0,0
"three_group",714,"unadjusted",TRUE,0.833333333333333,1,0,0,-1,0.833333333333333,5
"three_group",714,"Holm",TRUE,0.333333333333333,1,0,0,-4,0.333333333333333,2
"three_group",714,"BY",TRUE,0.333333333333333,1,0,0,-4,0.333333333333333,2
"three_group",715,"unadjusted",TRUE,0.5,0.75,0.25,1,-2,0.428571428571429,4
"three_group",715,"Holm",TRUE,0.166666666666667,1,0,0,-5,0.166666666666667,1
"three_group",715,"BY",TRUE,0,0,0,0,-6,0,0
"three_group",716,"unadjusted",TRUE,0.5,1,0,0,-3,0.5,3
"three_group",716,"Holm",TRUE,0.166666666666667,1,0,0,-5,0.166666666666667,1
"three_group",716,"BY",TRUE,0,0,0,0,-6,0,0
"three_group",717,"unadjusted",FALSE,0.333333333333333,1,0,0,-4,0.333333333333333,2
"three_group",717,"Holm",FALSE,0,0,0,0,-6,0,0
"three_group",717,"BY",FALSE,0,0,0,0,-6,0,0
"three_group",718,"unadjusted",TRUE,0.666666666666667,1,0,0,-2,0.666666666666667,4
"three_group",718,"Holm",TRUE,0.333333333333333,1,0,0,-4,0.333333333333333,2
"three_group",718,"BY",TRUE,0.333333333333333,1,0,0,-4,0.333333333333333,2
"three_group",719,"unadjusted",FALSE,0.333333333333333,1,0,0,-4,0.333333333333333,2
"three_group",719,"Holm",FALSE,0,0,0,0,-6,0,0
"three_group",719,"BY",FALSE,0,0,0,0,-6,0,0
"three_group",720,"unadjusted",TRUE,0.666666666666667,1,0,0,-2,0.666666666666667,4
"three_group",720,"Holm",TRUE,0.5,1,0,0,-3,0.5,3
"three_group",720,"BY",TRUE,0.5,1,0,0,-3,0.5,3
"three_group",721,"unadjusted",TRUE,0.666666666666667,1,0,0,-2,0.666666666666667,4
"three_group",721,"Holm",TRUE,0.166666666666667,1,0,0,-5,0.166666666666667,1
"three_group",721,"BY",TRUE,0.166666666666667,1,0,0,-5,0.166666666666667,1
"three_group",722,"unadjusted",TRUE,0.333333333333333,0.666666666666667,0.333333333333333,1,-3,0.285714285714286,3
"three_group",722,"Holm",TRUE,0.166666666666667,1,0,0,-5,0.166666666666667,1
"three_group",722,"BY",TRUE,0.166666666666667,1,0,0,-5,0.166666666666667,1
"three_group",723,"unadjusted",TRUE,0.833333333333333,0.833333333333333,0.166666666666667,1,0,0.714285714285714,6
"three_group",723,"Holm",TRUE,0.166666666666667,1,0,0,-5,0.166666666666667,1
"three_group",723,"BY",TRUE,0.166666666666667,1,0,0,-5,0.166666666666667,1
"three_group",724,"unadjusted",TRUE,0.666666666666667,0.666666666666667,0.333333333333333,1,0,0.5,6
"three_group",724,"Holm",TRUE,0.166666666666667,1,0,0,-5,0.166666666666667,1
"three_group",724,"BY",TRUE,0,0,0,0,-6,0,0
"three_group",725,"unadjusted",TRUE,0.5,1,0,0,-3,0.5,3
"three_group",725,"Holm",TRUE,0.166666666666667,1,0,0,-5,0.166666666666667,1
"three_group",725,"BY",TRUE,0.166666666666667,1,0,0,-5,0.166666666666667,1
"three_group",726,"unadjusted",TRUE,0.833333333333333,1,0,0,-1,0.833333333333333,5
"three_group",726,"Holm",TRUE,0,0,0,0,-6,0,0
"three_group",726,"BY",TRUE,0,0,0,0,-6,0,0
"three_group",727,"unadjusted",TRUE,1,0.857142857142857,0.142857142857143,1,1,0.857142857142857,7
"three_group",727,"Holm",TRUE,0.166666666666667,1,0,0,-5,0.166666666666667,1
"three_group",727,"BY",TRUE,0,0,0,0,-6,0,0
"three_group",728,"unadjusted",TRUE,0.833333333333333,1,0,0,-1,0.833333333333333,5
"three_group",728,"Holm",TRUE,0.166666666666667,1,0,0,-5,0.166666666666667,1
"three_group",728,"BY",TRUE,0.166666666666667,1,0,0,-5,0.166666666666667,1
"three_group",729,"unadjusted",TRUE,0.5,1,0,0,-3,0.5,3
"three_group",729,"Holm",TRUE,0.333333333333333,1,0,0,-4,0.333333333333333,2
"three_group",729,"BY",TRUE,0,0,0,0,-6,0,0
"three_group",730,"unadjusted",FALSE,0.333333333333333,1,0,0,-4,0.333333333333333,2
"three_group",730,"Holm",FALSE,0,0,0,0,-6,0,0
"three_group",730,"BY",FALSE,0,0,0,0,-6,0,0
"three_group",731,"unadjusted",TRUE,0.5,1,0,0,-3,0.5,3
"three_group",731,"Holm",TRUE,0.166666666666667,1,0,0,-5,0.166666666666667,1
"three_group",731,"BY",TRUE,0.166666666666667,1,0,0,-5,0.166666666666667,1
"three_group",732,"unadjusted",TRUE,0.333333333333333,0.666666666666667,0.333333333333333,1,-3,0.285714285714286,3
"three_group",732,"Holm",TRUE,0,0,0,0,-6,0,0
"three_group",732,"BY",TRUE,0,0,0,0,-6,0,0
"three_group",733,"unadjusted",TRUE,0.666666666666667,1,0,0,-2,0.666666666666667,4
"three_group",733,"Holm",TRUE,0,0,0,0,-6,0,0
"three_group",733,"BY",TRUE,0,0,0,0,-6,0,0
"three_group",734,"unadjusted",TRUE,0.666666666666667,1,0,0,-2,0.666666666666667,4
"three_group",734,"Holm",TRUE,0.166666666666667,1,0,0,-5,0.166666666666667,1
"three_group",734,"BY",TRUE,0,0,0,0,-6,0,0
"three_group",735,"unadjusted",TRUE,0.5,1,0,0,-3,0.5,3
"three_group",735,"Holm",TRUE,0.333333333333333,1,0,0,-4,0.333333333333333,2
"three_group",735,"BY",TRUE,0,0,0,0,-6,0,0
"three_group",736,"unadjusted",FALSE,0.166666666666667,1,0,0,-5,0.166666666666667,1
"three_group",736,"Holm",FALSE,0,0,0,0,-6,0,0
"three_group",736,"BY",FALSE,0,0,0,0,-6,0,0
"three_group",737,"unadjusted",TRUE,0.666666666666667,0.8,0.2,1,-1,0.571428571428571,5
"three_group",737,"Holm",TRUE,0.333333333333333,1,0,0,-4,0.333333333333333,2
"three_group",737,"BY",TRUE,0.333333333333333,1,0,0,-4,0.333333333333333,2
"three_group",738,"unadjusted",TRUE,0.666666666666667,0.8,0.2,1,-1,0.571428571428571,5
"three_group",738,"Holm",TRUE,0,0,0,0,-6,0,0
"three_group",738,"BY",TRUE,0,0,0,0,-6,0,0
"three_group",739,"unadjusted",TRUE,0.166666666666667,1,0,0,-5,0.166666666666667,1
"three_group",739,"Holm",TRUE,0.166666666666667,1,0,0,-5,0.166666666666667,1
"three_group",739,"BY",TRUE,0.166666666666667,1,0,0,-5,0.166666666666667,1
"three_group",740,"unadjusted",TRUE,0.5,1,0,0,-3,0.5,3
"three_group",740,"Holm",TRUE,0,0,0,0,-6,0,0
"three_group",740,"BY",TRUE,0,0,0,0,-6,0,0
"three_group",741,"unadjusted",TRUE,0.5,0.75,0.25,1,-2,0.428571428571429,4
"three_group",741,"Holm",TRUE,0.166666666666667,1,0,0,-5,0.166666666666667,1
"three_group",741,"BY",TRUE,0.166666666666667,1,0,0,-5,0.166666666666667,1
"three_group",742,"unadjusted",TRUE,0.833333333333333,1,0,0,-1,0.833333333333333,5
"three_group",742,"Holm",TRUE,0.166666666666667,1,0,0,-5,0.166666666666667,1
"three_group",742,"BY",TRUE,0,0,0,0,-6,0,0
"three_group",743,"unadjusted",TRUE,0.333333333333333,0.666666666666667,0.333333333333333,1,-3,0.285714285714286,3
"three_group",743,"Holm",TRUE,0.166666666666667,1,0,0,-5,0.166666666666667,1
"three_group",743,"BY",TRUE,0.166666666666667,1,0,0,-5,0.166666666666667,1
"three_group",744,"unadjusted",TRUE,0.833333333333333,1,0,0,-1,0.833333333333333,5
"three_group",744,"Holm",TRUE,0,0,0,0,-6,0,0
"three_group",744,"BY",TRUE,0,0,0,0,-6,0,0
"three_group",745,"unadjusted",TRUE,0.833333333333333,0.833333333333333,0.166666666666667,1,0,0.714285714285714,6
"three_group",745,"Holm",TRUE,0.333333333333333,1,0,0,-4,0.333333333333333,2
"three_group",745,"BY",TRUE,0.333333333333333,1,0,0,-4,0.333333333333333,2
"three_group",746,"unadjusted",TRUE,0.666666666666667,0.8,0.2,1,-1,0.571428571428571,5
"three_group",746,"Holm",TRUE,0.166666666666667,1,0,0,-5,0.166666666666667,1
"three_group",746,"BY",TRUE,0.166666666666667,1,0,0,-5,0.166666666666667,1
"three_group",747,"unadjusted",TRUE,0.333333333333333,0.5,0.5,1,-2,0.25,4
"three_group",747,"Holm",TRUE,0,0,0,0,-6,0,0
"three_group",747,"BY",TRUE,0,0,0,0,-6,0,0
"three_group",748,"unadjusted",TRUE,0.833333333333333,0.833333333333333,0.166666666666667,1,0,0.714285714285714,6
"three_group",748,"Holm",TRUE,0.333333333333333,1,0,0,-4,0.333333333333333,2
"three_group",748,"BY",TRUE,0.333333333333333,1,0,0,-4,0.333333333333333,2
"three_group",749,"unadjusted",TRUE,0.666666666666667,0.8,0.2,1,-1,0.571428571428571,5
"three_group",749,"Holm",TRUE,0.166666666666667,1,0,0,-5,0.166666666666667,1
"three_group",749,"BY",TRUE,0.166666666666667,1,0,0,-5,0.166666666666667,1
"three_group",750,"unadjusted",TRUE,0.5,1,0,0,-3,0.5,3
"three_group",750,"Holm",TRUE,0,0,0,0,-6,0,0
"three_group",750,"BY",TRUE,0,0,0,0,-6,0,0
"three_group",751,"unadjusted",TRUE,0.833333333333333,1,0,0,-1,0.833333333333333,5
"three_group",751,"Holm",TRUE,0.333333333333333,1,0,0,-4,0.333333333333333,2
"three_group",751,"BY",TRUE,0.333333333333333,1,0,0,-4,0.333333333333333,2
"three_group",752,"unadjusted",TRUE,0.5,0.6,0.4,1,-1,0.375,5
"three_group",752,"Holm",TRUE,0,0,0,0,-6,0,0
"three_group",752,"BY",TRUE,0,0,0,0,-6,0,0
"three_group",753,"unadjusted",TRUE,0.666666666666667,1,0,0,-2,0.666666666666667,4
"three_group",753,"Holm",TRUE,0.166666666666667,1,0,0,-5,0.166666666666667,1
"three_group",753,"BY",TRUE,0,0,0,0,-6,0,0
"three_group",754,"unadjusted",TRUE,0.333333333333333,0.666666666666667,0.333333333333333,1,-3,0.285714285714286,3
"three_group",754,"Holm",TRUE,0.166666666666667,1,0,0,-5,0.166666666666667,1
"three_group",754,"BY",TRUE,0,0,0,0,-6,0,0
"three_group",755,"unadjusted",TRUE,0.5,0.75,0.25,1,-2,0.428571428571429,4
"three_group",755,"Holm",TRUE,0.166666666666667,1,0,0,-5,0.166666666666667,1
"three_group",755,"BY",TRUE,0.166666666666667,1,0,0,-5,0.166666666666667,1
"three_group",756,"unadjusted",TRUE,0.5,0.75,0.25,1,-2,0.428571428571429,4
"three_group",756,"Holm",TRUE,0,0,0,0,-6,0,0
"three_group",756,"BY",TRUE,0,0,0,0,-6,0,0
"three_group",757,"unadjusted",TRUE,0.833333333333333,1,0,0,-1,0.833333333333333,5
"three_group",757,"Holm",TRUE,0.333333333333333,1,0,0,-4,0.333333333333333,2
"three_group",757,"BY",TRUE,0,0,0,0,-6,0,0
"three_group",758,"unadjusted",TRUE,0.666666666666667,0.8,0.2,1,-1,0.571428571428571,5
"three_group",758,"Holm",TRUE,0.333333333333333,1,0,0,-4,0.333333333333333,2
"three_group",758,"BY",TRUE,0.333333333333333,1,0,0,-4,0.333333333333333,2
"three_group",759,"unadjusted",TRUE,0.833333333333333,1,0,0,-1,0.833333333333333,5
"three_group",759,"Holm",TRUE,0.5,1,0,0,-3,0.5,3
"three_group",759,"BY",TRUE,0.5,1,0,0,-3,0.5,3
"three_group",760,"unadjusted",TRUE,0.666666666666667,0.8,0.2,1,-1,0.571428571428571,5
"three_group",760,"Holm",TRUE,0.5,1,0,0,-3,0.5,3
"three_group",760,"BY",TRUE,0.5,1,0,0,-3,0.5,3
"three_group",761,"unadjusted",TRUE,0.666666666666667,1,0,0,-2,0.666666666666667,4
"three_group",761,"Holm",TRUE,0.333333333333333,1,0,0,-4,0.333333333333333,2
"three_group",761,"BY",TRUE,0.333333333333333,1,0,0,-4,0.333333333333333,2
"three_group",762,"unadjusted",TRUE,0.833333333333333,1,0,0,-1,0.833333333333333,5
"three_group",762,"Holm",TRUE,0.333333333333333,1,0,0,-4,0.333333333333333,2
"three_group",762,"BY",TRUE,0.166666666666667,1,0,0,-5,0.166666666666667,1
"three_group",763,"unadjusted",TRUE,0.333333333333333,1,0,0,-4,0.333333333333333,2
"three_group",763,"Holm",TRUE,0.166666666666667,1,0,0,-5,0.166666666666667,1
"three_group",763,"BY",TRUE,0,0,0,0,-6,0,0
"three_group",764,"unadjusted",TRUE,0.333333333333333,0.666666666666667,0.333333333333333,1,-3,0.285714285714286,3
"three_group",764,"Holm",TRUE,0.166666666666667,1,0,0,-5,0.166666666666667,1
"three_group",764,"BY",TRUE,0,0,0,0,-6,0,0
"three_group",765,"unadjusted",TRUE,0.833333333333333,1,0,0,-1,0.833333333333333,5
"three_group",765,"Holm",TRUE,0.166666666666667,1,0,0,-5,0.166666666666667,1
"three_group",765,"BY",TRUE,0,0,0,0,-6,0,0
"three_group",766,"unadjusted",FALSE,0.166666666666667,0.5,0.5,1,-4,0.142857142857143,2
"three_group",766,"Holm",FALSE,0,0,0,0,-6,0,0
"three_group",766,"BY",FALSE,0,0,0,0,-6,0,0
"three_group",767,"unadjusted",TRUE,0.5,0.75,0.25,1,-2,0.428571428571429,4
"three_group",767,"Holm",TRUE,0.166666666666667,1,0,0,-5,0.166666666666667,1
"three_group",767,"BY",TRUE,0.166666666666667,1,0,0,-5,0.166666666666667,1
"three_group",768,"unadjusted",TRUE,0.5,1,0,0,-3,0.5,3
"three_group",768,"Holm",TRUE,0,0,0,0,-6,0,0
"three_group",768,"BY",TRUE,0,0,0,0,-6,0,0
"three_group",769,"unadjusted",TRUE,0.5,1,0,0,-3,0.5,3
"three_group",769,"Holm",TRUE,0.166666666666667,1,0,0,-5,0.166666666666667,1
"three_group",769,"BY",TRUE,0.166666666666667,1,0,0,-5,0.166666666666667,1
"three_group",770,"unadjusted",TRUE,0.666666666666667,0.8,0.2,1,-1,0.571428571428571,5
"three_group",770,"Holm",TRUE,0,0,0,0,-6,0,0
"three_group",770,"BY",TRUE,0,0,0,0,-6,0,0
"three_group",771,"unadjusted",TRUE,0.166666666666667,0.5,0.5,1,-4,0.142857142857143,2
"three_group",771,"Holm",TRUE,0,0,1,1,-5,0,1
"three_group",771,"BY",TRUE,0,0,0,0,-6,0,0
"three_group",772,"unadjusted",TRUE,0.666666666666667,0.8,0.2,1,-1,0.571428571428571,5
"three_group",772,"Holm",TRUE,0.166666666666667,1,0,0,-5,0.166666666666667,1
"three_group",772,"BY",TRUE,0,0,0,0,-6,0,0
"three_group",773,"unadjusted",TRUE,0.5,1,0,0,-3,0.5,3
"three_group",773,"Holm",TRUE,0.333333333333333,1,0,0,-4,0.333333333333333,2
"three_group",773,"BY",TRUE,0.333333333333333,1,0,0,-4,0.333333333333333,2
"three_group",774,"unadjusted",TRUE,0.666666666666667,1,0,0,-2,0.666666666666667,4
"three_group",774,"Holm",TRUE,0.333333333333333,1,0,0,-4,0.333333333333333,2
"three_group",774,"BY",TRUE,0.333333333333333,1,0,0,-4,0.333333333333333,2
"three_group",775,"unadjusted",TRUE,0.833333333333333,1,0,0,-1,0.833333333333333,5
"three_group",775,"Holm",TRUE,0.5,1,0,0,-3,0.5,3
"three_group",775,"BY",TRUE,0.166666666666667,1,0,0,-5,0.166666666666667,1
"three_group",776,"unadjusted",TRUE,0.5,1,0,0,-3,0.5,3
"three_group",776,"Holm",TRUE,0.166666666666667,1,0,0,-5,0.166666666666667,1
"three_group",776,"BY",TRUE,0.166666666666667,1,0,0,-5,0.166666666666667,1
"three_group",777,"unadjusted",TRUE,0.666666666666667,1,0,0,-2,0.666666666666667,4
"three_group",777,"Holm",TRUE,0.5,1,0,0,-3,0.5,3
"three_group",777,"BY",TRUE,0.5,1,0,0,-3,0.5,3
"three_group",778,"unadjusted",TRUE,0.666666666666667,1,0,0,-2,0.666666666666667,4
"three_group",778,"Holm",TRUE,0.333333333333333,1,0,0,-4,0.333333333333333,2
"three_group",778,"BY",TRUE,0.333333333333333,1,0,0,-4,0.333333333333333,2
"three_group",779,"unadjusted",TRUE,0.5,1,0,0,-3,0.5,3
"three_group",779,"Holm",TRUE,0,0,0,0,-6,0,0
"three_group",779,"BY",TRUE,0,0,0,0,-6,0,0
"three_group",780,"unadjusted",TRUE,0.833333333333333,0.833333333333333,0.166666666666667,1,0,0.714285714285714,6
"three_group",780,"Holm",TRUE,0.333333333333333,1,0,0,-4,0.333333333333333,2
"three_group",780,"BY",TRUE,0.166666666666667,1,0,0,-5,0.166666666666667,1
"three_group",781,"unadjusted",TRUE,0.5,1,0,0,-3,0.5,3
"three_group",781,"Holm",TRUE,0.333333333333333,1,0,0,-4,0.333333333333333,2
"three_group",781,"BY",TRUE,0.333333333333333,1,0,0,-4,0.333333333333333,2
"three_group",782,"unadjusted",TRUE,0.666666666666667,1,0,0,-2,0.666666666666667,4
"three_group",782,"Holm",TRUE,0,0,0,0,-6,0,0
"three_group",782,"BY",TRUE,0,0,0,0,-6,0,0
"three_group",783,"unadjusted",TRUE,0.666666666666667,0.8,0.2,1,-1,0.571428571428571,5
"three_group",783,"Holm",TRUE,0,0,0,0,-6,0,0
"three_group",783,"BY",TRUE,0,0,0,0,-6,0,0
"three_group",784,"unadjusted",TRUE,0.833333333333333,0.714285714285714,0.285714285714286,1,1,0.625,7
"three_group",784,"Holm",TRUE,0.333333333333333,1,0,0,-4,0.333333333333333,2
"three_group",784,"BY",TRUE,0,0,0,0,-6,0,0
"three_group",785,"unadjusted",TRUE,0.166666666666667,1,0,0,-5,0.166666666666667,1
"three_group",785,"Holm",TRUE,0,0,0,0,-6,0,0
"three_group",785,"BY",TRUE,0,0,0,0,-6,0,0
"three_group",786,"unadjusted",TRUE,0.666666666666667,1,0,0,-2,0.666666666666667,4
"three_group",786,"Holm",TRUE,0,0,0,0,-6,0,0
"three_group",786,"BY",TRUE,0,0,0,0,-6,0,0
"three_group",787,"unadjusted",TRUE,0.666666666666667,1,0,0,-2,0.666666666666667,4
"three_group",787,"Holm",TRUE,0.166666666666667,1,0,0,-5,0.166666666666667,1
"three_group",787,"BY",TRUE,0.166666666666667,1,0,0,-5,0.166666666666667,1
"three_group",788,"unadjusted",TRUE,0.5,0.75,0.25,1,-2,0.428571428571429,4
"three_group",788,"Holm",TRUE,0,0,0,0,-6,0,0
"three_group",788,"BY",TRUE,0,0,0,0,-6,0,0
"three_group",789,"unadjusted",TRUE,0.5,0.6,0.4,1,-1,0.375,5
"three_group",789,"Holm",TRUE,0,0,0,0,-6,0,0
"three_group",789,"BY",TRUE,0,0,0,0,-6,0,0
"three_group",790,"unadjusted",TRUE,0.5,0.5,0.5,1,0,0.333333333333333,6
"three_group",790,"Holm",TRUE,0.333333333333333,1,0,0,-4,0.333333333333333,2
"three_group",790,"BY",TRUE,0.166666666666667,1,0,0,-5,0.166666666666667,1
"three_group",791,"unadjusted",TRUE,0.833333333333333,1,0,0,-1,0.833333333333333,5
"three_group",791,"Holm",TRUE,0.5,1,0,0,-3,0.5,3
"three_group",791,"BY",TRUE,0.333333333333333,1,0,0,-4,0.333333333333333,2
"three_group",792,"unadjusted",TRUE,0.5,1,0,0,-3,0.5,3
"three_group",792,"Holm",TRUE,0.166666666666667,1,0,0,-5,0.166666666666667,1
"three_group",792,"BY",TRUE,0,0,0,0,-6,0,0
"three_group",793,"unadjusted",TRUE,0.666666666666667,1,0,0,-2,0.666666666666667,4
"three_group",793,"Holm",TRUE,0,0,0,0,-6,0,0
"three_group",793,"BY",TRUE,0,0,0,0,-6,0,0
"three_group",794,"unadjusted",TRUE,0.833333333333333,0.833333333333333,0.166666666666667,1,0,0.714285714285714,6
"three_group",794,"Holm",TRUE,0,0,0,0,-6,0,0
"three_group",794,"BY",TRUE,0,0,0,0,-6,0,0
"three_group",795,"unadjusted",TRUE,0.5,0.75,0.25,1,-2,0.428571428571429,4
"three_group",795,"Holm",TRUE,0.166666666666667,1,0,0,-5,0.166666666666667,1
"three_group",795,"BY",TRUE,0,0,0,0,-6,0,0
"three_group",796,"unadjusted",TRUE,0.333333333333333,0.666666666666667,0.333333333333333,1,-3,0.285714285714286,3
"three_group",796,"Holm",TRUE,0.166666666666667,1,0,0,-5,0.166666666666667,1
"three_group",796,"BY",TRUE,0,0,0,0,-6,0,0
"three_group",797,"unadjusted",TRUE,0.5,1,0,0,-3,0.5,3
"three_group",797,"Holm",TRUE,0.166666666666667,1,0,0,-5,0.166666666666667,1
"three_group",797,"BY",TRUE,0.166666666666667,1,0,0,-5,0.166666666666667,1
"three_group",798,"unadjusted",TRUE,0.833333333333333,1,0,0,-1,0.833333333333333,5
"three_group",798,"Holm",TRUE,0.5,1,0,0,-3,0.5,3
"three_group",798,"BY",TRUE,0.166666666666667,1,0,0,-5,0.166666666666667,1
"three_group",799,"unadjusted",TRUE,0.333333333333333,1,0,0,-4,0.333333333333333,2
"three_group",799,"Holm",TRUE,0.166666666666667,1,0,0,-5,0.166666666666667,1
"three_group",799,"BY",TRUE,0,0,0,0,-6,0,0
"three_group",800,"unadjusted",TRUE,0.833333333333333,1,0,0,-1,0.833333333333333,5
"three_group",800,"Holm",TRUE,0.333333333333333,1,0,0,-4,0.333333333333333,2
"three_group",800,"BY",TRUE,0.166666666666667,1,0,0,-5,0.166666666666667,1
"three_group",801,"unadjusted",TRUE,0.833333333333333,0.625,0.375,1,2,0.555555555555556,8
"three_group",801,"Holm",TRUE,0,0,0,0,-6,0,0
"three_group",801,"BY",TRUE,0,0,0,0,-6,0,0
"three_group",802,"unadjusted",FALSE,0.666666666666667,1,0,0,-2,0.666666666666667,4
"three_group",802,"Holm",FALSE,0,0,0,0,-6,0,0
"three_group",802,"BY",FALSE,0,0,0,0,-6,0,0
"three_group",803,"unadjusted",TRUE,0.833333333333333,1,0,0,-1,0.833333333333333,5
"three_group",803,"Holm",TRUE,0.166666666666667,1,0,0,-5,0.166666666666667,1
"three_group",803,"BY",TRUE,0,0,0,0,-6,0,0
"three_group",804,"unadjusted",TRUE,0.333333333333333,1,0,0,-4,0.333333333333333,2
"three_group",804,"Holm",TRUE,0,0,0,0,-6,0,0
"three_group",804,"BY",TRUE,0,0,0,0,-6,0,0
"three_group",805,"unadjusted",TRUE,0.833333333333333,1,0,0,-1,0.833333333333333,5
"three_group",805,"Holm",TRUE,0,0,0,0,-6,0,0
"three_group",805,"BY",TRUE,0,0,0,0,-6,0,0
"three_group",806,"unadjusted",TRUE,0.666666666666667,1,0,0,-2,0.666666666666667,4
"three_group",806,"Holm",TRUE,0.166666666666667,1,0,0,-5,0.166666666666667,1
"three_group",806,"BY",TRUE,0,0,0,0,-6,0,0
"three_group",807,"unadjusted",TRUE,0.666666666666667,1,0,0,-2,0.666666666666667,4
"three_group",807,"Holm",TRUE,0,0,0,0,-6,0,0
"three_group",807,"BY",TRUE,0,0,0,0,-6,0,0
"three_group",808,"unadjusted",TRUE,0.666666666666667,1,0,0,-2,0.666666666666667,4
"three_group",808,"Holm",TRUE,0.333333333333333,1,0,0,-4,0.333333333333333,2
"three_group",808,"BY",TRUE,0,0,0,0,-6,0,0
"three_group",809,"unadjusted",FALSE,0.333333333333333,1,0,0,-4,0.333333333333333,2
"three_group",809,"Holm",FALSE,0,0,0,0,-6,0,0
"three_group",809,"BY",FALSE,0,0,0,0,-6,0,0
"three_group",810,"unadjusted",FALSE,0.5,1,0,0,-3,0.5,3
"three_group",810,"Holm",FALSE,0.166666666666667,1,0,0,-5,0.166666666666667,1
"three_group",810,"BY",FALSE,0,0,0,0,-6,0,0
"three_group",811,"unadjusted",TRUE,0.5,1,0,0,-3,0.5,3
"three_group",811,"Holm",TRUE,0,0,0,0,-6,0,0
"three_group",811,"BY",TRUE,0,0,0,0,-6,0,0
"three_group",812,"unadjusted",TRUE,1,1,0,0,0,1,6
"three_group",812,"Holm",TRUE,0.333333333333333,1,0,0,-4,0.333333333333333,2
"three_group",812,"BY",TRUE,0.333333333333333,1,0,0,-4,0.333333333333333,2
"three_group",813,"unadjusted",TRUE,0.666666666666667,1,0,0,-2,0.666666666666667,4
"three_group",813,"Holm",TRUE,0.5,1,0,0,-3,0.5,3
"three_group",813,"BY",TRUE,0.5,1,0,0,-3,0.5,3
"three_group",814,"unadjusted",TRUE,0.333333333333333,0.666666666666667,0.333333333333333,1,-3,0.285714285714286,3
"three_group",814,"Holm",TRUE,0.166666666666667,1,0,0,-5,0.166666666666667,1
"three_group",814,"BY",TRUE,0.166666666666667,1,0,0,-5,0.166666666666667,1
"three_group",815,"unadjusted",TRUE,0.666666666666667,0.571428571428571,0.428571428571429,1,1,0.444444444444444,7
"three_group",815,"Holm",TRUE,0.5,1,0,0,-3,0.5,3
"three_group",815,"BY",TRUE,0.5,1,0,0,-3,0.5,3
"three_group",816,"unadjusted",TRUE,0.833333333333333,1,0,0,-1,0.833333333333333,5
"three_group",816,"Holm",TRUE,0.333333333333333,1,0,0,-4,0.333333333333333,2
"three_group",816,"BY",TRUE,0.333333333333333,1,0,0,-4,0.333333333333333,2
"three_group",817,"unadjusted",TRUE,0.666666666666667,0.8,0.2,1,-1,0.571428571428571,5
"three_group",817,"Holm",TRUE,0,0,0,0,-6,0,0
"three_group",817,"BY",TRUE,0,0,0,0,-6,0,0
"three_group",818,"unadjusted",TRUE,0.5,0.6,0.4,1,-1,0.375,5
"three_group",818,"Holm",TRUE,0.333333333333333,1,0,0,-4,0.333333333333333,2
"three_group",818,"BY",TRUE,0,0,0,0,-6,0,0
"three_group",819,"unadjusted",FALSE,0.333333333333333,1,0,0,-4,0.333333333333333,2
"three_group",819,"Holm",FALSE,0,0,0,0,-6,0,0
"three_group",819,"BY",FALSE,0,0,0,0,-6,0,0
"three_group",820,"unadjusted",TRUE,0.166666666666667,1,0,0,-5,0.166666666666667,1
"three_group",820,"Holm",TRUE,0.166666666666667,1,0,0,-5,0.166666666666667,1
"three_group",820,"BY",TRUE,0.166666666666667,1,0,0,-5,0.166666666666667,1
"three_group",821,"unadjusted",TRUE,0.5,1,0,0,-3,0.5,3
"three_group",821,"Holm",TRUE,0.166666666666667,1,0,0,-5,0.166666666666667,1
"three_group",821,"BY",TRUE,0.166666666666667,1,0,0,-5,0.166666666666667,1
"three_group",822,"unadjusted",TRUE,0.666666666666667,1,0,0,-2,0.666666666666667,4
"three_group",822,"Holm",TRUE,0.166666666666667,1,0,0,-5,0.166666666666667,1
"three_group",822,"BY",TRUE,0.166666666666667,1,0,0,-5,0.166666666666667,1
"three_group",823,"unadjusted",TRUE,0.666666666666667,0.8,0.2,1,-1,0.571428571428571,5
"three_group",823,"Holm",TRUE,0.333333333333333,1,0,0,-4,0.333333333333333,2
"three_group",823,"BY",TRUE,0,0,0,0,-6,0,0
"three_group",824,"unadjusted",TRUE,0.5,0.75,0.25,1,-2,0.428571428571429,4
"three_group",824,"Holm",TRUE,0,0,0,0,-6,0,0
"three_group",824,"BY",TRUE,0,0,0,0,-6,0,0
"three_group",825,"unadjusted",TRUE,0.5,1,0,0,-3,0.5,3
"three_group",825,"Holm",TRUE,0.333333333333333,1,0,0,-4,0.333333333333333,2
"three_group",825,"BY",TRUE,0.333333333333333,1,0,0,-4,0.333333333333333,2
"three_group",826,"unadjusted",TRUE,0.5,0.6,0.4,1,-1,0.375,5
"three_group",826,"Holm",TRUE,0.166666666666667,1,0,0,-5,0.166666666666667,1
"three_group",826,"BY",TRUE,0.166666666666667,1,0,0,-5,0.166666666666667,1
"three_group",827,"unadjusted",TRUE,0.666666666666667,0.8,0.2,1,-1,0.571428571428571,5
"three_group",827,"Holm",TRUE,0.333333333333333,1,0,0,-4,0.333333333333333,2
"three_group",827,"BY",TRUE,0.333333333333333,1,0,0,-4,0.333333333333333,2
"three_group",828,"unadjusted",TRUE,0.666666666666667,0.8,0.2,1,-1,0.571428571428571,5
"three_group",828,"Holm",TRUE,0.333333333333333,1,0,0,-4,0.333333333333333,2
"three_group",828,"BY",TRUE,0,0,0,0,-6,0,0
"three_group",829,"unadjusted",TRUE,0.5,1,0,0,-3,0.5,3
"three_group",829,"Holm",TRUE,0.166666666666667,1,0,0,-5,0.166666666666667,1
"three_group",829,"BY",TRUE,0.166666666666667,1,0,0,-5,0.166666666666667,1
"three_group",830,"unadjusted",TRUE,0.666666666666667,1,0,0,-2,0.666666666666667,4
"three_group",830,"Holm",TRUE,0,0,0,0,-6,0,0
"three_group",830,"BY",TRUE,0,0,0,0,-6,0,0
"three_group",831,"unadjusted",TRUE,0.666666666666667,0.8,0.2,1,-1,0.571428571428571,5
"three_group",831,"Holm",TRUE,0,0,0,0,-6,0,0
"three_group",831,"BY",TRUE,0,0,0,0,-6,0,0
"three_group",832,"unadjusted",TRUE,0.5,1,0,0,-3,0.5,3
"three_group",832,"Holm",TRUE,0,0,0,0,-6,0,0
"three_group",832,"BY",TRUE,0,0,0,0,-6,0,0
"three_group",833,"unadjusted",FALSE,0.166666666666667,0.5,0.5,1,-4,0.142857142857143,2
"three_group",833,"Holm",FALSE,0,0,0,0,-6,0,0
"three_group",833,"BY",FALSE,0,0,0,0,-6,0,0
"three_group",834,"unadjusted",TRUE,0.5,1,0,0,-3,0.5,3
"three_group",834,"Holm",TRUE,0,0,0,0,-6,0,0
"three_group",834,"BY",TRUE,0,0,0,0,-6,0,0
"three_group",835,"unadjusted",TRUE,0.333333333333333,0.5,0.5,1,-2,0.25,4
"three_group",835,"Holm",TRUE,0,0,0,0,-6,0,0
"three_group",835,"BY",TRUE,0,0,0,0,-6,0,0
"three_group",836,"unadjusted",TRUE,0.166666666666667,0.5,0.5,1,-4,0.142857142857143,2
"three_group",836,"Holm",TRUE,0,0,0,0,-6,0,0
"three_group",836,"BY",TRUE,0,0,0,0,-6,0,0
"three_group",837,"unadjusted",TRUE,0.5,0.75,0.25,1,-2,0.428571428571429,4
"three_group",837,"Holm",TRUE,0.333333333333333,1,0,0,-4,0.333333333333333,2
"three_group",837,"BY",TRUE,0.333333333333333,1,0,0,-4,0.333333333333333,2
"three_group",838,"unadjusted",TRUE,0.5,0.75,0.25,1,-2,0.428571428571429,4
"three_group",838,"Holm",TRUE,0.166666666666667,1,0,0,-5,0.166666666666667,1
"three_group",838,"BY",TRUE,0,0,0,0,-6,0,0
"three_group",839,"unadjusted",TRUE,0.166666666666667,0.333333333333333,0.666666666666667,1,-3,0.125,3
"three_group",839,"Holm",TRUE,0,0,0,0,-6,0,0
"three_group",839,"BY",TRUE,0,0,0,0,-6,0,0
"three_group",840,"unadjusted",TRUE,0.5,1,0,0,-3,0.5,3
"three_group",840,"Holm",TRUE,0.166666666666667,1,0,0,-5,0.166666666666667,1
"three_group",840,"BY",TRUE,0,0,0,0,-6,0,0
"three_group",841,"unadjusted",TRUE,0.5,1,0,0,-3,0.5,3
"three_group",841,"Holm",TRUE,0.166666666666667,1,0,0,-5,0.166666666666667,1
"three_group",841,"BY",TRUE,0,0,0,0,-6,0,0
"three_group",842,"unadjusted",TRUE,0.5,0.6,0.4,1,-1,0.375,5
"three_group",842,"Holm",TRUE,0,0,0,0,-6,0,0
"three_group",842,"BY",TRUE,0,0,0,0,-6,0,0
"three_group",843,"unadjusted",TRUE,0.833333333333333,1,0,0,-1,0.833333333333333,5
"three_group",843,"Holm",TRUE,0.333333333333333,1,0,0,-4,0.333333333333333,2
"three_group",843,"BY",TRUE,0,0,0,0,-6,0,0
"three_group",844,"unadjusted",TRUE,0.666666666666667,1,0,0,-2,0.666666666666667,4
"three_group",844,"Holm",TRUE,0.5,1,0,0,-3,0.5,3
"three_group",844,"BY",TRUE,0.333333333333333,1,0,0,-4,0.333333333333333,2
"three_group",845,"unadjusted",TRUE,0.666666666666667,0.8,0.2,1,-1,0.571428571428571,5
"three_group",845,"Holm",TRUE,0.333333333333333,1,0,0,-4,0.333333333333333,2
"three_group",845,"BY",TRUE,0,0,0,0,-6,0,0
"three_group",846,"unadjusted",TRUE,0.333333333333333,1,0,0,-4,0.333333333333333,2
"three_group",846,"Holm",TRUE,0,0,0,0,-6,0,0
"three_group",846,"BY",TRUE,0,0,0,0,-6,0,0
"three_group",847,"unadjusted",TRUE,0.666666666666667,1,0,0,-2,0.666666666666667,4
"three_group",847,"Holm",TRUE,0,0,0,0,-6,0,0
"three_group",847,"BY",TRUE,0,0,0,0,-6,0,0
"three_group",848,"unadjusted",TRUE,0.166666666666667,0.5,0.5,1,-4,0.142857142857143,2
"three_group",848,"Holm",TRUE,0.166666666666667,1,0,0,-5,0.166666666666667,1
"three_group",848,"BY",TRUE,0.166666666666667,1,0,0,-5,0.166666666666667,1
"three_group",849,"unadjusted",TRUE,0.166666666666667,1,0,0,-5,0.166666666666667,1
"three_group",849,"Holm",TRUE,0.166666666666667,1,0,0,-5,0.166666666666667,1
"three_group",849,"BY",TRUE,0.166666666666667,1,0,0,-5,0.166666666666667,1
"three_group",850,"unadjusted",TRUE,0.5,0.75,0.25,1,-2,0.428571428571429,4
"three_group",850,"Holm",TRUE,0.166666666666667,1,0,0,-5,0.166666666666667,1
"three_group",850,"BY",TRUE,0,0,0,0,-6,0,0
"three_group",851,"unadjusted",TRUE,0.166666666666667,0.5,0.5,1,-4,0.142857142857143,2
"three_group",851,"Holm",TRUE,0.166666666666667,1,0,0,-5,0.166666666666667,1
"three_group",851,"BY",TRUE,0,0,0,0,-6,0,0
"three_group",852,"unadjusted",TRUE,0.666666666666667,1,0,0,-2,0.666666666666667,4
"three_group",852,"Holm",TRUE,0.166666666666667,1,0,0,-5,0.166666666666667,1
"three_group",852,"BY",TRUE,0.166666666666667,1,0,0,-5,0.166666666666667,1
"three_group",853,"unadjusted",TRUE,0.666666666666667,1,0,0,-2,0.666666666666667,4
"three_group",853,"Holm",TRUE,0.166666666666667,1,0,0,-5,0.166666666666667,1
"three_group",853,"BY",TRUE,0,0,0,0,-6,0,0
"three_group",854,"unadjusted",TRUE,0.833333333333333,1,0,0,-1,0.833333333333333,5
"three_group",854,"Holm",TRUE,0,0,0,0,-6,0,0
"three_group",854,"BY",TRUE,0,0,0,0,-6,0,0
"three_group",855,"unadjusted",TRUE,0.666666666666667,0.8,0.2,1,-1,0.571428571428571,5
"three_group",855,"Holm",TRUE,0,0,0,0,-6,0,0
"three_group",855,"BY",TRUE,0,0,0,0,-6,0,0
"three_group",856,"unadjusted",TRUE,0.666666666666667,1,0,0,-2,0.666666666666667,4
"three_group",856,"Holm",TRUE,0.5,1,0,0,-3,0.5,3
"three_group",856,"BY",TRUE,0.5,1,0,0,-3,0.5,3
"three_group",857,"unadjusted",TRUE,0.333333333333333,0.666666666666667,0.333333333333333,1,-3,0.285714285714286,3
"three_group",857,"Holm",TRUE,0.166666666666667,1,0,0,-5,0.166666666666667,1
"three_group",857,"BY",TRUE,0,0,0,0,-6,0,0
"three_group",858,"unadjusted",TRUE,0.833333333333333,1,0,0,-1,0.833333333333333,5
"three_group",858,"Holm",TRUE,0,0,0,0,-6,0,0
"three_group",858,"BY",TRUE,0,0,0,0,-6,0,0
"three_group",859,"unadjusted",TRUE,0.666666666666667,1,0,0,-2,0.666666666666667,4
"three_group",859,"Holm",TRUE,0.333333333333333,1,0,0,-4,0.333333333333333,2
"three_group",859,"BY",TRUE,0.166666666666667,1,0,0,-5,0.166666666666667,1
"three_group",860,"unadjusted",TRUE,0.333333333333333,1,0,0,-4,0.333333333333333,2
"three_group",860,"Holm",TRUE,0.166666666666667,1,0,0,-5,0.166666666666667,1
"three_group",860,"BY",TRUE,0,0,0,0,-6,0,0
"three_group",861,"unadjusted",TRUE,0.333333333333333,0.666666666666667,0.333333333333333,1,-3,0.285714285714286,3
"three_group",861,"Holm",TRUE,0,0,0,0,-6,0,0
"three_group",861,"BY",TRUE,0,0,0,0,-6,0,0
"three_group",862,"unadjusted",TRUE,0.833333333333333,0.833333333333333,0.166666666666667,1,0,0.714285714285714,6
"three_group",862,"Holm",TRUE,0.166666666666667,1,0,0,-5,0.166666666666667,1
"three_group",862,"BY",TRUE,0,0,0,0,-6,0,0
"three_group",863,"unadjusted",TRUE,0.666666666666667,1,0,0,-2,0.666666666666667,4
"three_group",863,"Holm",TRUE,0.333333333333333,1,0,0,-4,0.333333333333333,2
"three_group",863,"BY",TRUE,0.333333333333333,1,0,0,-4,0.333333333333333,2
"three_group",864,"unadjusted",TRUE,0.5,1,0,0,-3,0.5,3
"three_group",864,"Holm",TRUE,0.166666666666667,1,0,0,-5,0.166666666666667,1
"three_group",864,"BY",TRUE,0.166666666666667,1,0,0,-5,0.166666666666667,1
"three_group",865,"unadjusted",TRUE,0.833333333333333,0.833333333333333,0.166666666666667,1,0,0.714285714285714,6
"three_group",865,"Holm",TRUE,0.166666666666667,1,0,0,-5,0.166666666666667,1
"three_group",865,"BY",TRUE,0.166666666666667,1,0,0,-5,0.166666666666667,1
"three_group",866,"unadjusted",TRUE,0.833333333333333,1,0,0,-1,0.833333333333333,5
"three_group",866,"Holm",TRUE,0.166666666666667,1,0,0,-5,0.166666666666667,1
"three_group",866,"BY",TRUE,0,0,0,0,-6,0,0
"three_group",867,"unadjusted",TRUE,0.5,1,0,0,-3,0.5,3
"three_group",867,"Holm",TRUE,0.333333333333333,1,0,0,-4,0.333333333333333,2
"three_group",867,"BY",TRUE,0,0,0,0,-6,0,0
"three_group",868,"unadjusted",TRUE,0.833333333333333,0.833333333333333,0.166666666666667,1,0,0.714285714285714,6
"three_group",868,"Holm",TRUE,0.166666666666667,1,0,0,-5,0.166666666666667,1
"three_group",868,"BY",TRUE,0.166666666666667,1,0,0,-5,0.166666666666667,1
"three_group",869,"unadjusted",TRUE,0.5,1,0,0,-3,0.5,3
"three_group",869,"Holm",TRUE,0.166666666666667,1,0,0,-5,0.166666666666667,1
"three_group",869,"BY",TRUE,0.166666666666667,1,0,0,-5,0.166666666666667,1
"three_group",870,"unadjusted",TRUE,0.833333333333333,0.833333333333333,0.166666666666667,1,0,0.714285714285714,6
"three_group",870,"Holm",TRUE,0.333333333333333,1,0,0,-4,0.333333333333333,2
"three_group",870,"BY",TRUE,0.333333333333333,1,0,0,-4,0.333333333333333,2
"three_group",871,"unadjusted",TRUE,0.833333333333333,0.625,0.375,1,2,0.555555555555556,8
"three_group",871,"Holm",TRUE,0.5,1,0,0,-3,0.5,3
"three_group",871,"BY",TRUE,0.333333333333333,1,0,0,-4,0.333333333333333,2
"three_group",872,"unadjusted",TRUE,0.666666666666667,0.666666666666667,0.333333333333333,1,0,0.5,6
"three_group",872,"Holm",TRUE,0.333333333333333,1,0,0,-4,0.333333333333333,2
"three_group",872,"BY",TRUE,0.166666666666667,1,0,0,-5,0.166666666666667,1
"three_group",873,"unadjusted",TRUE,0.5,1,0,0,-3,0.5,3
"three_group",873,"Holm",TRUE,0,0,0,0,-6,0,0
"three_group",873,"BY",TRUE,0,0,0,0,-6,0,0
"three_group",874,"unadjusted",TRUE,0.5,1,0,0,-3,0.5,3
"three_group",874,"Holm",TRUE,0.166666666666667,1,0,0,-5,0.166666666666667,1
"three_group",874,"BY",TRUE,0,0,0,0,-6,0,0
"three_group",875,"unadjusted",TRUE,1,0.75,0.25,1,2,0.75,8
"three_group",875,"Holm",TRUE,0.166666666666667,1,0,0,-5,0.166666666666667,1
"three_group",875,"BY",TRUE,0,0,0,0,-6,0,0
"three_group",876,"unadjusted",FALSE,0.166666666666667,0.5,0.5,1,-4,0.142857142857143,2
"three_group",876,"Holm",FALSE,0,0,0,0,-6,0,0
"three_group",876,"BY",FALSE,0,0,0,0,-6,0,0
"three_group",877,"unadjusted",TRUE,0.5,1,0,0,-3,0.5,3
"three_group",877,"Holm",TRUE,0.166666666666667,1,0,0,-5,0.166666666666667,1
"three_group",877,"BY",TRUE,0.166666666666667,1,0,0,-5,0.166666666666667,1
"three_group",878,"unadjusted",TRUE,0.833333333333333,1,0,0,-1,0.833333333333333,5
"three_group",878,"Holm",TRUE,0.333333333333333,1,0,0,-4,0.333333333333333,2
"three_group",878,"BY",TRUE,0.333333333333333,1,0,0,-4,0.333333333333333,2
"three_group",879,"unadjusted",TRUE,0.666666666666667,0.8,0.2,1,-1,0.571428571428571,5
"three_group",879,"Holm",TRUE,0.166666666666667,1,0,0,-5,0.166666666666667,1
"three_group",879,"BY",TRUE,0,0,0,0,-6,0,0
"three_group",880,"unadjusted",FALSE,0.333333333333333,0.666666666666667,0.333333333333333,1,-3,0.285714285714286,3
"three_group",880,"Holm",FALSE,0,0,0,0,-6,0,0
"three_group",880,"BY",FALSE,0,0,0,0,-6,0,0
"three_group",881,"unadjusted",TRUE,1,1,0,0,0,1,6
"three_group",881,"Holm",TRUE,0.166666666666667,1,0,0,-5,0.166666666666667,1
"three_group",881,"BY",TRUE,0.166666666666667,1,0,0,-5,0.166666666666667,1
"three_group",882,"unadjusted",TRUE,0.833333333333333,1,0,0,-1,0.833333333333333,5
"three_group",882,"Holm",TRUE,0.166666666666667,1,0,0,-5,0.166666666666667,1
"three_group",882,"BY",TRUE,0.166666666666667,1,0,0,-5,0.166666666666667,1
"three_group",883,"unadjusted",TRUE,0.333333333333333,1,0,0,-4,0.333333333333333,2
"three_group",883,"Holm",TRUE,0.333333333333333,1,0,0,-4,0.333333333333333,2
"three_group",883,"BY",TRUE,0,0,0,0,-6,0,0
"three_group",884,"unadjusted",FALSE,0.833333333333333,1,0,0,-1,0.833333333333333,5
"three_group",884,"Holm",FALSE,0,0,0,0,-6,0,0
"three_group",884,"BY",FALSE,0,0,0,0,-6,0,0
"three_group",885,"unadjusted",TRUE,0.833333333333333,0.714285714285714,0.285714285714286,1,1,0.625,7
"three_group",885,"Holm",TRUE,0.333333333333333,1,0,0,-4,0.333333333333333,2
"three_group",885,"BY",TRUE,0.166666666666667,1,0,0,-5,0.166666666666667,1
"three_group",886,"unadjusted",TRUE,0.666666666666667,1,0,0,-2,0.666666666666667,4
"three_group",886,"Holm",TRUE,0.166666666666667,1,0,0,-5,0.166666666666667,1
"three_group",886,"BY",TRUE,0.166666666666667,1,0,0,-5,0.166666666666667,1
"three_group",887,"unadjusted",TRUE,0.833333333333333,0.714285714285714,0.285714285714286,1,1,0.625,7
"three_group",887,"Holm",TRUE,0.333333333333333,1,0,0,-4,0.333333333333333,2
"three_group",887,"BY",TRUE,0.333333333333333,1,0,0,-4,0.333333333333333,2
"three_group",888,"unadjusted",TRUE,0.333333333333333,0.4,0.6,1,-1,0.222222222222222,5
"three_group",888,"Holm",TRUE,0,0,0,0,-6,0,0
"three_group",888,"BY",TRUE,0,0,0,0,-6,0,0
"three_group",889,"unadjusted",TRUE,0.333333333333333,0.5,0.5,1,-2,0.25,4
"three_group",889,"Holm",TRUE,0,0,0,0,-6,0,0
"three_group",889,"BY",TRUE,0,0,0,0,-6,0,0
"three_group",890,"unadjusted",TRUE,0.333333333333333,0.5,0.5,1,-2,0.25,4
"three_group",890,"Holm",TRUE,0.166666666666667,1,0,0,-5,0.166666666666667,1
"three_group",890,"BY",TRUE,0,0,0,0,-6,0,0
"three_group",891,"unadjusted",TRUE,0.666666666666667,0.8,0.2,1,-1,0.571428571428571,5
"three_group",891,"Holm",TRUE,0,0,0,0,-6,0,0
"three_group",891,"BY",TRUE,0,0,0,0,-6,0,0
"three_group",892,"unadjusted",TRUE,0.5,0.75,0.25,1,-2,0.428571428571429,4
"three_group",892,"Holm",TRUE,0.166666666666667,1,0,0,-5,0.166666666666667,1
"three_group",892,"BY",TRUE,0,0,0,0,-6,0,0
"three_group",893,"unadjusted",TRUE,0.666666666666667,1,0,0,-2,0.666666666666667,4
"three_group",893,"Holm",TRUE,0.333333333333333,1,0,0,-4,0.333333333333333,2
"three_group",893,"BY",TRUE,0.333333333333333,1,0,0,-4,0.333333333333333,2
"three_group",894,"unadjusted",TRUE,0.5,1,0,0,-3,0.5,3
"three_group",894,"Holm",TRUE,0,0,0,0,-6,0,0
"three_group",894,"BY",TRUE,0,0,0,0,-6,0,0
"three_group",895,"unadjusted",TRUE,0.666666666666667,1,0,0,-2,0.666666666666667,4
"three_group",895,"Holm",TRUE,0.333333333333333,1,0,0,-4,0.333333333333333,2
"three_group",895,"BY",TRUE,0.166666666666667,1,0,0,-5,0.166666666666667,1
"three_group",896,"unadjusted",TRUE,0.5,1,0,0,-3,0.5,3
"three_group",896,"Holm",TRUE,0.333333333333333,1,0,0,-4,0.333333333333333,2
"three_group",896,"BY",TRUE,0.333333333333333,1,0,0,-4,0.333333333333333,2
"three_group",897,"unadjusted",TRUE,0.5,1,0,0,-3,0.5,3
"three_group",897,"Holm",TRUE,0,0,0,0,-6,0,0
"three_group",897,"BY",TRUE,0,0,0,0,-6,0,0
"three_group",898,"unadjusted",TRUE,0.333333333333333,0.5,0.5,1,-2,0.25,4
"three_group",898,"Holm",TRUE,0.333333333333333,1,0,0,-4,0.333333333333333,2
"three_group",898,"BY",TRUE,0.166666666666667,1,0,0,-5,0.166666666666667,1
"three_group",899,"unadjusted",TRUE,0.833333333333333,1,0,0,-1,0.833333333333333,5
"three_group",899,"Holm",TRUE,0,0,0,0,-6,0,0
"three_group",899,"BY",TRUE,0,0,0,0,-6,0,0
"three_group",900,"unadjusted",TRUE,0.666666666666667,1,0,0,-2,0.666666666666667,4
"three_group",900,"Holm",TRUE,0.333333333333333,1,0,0,-4,0.333333333333333,2
"three_group",900,"BY",TRUE,0.166666666666667,1,0,0,-5,0.166666666666667,1
"three_group",901,"unadjusted",TRUE,0.666666666666667,0.8,0.2,1,-1,0.571428571428571,5
"three_group",901,"Holm",TRUE,0.5,1,0,0,-3,0.5,3
"three_group",901,"BY",TRUE,0.5,1,0,0,-3,0.5,3
"three_group",902,"unadjusted",FALSE,0.166666666666667,1,0,0,-5,0.166666666666667,1
"three_group",902,"Holm",FALSE,0,0,0,0,-6,0,0
"three_group",902,"BY",FALSE,0,0,0,0,-6,0,0
"three_group",903,"unadjusted",TRUE,0.333333333333333,1,0,0,-4,0.333333333333333,2
"three_group",903,"Holm",TRUE,0.166666666666667,1,0,0,-5,0.166666666666667,1
"three_group",903,"BY",TRUE,0,0,0,0,-6,0,0
"three_group",904,"unadjusted",TRUE,0.333333333333333,1,0,0,-4,0.333333333333333,2
"three_group",904,"Holm",TRUE,0.166666666666667,1,0,0,-5,0.166666666666667,1
"three_group",904,"BY",TRUE,0,0,0,0,-6,0,0
"three_group",905,"unadjusted",TRUE,0.5,0.75,0.25,1,-2,0.428571428571429,4
"three_group",905,"Holm",TRUE,0,0,0,0,-6,0,0
"three_group",905,"BY",TRUE,0,0,0,0,-6,0,0
"three_group",906,"unadjusted",TRUE,0.5,0.75,0.25,1,-2,0.428571428571429,4
"three_group",906,"Holm",TRUE,0,0,0,0,-6,0,0
"three_group",906,"BY",TRUE,0,0,0,0,-6,0,0
"three_group",907,"unadjusted",TRUE,0.666666666666667,1,0,0,-2,0.666666666666667,4
"three_group",907,"Holm",TRUE,0.166666666666667,1,0,0,-5,0.166666666666667,1
"three_group",907,"BY",TRUE,0,0,0,0,-6,0,0
"three_group",908,"unadjusted",TRUE,0.5,0.6,0.4,1,-1,0.375,5
"three_group",908,"Holm",TRUE,0,0,0,0,-6,0,0
"three_group",908,"BY",TRUE,0,0,0,0,-6,0,0
"three_group",909,"unadjusted",TRUE,0.833333333333333,0.833333333333333,0.166666666666667,1,0,0.714285714285714,6
"three_group",909,"Holm",TRUE,0.166666666666667,1,0,0,-5,0.166666666666667,1
"three_group",909,"BY",TRUE,0.166666666666667,1,0,0,-5,0.166666666666667,1
"three_group",910,"unadjusted",TRUE,0.5,1,0,0,-3,0.5,3
"three_group",910,"Holm",TRUE,0.333333333333333,1,0,0,-4,0.333333333333333,2
"three_group",910,"BY",TRUE,0.333333333333333,1,0,0,-4,0.333333333333333,2
"three_group",911,"unadjusted",TRUE,0.5,1,0,0,-3,0.5,3
"three_group",911,"Holm",TRUE,0.166666666666667,1,0,0,-5,0.166666666666667,1
"three_group",911,"BY",TRUE,0,0,0,0,-6,0,0
"three_group",912,"unadjusted",TRUE,0.333333333333333,0.666666666666667,0.333333333333333,1,-3,0.285714285714286,3
"three_group",912,"Holm",TRUE,0,0,0,0,-6,0,0
"three_group",912,"BY",TRUE,0,0,0,0,-6,0,0
"three_group",913,"unadjusted",TRUE,0.666666666666667,0.666666666666667,0.333333333333333,1,0,0.5,6
"three_group",913,"Holm",TRUE,0,0,0,0,-6,0,0
"three_group",913,"BY",TRUE,0,0,0,0,-6,0,0
"three_group",914,"unadjusted",TRUE,0.666666666666667,0.8,0.2,1,-1,0.571428571428571,5
"three_group",914,"Holm",TRUE,0,0,0,0,-6,0,0
"three_group",914,"BY",TRUE,0,0,0,0,-6,0,0
"three_group",915,"unadjusted",TRUE,0.833333333333333,1,0,0,-1,0.833333333333333,5
"three_group",915,"Holm",TRUE,0.5,1,0,0,-3,0.5,3
"three_group",915,"BY",TRUE,0.333333333333333,1,0,0,-4,0.333333333333333,2
"three_group",916,"unadjusted",TRUE,0.833333333333333,1,0,0,-1,0.833333333333333,5
"three_group",916,"Holm",TRUE,0,0,0,0,-6,0,0
"three_group",916,"BY",TRUE,0,0,0,0,-6,0,0
"three_group",917,"unadjusted",TRUE,0.666666666666667,0.8,0.2,1,-1,0.571428571428571,5
"three_group",917,"Holm",TRUE,0.166666666666667,1,0,0,-5,0.166666666666667,1
"three_group",917,"BY",TRUE,0.166666666666667,1,0,0,-5,0.166666666666667,1
"three_group",918,"unadjusted",TRUE,0.333333333333333,0.666666666666667,0.333333333333333,1,-3,0.285714285714286,3
"three_group",918,"Holm",TRUE,0.333333333333333,1,0,0,-4,0.333333333333333,2
"three_group",918,"BY",TRUE,0.333333333333333,1,0,0,-4,0.333333333333333,2
"three_group",919,"unadjusted",FALSE,0.166666666666667,1,0,0,-5,0.166666666666667,1
"three_group",919,"Holm",FALSE,0,0,0,0,-6,0,0
"three_group",919,"BY",FALSE,0,0,0,0,-6,0,0
"three_group",920,"unadjusted",TRUE,0.5,0.75,0.25,1,-2,0.428571428571429,4
"three_group",920,"Holm",TRUE,0.166666666666667,1,0,0,-5,0.166666666666667,1
"three_group",920,"BY",TRUE,0.166666666666667,1,0,0,-5,0.166666666666667,1
"three_group",921,"unadjusted",TRUE,0.5,1,0,0,-3,0.5,3
"three_group",921,"Holm",TRUE,0.166666666666667,1,0,0,-5,0.166666666666667,1
"three_group",921,"BY",TRUE,0,0,0,0,-6,0,0
"three_group",922,"unadjusted",TRUE,0.666666666666667,0.666666666666667,0.333333333333333,1,0,0.5,6
"three_group",922,"Holm",TRUE,0.166666666666667,1,0,0,-5,0.166666666666667,1
"three_group",922,"BY",TRUE,0.166666666666667,1,0,0,-5,0.166666666666667,1
"three_group",923,"unadjusted",TRUE,0.166666666666667,0.5,0.5,1,-4,0.142857142857143,2
"three_group",923,"Holm",TRUE,0,0,1,1,-5,0,1
"three_group",923,"BY",TRUE,0,0,0,0,-6,0,0
"three_group",924,"unadjusted",TRUE,0.666666666666667,0.8,0.2,1,-1,0.571428571428571,5
"three_group",924,"Holm",TRUE,0.333333333333333,1,0,0,-4,0.333333333333333,2
"three_group",924,"BY",TRUE,0,0,0,0,-6,0,0
"three_group",925,"unadjusted",TRUE,0.666666666666667,0.666666666666667,0.333333333333333,1,0,0.5,6
"three_group",925,"Holm",TRUE,0.5,1,0,0,-3,0.5,3
"three_group",925,"BY",TRUE,0.333333333333333,1,0,0,-4,0.333333333333333,2
"three_group",926,"unadjusted",TRUE,0.333333333333333,0.5,0.5,1,-2,0.25,4
"three_group",926,"Holm",TRUE,0.166666666666667,1,0,0,-5,0.166666666666667,1
"three_group",926,"BY",TRUE,0,0,0,0,-6,0,0
"three_group",927,"unadjusted",TRUE,0.333333333333333,0.666666666666667,0.333333333333333,1,-3,0.285714285714286,3
"three_group",927,"Holm",TRUE,0.166666666666667,1,0,0,-5,0.166666666666667,1
"three_group",927,"BY",TRUE,0.166666666666667,1,0,0,-5,0.166666666666667,1
"three_group",928,"unadjusted",TRUE,0.333333333333333,0.666666666666667,0.333333333333333,1,-3,0.285714285714286,3
"three_group",928,"Holm",TRUE,0.166666666666667,1,0,0,-5,0.166666666666667,1
"three_group",928,"BY",TRUE,0,0,0,0,-6,0,0
"three_group",929,"unadjusted",TRUE,0.833333333333333,1,0,0,-1,0.833333333333333,5
"three_group",929,"Holm",TRUE,0.333333333333333,1,0,0,-4,0.333333333333333,2
"three_group",929,"BY",TRUE,0.333333333333333,1,0,0,-4,0.333333333333333,2
"three_group",930,"unadjusted",TRUE,0.833333333333333,0.833333333333333,0.166666666666667,1,0,0.714285714285714,6
"three_group",930,"Holm",TRUE,0,0,0,0,-6,0,0
"three_group",930,"BY",TRUE,0,0,0,0,-6,0,0
"three_group",931,"unadjusted",TRUE,0.666666666666667,0.8,0.2,1,-1,0.571428571428571,5
"three_group",931,"Holm",TRUE,0,0,0,0,-6,0,0
"three_group",931,"BY",TRUE,0,0,0,0,-6,0,0
"three_group",932,"unadjusted",TRUE,0.833333333333333,1,0,0,-1,0.833333333333333,5
"three_group",932,"Holm",TRUE,0,0,0,0,-6,0,0
"three_group",932,"BY",TRUE,0,0,0,0,-6,0,0
"three_group",933,"unadjusted",TRUE,0.666666666666667,1,0,0,-2,0.666666666666667,4
"three_group",933,"Holm",TRUE,0.333333333333333,1,0,0,-4,0.333333333333333,2
"three_group",933,"BY",TRUE,0.333333333333333,1,0,0,-4,0.333333333333333,2
"three_group",934,"unadjusted",TRUE,0.5,0.75,0.25,1,-2,0.428571428571429,4
"three_group",934,"Holm",TRUE,0.166666666666667,1,0,0,-5,0.166666666666667,1
"three_group",934,"BY",TRUE,0,0,0,0,-6,0,0
"three_group",935,"unadjusted",TRUE,0.666666666666667,0.8,0.2,1,-1,0.571428571428571,5
"three_group",935,"Holm",TRUE,0,0,0,0,-6,0,0
"three_group",935,"BY",TRUE,0,0,0,0,-6,0,0
"three_group",936,"unadjusted",TRUE,0.666666666666667,0.8,0.2,1,-1,0.571428571428571,5
"three_group",936,"Holm",TRUE,0.166666666666667,1,0,0,-5,0.166666666666667,1
"three_group",936,"BY",TRUE,0,0,0,0,-6,0,0
"three_group",937,"unadjusted",TRUE,0.5,0.6,0.4,1,-1,0.375,5
"three_group",937,"Holm",TRUE,0.166666666666667,1,0,0,-5,0.166666666666667,1
"three_group",937,"BY",TRUE,0.166666666666667,1,0,0,-5,0.166666666666667,1
"three_group",938,"unadjusted",TRUE,0.5,1,0,0,-3,0.5,3
"three_group",938,"Holm",TRUE,0,0,0,0,-6,0,0
"three_group",938,"BY",TRUE,0,0,0,0,-6,0,0
"three_group",939,"unadjusted",TRUE,0.666666666666667,0.666666666666667,0.333333333333333,1,0,0.5,6
"three_group",939,"Holm",TRUE,0.166666666666667,1,0,0,-5,0.166666666666667,1
"three_group",939,"BY",TRUE,0.166666666666667,1,0,0,-5,0.166666666666667,1
"three_group",940,"unadjusted",TRUE,0.5,0.75,0.25,1,-2,0.428571428571429,4
"three_group",940,"Holm",TRUE,0,0,0,0,-6,0,0
"three_group",940,"BY",TRUE,0,0,0,0,-6,0,0
"three_group",941,"unadjusted",TRUE,1,0.666666666666667,0.333333333333333,1,3,0.666666666666667,9
"three_group",941,"Holm",TRUE,0.333333333333333,1,0,0,-4,0.333333333333333,2
"three_group",941,"BY",TRUE,0,0,0,0,-6,0,0
"three_group",942,"unadjusted",TRUE,0.666666666666667,0.8,0.2,1,-1,0.571428571428571,5
"three_group",942,"Holm",TRUE,0.166666666666667,1,0,0,-5,0.166666666666667,1
"three_group",942,"BY",TRUE,0.166666666666667,1,0,0,-5,0.166666666666667,1
"three_group",943,"unadjusted",TRUE,0.666666666666667,1,0,0,-2,0.666666666666667,4
"three_group",943,"Holm",TRUE,0,0,0,0,-6,0,0
"three_group",943,"BY",TRUE,0,0,0,0,-6,0,0
"three_group",944,"unadjusted",TRUE,0.5,1,0,0,-3,0.5,3
"three_group",944,"Holm",TRUE,0.166666666666667,1,0,0,-5,0.166666666666667,1
"three_group",944,"BY",TRUE,0,0,0,0,-6,0,0
"three_group",945,"unadjusted",TRUE,0.833333333333333,1,0,0,-1,0.833333333333333,5
"three_group",945,"Holm",TRUE,0.166666666666667,1,0,0,-5,0.166666666666667,1
"three_group",945,"BY",TRUE,0.166666666666667,1,0,0,-5,0.166666666666667,1
"three_group",946,"unadjusted",TRUE,0.666666666666667,0.666666666666667,0.333333333333333,1,0,0.5,6
"three_group",946,"Holm",TRUE,0.166666666666667,1,0,0,-5,0.166666666666667,1
"three_group",946,"BY",TRUE,0,0,0,0,-6,0,0
"three_group",947,"unadjusted",TRUE,0.833333333333333,0.714285714285714,0.285714285714286,1,1,0.625,7
"three_group",947,"Holm",TRUE,0.333333333333333,1,0,0,-4,0.333333333333333,2
"three_group",947,"BY",TRUE,0.166666666666667,1,0,0,-5,0.166666666666667,1
"three_group",948,"unadjusted",TRUE,0.833333333333333,1,0,0,-1,0.833333333333333,5
"three_group",948,"Holm",TRUE,0,0,0,0,-6,0,0
"three_group",948,"BY",TRUE,0,0,0,0,-6,0,0
"three_group",949,"unadjusted",TRUE,0.5,1,0,0,-3,0.5,3
"three_group",949,"Holm",TRUE,0.166666666666667,1,0,0,-5,0.166666666666667,1
"three_group",949,"BY",TRUE,0.166666666666667,1,0,0,-5,0.166666666666667,1
"three_group",950,"unadjusted",TRUE,0.5,0.75,0.25,1,-2,0.428571428571429,4
"three_group",950,"Holm",TRUE,0.333333333333333,1,0,0,-4,0.333333333333333,2
"three_group",950,"BY",TRUE,0.333333333333333,1,0,0,-4,0.333333333333333,2
"three_group",951,"unadjusted",TRUE,0.666666666666667,1,0,0,-2,0.666666666666667,4
"three_group",951,"Holm",TRUE,0,0,0,0,-6,0,0
"three_group",951,"BY",TRUE,0,0,0,0,-6,0,0
"three_group",952,"unadjusted",TRUE,0.666666666666667,1,0,0,-2,0.666666666666667,4
"three_group",952,"Holm",TRUE,0.5,1,0,0,-3,0.5,3
"three_group",952,"BY",TRUE,0.5,1,0,0,-3,0.5,3
"three_group",953,"unadjusted",TRUE,0.333333333333333,0.666666666666667,0.333333333333333,1,-3,0.285714285714286,3
"three_group",953,"Holm",TRUE,0.166666666666667,1,0,0,-5,0.166666666666667,1
"three_group",953,"BY",TRUE,0,0,0,0,-6,0,0
"three_group",954,"unadjusted",TRUE,0.5,1,0,0,-3,0.5,3
"three_group",954,"Holm",TRUE,0,0,0,0,-6,0,0
"three_group",954,"BY",TRUE,0,0,0,0,-6,0,0
"three_group",955,"unadjusted",TRUE,0.666666666666667,0.8,0.2,1,-1,0.571428571428571,5
"three_group",955,"Holm",TRUE,0.333333333333333,1,0,0,-4,0.333333333333333,2
"three_group",955,"BY",TRUE,0,0,0,0,-6,0,0
"three_group",956,"unadjusted",TRUE,0.666666666666667,0.8,0.2,1,-1,0.571428571428571,5
"three_group",956,"Holm",TRUE,0,0,0,0,-6,0,0
"three_group",956,"BY",TRUE,0,0,0,0,-6,0,0
"three_group",957,"unadjusted",TRUE,0.5,1,0,0,-3,0.5,3
"three_group",957,"Holm",TRUE,0.166666666666667,1,0,0,-5,0.166666666666667,1
"three_group",957,"BY",TRUE,0,0,0,0,-6,0,0
"three_group",958,"unadjusted",TRUE,1,1,0,0,0,1,6
"three_group",958,"Holm",TRUE,0.166666666666667,1,0,0,-5,0.166666666666667,1
"three_group",958,"BY",TRUE,0,0,0,0,-6,0,0
"three_group",959,"unadjusted",TRUE,0.666666666666667,0.666666666666667,0.333333333333333,1,0,0.5,6
"three_group",959,"Holm",TRUE,0.333333333333333,1,0,0,-4,0.333333333333333,2
"three_group",959,"BY",TRUE,0.333333333333333,1,0,0,-4,0.333333333333333,2
"three_group",960,"unadjusted",TRUE,0.666666666666667,0.571428571428571,0.428571428571429,1,1,0.444444444444444,7
"three_group",960,"Holm",TRUE,0.5,1,0,0,-3,0.5,3
"three_group",960,"BY",TRUE,0.5,1,0,0,-3,0.5,3
"three_group",961,"unadjusted",TRUE,0.833333333333333,0.714285714285714,0.285714285714286,1,1,0.625,7
"three_group",961,"Holm",TRUE,0.166666666666667,1,0,0,-5,0.166666666666667,1
"three_group",961,"BY",TRUE,0,0,0,0,-6,0,0
"three_group",962,"unadjusted",TRUE,0.666666666666667,0.666666666666667,0.333333333333333,1,0,0.5,6
"three_group",962,"Holm",TRUE,0.166666666666667,1,0,0,-5,0.166666666666667,1
"three_group",962,"BY",TRUE,0,0,0,0,-6,0,0
"three_group",963,"unadjusted",TRUE,0.666666666666667,1,0,0,-2,0.666666666666667,4
"three_group",963,"Holm",TRUE,0,0,0,0,-6,0,0
"three_group",963,"BY",TRUE,0,0,0,0,-6,0,0
"three_group",964,"unadjusted",TRUE,0.5,0.75,0.25,1,-2,0.428571428571429,4
"three_group",964,"Holm",TRUE,0.166666666666667,1,0,0,-5,0.166666666666667,1
"three_group",964,"BY",TRUE,0,0,0,0,-6,0,0
"three_group",965,"unadjusted",TRUE,0.666666666666667,0.666666666666667,0.333333333333333,1,0,0.5,6
"three_group",965,"Holm",TRUE,0.166666666666667,1,0,0,-5,0.166666666666667,1
"three_group",965,"BY",TRUE,0,0,0,0,-6,0,0
"three_group",966,"unadjusted",TRUE,0.666666666666667,0.8,0.2,1,-1,0.571428571428571,5
"three_group",966,"Holm",TRUE,0.166666666666667,1,0,0,-5,0.166666666666667,1
"three_group",966,"BY",TRUE,0,0,0,0,-6,0,0
"three_group",967,"unadjusted",TRUE,0.5,0.75,0.25,1,-2,0.428571428571429,4
"three_group",967,"Holm",TRUE,0.166666666666667,1,0,0,-5,0.166666666666667,1
"three_group",967,"BY",TRUE,0,0,0,0,-6,0,0
"three_group",968,"unadjusted",TRUE,0.833333333333333,0.833333333333333,0.166666666666667,1,0,0.714285714285714,6
"three_group",968,"Holm",TRUE,0,0,0,0,-6,0,0
"three_group",968,"BY",TRUE,0,0,0,0,-6,0,0
"three_group",969,"unadjusted",TRUE,0.833333333333333,0.714285714285714,0.285714285714286,1,1,0.625,7
"three_group",969,"Holm",TRUE,0.166666666666667,1,0,0,-5,0.166666666666667,1
"three_group",969,"BY",TRUE,0.166666666666667,1,0,0,-5,0.166666666666667,1
"three_group",970,"unadjusted",TRUE,0.5,0.75,0.25,1,-2,0.428571428571429,4
"three_group",970,"Holm",TRUE,0.166666666666667,1,0,0,-5,0.166666666666667,1
"three_group",970,"BY",TRUE,0,0,0,0,-6,0,0
"three_group",971,"unadjusted",TRUE,0.833333333333333,1,0,0,-1,0.833333333333333,5
"three_group",971,"Holm",TRUE,0.5,1,0,0,-3,0.5,3
"three_group",971,"BY",TRUE,0.5,1,0,0,-3,0.5,3
"three_group",972,"unadjusted",TRUE,0.5,0.6,0.4,1,-1,0.375,5
"three_group",972,"Holm",TRUE,0,0,0,0,-6,0,0
"three_group",972,"BY",TRUE,0,0,0,0,-6,0,0
"three_group",973,"unadjusted",TRUE,0.833333333333333,0.833333333333333,0.166666666666667,1,0,0.714285714285714,6
"three_group",973,"Holm",TRUE,0.333333333333333,1,0,0,-4,0.333333333333333,2
"three_group",973,"BY",TRUE,0.333333333333333,1,0,0,-4,0.333333333333333,2
"three_group",974,"unadjusted",TRUE,0.5,0.6,0.4,1,-1,0.375,5
"three_group",974,"Holm",TRUE,0.333333333333333,1,0,0,-4,0.333333333333333,2
"three_group",974,"BY",TRUE,0.333333333333333,1,0,0,-4,0.333333333333333,2
"three_group",975,"unadjusted",TRUE,0.666666666666667,0.8,0.2,1,-1,0.571428571428571,5
"three_group",975,"Holm",TRUE,0.166666666666667,1,0,0,-5,0.166666666666667,1
"three_group",975,"BY",TRUE,0,0,0,0,-6,0,0
"three_group",976,"unadjusted",TRUE,0.833333333333333,0.833333333333333,0.166666666666667,1,0,0.714285714285714,6
"three_group",976,"Holm",TRUE,0,0,0,0,-6,0,0
"three_group",976,"BY",TRUE,0,0,0,0,-6,0,0
"three_group",977,"unadjusted",TRUE,0.666666666666667,0.666666666666667,0.333333333333333,1,0,0.5,6
"three_group",977,"Holm",TRUE,0.333333333333333,1,0,0,-4,0.333333333333333,2
"three_group",977,"BY",TRUE,0,0,0,0,-6,0,0
"three_group",978,"unadjusted",TRUE,0.666666666666667,1,0,0,-2,0.666666666666667,4
"three_group",978,"Holm",TRUE,0.333333333333333,1,0,0,-4,0.333333333333333,2
"three_group",978,"BY",TRUE,0.333333333333333,1,0,0,-4,0.333333333333333,2
"three_group",979,"unadjusted",TRUE,0.333333333333333,1,0,0,-4,0.333333333333333,2
"three_group",979,"Holm",TRUE,0,0,0,0,-6,0,0
"three_group",979,"BY",TRUE,0,0,0,0,-6,0,0
"three_group",980,"unadjusted",TRUE,0.666666666666667,0.666666666666667,0.333333333333333,1,0,0.5,6
"three_group",980,"Holm",TRUE,0,0,0,0,-6,0,0
"three_group",980,"BY",TRUE,0,0,0,0,-6,0,0
"three_group",981,"unadjusted",TRUE,0.666666666666667,0.8,0.2,1,-1,0.571428571428571,5
"three_group",981,"Holm",TRUE,0,0,0,0,-6,0,0
"three_group",981,"BY",TRUE,0,0,0,0,-6,0,0
"three_group",982,"unadjusted",TRUE,1,0.857142857142857,0.142857142857143,1,1,0.857142857142857,7
"three_group",982,"Holm",TRUE,0.5,1,0,0,-3,0.5,3
"three_group",982,"BY",TRUE,0.5,1,0,0,-3,0.5,3
"three_group",983,"unadjusted",TRUE,0.833333333333333,1,0,0,-1,0.833333333333333,5
"three_group",983,"Holm",TRUE,0.333333333333333,1,0,0,-4,0.333333333333333,2
"three_group",983,"BY",TRUE,0.333333333333333,1,0,0,-4,0.333333333333333,2
"three_group",984,"unadjusted",TRUE,0.5,0.75,0.25,1,-2,0.428571428571429,4
"three_group",984,"Holm",TRUE,0.166666666666667,1,0,0,-5,0.166666666666667,1
"three_group",984,"BY",TRUE,0.166666666666667,1,0,0,-5,0.166666666666667,1
"three_group",985,"unadjusted",TRUE,0.5,1,0,0,-3,0.5,3
"three_group",985,"Holm",TRUE,0.166666666666667,1,0,0,-5,0.166666666666667,1
"three_group",985,"BY",TRUE,0.166666666666667,1,0,0,-5,0.166666666666667,1
"three_group",986,"unadjusted",TRUE,0.333333333333333,1,0,0,-4,0.333333333333333,2
"three_group",986,"Holm",TRUE,0.166666666666667,1,0,0,-5,0.166666666666667,1
"three_group",986,"BY",TRUE,0,0,0,0,-6,0,0
"three_group",987,"unadjusted",TRUE,0.333333333333333,1,0,0,-4,0.333333333333333,2
"three_group",987,"Holm",TRUE,0.166666666666667,1,0,0,-5,0.166666666666667,1
"three_group",987,"BY",TRUE,0.166666666666667,1,0,0,-5,0.166666666666667,1
"three_group",988,"unadjusted",TRUE,0.5,1,0,0,-3,0.5,3
"three_group",988,"Holm",TRUE,0.166666666666667,1,0,0,-5,0.166666666666667,1
"three_group",988,"BY",TRUE,0.166666666666667,1,0,0,-5,0.166666666666667,1
"three_group",989,"unadjusted",TRUE,0.5,1,0,0,-3,0.5,3
"three_group",989,"Holm",TRUE,0.333333333333333,1,0,0,-4,0.333333333333333,2
"three_group",989,"BY",TRUE,0.166666666666667,1,0,0,-5,0.166666666666667,1
"three_group",990,"unadjusted",TRUE,0.5,1,0,0,-3,0.5,3
"three_group",990,"Holm",TRUE,0,0,0,0,-6,0,0
"three_group",990,"BY",TRUE,0,0,0,0,-6,0,0
"three_group",991,"unadjusted",TRUE,0.666666666666667,0.8,0.2,1,-1,0.571428571428571,5
"three_group",991,"Holm",TRUE,0,0,0,0,-6,0,0
"three_group",991,"BY",TRUE,0,0,0,0,-6,0,0
"three_group",992,"unadjusted",FALSE,0.333333333333333,1,0,0,-4,0.333333333333333,2
"three_group",992,"Holm",FALSE,0,0,0,0,-6,0,0
"three_group",992,"BY",FALSE,0,0,0,0,-6,0,0
"three_group",993,"unadjusted",TRUE,0.5,0.6,0.4,1,-1,0.375,5
"three_group",993,"Holm",TRUE,0.166666666666667,1,0,0,-5,0.166666666666667,1
"three_group",993,"BY",TRUE,0.166666666666667,1,0,0,-5,0.166666666666667,1
"three_group",994,"unadjusted",TRUE,0.5,1,0,0,-3,0.5,3
"three_group",994,"Holm",TRUE,0.166666666666667,1,0,0,-5,0.166666666666667,1
"three_group",994,"BY",TRUE,0,0,0,0,-6,0,0
"three_group",995,"unadjusted",TRUE,0.333333333333333,0.666666666666667,0.333333333333333,1,-3,0.285714285714286,3
"three_group",995,"Holm",TRUE,0,0,0,0,-6,0,0
"three_group",995,"BY",TRUE,0,0,0,0,-6,0,0
"three_group",996,"unadjusted",TRUE,0.666666666666667,0.666666666666667,0.333333333333333,1,0,0.5,6
"three_group",996,"Holm",TRUE,0,0,1,1,-5,0,1
"three_group",996,"BY",TRUE,0,0,1,1,-5,0,1
"three_group",997,"unadjusted",TRUE,0.5,1,0,0,-3,0.5,3
"three_group",997,"Holm",TRUE,0.166666666666667,1,0,0,-5,0.166666666666667,1
"three_group",997,"BY",TRUE,0,0,0,0,-6,0,0
"three_group",998,"unadjusted",FALSE,0.166666666666667,1,0,0,-5,0.166666666666667,1
"three_group",998,"Holm",FALSE,0,0,0,0,-6,0,0
"three_group",998,"BY",FALSE,0,0,0,0,-6,0,0
"three_group",999,"unadjusted",TRUE,0.5,1,0,0,-3,0.5,3
"three_group",999,"Holm",TRUE,0.166666666666667,1,0,0,-5,0.166666666666667,1
"three_group",999,"BY",TRUE,0,0,0,0,-6,0,0
"three_group",1000,"unadjusted",TRUE,0.666666666666667,0.8,0.2,1,-1,0.571428571428571,5
"three_group",1000,"Holm",TRUE,0.333333333333333,1,0,0,-4,0.333333333333333,2
"three_group",1000,"BY",TRUE,0.333333333333333,1,0,0,-4,0.333333333333333,2
