"node1","node2","region1","region2","proportion_control","proportion_autism","risk_difference","effect_range","p_value","p_adjusted","p_by","selected","rank"
1,2,"Precentral_L","Precentral_R",0.927272727272727,0.854545454545454,-0.0727272727272728,0.0727272727272728,0.359662012889472,1,1,FALSE,853
1,3,"Precentral_L","Frontal_Sup_L",0.527272727272727,0.2,-0.327272727272727,0.327272727272727,0.000658047876341277,1,1,FALSE,2
2,3,"Precentral_R","Frontal_Sup_L",0.109090909090909,0.0545454545454545,-0.0545454545454545,0.0545454545454545,0.488966435220834,1,1,FALSE,1158
1,4,"Precentral_L","Frontal_Sup_R",0.163636363636364,0.0545454545454545,-0.109090909090909,0.109090909090909,0.123540893849592,1,1,FALSE,291
2,4,"Precentral_R","Frontal_Sup_R",0.381818181818182,0.290909090909091,-0.0909090909090909,0.0909090909090909,0.419755829539315,1,1,FALSE,1032
3,4,"Frontal_Sup_L","Frontal_Sup_R",0.545454545454545,0.472727272727273,-0.0727272727272727,0.0727272727272727,0.567423019256256,1,1,FALSE,1642
1,5,"Precentral_L","Frontal_Sup_Orb_L",0.0909090909090909,0.0727272727272727,-0.0181818181818182,0.0181818181818182,1,1,1,FALSE,2663
2,5,"Precentral_R","Frontal_Sup_Orb_L",0.0181818181818182,0.0545454545454545,0.0363636363636364,0.0363636363636364,0.618022807167967,1,1,FALSE,1706
3,5,"Frontal_Sup_L","Frontal_Sup_Orb_L",0.6,0.509090909090909,-0.0909090909090909,0.0909090909090909,0.44304703086807,1,1,FALSE,1119
4,5,"Frontal_Sup_R","Frontal_Sup_Orb_L",0.109090909090909,0.0727272727272727,-0.0363636363636364,0.0363636363636364,0.741953348477847,1,1,FALSE,2142
1,6,"Precentral_L","Frontal_Sup_Orb_R",0,0,0,0,1,1,1,FALSE,4221
2,6,"Precentral_R","Frontal_Sup_Orb_R",0.0181818181818182,0.0363636363636364,0.0181818181818182,0.0181818181818182,1,1,1,FALSE,2834
3,6,"Frontal_Sup_L","Frontal_Sup_Orb_R",0.0727272727272727,0.0545454545454545,-0.0181818181818182,0.0181818181818182,1,1,1,FALSE,2847
4,6,"Frontal_Sup_R","Frontal_Sup_Orb_R",0.272727272727273,0.2,-0.0727272727272727,0.0727272727272727,0.50129166376757,1,1,FALSE,1489
5,6,"Frontal_Sup_Orb_L","Frontal_Sup_Orb_R",0.272727272727273,0.272727272727273,0,0,1,1,1,FALSE,4320
1,7,"Precentral_L","Frontal_Mid_L",0.581818181818182,0.327272727272727,-0.254545454545455,0.254545454545455,0.0124355008584193,1,1,FALSE,28
2,7,"Precentral_R","Frontal_Mid_L",0.145454545454545,0.109090909090909,-0.0363636363636364,0.0363636363636364,0.775847219468156,1,1,FALSE,2240
3,7,"Frontal_Sup_L","Frontal_Mid_L",1,0.981818181818182,-0.0181818181818182,0.0181818181818182,1,1,1,FALSE,2670
4,7,"Frontal_Sup_R","Frontal_Mid_L",0.327272727272727,0.254545454545455,-0.0727272727272728,0.0727272727272728,0.529223317330229,1,1,FALSE,1549
5,7,"Frontal_Sup_Orb_L","Frontal_Mid_L",0.618181818181818,0.709090909090909,0.0909090909090909,0.0909090909090909,0.419755829539315,1,1,FALSE,1033
6,7,"Frontal_Sup_Orb_R","Frontal_Mid_L",0.145454545454545,0.109090909090909,-0.0363636363636364,0.0363636363636364,0.775847219468156,1,1,FALSE,2244
1,8,"Precentral_L","Frontal_Mid_R",0.109090909090909,0.0727272727272727,-0.0363636363636364,0.0363636363636364,0.741953348477847,1,1,FALSE,2134
2,8,"Precentral_R","Frontal_Mid_R",0.327272727272727,0.309090909090909,-0.0181818181818182,0.0181818181818182,1,1,1,FALSE,2466
3,8,"Frontal_Sup_L","Frontal_Mid_R",0.581818181818182,0.618181818181818,0.0363636363636364,0.0363636363636364,0.84582542658479,1,1,FALSE,2408
4,8,"Frontal_Sup_R","Frontal_Mid_R",0.927272727272727,0.909090909090909,-0.0181818181818182,0.0181818181818182,1,1,1,FALSE,2675
5,8,"Frontal_Sup_Orb_L","Frontal_Mid_R",0.127272727272727,0.163636363636364,0.0363636363636364,0.0363636363636364,0.78764473423299,1,1,FALSE,2268
6,8,"Frontal_Sup_Orb_R","Frontal_Mid_R",0.436363636363636,0.327272727272727,-0.109090909090909,0.109090909090909,0.32650846283772,1,1,FALSE,811
7,8,"Frontal_Mid_L","Frontal_Mid_R",0.781818181818182,0.745454545454545,-0.0363636363636364,0.0363636363636364,0.822773070595087,1,1,FALSE,2336
1,9,"Precentral_L","Frontal_Mid_Orb_L",0.0727272727272727,0.0727272727272727,0,0,1,1,1,FALSE,4222
2,9,"Precentral_R","Frontal_Mid_Orb_L",0.0181818181818182,0.0181818181818182,0,0,1,1,1,FALSE,4249
3,9,"Frontal_Sup_L","Frontal_Mid_Orb_L",0.436363636363636,0.418181818181818,-0.0181818181818182,0.0181818181818182,1,1,1,FALSE,2671
4,9,"Frontal_Sup_R","Frontal_Mid_Orb_L",0.181818181818182,0.0909090909090909,-0.0909090909090909,0.0909090909090909,0.266166492306464,1,1,FALSE,670
5,9,"Frontal_Sup_Orb_L","Frontal_Mid_Orb_L",0.763636363636364,0.8,0.0363636363636364,0.0363636363636364,0.817827202797741,1,1,FALSE,2324
6,9,"Frontal_Sup_Orb_R","Frontal_Mid_Orb_L",0.2,0.109090909090909,-0.0909090909090909,0.0909090909090909,0.291362613125644,1,1,FALSE,728
7,9,"Frontal_Mid_L","Frontal_Mid_Orb_L",0.690909090909091,0.672727272727273,-0.0181818181818182,0.0181818181818182,1,1,1,FALSE,2469
8,9,"Frontal_Mid_R","Frontal_Mid_Orb_L",0.254545454545455,0.218181818181818,-0.0363636363636363,0.0363636363636363,0.822773070595087,1,1,FALSE,2339
1,10,"Precentral_L","Frontal_Mid_Orb_R",0.0545454545454545,0,-0.0545454545454545,0.0545454545454545,0.243119266055046,1,1,FALSE,520
2,10,"Precentral_R","Frontal_Mid_Orb_R",0.127272727272727,0.0545454545454545,-0.0727272727272727,0.0727272727272727,0.320308493049491,1,1,FALSE,772
3,10,"Frontal_Sup_L","Frontal_Mid_Orb_R",0.2,0.0727272727272727,-0.127272727272727,0.127272727272727,0.0930885239100902,1,1,FALSE,191
4,10,"Frontal_Sup_R","Frontal_Mid_Orb_R",0.418181818181818,0.218181818181818,-0.2,0.2,0.0398703924662542,1,1,FALSE,88
5,10,"Frontal_Sup_Orb_L","Frontal_Mid_Orb_R",0.363636363636364,0.181818181818182,-0.181818181818182,0.181818181818182,0.0530000581284747,1,1,FALSE,108
6,10,"Frontal_Sup_Orb_R","Frontal_Mid_Orb_R",0.618181818181818,0.636363636363636,0.0181818181818182,0.0181818181818182,1,1,1,FALSE,2680
7,10,"Frontal_Mid_L","Frontal_Mid_Orb_R",0.327272727272727,0.181818181818182,-0.145454545454545,0.145454545454545,0.124634456179733,1,1,FALSE,308
8,10,"Frontal_Mid_R","Frontal_Mid_Orb_R",0.854545454545454,0.763636363636364,-0.0909090909090908,0.0909090909090908,0.332035164028184,1,1,FALSE,829
9,10,"Frontal_Mid_Orb_L","Frontal_Mid_Orb_R",0.472727272727273,0.309090909090909,-0.163636363636364,0.163636363636364,0.117540563443615,1,1,FALSE,230
1,11,"Precentral_L","Frontal_Inf_Oper_L",0.781818181818182,0.672727272727273,-0.109090909090909,0.109090909090909,0.284368293516084,1,1,FALSE,725
2,11,"Precentral_R","Frontal_Inf_Oper_L",0.2,0.254545454545455,0.0545454545454545,0.0545454545454545,0.649667697687963,1,1,FALSE,1893
3,11,"Frontal_Sup_L","Frontal_Inf_Oper_L",0.2,0.109090909090909,-0.0909090909090909,0.0909090909090909,0.291362613125644,1,1,FALSE,727
4,11,"Frontal_Sup_R","Frontal_Inf_Oper_L",0,0.0363636363636364,0.0363636363636364,0.0363636363636364,0.495412844036697,1,1,FALSE,1211
5,11,"Frontal_Sup_Orb_L","Frontal_Inf_Oper_L",0.0363636363636364,0.0727272727272727,0.0363636363636364,0.0363636363636364,0.678654107617496,1,1,FALSE,1939
6,11,"Frontal_Sup_Orb_R","Frontal_Inf_Oper_L",0,0,0,0,1,1,1,FALSE,4370
7,11,"Frontal_Mid_L","Frontal_Inf_Oper_L",0.327272727272727,0.327272727272727,0,0,1,1,1,FALSE,4429
8,11,"Frontal_Mid_R","Frontal_Inf_Oper_L",0.0363636363636364,0,-0.0363636363636364,0.0363636363636364,0.495412844036697,1,1,FALSE,1234
9,11,"Frontal_Mid_Orb_L","Frontal_Inf_Oper_L",0.0727272727272727,0.0545454545454545,-0.0181818181818182,0.0181818181818182,1,1,1,FALSE,2980
10,11,"Frontal_Mid_Orb_R","Frontal_Inf_Oper_L",0.0181818181818182,0,-0.0181818181818182,0.0181818181818182,1,1,1,FALSE,2997
1,12,"Precentral_L","Frontal_Inf_Oper_R",0.163636363636364,0.218181818181818,0.0545454545454545,0.0545454545454545,0.628309889660844,1,1,FALSE,1869
2,12,"Precentral_R","Frontal_Inf_Oper_R",0.545454545454545,0.672727272727273,0.127272727272727,0.127272727272727,0.240903809631543,1,1,FALSE,516
3,12,"Frontal_Sup_L","Frontal_Inf_Oper_R",0.0727272727272727,0.0363636363636364,-0.0363636363636364,0.0363636363636364,0.678654107617496,1,1,FALSE,1937
4,12,"Frontal_Sup_R","Frontal_Inf_Oper_R",0.327272727272727,0.236363636363636,-0.0909090909090909,0.0909090909090909,0.396830775384208,1,1,FALSE,1003
5,12,"Frontal_Sup_Orb_L","Frontal_Inf_Oper_R",0.0181818181818182,0.0727272727272727,0.0545454545454545,0.0545454545454545,0.363371345279945,1,1,FALSE,899
6,12,"Frontal_Sup_Orb_R","Frontal_Inf_Oper_R",0.0545454545454545,0.109090909090909,0.0545454545454545,0.0545454545454545,0.488966435220834,1,1,FALSE,1161
7,12,"Frontal_Mid_L","Frontal_Inf_Oper_R",0.218181818181818,0.145454545454545,-0.0727272727272727,0.0727272727272727,0.459010046442181,1,1,FALSE,1138
8,12,"Frontal_Mid_R","Frontal_Inf_Oper_R",0.581818181818182,0.545454545454545,-0.0363636363636364,0.0363636363636364,0.847666976673362,1,1,FALSE,2417
9,12,"Frontal_Mid_Orb_L","Frontal_Inf_Oper_R",0,0.0363636363636364,0.0363636363636364,0.0363636363636364,0.495412844036697,1,1,FALSE,1237
10,12,"Frontal_Mid_Orb_R","Frontal_Inf_Oper_R",0.236363636363636,0.218181818181818,-0.0181818181818182,0.0181818181818182,1,1,1,FALSE,2688
11,12,"Frontal_Inf_Oper_L","Frontal_Inf_Oper_R",0.363636363636364,0.4,0.0363636363636364,0.0363636363636364,0.844559971809837,1,1,FALSE,2398
1,13,"Precentral_L","Frontal_Inf_Tri_L",0.636363636363636,0.636363636363636,0,0,1,1,1,FALSE,4223
2,13,"Precentral_R","Frontal_Inf_Tri_L",0.0909090909090909,0.127272727272727,0.0363636363636363,0.0363636363636363,0.761067915257265,1,1,FALSE,2190
3,13,"Frontal_Sup_L","Frontal_Inf_Tri_L",0.254545454545455,0.254545454545455,0,0,1,1,1,FALSE,2535
4,13,"Frontal_Sup_R","Frontal_Inf_Tri_L",0.0363636363636364,0,-0.0363636363636364,0.0363636363636364,0.495412844036697,1,1,FALSE,1212
5,13,"Frontal_Sup_Orb_L","Frontal_Inf_Tri_L",0.145454545454545,0.218181818181818,0.0727272727272727,0.0727272727272727,0.459010046442181,1,1,FALSE,1137
6,13,"Frontal_Sup_Orb_R","Frontal_Inf_Tri_L",0,0,0,0,1,1,1,FALSE,4371
7,13,"Frontal_Mid_L","Frontal_Inf_Tri_L",0.527272727272727,0.527272727272727,0,0,1,1,1,FALSE,4430
8,13,"Frontal_Mid_R","Frontal_Inf_Tri_L",0.0181818181818182,0,-0.0181818181818182,0.0181818181818182,1,1,1,FALSE,2956
9,13,"Frontal_Mid_Orb_L","Frontal_Inf_Tri_L",0.363636363636364,0.345454545454545,-0.0181818181818182,0.0181818181818182,1,1,1,FALSE,2565
10,13,"Frontal_Mid_Orb_R","Frontal_Inf_Tri_L",0.0181818181818182,0,-0.0181818181818182,0.0181818181818182,1,1,1,FALSE,2998
11,13,"Frontal_Inf_Oper_L","Frontal_Inf_Tri_L",0.872727272727273,0.909090909090909,0.0363636363636364,0.0363636363636364,0.761067915257266,1,1,FALSE,2235
12,13,"Frontal_Inf_Oper_R","Frontal_Inf_Tri_L",0.309090909090909,0.218181818181818,-0.0909090909090909,0.0909090909090909,0.386965645395776,1,1,FALSE,977
1,14,"Precentral_L","Frontal_Inf_Tri_R",0.163636363636364,0.236363636363636,0.0727272727272727,0.0727272727272727,0.475179132592278,1,1,FALSE,1148
2,14,"Precentral_R","Frontal_Inf_Tri_R",0.581818181818182,0.581818181818182,0,0,1,1,1,FALSE,4250
3,14,"Frontal_Sup_L","Frontal_Inf_Tri_R",0.0545454545454545,0.0727272727272727,0.0181818181818182,0.0181818181818182,1,1,1,FALSE,2848
4,14,"Frontal_Sup_R","Frontal_Inf_Tri_R",0.254545454545455,0.2,-0.0545454545454545,0.0545454545454545,0.649667697687963,1,1,FALSE,1894
5,14,"Frontal_Sup_Orb_L","Frontal_Inf_Tri_R",0.0545454545454545,0.0181818181818182,-0.0363636363636364,0.0363636363636364,0.618022807167967,1,1,FALSE,1714
6,14,"Frontal_Sup_Orb_R","Frontal_Inf_Tri_R",0.0909090909090909,0.0545454545454545,-0.0363636363636364,0.0363636363636364,0.716092464011574,1,1,FALSE,2072
7,14,"Frontal_Mid_L","Frontal_Inf_Tri_R",0.218181818181818,0.163636363636364,-0.0545454545454545,0.0545454545454545,0.628309889660844,1,1,FALSE,1872
8,14,"Frontal_Mid_R","Frontal_Inf_Tri_R",0.636363636363636,0.509090909090909,-0.127272727272727,0.127272727272727,0.247389408509494,1,1,FALSE,639
9,14,"Frontal_Mid_Orb_L","Frontal_Inf_Tri_R",0.127272727272727,0.0363636363636364,-0.0909090909090909,0.0909090909090909,0.16138081677265,1,1,FALSE,354
10,14,"Frontal_Mid_Orb_R","Frontal_Inf_Tri_R",0.290909090909091,0.272727272727273,-0.0181818181818182,0.0181818181818182,1,1,1,FALSE,2444
11,14,"Frontal_Inf_Oper_L","Frontal_Inf_Tri_R",0.290909090909091,0.363636363636364,0.0727272727272728,0.0727272727272728,0.542451809687405,1,1,FALSE,1566
12,14,"Frontal_Inf_Oper_R","Frontal_Inf_Tri_R",0.890909090909091,0.981818181818182,0.0909090909090909,0.0909090909090909,0.11296407442339,1,1,FALSE,212
13,14,"Frontal_Inf_Tri_L","Frontal_Inf_Tri_R",0.636363636363636,0.654545454545455,0.0181818181818182,0.0181818181818182,1,1,1,FALSE,2471
1,15,"Precentral_L","Frontal_Inf_Orb_L",0.236363636363636,0.181818181818182,-0.0545454545454545,0.0545454545454545,0.639794696440987,1,1,FALSE,1882
2,15,"Precentral_R","Frontal_Inf_Orb_L",0,0.0727272727272727,0.0727272727272727,0.0727272727272727,0.118151419017406,1,1,FALSE,231
3,15,"Frontal_Sup_L","Frontal_Inf_Orb_L",0.290909090909091,0.290909090909091,0,0,1,1,1,FALSE,2615
4,15,"Frontal_Sup_R","Frontal_Inf_Orb_L",0.145454545454545,0.0727272727272727,-0.0727272727272727,0.0727272727272727,0.359662012889472,1,1,FALSE,859
5,15,"Frontal_Sup_Orb_L","Frontal_Inf_Orb_L",0.2,0.309090909090909,0.109090909090909,0.109090909090909,0.27367249901379,1,1,FALSE,720
6,15,"Frontal_Sup_Orb_R","Frontal_Inf_Orb_L",0.0545454545454545,0,-0.0545454545454545,0.0545454545454545,0.243119266055046,1,1,FALSE,529
7,15,"Frontal_Mid_L","Frontal_Inf_Orb_L",0.309090909090909,0.236363636363636,-0.0727272727272727,0.0727272727272727,0.521131413238452,1,1,FALSE,1504
8,15,"Frontal_Mid_R","Frontal_Inf_Orb_L",0.0363636363636364,0.0363636363636364,0,0,1,1,1,FALSE,4470
9,15,"Frontal_Mid_Orb_L","Frontal_Inf_Orb_L",0.490909090909091,0.454545454545455,-0.0363636363636364,0.0363636363636364,0.848661974684105,1,1,FALSE,2429
10,15,"Frontal_Mid_Orb_R","Frontal_Inf_Orb_L",0.0909090909090909,0,-0.0909090909090909,0.0909090909090909,0.0568464374517706,1,1,FALSE,119
11,15,"Frontal_Inf_Oper_L","Frontal_Inf_Orb_L",0.636363636363636,0.509090909090909,-0.127272727272727,0.127272727272727,0.247389408509494,1,1,FALSE,640
12,15,"Frontal_Inf_Oper_R","Frontal_Inf_Orb_L",0.0909090909090909,0.0545454545454545,-0.0363636363636364,0.0363636363636364,0.716092464011574,1,1,FALSE,2075
13,15,"Frontal_Inf_Tri_L","Frontal_Inf_Orb_L",0.6,0.709090909090909,0.109090909090909,0.109090909090909,0.31610854037312,1,1,FALSE,770
14,15,"Frontal_Inf_Tri_R","Frontal_Inf_Orb_L",0.127272727272727,0.145454545454545,0.0181818181818182,0.0181818181818182,1,1,1,FALSE,2695
1,16,"Precentral_L","Frontal_Inf_Orb_R",0.0727272727272727,0.0363636363636364,-0.0363636363636364,0.0363636363636364,0.678654107617496,1,1,FALSE,1929
2,16,"Precentral_R","Frontal_Inf_Orb_R",0.145454545454545,0.236363636363636,0.0909090909090909,0.0909090909090909,0.332035164028184,1,1,FALSE,820
3,16,"Frontal_Sup_L","Frontal_Inf_Orb_R",0.0545454545454545,0.0363636363636364,-0.0181818181818182,0.0181818181818182,1,1,1,FALSE,2849
4,16,"Frontal_Sup_R","Frontal_Inf_Orb_R",0.581818181818182,0.490909090909091,-0.0909090909090909,0.0909090909090909,0.444563530981193,1,1,FALSE,1127
5,16,"Frontal_Sup_Orb_L","Frontal_Inf_Orb_R",0.145454545454545,0.127272727272727,-0.0181818181818182,0.0181818181818182,1,1,1,FALSE,2677
6,16,"Frontal_Sup_Orb_R","Frontal_Inf_Orb_R",0.272727272727273,0.218181818181818,-0.0545454545454545,0.0545454545454545,0.658205207576239,1,1,FALSE,1903
7,16,"Frontal_Mid_L","Frontal_Inf_Orb_R",0.2,0.0363636363636364,-0.163636363636364,0.163636363636364,0.015332099840614,1,1,FALSE,36
8,16,"Frontal_Mid_R","Frontal_Inf_Orb_R",0.4,0.490909090909091,0.0909090909090909,0.0909090909090909,0.44304703086807,1,1,FALSE,1124
9,16,"Frontal_Mid_Orb_L","Frontal_Inf_Orb_R",0.345454545454545,0.181818181818182,-0.163636363636364,0.163636363636364,0.0824272055668361,1,1,FALSE,175
10,16,"Frontal_Mid_Orb_R","Frontal_Inf_Orb_R",0.436363636363636,0.509090909090909,0.0727272727272727,0.0727272727272727,0.566911675700932,1,1,FALSE,1636
11,16,"Frontal_Inf_Oper_L","Frontal_Inf_Orb_R",0.109090909090909,0.0909090909090909,-0.0181818181818182,0.0181818181818182,1,1,1,FALSE,4143
12,16,"Frontal_Inf_Oper_R","Frontal_Inf_Orb_R",0.672727272727273,0.6,-0.0727272727272728,0.0727272727272728,0.552383268414994,1,1,FALSE,1575
13,16,"Frontal_Inf_Tri_L","Frontal_Inf_Orb_R",0.290909090909091,0.218181818181818,-0.0727272727272727,0.0727272727272727,0.511878601663095,1,1,FALSE,1499
14,16,"Frontal_Inf_Tri_R","Frontal_Inf_Orb_R",0.8,0.8,0,0,1,1,1,FALSE,2624
15,16,"Frontal_Inf_Orb_L","Frontal_Inf_Orb_R",0.618181818181818,0.490909090909091,-0.127272727272727,0.127272727272727,0.249624334621585,1,1,FALSE,651
1,17,"Precentral_L","Rolandic_Oper_L",0.272727272727273,0.363636363636364,0.0909090909090909,0.0909090909090909,0.413114166796256,1,1,FALSE,1013
2,17,"Precentral_R","Rolandic_Oper_L",0.236363636363636,0.109090909090909,-0.127272727272727,0.127272727272727,0.128740272503646,1,1,FALSE,313
3,17,"Frontal_Sup_L","Rolandic_Oper_L",0,0,0,0,1,1,1,FALSE,4275
4,17,"Frontal_Sup_R","Rolandic_Oper_L",0,0,0,0,1,1,1,FALSE,4299
5,17,"Frontal_Sup_Orb_L","Rolandic_Oper_L",0,0,0,0,1,1,1,FALSE,4321
6,17,"Frontal_Sup_Orb_R","Rolandic_Oper_L",0,0,0,0,1,1,1,FALSE,4372
7,17,"Frontal_Mid_L","Rolandic_Oper_L",0,0,0,0,1,1,1,FALSE,4431
8,17,"Frontal_Mid_R","Rolandic_Oper_L",0,0,0,0,1,1,1,FALSE,4471
9,17,"Frontal_Mid_Orb_L","Rolandic_Oper_L",0,0,0,0,1,1,1,FALSE,4508
10,17,"Frontal_Mid_Orb_R","Rolandic_Oper_L",0,0.0181818181818182,0.0181818181818182,0.0181818181818182,1,1,1,FALSE,2999
11,17,"Frontal_Inf_Oper_L","Rolandic_Oper_L",0.145454545454545,0.127272727272727,-0.0181818181818182,0.0181818181818182,1,1,1,FALSE,2689
12,17,"Frontal_Inf_Oper_R","Rolandic_Oper_L",0.0363636363636364,0.0545454545454545,0.0181818181818182,0.0181818181818182,1,1,1,FALSE,3044
13,17,"Frontal_Inf_Tri_L","Rolandic_Oper_L",0.0363636363636364,0.109090909090909,0.0727272727272727,0.0727272727272727,0.270576022922045,1,1,FALSE,688
14,17,"Frontal_Inf_Tri_R","Rolandic_Oper_L",0.0181818181818182,0.0727272727272727,0.0545454545454545,0.0545454545454545,0.363371345279945,1,1,FALSE,908
15,17,"Frontal_Inf_Orb_L","Rolandic_Oper_L",0,0.0181818181818182,0.0181818181818182,0.0181818181818182,1,1,1,FALSE,3120
16,17,"Frontal_Inf_Orb_R","Rolandic_Oper_L",0,0.0181818181818182,0.0181818181818182,0.0181818181818182,1,1,1,FALSE,3149
1,18,"Precentral_L","Rolandic_Oper_R",0.163636363636364,0.163636363636364,0,0,1,1,1,FALSE,2611
2,18,"Precentral_R","Rolandic_Oper_R",0.2,0.309090909090909,0.109090909090909,0.109090909090909,0.27367249901379,1,1,FALSE,719
3,18,"Frontal_Sup_L","Rolandic_Oper_R",0,0,0,0,1,1,1,FALSE,4276
4,18,"Frontal_Sup_R","Rolandic_Oper_R",0.0181818181818182,0,-0.0181818181818182,0.0181818181818182,1,1,1,FALSE,2871
5,18,"Frontal_Sup_Orb_L","Rolandic_Oper_R",0,0.0181818181818182,0.0181818181818182,0.0181818181818182,1,1,1,FALSE,2895
6,18,"Frontal_Sup_Orb_R","Rolandic_Oper_R",0,0,0,0,1,1,1,FALSE,4373
7,18,"Frontal_Mid_L","Rolandic_Oper_R",0,0,0,0,1,1,1,FALSE,4432
8,18,"Frontal_Mid_R","Rolandic_Oper_R",0,0,0,0,1,1,1,FALSE,4472
9,18,"Frontal_Mid_Orb_L","Rolandic_Oper_R",0,0,0,0,1,1,1,FALSE,4509
10,18,"Frontal_Mid_Orb_R","Rolandic_Oper_R",0,0.0181818181818182,0.0181818181818182,0.0181818181818182,1,1,1,FALSE,3000
11,18,"Frontal_Inf_Oper_L","Rolandic_Oper_R",0.0545454545454545,0.0727272727272727,0.0181818181818182,0.0181818181818182,1,1,1,FALSE,3021
12,18,"Frontal_Inf_Oper_R","Rolandic_Oper_R",0.109090909090909,0.163636363636364,0.0545454545454545,0.0545454545454545,0.579713536502793,1,1,FALSE,1653
13,18,"Frontal_Inf_Tri_L","Rolandic_Oper_R",0.0363636363636364,0.0363636363636364,0,0,1,1,1,FALSE,4710
14,18,"Frontal_Inf_Tri_R","Rolandic_Oper_R",0.0727272727272727,0.163636363636364,0.0909090909090909,0.0909090909090909,0.236782655021779,1,1,FALSE,498
15,18,"Frontal_Inf_Orb_L","Rolandic_Oper_R",0,0,0,0,1,1,1,FALSE,4787
16,18,"Frontal_Inf_Orb_R","Rolandic_Oper_R",0.0363636363636364,0.0363636363636364,0,0,1,1,1,FALSE,4816
17,18,"Rolandic_Oper_L","Rolandic_Oper_R",0.963636363636364,0.909090909090909,-0.0545454545454546,0.0545454545454546,0.437644688330618,1,1,FALSE,1047
1,19,"Precentral_L","Supp_Motor_Area_L",0.581818181818182,0.454545454545455,-0.127272727272727,0.127272727272727,0.252156681343796,1,1,FALSE,656
2,19,"Precentral_R","Supp_Motor_Area_L",0.218181818181818,0.127272727272727,-0.0909090909090909,0.0909090909090909,0.313124011328227,1,1,FALSE,758
3,19,"Frontal_Sup_L","Supp_Motor_Area_L",0.654545454545455,0.581818181818182,-0.0727272727272728,0.0727272727272728,0.556289374075352,1,1,FALSE,1611
4,19,"Frontal_Sup_R","Supp_Motor_Area_L",0.218181818181818,0.218181818181818,0,0,1,1,1,FALSE,4300
5,19,"Frontal_Sup_Orb_L","Supp_Motor_Area_L",0.0909090909090909,0.127272727272727,0.0363636363636363,0.0363636363636363,0.761067915257265,1,1,FALSE,2192
6,19,"Frontal_Sup_Orb_R","Supp_Motor_Area_L",0,0,0,0,1,1,1,FALSE,4374
7,19,"Frontal_Mid_L","Supp_Motor_Area_L",0.454545454545455,0.527272727272727,0.0727272727272727,0.0727272727272727,0.567423019256256,1,1,FALSE,1644
8,19,"Frontal_Mid_R","Supp_Motor_Area_L",0.0909090909090909,0.0727272727272727,-0.0181818181818182,0.0181818181818182,1,1,1,FALSE,2685
9,19,"Frontal_Mid_Orb_L","Supp_Motor_Area_L",0.0727272727272727,0.0727272727272727,0,0,1,1,1,FALSE,4510
10,19,"Frontal_Mid_Orb_R","Supp_Motor_Area_L",0,0,0,0,1,1,1,FALSE,4570
11,19,"Frontal_Inf_Oper_L","Supp_Motor_Area_L",0.2,0.218181818181818,0.0181818181818182,0.0181818181818182,1,1,1,FALSE,4190
12,19,"Frontal_Inf_Oper_R","Supp_Motor_Area_L",0,0.0181818181818182,0.0181818181818182,0.0181818181818182,1,1,1,FALSE,3045
13,19,"Frontal_Inf_Tri_L","Supp_Motor_Area_L",0.109090909090909,0.0363636363636364,-0.0727272727272727,0.0727272727272727,0.270576022922045,1,1,FALSE,689
14,19,"Frontal_Inf_Tri_R","Supp_Motor_Area_L",0,0,0,0,1,1,1,FALSE,4753
15,19,"Frontal_Inf_Orb_L","Supp_Motor_Area_L",0.181818181818182,0.127272727272727,-0.0545454545454546,0.0545454545454546,0.598884497995648,1,1,FALSE,1680
16,19,"Frontal_Inf_Orb_R","Supp_Motor_Area_L",0,0,0,0,1,1,1,FALSE,4817
17,19,"Rolandic_Oper_L","Supp_Motor_Area_L",0.0545454545454545,0.0545454545454545,0,0,1,1,1,FALSE,4852
18,19,"Rolandic_Oper_R","Supp_Motor_Area_L",0.0181818181818182,0.0545454545454545,0.0363636363636364,0.0363636363636364,0.618022807167967,1,1,FALSE,1741
1,20,"Precentral_L","Supp_Motor_Area_R",0.781818181818182,0.781818181818182,0,0,1,1,1,FALSE,4224
2,20,"Precentral_R","Supp_Motor_Area_R",0.836363636363636,0.890909090909091,0.0545454545454546,0.0545454545454546,0.579713536502793,1,1,FALSE,1650
3,20,"Frontal_Sup_L","Supp_Motor_Area_R",0.490909090909091,0.4,-0.0909090909090909,0.0909090909090909,0.44304703086807,1,1,FALSE,1123
4,20,"Frontal_Sup_R","Supp_Motor_Area_R",0.436363636363636,0.490909090909091,0.0545454545454546,0.0545454545454546,0.702368550212073,1,1,FALSE,2061
5,20,"Frontal_Sup_Orb_L","Supp_Motor_Area_R",0.109090909090909,0.145454545454545,0.0363636363636364,0.0363636363636364,0.775847219468156,1,1,FALSE,2243
6,20,"Frontal_Sup_Orb_R","Supp_Motor_Area_R",0.0363636363636364,0.0181818181818182,-0.0181818181818182,0.0181818181818182,1,1,1,FALSE,2914
7,20,"Frontal_Mid_L","Supp_Motor_Area_R",0.581818181818182,0.581818181818182,0,0,1,1,1,FALSE,4433
8,20,"Frontal_Mid_R","Supp_Motor_Area_R",0.363636363636364,0.472727272727273,0.109090909090909,0.109090909090909,0.333853009989104,1,1,FALSE,833
9,20,"Frontal_Mid_Orb_L","Supp_Motor_Area_R",0.0363636363636364,0.0363636363636364,0,0,1,1,1,FALSE,4511
10,20,"Frontal_Mid_Orb_R","Supp_Motor_Area_R",0.109090909090909,0.109090909090909,0,0,1,1,1,FALSE,4571
11,20,"Frontal_Inf_Oper_L","Supp_Motor_Area_R",0.2,0.290909090909091,0.0909090909090909,0.0909090909090909,0.375760828720635,1,1,FALSE,972
12,20,"Frontal_Inf_Oper_R","Supp_Motor_Area_R",0.236363636363636,0.309090909090909,0.0727272727272727,0.0727272727272727,0.521131413238452,1,1,FALSE,1505
13,20,"Frontal_Inf_Tri_L","Supp_Motor_Area_R",0.145454545454545,0.163636363636364,0.0181818181818182,0.0181818181818182,1,1,1,FALSE,2472
14,20,"Frontal_Inf_Tri_R","Supp_Motor_Area_R",0.181818181818182,0.218181818181818,0.0363636363636363,0.0363636363636363,0.812066798143123,1,1,FALSE,2310
15,20,"Frontal_Inf_Orb_L","Supp_Motor_Area_R",0.127272727272727,0.145454545454545,0.0181818181818182,0.0181818181818182,1,1,1,FALSE,2698
16,20,"Frontal_Inf_Orb_R","Supp_Motor_Area_R",0.145454545454545,0.181818181818182,0.0363636363636364,0.0363636363636364,0.797285714040811,1,1,FALSE,2280
17,20,"Rolandic_Oper_L","Supp_Motor_Area_R",0.490909090909091,0.418181818181818,-0.0727272727272728,0.0727272727272728,0.565883540031019,1,1,FALSE,1630
18,20,"Rolandic_Oper_R","Supp_Motor_Area_R",0.381818181818182,0.363636363636364,-0.0181818181818182,0.0181818181818182,1,1,1,FALSE,2568
19,20,"Supp_Motor_Area_L","Supp_Motor_Area_R",0.709090909090909,0.836363636363636,0.127272727272727,0.127272727272727,0.171517185683897,1,1,FALSE,370
1,21,"Precentral_L","Olfactory_L",0.0181818181818182,0,-0.0181818181818182,0.0181818181818182,1,1,1,FALSE,2824
2,21,"Precentral_R","Olfactory_L",0,0,0,0,1,1,1,FALSE,4251
3,21,"Frontal_Sup_L","Olfactory_L",0.0181818181818182,0.0545454545454545,0.0363636363636364,0.0363636363636364,0.618022807167967,1,1,FALSE,1707
4,21,"Frontal_Sup_R","Olfactory_L",0.0545454545454545,0.0909090909090909,0.0363636363636364,0.0363636363636364,0.716092464011574,1,1,FALSE,2071
5,21,"Frontal_Sup_Orb_L","Olfactory_L",0,0.0545454545454545,0.0545454545454545,0.0545454545454545,0.243119266055046,1,1,FALSE,526
6,21,"Frontal_Sup_Orb_R","Olfactory_L",0.0363636363636364,0.0363636363636364,0,0,1,1,1,FALSE,4375
7,21,"Frontal_Mid_L","Olfactory_L",0.0181818181818182,0,-0.0181818181818182,0.0181818181818182,1,1,1,FALSE,2936
8,21,"Frontal_Mid_R","Olfactory_L",0,0,0,0,1,1,1,FALSE,4473
9,21,"Frontal_Mid_Orb_L","Olfactory_L",0,0,0,0,1,1,1,FALSE,4512
10,21,"Frontal_Mid_Orb_R","Olfactory_L",0,0.0181818181818182,0.0181818181818182,0.0181818181818182,1,1,1,FALSE,3001
11,21,"Frontal_Inf_Oper_L","Olfactory_L",0,0,0,0,1,1,1,FALSE,4630
12,21,"Frontal_Inf_Oper_R","Olfactory_L",0,0,0,0,1,1,1,FALSE,4670
13,21,"Frontal_Inf_Tri_L","Olfactory_L",0,0,0,0,1,1,1,FALSE,4711
14,21,"Frontal_Inf_Tri_R","Olfactory_L",0,0,0,0,1,1,1,FALSE,4754
15,21,"Frontal_Inf_Orb_L","Olfactory_L",0.0727272727272727,0.0727272727272727,0,0,1,1,1,FALSE,4788
16,21,"Frontal_Inf_Orb_R","Olfactory_L",0,0,0,0,1,1,1,FALSE,4818
17,21,"Rolandic_Oper_L","Olfactory_L",0,0,0,0,1,1,1,FALSE,4853
18,21,"Rolandic_Oper_R","Olfactory_L",0,0,0,0,1,1,1,FALSE,4891
19,21,"Supp_Motor_Area_L","Olfactory_L",0.0181818181818182,0.0181818181818182,0,0,1,1,1,FALSE,4931
20,21,"Supp_Motor_Area_R","Olfactory_L",0,0,0,0,1,1,1,FALSE,4965
1,22,"Precentral_L","Olfactory_R",0,0,0,0,1,1,1,FALSE,4225
2,22,"Precentral_R","Olfactory_R",0,0,0,0,1,1,1,FALSE,4252
3,22,"Frontal_Sup_L","Olfactory_R",0,0,0,0,1,1,1,FALSE,4277
4,22,"Frontal_Sup_R","Olfactory_R",0.0181818181818182,0.0545454545454545,0.0363636363636364,0.0363636363636364,0.618022807167967,1,1,FALSE,1712
5,22,"Frontal_Sup_Orb_L","Olfactory_R",0,0,0,0,1,1,1,FALSE,4322
6,22,"Frontal_Sup_Orb_R","Olfactory_R",0,0.0363636363636364,0.0363636363636364,0.0363636363636364,0.495412844036697,1,1,FALSE,1226
7,22,"Frontal_Mid_L","Olfactory_R",0,0,0,0,1,1,1,FALSE,4434
8,22,"Frontal_Mid_R","Olfactory_R",0,0,0,0,1,1,1,FALSE,4474
9,22,"Frontal_Mid_Orb_L","Olfactory_R",0,0,0,0,1,1,1,FALSE,4513
10,22,"Frontal_Mid_Orb_R","Olfactory_R",0,0,0,0,1,1,1,FALSE,4572
11,22,"Frontal_Inf_Oper_L","Olfactory_R",0,0,0,0,1,1,1,FALSE,4631
12,22,"Frontal_Inf_Oper_R","Olfactory_R",0,0,0,0,1,1,1,FALSE,4671
13,22,"Frontal_Inf_Tri_L","Olfactory_R",0,0,0,0,1,1,1,FALSE,4712
14,22,"Frontal_Inf_Tri_R","Olfactory_R",0,0,0,0,1,1,1,FALSE,4755
15,22,"Frontal_Inf_Orb_L","Olfactory_R",0.0181818181818182,0.0363636363636364,0.0181818181818182,0.0181818181818182,1,1,1,FALSE,3121
16,22,"Frontal_Inf_Orb_R","Olfactory_R",0,0.0545454545454545,0.0545454545454545,0.0545454545454545,0.243119266055046,1,1,FALSE,543
17,22,"Rolandic_Oper_L","Olfactory_R",0,0,0,0,1,1,1,FALSE,4854
18,22,"Rolandic_Oper_R","Olfactory_R",0,0.0181818181818182,0.0181818181818182,0.0181818181818182,1,1,1,FALSE,3194
19,22,"Supp_Motor_Area_L","Olfactory_R",0,0,0,0,1,1,1,FALSE,4932
20,22,"Supp_Motor_Area_R","Olfactory_R",0,0,0,0,1,1,1,FALSE,4966
21,22,"Olfactory_L","Olfactory_R",0.436363636363636,0.345454545454545,-0.0909090909090909,0.0909090909090909,0.434640656361312,1,1,FALSE,1045
1,23,"Precentral_L","Frontal_Sup_Medial_L",0.0363636363636364,0.0181818181818182,-0.0181818181818182,0.0181818181818182,1,1,1,FALSE,2825
2,23,"Precentral_R","Frontal_Sup_Medial_L",0,0.0363636363636364,0.0363636363636364,0.0363636363636364,0.495412844036697,1,1,FALSE,1205
3,23,"Frontal_Sup_L","Frontal_Sup_Medial_L",0.763636363636364,0.690909090909091,-0.0727272727272728,0.0727272727272728,0.521131413238452,1,1,FALSE,1510
4,23,"Frontal_Sup_R","Frontal_Sup_Medial_L",0.509090909090909,0.563636363636364,0.0545454545454546,0.0545454545454546,0.702368550212073,1,1,FALSE,2062
5,23,"Frontal_Sup_Orb_L","Frontal_Sup_Medial_L",0.181818181818182,0.181818181818182,0,0,1,1,1,FALSE,4323
6,23,"Frontal_Sup_Orb_R","Frontal_Sup_Medial_L",0.0727272727272727,0.0727272727272727,0,0,1,1,1,FALSE,4376
7,23,"Frontal_Mid_L","Frontal_Sup_Medial_L",0.345454545454545,0.272727272727273,-0.0727272727272728,0.0727272727272728,0.536292874311636,1,1,FALSE,1557
8,23,"Frontal_Mid_R","Frontal_Sup_Medial_L",0.0727272727272727,0.0909090909090909,0.0181818181818182,0.0181818181818182,1,1,1,FALSE,2686
9,23,"Frontal_Mid_Orb_L","Frontal_Sup_Medial_L",0.236363636363636,0.181818181818182,-0.0545454545454545,0.0545454545454545,0.639794696440987,1,1,FALSE,1883
10,23,"Frontal_Mid_Orb_R","Frontal_Sup_Medial_L",0.0363636363636364,0.0181818181818182,-0.0181818181818182,0.0181818181818182,1,1,1,FALSE,3002
11,23,"Frontal_Inf_Oper_L","Frontal_Sup_Medial_L",0.127272727272727,0.109090909090909,-0.0181818181818182,0.0181818181818182,1,1,1,FALSE,2510
12,23,"Frontal_Inf_Oper_R","Frontal_Sup_Medial_L",0,0.0181818181818182,0.0181818181818182,0.0181818181818182,1,1,1,FALSE,3046
13,23,"Frontal_Inf_Tri_L","Frontal_Sup_Medial_L",0.0909090909090909,0.0909090909090909,0,0,1,1,1,FALSE,2622
14,23,"Frontal_Inf_Tri_R","Frontal_Sup_Medial_L",0.0181818181818182,0.0363636363636364,0.0181818181818182,0.0181818181818182,1,1,1,FALSE,3096
15,23,"Frontal_Inf_Orb_L","Frontal_Sup_Medial_L",0.654545454545455,0.636363636363636,-0.0181818181818182,0.0181818181818182,1,1,1,FALSE,2473
16,23,"Frontal_Inf_Orb_R","Frontal_Sup_Medial_L",0.109090909090909,0.109090909090909,0,0,1,1,1,FALSE,4819
17,23,"Rolandic_Oper_L","Frontal_Sup_Medial_L",0,0,0,0,1,1,1,FALSE,4855
18,23,"Rolandic_Oper_R","Frontal_Sup_Medial_L",0,0,0,0,1,1,1,FALSE,4892
19,23,"Supp_Motor_Area_L","Frontal_Sup_Medial_L",0.2,0.163636363636364,-0.0363636363636364,0.0363636363636364,0.805305180298538,1,1,FALSE,2299
20,23,"Supp_Motor_Area_R","Frontal_Sup_Medial_L",0.0727272727272727,0.163636363636364,0.0909090909090909,0.0909090909090909,0.236782655021779,1,1,FALSE,501
21,23,"Olfactory_L","Frontal_Sup_Medial_L",0.163636363636364,0.127272727272727,-0.0363636363636364,0.0363636363636364,0.78764473423299,1,1,FALSE,2270
22,23,"Olfactory_R","Frontal_Sup_Medial_L",0.0363636363636364,0.127272727272727,0.0909090909090909,0.0909090909090909,0.16138081677265,1,1,FALSE,358
1,24,"Precentral_L","Frontal_Sup_Medial_R",0.0909090909090909,0.0363636363636364,-0.0545454545454545,0.0545454545454545,0.437644688330618,1,1,FALSE,1049
2,24,"Precentral_R","Frontal_Sup_Medial_R",0.0363636363636364,0.0727272727272727,0.0363636363636364,0.0363636363636364,0.678654107617496,1,1,FALSE,1933
3,24,"Frontal_Sup_L","Frontal_Sup_Medial_R",0.581818181818182,0.563636363636364,-0.0181818181818182,0.0181818181818182,1,1,1,FALSE,2672
4,24,"Frontal_Sup_R","Frontal_Sup_Medial_R",0.927272727272727,0.963636363636364,0.0363636363636364,0.0363636363636364,0.678654107617496,1,1,FALSE,1925
5,24,"Frontal_Sup_Orb_L","Frontal_Sup_Medial_R",0.163636363636364,0.163636363636364,0,0,1,1,1,FALSE,2617
6,24,"Frontal_Sup_Orb_R","Frontal_Sup_Medial_R",0.181818181818182,0.109090909090909,-0.0727272727272727,0.0727272727272727,0.417989271601529,1,1,FALSE,1019
7,24,"Frontal_Mid_L","Frontal_Sup_Medial_R",0.345454545454545,0.272727272727273,-0.0727272727272728,0.0727272727272728,0.536292874311636,1,1,FALSE,1558
8,24,"Frontal_Mid_R","Frontal_Sup_Medial_R",0.345454545454545,0.490909090909091,0.145454545454545,0.145454545454545,0.175748138712102,1,1,FALSE,383
9,24,"Frontal_Mid_Orb_L","Frontal_Sup_Medial_R",0.181818181818182,0.2,0.0181818181818182,0.0181818181818182,1,1,1,FALSE,2566
10,24,"Frontal_Mid_Orb_R","Frontal_Sup_Medial_R",0.163636363636364,0.0727272727272727,-0.0909090909090909,0.0909090909090909,0.236782655021779,1,1,FALSE,497
11,24,"Frontal_Inf_Oper_L","Frontal_Sup_Medial_R",0.0909090909090909,0.0727272727272727,-0.0181818181818182,0.0181818181818182,1,1,1,FALSE,2690
12,24,"Frontal_Inf_Oper_R","Frontal_Sup_Medial_R",0.0727272727272727,0.109090909090909,0.0363636363636364,0.0363636363636364,0.741953348477847,1,1,FALSE,2147
13,24,"Frontal_Inf_Tri_L","Frontal_Sup_Medial_R",0.0727272727272727,0.0363636363636364,-0.0363636363636364,0.0363636363636364,0.678654107617496,1,1,FALSE,1953
14,24,"Frontal_Inf_Tri_R","Frontal_Sup_Medial_R",0.0363636363636364,0.109090909090909,0.0727272727272727,0.0727272727272727,0.270576022922045,1,1,FALSE,690
15,24,"Frontal_Inf_Orb_L","Frontal_Sup_Medial_R",0.563636363636364,0.381818181818182,-0.181818181818182,0.181818181818182,0.0851953059913572,1,1,FALSE,184
16,24,"Frontal_Inf_Orb_R","Frontal_Sup_Medial_R",0.345454545454545,0.472727272727273,0.127272727272727,0.127272727272727,0.244489387093407,1,1,FALSE,638
17,24,"Rolandic_Oper_L","Frontal_Sup_Medial_R",0,0,0,0,1,1,1,FALSE,4856
18,24,"Rolandic_Oper_R","Frontal_Sup_Medial_R",0,0,0,0,1,1,1,FALSE,4893
19,24,"Supp_Motor_Area_L","Frontal_Sup_Medial_R",0.127272727272727,0.181818181818182,0.0545454545454546,0.0545454545454546,0.598884497995648,1,1,FALSE,1681
20,24,"Supp_Motor_Area_R","Frontal_Sup_Medial_R",0.363636363636364,0.363636363636364,0,0,1,1,1,FALSE,4967
21,24,"Olfactory_L","Frontal_Sup_Medial_R",0.163636363636364,0.145454545454545,-0.0181818181818182,0.0181818181818182,1,1,1,FALSE,2481
22,24,"Olfactory_R","Frontal_Sup_Medial_R",0.0727272727272727,0.109090909090909,0.0363636363636364,0.0363636363636364,0.741953348477847,1,1,FALSE,2155
23,24,"Frontal_Sup_Medial_L","Frontal_Sup_Medial_R",1,0.963636363636364,-0.0363636363636364,0.0363636363636364,0.495412844036697,1,1,FALSE,1200
1,25,"Precentral_L","Frontal_Med_Orb_L",0,0,0,0,1,1,1,FALSE,4226
2,25,"Precentral_R","Frontal_Med_Orb_L",0,0,0,0,1,1,1,FALSE,4253
3,25,"Frontal_Sup_L","Frontal_Med_Orb_L",0.218181818181818,0.2,-0.0181818181818182,0.0181818181818182,1,1,1,FALSE,4187
4,25,"Frontal_Sup_R","Frontal_Med_Orb_L",0.2,0.0727272727272727,-0.127272727272727,0.127272727272727,0.0930885239100902,1,1,FALSE,192
5,25,"Frontal_Sup_Orb_L","Frontal_Med_Orb_L",0.181818181818182,0.163636363636364,-0.0181818181818182,0.0181818181818182,1,1,1,FALSE,2678
6,25,"Frontal_Sup_Orb_R","Frontal_Med_Orb_L",0.145454545454545,0.236363636363636,0.0909090909090909,0.0909090909090909,0.332035164028184,1,1,FALSE,822
7,25,"Frontal_Mid_L","Frontal_Med_Orb_L",0.0363636363636364,0.0909090909090909,0.0545454545454545,0.0545454545454545,0.437644688330618,1,1,FALSE,1055
8,25,"Frontal_Mid_R","Frontal_Med_Orb_L",0.0181818181818182,0.0181818181818182,0,0,1,1,1,FALSE,4475
9,25,"Frontal_Mid_Orb_L","Frontal_Med_Orb_L",0.0909090909090909,0.127272727272727,0.0363636363636363,0.0363636363636363,0.761067915257265,1,1,FALSE,2195
10,25,"Frontal_Mid_Orb_R","Frontal_Med_Orb_L",0.0363636363636364,0,-0.0363636363636364,0.0363636363636364,0.495412844036697,1,1,FALSE,1242
11,25,"Frontal_Inf_Oper_L","Frontal_Med_Orb_L",0.0363636363636364,0.0363636363636364,0,0,1,1,1,FALSE,4632
12,25,"Frontal_Inf_Oper_R","Frontal_Med_Orb_L",0,0,0,0,1,1,1,FALSE,4672
13,25,"Frontal_Inf_Tri_L","Frontal_Med_Orb_L",0,0.0363636363636364,0.0363636363636364,0.0363636363636364,0.495412844036697,1,1,FALSE,1253
14,25,"Frontal_Inf_Tri_R","Frontal_Med_Orb_L",0,0,0,0,1,1,1,FALSE,4756
15,25,"Frontal_Inf_Orb_L","Frontal_Med_Orb_L",0.181818181818182,0.345454545454545,0.163636363636364,0.163636363636364,0.0824272055668361,1,1,FALSE,176
16,25,"Frontal_Inf_Orb_R","Frontal_Med_Orb_L",0.0545454545454545,0.0363636363636364,-0.0181818181818182,0.0181818181818182,1,1,1,FALSE,3150
17,25,"Rolandic_Oper_L","Frontal_Med_Orb_L",0,0,0,0,1,1,1,FALSE,4857
18,25,"Rolandic_Oper_R","Frontal_Med_Orb_L",0,0,0,0,1,1,1,FALSE,4894
19,25,"Supp_Motor_Area_L","Frontal_Med_Orb_L",0,0.0363636363636364,0.0363636363636364,0.0363636363636364,0.495412844036697,1,1,FALSE,1282
20,25,"Supp_Motor_Area_R","Frontal_Med_Orb_L",0.0181818181818182,0.0181818181818182,0,0,1,1,1,FALSE,4968
21,25,"Olfactory_L","Frontal_Med_Orb_L",0.290909090909091,0.236363636363636,-0.0545454545454545,0.0545454545454545,0.665617624761333,1,1,FALSE,1912
22,25,"Olfactory_R","Frontal_Med_Orb_L",0.127272727272727,0.218181818181818,0.0909090909090909,0.0909090909090909,0.313124011328227,1,1,FALSE,759
23,25,"Frontal_Sup_Medial_L","Frontal_Med_Orb_L",0.636363636363636,0.6,-0.0363636363636364,0.0363636363636364,0.844559971809837,1,1,FALSE,2403
24,25,"Frontal_Sup_Medial_R","Frontal_Med_Orb_L",0.636363636363636,0.4,-0.236363636363636,0.236363636363636,0.0216048661139842,1,1,FALSE,47
1,26,"Precentral_L","Frontal_Med_Orb_R",0.0181818181818182,0,-0.0181818181818182,0.0181818181818182,1,1,1,FALSE,2826
2,26,"Precentral_R","Frontal_Med_Orb_R",0,0,0,0,1,1,1,FALSE,4254
3,26,"Frontal_Sup_L","Frontal_Med_Orb_R",0.127272727272727,0.127272727272727,0,0,1,1,1,FALSE,2536
4,26,"Frontal_Sup_R","Frontal_Med_Orb_R",0.381818181818182,0.345454545454545,-0.0363636363636364,0.0363636363636364,0.843043483729933,1,1,FALSE,2389
5,26,"Frontal_Sup_Orb_L","Frontal_Med_Orb_R",0.0727272727272727,0.0363636363636364,-0.0363636363636364,0.0363636363636364,0.678654107617496,1,1,FALSE,1940
6,26,"Frontal_Sup_Orb_R","Frontal_Med_Orb_R",0.181818181818182,0.2,0.0181818181818182,0.0181818181818182,1,1,1,FALSE,2564
7,26,"Frontal_Mid_L","Frontal_Med_Orb_R",0.0181818181818182,0.0181818181818182,0,0,1,1,1,FALSE,4435
8,26,"Frontal_Mid_R","Frontal_Med_Orb_R",0.0363636363636364,0.0545454545454545,0.0181818181818182,0.0181818181818182,1,1,1,FALSE,2957
9,26,"Frontal_Mid_Orb_L","Frontal_Med_Orb_R",0.0545454545454545,0,-0.0545454545454545,0.0545454545454545,0.243119266055046,1,1,FALSE,534
10,26,"Frontal_Mid_Orb_R","Frontal_Med_Orb_R",0.0363636363636364,0,-0.0363636363636364,0.0363636363636364,0.495412844036697,1,1,FALSE,1243
11,26,"Frontal_Inf_Oper_L","Frontal_Med_Orb_R",0,0,0,0,1,1,1,FALSE,4633
12,26,"Frontal_Inf_Oper_R","Frontal_Med_Orb_R",0,0,0,0,1,1,1,FALSE,4673
13,26,"Frontal_Inf_Tri_L","Frontal_Med_Orb_R",0,0,0,0,1,1,1,FALSE,4713
14,26,"Frontal_Inf_Tri_R","Frontal_Med_Orb_R",0.0181818181818182,0,-0.0181818181818182,0.0181818181818182,1,1,1,FALSE,3097
15,26,"Frontal_Inf_Orb_L","Frontal_Med_Orb_R",0.109090909090909,0.0727272727272727,-0.0363636363636364,0.0363636363636364,0.741953348477847,1,1,FALSE,2150
16,26,"Frontal_Inf_Orb_R","Frontal_Med_Orb_R",0.0545454545454545,0.0727272727272727,0.0181818181818182,0.0181818181818182,1,1,1,FALSE,3151
17,26,"Rolandic_Oper_L","Frontal_Med_Orb_R",0,0,0,0,1,1,1,FALSE,4858
18,26,"Rolandic_Oper_R","Frontal_Med_Orb_R",0,0,0,0,1,1,1,FALSE,4895
19,26,"Supp_Motor_Area_L","Frontal_Med_Orb_R",0,0.0181818181818182,0.0181818181818182,0.0181818181818182,1,1,1,FALSE,3216
20,26,"Supp_Motor_Area_R","Frontal_Med_Orb_R",0,0,0,0,1,1,1,FALSE,4969
21,26,"Olfactory_L","Frontal_Med_Orb_R",0.327272727272727,0.327272727272727,0,0,1,1,1,FALSE,4981
22,26,"Olfactory_R","Frontal_Med_Orb_R",0.454545454545455,0.472727272727273,0.0181818181818182,0.0181818181818182,1,1,1,FALSE,2572
23,26,"Frontal_Sup_Medial_L","Frontal_Med_Orb_R",0.618181818181818,0.618181818181818,0,0,1,1,1,FALSE,2629
24,26,"Frontal_Sup_Medial_R","Frontal_Med_Orb_R",0.836363636363636,0.581818181818182,-0.254545454545455,0.254545454545455,0.00586921370418057,1,1,FALSE,14
25,26,"Frontal_Med_Orb_L","Frontal_Med_Orb_R",0.945454545454545,0.945454545454545,0,0,1,1,1,FALSE,5120
1,27,"Precentral_L","Rectus_L",0.0545454545454545,0.0363636363636364,-0.0181818181818182,0.0181818181818182,1,1,1,FALSE,2827
2,27,"Precentral_R","Rectus_L",0,0,0,0,1,1,1,FALSE,4255
3,27,"Frontal_Sup_L","Rectus_L",0.0727272727272727,0.0545454545454545,-0.0181818181818182,0.0181818181818182,1,1,1,FALSE,2850
4,27,"Frontal_Sup_R","Rectus_L",0.181818181818182,0.0545454545454545,-0.127272727272727,0.127272727272727,0.0732112222175095,1,1,FALSE,163
5,27,"Frontal_Sup_Orb_L","Rectus_L",0.127272727272727,0.2,0.0727272727272728,0.0727272727272728,0.440163525159517,1,1,FALSE,1106
6,27,"Frontal_Sup_Orb_R","Rectus_L",0.145454545454545,0.109090909090909,-0.0363636363636364,0.0363636363636364,0.775847219468156,1,1,FALSE,2245
7,27,"Frontal_Mid_L","Rectus_L",0.0363636363636364,0.0363636363636364,0,0,1,1,1,FALSE,4436
8,27,"Frontal_Mid_R","Rectus_L",0,0,0,0,1,1,1,FALSE,4476
9,27,"Frontal_Mid_Orb_L","Rectus_L",0.109090909090909,0.0727272727272727,-0.0363636363636364,0.0363636363636364,0.741953348477847,1,1,FALSE,2146
10,27,"Frontal_Mid_Orb_R","Rectus_L",0.0545454545454545,0,-0.0545454545454545,0.0545454545454545,0.243119266055046,1,1,FALSE,535
11,27,"Frontal_Inf_Oper_L","Rectus_L",0.0181818181818182,0.0181818181818182,0,0,1,1,1,FALSE,4634
12,27,"Frontal_Inf_Oper_R","Rectus_L",0,0,0,0,1,1,1,FALSE,4674
13,27,"Frontal_Inf_Tri_L","Rectus_L",0,0.0545454545454545,0.0545454545454545,0.0545454545454545,0.243119266055046,1,1,FALSE,540
14,27,"Frontal_Inf_Tri_R","Rectus_L",0,0,0,0,1,1,1,FALSE,4757
15,27,"Frontal_Inf_Orb_L","Rectus_L",0.254545454545455,0.272727272727273,0.0181818181818182,0.0181818181818182,1,1,1,FALSE,2699
16,27,"Frontal_Inf_Orb_R","Rectus_L",0.0181818181818182,0.0727272727272727,0.0545454545454545,0.0545454545454545,0.363371345279945,1,1,FALSE,913
17,27,"Rolandic_Oper_L","Rectus_L",0,0,0,0,1,1,1,FALSE,4859
18,27,"Rolandic_Oper_R","Rectus_L",0,0,0,0,1,1,1,FALSE,4896
19,27,"Supp_Motor_Area_L","Rectus_L",0,0.0181818181818182,0.0181818181818182,0.0181818181818182,1,1,1,FALSE,3217
20,27,"Supp_Motor_Area_R","Rectus_L",0.0363636363636364,0.0545454545454545,0.0181818181818182,0.0181818181818182,1,1,1,FALSE,3233
21,27,"Olfactory_L","Rectus_L",0.272727272727273,0.236363636363636,-0.0363636363636363,0.0363636363636363,0.827043599014482,1,1,FALSE,2355
22,27,"Olfactory_R","Rectus_L",0.109090909090909,0.109090909090909,0,0,1,1,1,FALSE,5020
23,27,"Frontal_Sup_Medial_L","Rectus_L",0.4,0.345454545454545,-0.0545454545454546,0.0545454545454546,0.69356108728225,1,1,FALSE,2038
24,27,"Frontal_Sup_Medial_R","Rectus_L",0.418181818181818,0.272727272727273,-0.145454545454545,0.145454545454545,0.160033601442206,1,1,FALSE,347
25,27,"Frontal_Med_Orb_L","Rectus_L",0.727272727272727,0.545454545454545,-0.181818181818182,0.181818181818182,0.0738244190076171,1,1,FALSE,168
26,27,"Frontal_Med_Orb_R","Rectus_L",0.6,0.454545454545455,-0.145454545454545,0.145454545454545,0.181032859657516,1,1,FALSE,389
1,28,"Precentral_L","Rectus_R",0,0,0,0,1,1,1,FALSE,4227
2,28,"Precentral_R","Rectus_R",0,0,0,0,1,1,1,FALSE,4256
3,28,"Frontal_Sup_L","Rectus_R",0.0363636363636364,0.0181818181818182,-0.0181818181818182,0.0181818181818182,1,1,1,FALSE,2851
4,28,"Frontal_Sup_R","Rectus_R",0.218181818181818,0.163636363636364,-0.0545454545454545,0.0545454545454545,0.628309889660844,1,1,FALSE,1871
5,28,"Frontal_Sup_Orb_L","Rectus_R",0.0545454545454545,0.0545454545454545,0,0,1,1,1,FALSE,4324
6,28,"Frontal_Sup_Orb_R","Rectus_R",0.163636363636364,0.181818181818182,0.0181818181818182,0.0181818181818182,1,1,1,FALSE,2681
7,28,"Frontal_Mid_L","Rectus_R",0.0181818181818182,0,-0.0181818181818182,0.0181818181818182,1,1,1,FALSE,2937
8,28,"Frontal_Mid_R","Rectus_R",0,0.0181818181818182,0.0181818181818182,0.0181818181818182,1,1,1,FALSE,2958
9,28,"Frontal_Mid_Orb_L","Rectus_R",0.0181818181818182,0.0181818181818182,0,0,1,1,1,FALSE,4514
10,28,"Frontal_Mid_Orb_R","Rectus_R",0.0545454545454545,0,-0.0545454545454545,0.0545454545454545,0.243119266055046,1,1,FALSE,536
11,28,"Frontal_Inf_Oper_L","Rectus_R",0,0,0,0,1,1,1,FALSE,4635
12,28,"Frontal_Inf_Oper_R","Rectus_R",0,0,0,0,1,1,1,FALSE,4675
13,28,"Frontal_Inf_Tri_L","Rectus_R",0,0,0,0,1,1,1,FALSE,4714
14,28,"Frontal_Inf_Tri_R","Rectus_R",0.0181818181818182,0,-0.0181818181818182,0.0181818181818182,1,1,1,FALSE,3098
15,28,"Frontal_Inf_Orb_L","Rectus_R",0.109090909090909,0.127272727272727,0.0181818181818182,0.0181818181818182,1,1,1,FALSE,2512
16,28,"Frontal_Inf_Orb_R","Rectus_R",0.0363636363636364,0.109090909090909,0.0727272727272727,0.0727272727272727,0.270576022922045,1,1,FALSE,691
17,28,"Rolandic_Oper_L","Rectus_R",0,0,0,0,1,1,1,FALSE,4860
18,28,"Rolandic_Oper_R","Rectus_R",0,0,0,0,1,1,1,FALSE,4897
19,28,"Supp_Motor_Area_L","Rectus_R",0,0,0,0,1,1,1,FALSE,4933
20,28,"Supp_Motor_Area_R","Rectus_R",0,0.0181818181818182,0.0181818181818182,0.0181818181818182,1,1,1,FALSE,3234
21,28,"Olfactory_L","Rectus_R",0.2,0.163636363636364,-0.0363636363636364,0.0363636363636364,0.805305180298538,1,1,FALSE,2301
22,28,"Olfactory_R","Rectus_R",0.145454545454545,0.2,0.0545454545454546,0.0545454545454546,0.614842856677542,1,1,FALSE,1693
23,28,"Frontal_Sup_Medial_L","Rectus_R",0.345454545454545,0.236363636363636,-0.109090909090909,0.109090909090909,0.293858798315081,1,1,FALSE,743
24,28,"Frontal_Sup_Medial_R","Rectus_R",0.527272727272727,0.272727272727273,-0.254545454545455,0.254545454545455,0.0110092132453043,1,1,FALSE,26
25,28,"Frontal_Med_Orb_L","Rectus_R",0.654545454545455,0.363636363636364,-0.290909090909091,0.290909090909091,0.00401793098743924,1,1,FALSE,9
26,28,"Frontal_Med_Orb_R","Rectus_R",0.872727272727273,0.618181818181818,-0.254545454545455,0.254545454545455,0.00394123261118224,1,1,FALSE,8
27,28,"Rectus_L","Rectus_R",0.781818181818182,0.690909090909091,-0.0909090909090909,0.0909090909090909,0.386965645395776,1,1,FALSE,976
1,29,"Precentral_L","Insula_L",0.218181818181818,0.254545454545455,0.0363636363636363,0.0363636363636363,0.822773070595087,1,1,FALSE,2337
2,29,"Precentral_R","Insula_L",0.181818181818182,0.0727272727272727,-0.109090909090909,0.109090909090909,0.150781180042215,1,1,FALSE,331
3,29,"Frontal_Sup_L","Insula_L",0.0545454545454545,0,-0.0545454545454545,0.0545454545454545,0.243119266055046,1,1,FALSE,522
4,29,"Frontal_Sup_R","Insula_L",0,0,0,0,1,1,1,FALSE,4301
5,29,"Frontal_Sup_Orb_L","Insula_L",0.0181818181818182,0.0727272727272727,0.0545454545454545,0.0545454545454545,0.363371345279945,1,1,FALSE,900
6,29,"Frontal_Sup_Orb_R","Insula_L",0,0,0,0,1,1,1,FALSE,4377
7,29,"Frontal_Mid_L","Insula_L",0.181818181818182,0.0909090909090909,-0.0909090909090909,0.0909090909090909,0.266166492306464,1,1,FALSE,671
8,29,"Frontal_Mid_R","Insula_L",0.0363636363636364,0.0363636363636364,0,0,1,1,1,FALSE,4477
9,29,"Frontal_Mid_Orb_L","Insula_L",0.0545454545454545,0.0181818181818182,-0.0363636363636364,0.0363636363636364,0.618022807167967,1,1,FALSE,1719
10,29,"Frontal_Mid_Orb_R","Insula_L",0.0181818181818182,0.0181818181818182,0,0,1,1,1,FALSE,4573
11,29,"Frontal_Inf_Oper_L","Insula_L",0.254545454545455,0.236363636363636,-0.0181818181818182,0.0181818181818182,1,1,1,FALSE,4191
12,29,"Frontal_Inf_Oper_R","Insula_L",0.272727272727273,0.218181818181818,-0.0545454545454545,0.0545454545454545,0.658205207576239,1,1,FALSE,1904
13,29,"Frontal_Inf_Tri_L","Insula_L",0.145454545454545,0.218181818181818,0.0727272727272727,0.0727272727272727,0.459010046442181,1,1,FALSE,1140
14,29,"Frontal_Inf_Tri_R","Insula_L",0.218181818181818,0.2,-0.0181818181818182,0.0181818181818182,1,1,1,FALSE,4192
15,29,"Frontal_Inf_Orb_L","Insula_L",0.163636363636364,0.145454545454545,-0.0181818181818182,0.0181818181818182,1,1,1,FALSE,2474
16,29,"Frontal_Inf_Orb_R","Insula_L",0.109090909090909,0.0181818181818182,-0.0909090909090909,0.0909090909090909,0.11296407442339,1,1,FALSE,216
17,29,"Rolandic_Oper_L","Insula_L",0.727272727272727,0.781818181818182,0.0545454545454546,0.0545454545454546,0.658205207576239,1,1,FALSE,1900
18,29,"Rolandic_Oper_R","Insula_L",0.818181818181818,0.763636363636364,-0.0545454545454546,0.0545454545454546,0.639794696440987,1,1,FALSE,1880
19,29,"Supp_Motor_Area_L","Insula_L",0.218181818181818,0.2,-0.0181818181818182,0.0181818181818182,1,1,1,FALSE,4193
20,29,"Supp_Motor_Area_R","Insula_L",0.636363636363636,0.490909090909091,-0.145454545454545,0.145454545454545,0.17810669903465,1,1,FALSE,385
21,29,"Olfactory_L","Insula_L",0.0545454545454545,0.0181818181818182,-0.0363636363636364,0.0363636363636364,0.618022807167967,1,1,FALSE,1750
22,29,"Olfactory_R","Insula_L",0.0727272727272727,0.0545454545454545,-0.0181818181818182,0.0181818181818182,1,1,1,FALSE,3267
23,29,"Frontal_Sup_Medial_L","Insula_L",0,0,0,0,1,1,1,FALSE,5063
24,29,"Frontal_Sup_Medial_R","Insula_L",0.0363636363636364,0,-0.0363636363636364,0.0363636363636364,0.495412844036697,1,1,FALSE,1303
25,29,"Frontal_Med_Orb_L","Insula_L",0.0363636363636364,0,-0.0363636363636364,0.0363636363636364,0.495412844036697,1,1,FALSE,1311
26,29,"Frontal_Med_Orb_R","Insula_L",0.0181818181818182,0.0181818181818182,0,0,1,1,1,FALSE,5155
27,29,"Rectus_L","Insula_L",0.0181818181818182,0.0181818181818182,0,0,1,1,1,FALSE,5188
28,29,"Rectus_R","Insula_L",0,0,0,0,1,1,1,FALSE,5220
1,30,"Precentral_L","Insula_R",0.0727272727272727,0.109090909090909,0.0363636363636364,0.0363636363636364,0.741953348477847,1,1,FALSE,2135
2,30,"Precentral_R","Insula_R",0.272727272727273,0.236363636363636,-0.0363636363636363,0.0363636363636363,0.827043599014482,1,1,FALSE,2351
3,30,"Frontal_Sup_L","Insula_R",0,0.0181818181818182,0.0181818181818182,0.0181818181818182,1,1,1,FALSE,2852
4,30,"Frontal_Sup_R","Insula_R",0.0181818181818182,0.0909090909090909,0.0727272727272727,0.0727272727272727,0.20572996411117,1,1,FALSE,434
5,30,"Frontal_Sup_Orb_L","Insula_R",0,0.0363636363636364,0.0363636363636364,0.0363636363636364,0.495412844036697,1,1,FALSE,1220
6,30,"Frontal_Sup_Orb_R","Insula_R",0,0,0,0,1,1,1,FALSE,4378
7,30,"Frontal_Mid_L","Insula_R",0.0363636363636364,0.0545454545454545,0.0181818181818182,0.0181818181818182,1,1,1,FALSE,2938
8,30,"Frontal_Mid_R","Insula_R",0.0545454545454545,0.127272727272727,0.0727272727272727,0.0727272727272727,0.320308493049491,1,1,FALSE,774
9,30,"Frontal_Mid_Orb_L","Insula_R",0.0181818181818182,0.0181818181818182,0,0,1,1,1,FALSE,4515
10,30,"Frontal_Mid_Orb_R","Insula_R",0.0363636363636364,0.0363636363636364,0,0,1,1,1,FALSE,4574
11,30,"Frontal_Inf_Oper_L","Insula_R",0.0545454545454545,0.127272727272727,0.0727272727272727,0.0727272727272727,0.320308493049491,1,1,FALSE,777
12,30,"Frontal_Inf_Oper_R","Insula_R",0.381818181818182,0.545454545454545,0.163636363636364,0.163636363636364,0.125741963311655,1,1,FALSE,312
13,30,"Frontal_Inf_Tri_L","Insula_R",0.0909090909090909,0.0727272727272727,-0.0181818181818182,0.0181818181818182,1,1,1,FALSE,2694
14,30,"Frontal_Inf_Tri_R","Insula_R",0.363636363636364,0.363636363636364,0,0,1,1,1,FALSE,4758
15,30,"Frontal_Inf_Orb_L","Insula_R",0.0363636363636364,0,-0.0363636363636364,0.0363636363636364,0.495412844036697,1,1,FALSE,1264
16,30,"Frontal_Inf_Orb_R","Insula_R",0.145454545454545,0.145454545454545,0,0,1,1,1,FALSE,4820
17,30,"Rolandic_Oper_L","Insula_R",0.527272727272727,0.563636363636364,0.0363636363636364,0.0363636363636364,0.848266319715959,1,1,FALSE,2427
18,30,"Rolandic_Oper_R","Insula_R",0.872727272727273,0.818181818181818,-0.0545454545454545,0.0545454545454545,0.598884497995648,1,1,FALSE,1676
19,30,"Supp_Motor_Area_L","Insula_R",0.0545454545454545,0.0181818181818182,-0.0363636363636364,0.0363636363636364,0.618022807167967,1,1,FALSE,1743
20,30,"Supp_Motor_Area_R","Insula_R",0.509090909090909,0.509090909090909,0,0,1,1,1,FALSE,4970
21,30,"Olfactory_L","Insula_R",0,0,0,0,1,1,1,FALSE,4982
22,30,"Olfactory_R","Insula_R",0.0363636363636364,0.0363636363636364,0,0,1,1,1,FALSE,5021
23,30,"Frontal_Sup_Medial_L","Insula_R",0,0,0,0,1,1,1,FALSE,5064
24,30,"Frontal_Sup_Medial_R","Insula_R",0.0181818181818182,0.0363636363636364,0.0181818181818182,0.0181818181818182,1,1,1,FALSE,3311
25,30,"Frontal_Med_Orb_L","Insula_R",0,0,0,0,1,1,1,FALSE,5121
26,30,"Frontal_Med_Orb_R","Insula_R",0.0181818181818182,0,-0.0181818181818182,0.0181818181818182,1,1,1,FALSE,3345
27,30,"Rectus_L","Insula_R",0,0,0,0,1,1,1,FALSE,5189
28,30,"Rectus_R","Insula_R",0,0,0,0,1,1,1,FALSE,5221
29,30,"Insula_L","Insula_R",0.927272727272727,0.909090909090909,-0.0181818181818182,0.0181818181818182,1,1,1,FALSE,2720
1,31,"Precentral_L","Cingulum_Ant_L",0.0363636363636364,0.0363636363636364,0,0,1,1,1,FALSE,4228
2,31,"Precentral_R","Cingulum_Ant_L",0.0181818181818182,0.0181818181818182,0,0,1,1,1,FALSE,4257
3,31,"Frontal_Sup_L","Cingulum_Ant_L",0.345454545454545,0.490909090909091,0.145454545454545,0.145454545454545,0.175748138712102,1,1,FALSE,382
4,31,"Frontal_Sup_R","Cingulum_Ant_L",0.4,0.272727272727273,-0.127272727272727,0.127272727272727,0.225749365202591,1,1,FALSE,483
5,31,"Frontal_Sup_Orb_L","Cingulum_Ant_L",0.0727272727272727,0.0363636363636364,-0.0363636363636364,0.0363636363636364,0.678654107617496,1,1,FALSE,1941
6,31,"Frontal_Sup_Orb_R","Cingulum_Ant_L",0.0545454545454545,0.0363636363636364,-0.0181818181818182,0.0181818181818182,1,1,1,FALSE,2915
7,31,"Frontal_Mid_L","Cingulum_Ant_L",0.2,0.2,0,0,1,1,1,FALSE,2539
8,31,"Frontal_Mid_R","Cingulum_Ant_L",0.145454545454545,0.0727272727272727,-0.0727272727272727,0.0727272727272727,0.359662012889472,1,1,FALSE,861
9,31,"Frontal_Mid_Orb_L","Cingulum_Ant_L",0.0181818181818182,0.0181818181818182,0,0,1,1,1,FALSE,4516
10,31,"Frontal_Mid_Orb_R","Cingulum_Ant_L",0.0181818181818182,0,-0.0181818181818182,0.0181818181818182,1,1,1,FALSE,3003
11,31,"Frontal_Inf_Oper_L","Cingulum_Ant_L",0,0,0,0,1,1,1,FALSE,4636
12,31,"Frontal_Inf_Oper_R","Cingulum_Ant_L",0.0181818181818182,0,-0.0181818181818182,0.0181818181818182,1,1,1,FALSE,3047
13,31,"Frontal_Inf_Tri_L","Cingulum_Ant_L",0,0.0181818181818182,0.0181818181818182,0.0181818181818182,1,1,1,FALSE,3072
14,31,"Frontal_Inf_Tri_R","Cingulum_Ant_L",0.0181818181818182,0,-0.0181818181818182,0.0181818181818182,1,1,1,FALSE,3099
15,31,"Frontal_Inf_Orb_L","Cingulum_Ant_L",0.0545454545454545,0.0909090909090909,0.0363636363636364,0.0363636363636364,0.716092464011574,1,1,FALSE,2078
16,31,"Frontal_Inf_Orb_R","Cingulum_Ant_L",0.0545454545454545,0.0181818181818182,-0.0363636363636364,0.0363636363636364,0.618022807167967,1,1,FALSE,1736
17,31,"Rolandic_Oper_L","Cingulum_Ant_L",0.0363636363636364,0.0181818181818182,-0.0181818181818182,0.0181818181818182,1,1,1,FALSE,3178
18,31,"Rolandic_Oper_R","Cingulum_Ant_L",0.0181818181818182,0,-0.0181818181818182,0.0181818181818182,1,1,1,FALSE,3195
19,31,"Supp_Motor_Area_L","Cingulum_Ant_L",0.109090909090909,0.218181818181818,0.109090909090909,0.109090909090909,0.196671123649544,1,1,FALSE,402
20,31,"Supp_Motor_Area_R","Cingulum_Ant_L",0.127272727272727,0.0909090909090909,-0.0363636363636363,0.0363636363636363,0.761067915257265,1,1,FALSE,2202
21,31,"Olfactory_L","Cingulum_Ant_L",0.272727272727273,0.218181818181818,-0.0545454545454545,0.0545454545454545,0.658205207576239,1,1,FALSE,1906
22,31,"Olfactory_R","Cingulum_Ant_L",0.0545454545454545,0.0909090909090909,0.0363636363636364,0.0363636363636364,0.716092464011574,1,1,FALSE,2092
23,31,"Frontal_Sup_Medial_L","Cingulum_Ant_L",0.636363636363636,0.618181818181818,-0.0181818181818182,0.0181818181818182,1,1,1,FALSE,2711
24,31,"Frontal_Sup_Medial_R","Cingulum_Ant_L",0.763636363636364,0.636363636363636,-0.127272727272727,0.127272727272727,0.211592387485226,1,1,FALSE,466
25,31,"Frontal_Med_Orb_L","Cingulum_Ant_L",0.290909090909091,0.236363636363636,-0.0545454545454545,0.0545454545454545,0.665617624761333,1,1,FALSE,1914
26,31,"Frontal_Med_Orb_R","Cingulum_Ant_L",0.418181818181818,0.290909090909091,-0.127272727272727,0.127272727272727,0.231567948452208,1,1,FALSE,488
27,31,"Rectus_L","Cingulum_Ant_L",0.0909090909090909,0.127272727272727,0.0363636363636363,0.0363636363636363,0.761067915257265,1,1,FALSE,2205
28,31,"Rectus_R","Cingulum_Ant_L",0.0545454545454545,0.0363636363636364,-0.0181818181818182,0.0181818181818182,1,1,1,FALSE,3387
29,31,"Insula_L","Cingulum_Ant_L",0.2,0.145454545454545,-0.0545454545454546,0.0545454545454546,0.614842856677542,1,1,FALSE,1694
30,31,"Insula_R","Cingulum_Ant_L",0.163636363636364,0.145454545454545,-0.0181818181818182,0.0181818181818182,1,1,1,FALSE,2485
1,32,"Precentral_L","Cingulum_Ant_R",0.0727272727272727,0.0181818181818182,-0.0545454545454545,0.0545454545454545,0.363371345279945,1,1,FALSE,890
2,32,"Precentral_R","Cingulum_Ant_R",0,0.0181818181818182,0.0181818181818182,0.0181818181818182,1,1,1,FALSE,2835
3,32,"Frontal_Sup_L","Cingulum_Ant_R",0.290909090909091,0.290909090909091,0,0,1,1,1,FALSE,2616
4,32,"Frontal_Sup_R","Cingulum_Ant_R",0.545454545454545,0.472727272727273,-0.0727272727272727,0.0727272727272727,0.567423019256256,1,1,FALSE,1643
5,32,"Frontal_Sup_Orb_L","Cingulum_Ant_R",0.0909090909090909,0.0363636363636364,-0.0545454545454545,0.0545454545454545,0.437644688330618,1,1,FALSE,1053
6,32,"Frontal_Sup_Orb_R","Cingulum_Ant_R",0.0545454545454545,0.0545454545454545,0,0,1,1,1,FALSE,4379
7,32,"Frontal_Mid_L","Cingulum_Ant_R",0.109090909090909,0.127272727272727,0.0181818181818182,0.0181818181818182,1,1,1,FALSE,2509
8,32,"Frontal_Mid_R","Cingulum_Ant_R",0.254545454545455,0.345454545454545,0.0909090909090909,0.0909090909090909,0.4055060701556,1,1,FALSE,1008
9,32,"Frontal_Mid_Orb_L","Cingulum_Ant_R",0.0363636363636364,0.0545454545454545,0.0181818181818182,0.0181818181818182,1,1,1,FALSE,2981
10,32,"Frontal_Mid_Orb_R","Cingulum_Ant_R",0,0.0363636363636364,0.0363636363636364,0.0363636363636364,0.495412844036697,1,1,FALSE,1244
11,32,"Frontal_Inf_Oper_L","Cingulum_Ant_R",0.0181818181818182,0.0181818181818182,0,0,1,1,1,FALSE,4637
12,32,"Frontal_Inf_Oper_R","Cingulum_Ant_R",0.0363636363636364,0.0545454545454545,0.0181818181818182,0.0181818181818182,1,1,1,FALSE,3048
13,32,"Frontal_Inf_Tri_L","Cingulum_Ant_R",0,0.0181818181818182,0.0181818181818182,0.0181818181818182,1,1,1,FALSE,3073
14,32,"Frontal_Inf_Tri_R","Cingulum_Ant_R",0.0181818181818182,0.0363636363636364,0.0181818181818182,0.0181818181818182,1,1,1,FALSE,3100
15,32,"Frontal_Inf_Orb_L","Cingulum_Ant_R",0.127272727272727,0.0909090909090909,-0.0363636363636363,0.0363636363636363,0.761067915257265,1,1,FALSE,2200
16,32,"Frontal_Inf_Orb_R","Cingulum_Ant_R",0.163636363636364,0.0909090909090909,-0.0727272727272727,0.0727272727272727,0.391585309984995,1,1,FALSE,988
17,32,"Rolandic_Oper_L","Cingulum_Ant_R",0.0363636363636364,0.0181818181818182,-0.0181818181818182,0.0181818181818182,1,1,1,FALSE,3179
18,32,"Rolandic_Oper_R","Cingulum_Ant_R",0.0545454545454545,0,-0.0545454545454545,0.0545454545454545,0.243119266055046,1,1,FALSE,548
19,32,"Supp_Motor_Area_L","Cingulum_Ant_R",0.0727272727272727,0.127272727272727,0.0545454545454545,0.0545454545454545,0.526914472209385,1,1,FALSE,1521
20,32,"Supp_Motor_Area_R","Cingulum_Ant_R",0.145454545454545,0.163636363636364,0.0181818181818182,0.0181818181818182,1,1,1,FALSE,2478
21,32,"Olfactory_L","Cingulum_Ant_R",0.309090909090909,0.218181818181818,-0.0909090909090909,0.0909090909090909,0.386965645395776,1,1,FALSE,978
22,32,"Olfactory_R","Cingulum_Ant_R",0.181818181818182,0.2,0.0181818181818182,0.0181818181818182,1,1,1,FALSE,2573
23,32,"Frontal_Sup_Medial_L","Cingulum_Ant_R",0.418181818181818,0.454545454545455,0.0363636363636364,0.0363636363636364,0.847666976673362,1,1,FALSE,2418
24,32,"Frontal_Sup_Medial_R","Cingulum_Ant_R",0.836363636363636,0.8,-0.0363636363636363,0.0363636363636363,0.805305180298538,1,1,FALSE,2295
25,32,"Frontal_Med_Orb_L","Cingulum_Ant_R",0.236363636363636,0.254545454545455,0.0181818181818182,0.0181818181818182,1,1,1,FALSE,4195
26,32,"Frontal_Med_Orb_R","Cingulum_Ant_R",0.472727272727273,0.4,-0.0727272727272727,0.0727272727272727,0.564327553285816,1,1,FALSE,1623
27,32,"Rectus_L","Cingulum_Ant_R",0.0727272727272727,0.0181818181818182,-0.0545454545454545,0.0545454545454545,0.363371345279945,1,1,FALSE,923
28,32,"Rectus_R","Cingulum_Ant_R",0.0545454545454545,0.0545454545454545,0,0,1,1,1,FALSE,5222
29,32,"Insula_L","Cingulum_Ant_R",0.236363636363636,0.236363636363636,0,0,1,1,1,FALSE,5266
30,32,"Insula_R","Cingulum_Ant_R",0.327272727272727,0.309090909090909,-0.0181818181818182,0.0181818181818182,1,1,1,FALSE,2486
31,32,"Cingulum_Ant_L","Cingulum_Ant_R",1,1,0,0,1,1,1,FALSE,5305
1,33,"Precentral_L","Cingulum_Mid_L",0.290909090909091,0.127272727272727,-0.163636363636364,0.163636363636364,0.0591947944868677,1,1,FALSE,143
2,33,"Precentral_R","Cingulum_Mid_L",0.309090909090909,0.181818181818182,-0.127272727272727,0.127272727272727,0.183185115864541,1,1,FALSE,392
3,33,"Frontal_Sup_L","Cingulum_Mid_L",0.127272727272727,0.0727272727272727,-0.0545454545454545,0.0545454545454545,0.526914472209385,1,1,FALSE,1513
4,33,"Frontal_Sup_R","Cingulum_Mid_L",0.0727272727272727,0.0181818181818182,-0.0545454545454545,0.0545454545454545,0.363371345279945,1,1,FALSE,895
5,33,"Frontal_Sup_Orb_L","Cingulum_Mid_L",0,0.0181818181818182,0.0181818181818182,0.0181818181818182,1,1,1,FALSE,2896
6,33,"Frontal_Sup_Orb_R","Cingulum_Mid_L",0,0,0,0,1,1,1,FALSE,4380
7,33,"Frontal_Mid_L","Cingulum_Mid_L",0.109090909090909,0.0727272727272727,-0.0363636363636364,0.0363636363636364,0.741953348477847,1,1,FALSE,2143
8,33,"Frontal_Mid_R","Cingulum_Mid_L",0.0181818181818182,0.0363636363636364,0.0181818181818182,0.0181818181818182,1,1,1,FALSE,2959
9,33,"Frontal_Mid_Orb_L","Cingulum_Mid_L",0.0181818181818182,0,-0.0181818181818182,0.0181818181818182,1,1,1,FALSE,2982
10,33,"Frontal_Mid_Orb_R","Cingulum_Mid_L",0,0,0,0,1,1,1,FALSE,4575
11,33,"Frontal_Inf_Oper_L","Cingulum_Mid_L",0.0181818181818182,0,-0.0181818181818182,0.0181818181818182,1,1,1,FALSE,3022
12,33,"Frontal_Inf_Oper_R","Cingulum_Mid_L",0,0.0545454545454545,0.0545454545454545,0.0545454545454545,0.243119266055046,1,1,FALSE,538
13,33,"Frontal_Inf_Tri_L","Cingulum_Mid_L",0.0181818181818182,0.0181818181818182,0,0,1,1,1,FALSE,4715
14,33,"Frontal_Inf_Tri_R","Cingulum_Mid_L",0.0181818181818182,0.0181818181818182,0,0,1,1,1,FALSE,4759
15,33,"Frontal_Inf_Orb_L","Cingulum_Mid_L",0,0,0,0,1,1,1,FALSE,4789
16,33,"Frontal_Inf_Orb_R","Cingulum_Mid_L",0,0,0,0,1,1,1,FALSE,4821
17,33,"Rolandic_Oper_L","Cingulum_Mid_L",0.4,0.309090909090909,-0.0909090909090909,0.0909090909090909,0.42551401227077,1,1,FALSE,1036
18,33,"Rolandic_Oper_R","Cingulum_Mid_L",0.4,0.254545454545455,-0.145454545454546,0.145454545454546,0.154438881013957,1,1,FALSE,341
19,33,"Supp_Motor_Area_L","Cingulum_Mid_L",0.4,0.363636363636364,-0.0363636363636364,0.0363636363636364,0.844559971809837,1,1,FALSE,2399
20,33,"Supp_Motor_Area_R","Cingulum_Mid_L",0.763636363636364,0.545454545454545,-0.218181818181818,0.218181818181818,0.0267657956869872,1,1,FALSE,56
21,33,"Olfactory_L","Cingulum_Mid_L",0,0,0,0,1,1,1,FALSE,4983
22,33,"Olfactory_R","Cingulum_Mid_L",0,0,0,0,1,1,1,FALSE,5022
23,33,"Frontal_Sup_Medial_L","Cingulum_Mid_L",0.0363636363636364,0,-0.0363636363636364,0.0363636363636364,0.495412844036697,1,1,FALSE,1297
24,33,"Frontal_Sup_Medial_R","Cingulum_Mid_L",0.0181818181818182,0,-0.0181818181818182,0.0181818181818182,1,1,1,FALSE,3312
25,33,"Frontal_Med_Orb_L","Cingulum_Mid_L",0,0,0,0,1,1,1,FALSE,5122
26,33,"Frontal_Med_Orb_R","Cingulum_Mid_L",0,0.0181818181818182,0.0181818181818182,0.0181818181818182,1,1,1,FALSE,3346
27,33,"Rectus_L","Cingulum_Mid_L",0,0,0,0,1,1,1,FALSE,5190
28,33,"Rectus_R","Cingulum_Mid_L",0,0,0,0,1,1,1,FALSE,5223
29,33,"Insula_L","Cingulum_Mid_L",0.381818181818182,0.236363636363636,-0.145454545454545,0.145454545454545,0.148129727702194,1,1,FALSE,330
30,33,"Insula_R","Cingulum_Mid_L",0.436363636363636,0.363636363636364,-0.0727272727272727,0.0727272727272727,0.559557548581102,1,1,FALSE,1614
31,33,"Cingulum_Ant_L","Cingulum_Mid_L",0.145454545454545,0.163636363636364,0.0181818181818182,0.0181818181818182,1,1,1,FALSE,2487
32,33,"Cingulum_Ant_R","Cingulum_Mid_L",0.109090909090909,0.0909090909090909,-0.0181818181818182,0.0181818181818182,1,1,1,FALSE,4158
1,34,"Precentral_L","Cingulum_Mid_R",0.327272727272727,0.181818181818182,-0.145454545454545,0.145454545454545,0.124634456179733,1,1,FALSE,307
2,34,"Precentral_R","Cingulum_Mid_R",0.418181818181818,0.254545454545455,-0.163636363636364,0.163636363636364,0.105818096339889,1,1,FALSE,206
3,34,"Frontal_Sup_L","Cingulum_Mid_R",0.436363636363636,0.472727272727273,0.0363636363636364,0.0363636363636364,0.848266319715959,1,1,FALSE,2425
4,34,"Frontal_Sup_R","Cingulum_Mid_R",0.509090909090909,0.509090909090909,0,0,1,1,1,FALSE,4302
5,34,"Frontal_Sup_Orb_L","Cingulum_Mid_R",0.0909090909090909,0.0909090909090909,0,0,1,1,1,FALSE,2618
6,34,"Frontal_Sup_Orb_R","Cingulum_Mid_R",0.0181818181818182,0.0181818181818182,0,0,1,1,1,FALSE,4381
7,34,"Frontal_Mid_L","Cingulum_Mid_R",0.436363636363636,0.509090909090909,0.0727272727272727,0.0727272727272727,0.566911675700932,1,1,FALSE,1635
8,34,"Frontal_Mid_R","Cingulum_Mid_R",0.509090909090909,0.6,0.0909090909090909,0.0909090909090909,0.44304703086807,1,1,FALSE,1121
9,34,"Frontal_Mid_Orb_L","Cingulum_Mid_R",0.0909090909090909,0.0363636363636364,-0.0545454545454545,0.0545454545454545,0.437644688330618,1,1,FALSE,1059
10,34,"Frontal_Mid_Orb_R","Cingulum_Mid_R",0.0909090909090909,0.0909090909090909,0,0,1,1,1,FALSE,2620
11,34,"Frontal_Inf_Oper_L","Cingulum_Mid_R",0.0363636363636364,0.0727272727272727,0.0363636363636364,0.0363636363636364,0.678654107617496,1,1,FALSE,1947
12,34,"Frontal_Inf_Oper_R","Cingulum_Mid_R",0.109090909090909,0.0909090909090909,-0.0181818181818182,0.0181818181818182,1,1,1,FALSE,4146
13,34,"Frontal_Inf_Tri_L","Cingulum_Mid_R",0.0363636363636364,0.0909090909090909,0.0545454545454545,0.0545454545454545,0.437644688330618,1,1,FALSE,1062
14,34,"Frontal_Inf_Tri_R","Cingulum_Mid_R",0.0909090909090909,0.145454545454545,0.0545454545454545,0.0545454545454545,0.556268985477779,1,1,FALSE,1586
15,34,"Frontal_Inf_Orb_L","Cingulum_Mid_R",0.0363636363636364,0.0545454545454545,0.0181818181818182,0.0181818181818182,1,1,1,FALSE,3122
16,34,"Frontal_Inf_Orb_R","Cingulum_Mid_R",0.163636363636364,0.0727272727272727,-0.0909090909090909,0.0909090909090909,0.236782655021779,1,1,FALSE,499
17,34,"Rolandic_Oper_L","Cingulum_Mid_R",0.254545454545455,0.218181818181818,-0.0363636363636363,0.0363636363636363,0.822773070595087,1,1,FALSE,2341
18,34,"Rolandic_Oper_R","Cingulum_Mid_R",0.327272727272727,0.181818181818182,-0.145454545454545,0.145454545454545,0.124634456179733,1,1,FALSE,309
19,34,"Supp_Motor_Area_L","Cingulum_Mid_R",0.327272727272727,0.454545454545455,0.127272727272727,0.127272727272727,0.240903809631543,1,1,FALSE,514
20,34,"Supp_Motor_Area_R","Cingulum_Mid_R",0.963636363636364,0.872727272727273,-0.0909090909090909,0.0909090909090909,0.16138081677265,1,1,FALSE,350
21,34,"Olfactory_L","Cingulum_Mid_R",0.0545454545454545,0.0545454545454545,0,0,1,1,1,FALSE,4984
22,34,"Olfactory_R","Cingulum_Mid_R",0,0,0,0,1,1,1,FALSE,5023
23,34,"Frontal_Sup_Medial_L","Cingulum_Mid_R",0.218181818181818,0.0909090909090909,-0.127272727272727,0.127272727272727,0.11164203105876,1,1,FALSE,209
24,34,"Frontal_Sup_Medial_R","Cingulum_Mid_R",0.418181818181818,0.4,-0.0181818181818181,0.0181818181818181,1,1,1,FALSE,2534
25,34,"Frontal_Med_Orb_L","Cingulum_Mid_R",0,0.0727272727272727,0.0727272727272727,0.0727272727272727,0.118151419017406,1,1,FALSE,251
26,34,"Frontal_Med_Orb_R","Cingulum_Mid_R",0.0909090909090909,0.0545454545454545,-0.0363636363636364,0.0363636363636364,0.716092464011574,1,1,FALSE,2098
27,34,"Rectus_L","Cingulum_Mid_R",0.0181818181818182,0,-0.0181818181818182,0.0181818181818182,1,1,1,FALSE,3364
28,34,"Rectus_R","Cingulum_Mid_R",0.0363636363636364,0,-0.0363636363636364,0.0363636363636364,0.495412844036697,1,1,FALSE,1329
29,34,"Insula_L","Cingulum_Mid_R",0.545454545454545,0.345454545454545,-0.2,0.2,0.0545538182448068,1,1,FALSE,110
30,34,"Insula_R","Cingulum_Mid_R",0.618181818181818,0.636363636363636,0.0181818181818182,0.0181818181818182,1,1,1,FALSE,2723
31,34,"Cingulum_Ant_L","Cingulum_Mid_R",0.690909090909091,0.672727272727273,-0.0181818181818182,0.0181818181818182,1,1,1,FALSE,2488
32,34,"Cingulum_Ant_R","Cingulum_Mid_R",0.818181818181818,0.836363636363636,0.0181818181818181,0.0181818181818181,1,1,1,FALSE,4217
33,34,"Cingulum_Mid_L","Cingulum_Mid_R",0.854545454545454,0.927272727272727,0.0727272727272728,0.0727272727272728,0.359662012889472,1,1,FALSE,854
1,35,"Precentral_L","Cingulum_Post_L",0,0,0,0,1,1,1,FALSE,4229
2,35,"Precentral_R","Cingulum_Post_L",0,0,0,0,1,1,1,FALSE,4258
3,35,"Frontal_Sup_L","Cingulum_Post_L",0.0363636363636364,0.0363636363636364,0,0,1,1,1,FALSE,4278
4,35,"Frontal_Sup_R","Cingulum_Post_L",0.0181818181818182,0.0181818181818182,0,0,1,1,1,FALSE,4303
5,35,"Frontal_Sup_Orb_L","Cingulum_Post_L",0,0.0181818181818182,0.0181818181818182,0.0181818181818182,1,1,1,FALSE,2897
6,35,"Frontal_Sup_Orb_R","Cingulum_Post_L",0,0,0,0,1,1,1,FALSE,4382
7,35,"Frontal_Mid_L","Cingulum_Post_L",0,0,0,0,1,1,1,FALSE,4437
8,35,"Frontal_Mid_R","Cingulum_Post_L",0,0,0,0,1,1,1,FALSE,4478
9,35,"Frontal_Mid_Orb_L","Cingulum_Post_L",0,0,0,0,1,1,1,FALSE,4517
10,35,"Frontal_Mid_Orb_R","Cingulum_Post_L",0,0,0,0,1,1,1,FALSE,4576
11,35,"Frontal_Inf_Oper_L","Cingulum_Post_L",0,0,0,0,1,1,1,FALSE,4638
12,35,"Frontal_Inf_Oper_R","Cingulum_Post_L",0,0,0,0,1,1,1,FALSE,4676
13,35,"Frontal_Inf_Tri_L","Cingulum_Post_L",0,0,0,0,1,1,1,FALSE,4716
14,35,"Frontal_Inf_Tri_R","Cingulum_Post_L",0,0,0,0,1,1,1,FALSE,4760
15,35,"Frontal_Inf_Orb_L","Cingulum_Post_L",0,0.0181818181818182,0.0181818181818182,0.0181818181818182,1,1,1,FALSE,3123
16,35,"Frontal_Inf_Orb_R","Cingulum_Post_L",0,0,0,0,1,1,1,FALSE,4822
17,35,"Rolandic_Oper_L","Cingulum_Post_L",0,0,0,0,1,1,1,FALSE,4861
18,35,"Rolandic_Oper_R","Cingulum_Post_L",0,0,0,0,1,1,1,FALSE,4898
19,35,"Supp_Motor_Area_L","Cingulum_Post_L",0,0,0,0,1,1,1,FALSE,4934
20,35,"Supp_Motor_Area_R","Cingulum_Post_L",0,0,0,0,1,1,1,FALSE,4971
21,35,"Olfactory_L","Cingulum_Post_L",0,0.0181818181818182,0.0181818181818182,0.0181818181818182,1,1,1,FALSE,3242
22,35,"Olfactory_R","Cingulum_Post_L",0,0,0,0,1,1,1,FALSE,5024
23,35,"Frontal_Sup_Medial_L","Cingulum_Post_L",0.0545454545454545,0.109090909090909,0.0545454545454545,0.0545454545454545,0.488966435220834,1,1,FALSE,1168
24,35,"Frontal_Sup_Medial_R","Cingulum_Post_L",0.0727272727272727,0.0545454545454545,-0.0181818181818182,0.0181818181818182,1,1,1,FALSE,3313
25,35,"Frontal_Med_Orb_L","Cingulum_Post_L",0.0181818181818182,0.0545454545454545,0.0363636363636364,0.0363636363636364,0.618022807167967,1,1,FALSE,1762
26,35,"Frontal_Med_Orb_R","Cingulum_Post_L",0.0363636363636364,0.0727272727272727,0.0363636363636364,0.0363636363636364,0.678654107617496,1,1,FALSE,1967
27,35,"Rectus_L","Cingulum_Post_L",0.0363636363636364,0.0181818181818182,-0.0181818181818182,0.0181818181818182,1,1,1,FALSE,3365
28,35,"Rectus_R","Cingulum_Post_L",0.0181818181818182,0,-0.0181818181818182,0.0181818181818182,1,1,1,FALSE,3388
29,35,"Insula_L","Cingulum_Post_L",0,0,0,0,1,1,1,FALSE,5267
30,35,"Insula_R","Cingulum_Post_L",0,0,0,0,1,1,1,FALSE,5288
31,35,"Cingulum_Ant_L","Cingulum_Post_L",0.0181818181818182,0.0363636363636364,0.0181818181818182,0.0181818181818182,1,1,1,FALSE,3445
32,35,"Cingulum_Ant_R","Cingulum_Post_L",0.0181818181818182,0.0363636363636364,0.0181818181818182,0.0181818181818182,1,1,1,FALSE,3466
33,35,"Cingulum_Mid_L","Cingulum_Post_L",0,0,0,0,1,1,1,FALSE,5363
34,35,"Cingulum_Mid_R","Cingulum_Post_L",0.0727272727272727,0.109090909090909,0.0363636363636364,0.0363636363636364,0.741953348477847,1,1,FALSE,2162
1,36,"Precentral_L","Cingulum_Post_R",0.0181818181818182,0.0181818181818182,0,0,1,1,1,FALSE,4230
2,36,"Precentral_R","Cingulum_Post_R",0,0.0181818181818182,0.0181818181818182,0.0181818181818182,1,1,1,FALSE,2836
3,36,"Frontal_Sup_L","Cingulum_Post_R",0.109090909090909,0.145454545454545,0.0363636363636364,0.0363636363636364,0.775847219468156,1,1,FALSE,2242
4,36,"Frontal_Sup_R","Cingulum_Post_R",0.127272727272727,0.145454545454545,0.0181818181818182,0.0181818181818182,1,1,1,FALSE,2676
5,36,"Frontal_Sup_Orb_L","Cingulum_Post_R",0.0545454545454545,0.0181818181818182,-0.0363636363636364,0.0363636363636364,0.618022807167967,1,1,FALSE,1715
6,36,"Frontal_Sup_Orb_R","Cingulum_Post_R",0.0545454545454545,0,-0.0545454545454545,0.0545454545454545,0.243119266055046,1,1,FALSE,530
7,36,"Frontal_Mid_L","Cingulum_Post_R",0.0363636363636364,0.0909090909090909,0.0545454545454545,0.0545454545454545,0.437644688330618,1,1,FALSE,1056
8,36,"Frontal_Mid_R","Cingulum_Post_R",0.0909090909090909,0.109090909090909,0.0181818181818182,0.0181818181818182,1,1,1,FALSE,4142
9,36,"Frontal_Mid_Orb_L","Cingulum_Post_R",0.0363636363636364,0,-0.0363636363636364,0.0363636363636364,0.495412844036697,1,1,FALSE,1238
10,36,"Frontal_Mid_Orb_R","Cingulum_Post_R",0.0181818181818182,0.0181818181818182,0,0,1,1,1,FALSE,4577
11,36,"Frontal_Inf_Oper_L","Cingulum_Post_R",0,0,0,0,1,1,1,FALSE,4639
12,36,"Frontal_Inf_Oper_R","Cingulum_Post_R",0,0.0181818181818182,0.0181818181818182,0.0181818181818182,1,1,1,FALSE,3049
13,36,"Frontal_Inf_Tri_L","Cingulum_Post_R",0,0,0,0,1,1,1,FALSE,4717
14,36,"Frontal_Inf_Tri_R","Cingulum_Post_R",0,0.0363636363636364,0.0363636363636364,0.0363636363636364,0.495412844036697,1,1,FALSE,1260
15,36,"Frontal_Inf_Orb_L","Cingulum_Post_R",0,0.0363636363636364,0.0363636363636364,0.0363636363636364,0.495412844036697,1,1,FALSE,1265
16,36,"Frontal_Inf_Orb_R","Cingulum_Post_R",0.0363636363636364,0.0181818181818182,-0.0181818181818182,0.0181818181818182,1,1,1,FALSE,3152
17,36,"Rolandic_Oper_L","Cingulum_Post_R",0,0,0,0,1,1,1,FALSE,4862
18,36,"Rolandic_Oper_R","Cingulum_Post_R",0,0,0,0,1,1,1,FALSE,4899
19,36,"Supp_Motor_Area_L","Cingulum_Post_R",0,0.0181818181818182,0.0181818181818182,0.0181818181818182,1,1,1,FALSE,3218
20,36,"Supp_Motor_Area_R","Cingulum_Post_R",0.0181818181818182,0.0909090909090909,0.0727272727272727,0.0727272727272727,0.20572996411117,1,1,FALSE,441
21,36,"Olfactory_L","Cingulum_Post_R",0.0181818181818182,0.0545454545454545,0.0363636363636364,0.0363636363636364,0.618022807167967,1,1,FALSE,1751
22,36,"Olfactory_R","Cingulum_Post_R",0,0.0181818181818182,0.0181818181818182,0.0181818181818182,1,1,1,FALSE,3268
23,36,"Frontal_Sup_Medial_L","Cingulum_Post_R",0.109090909090909,0.0727272727272727,-0.0363636363636364,0.0363636363636364,0.741953348477847,1,1,FALSE,2156
24,36,"Frontal_Sup_Medial_R","Cingulum_Post_R",0.163636363636364,0.254545454545455,0.0909090909090909,0.0909090909090909,0.34855177578558,1,1,FALSE,846
25,36,"Frontal_Med_Orb_L","Cingulum_Post_R",0.0727272727272727,0.0545454545454545,-0.0181818181818182,0.0181818181818182,1,1,1,FALSE,3328
26,36,"Frontal_Med_Orb_R","Cingulum_Post_R",0.181818181818182,0.181818181818182,0,0,1,1,1,FALSE,5156
27,36,"Rectus_L","Cingulum_Post_R",0.0363636363636364,0.0181818181818182,-0.0181818181818182,0.0181818181818182,1,1,1,FALSE,3366
28,36,"Rectus_R","Cingulum_Post_R",0.0363636363636364,0.0363636363636364,0,0,1,1,1,FALSE,5224
29,36,"Insula_L","Cingulum_Post_R",0,0,0,0,1,1,1,FALSE,5268
30,36,"Insula_R","Cingulum_Post_R",0.0181818181818182,0,-0.0181818181818182,0.0181818181818182,1,1,1,FALSE,3427
31,36,"Cingulum_Ant_L","Cingulum_Post_R",0.0909090909090909,0.127272727272727,0.0363636363636363,0.0363636363636363,0.761067915257265,1,1,FALSE,2208
32,36,"Cingulum_Ant_R","Cingulum_Post_R",0.145454545454545,0.127272727272727,-0.0181818181818182,0.0181818181818182,1,1,1,FALSE,2730
33,36,"Cingulum_Mid_L","Cingulum_Post_R",0,0.0363636363636364,0.0363636363636364,0.0363636363636364,0.495412844036697,1,1,FALSE,1342
34,36,"Cingulum_Mid_R","Cingulum_Post_R",0.4,0.490909090909091,0.0909090909090909,0.0909090909090909,0.44304703086807,1,1,FALSE,1125
35,36,"Cingulum_Post_L","Cingulum_Post_R",0.490909090909091,0.509090909090909,0.0181818181818181,0.0181818181818181,1,1,1,FALSE,4214
1,37,"Precentral_L","Hippocampus_L",0.0727272727272727,0.145454545454545,0.0727272727272727,0.0727272727272727,0.359662012889472,1,1,FALSE,857
2,37,"Precentral_R","Hippocampus_L",0.0363636363636364,0.0727272727272727,0.0363636363636364,0.0363636363636364,0.678654107617496,1,1,FALSE,1934
3,37,"Frontal_Sup_L","Hippocampus_L",0,0,0,0,1,1,1,FALSE,4279
4,37,"Frontal_Sup_R","Hippocampus_L",0,0,0,0,1,1,1,FALSE,4304
5,37,"Frontal_Sup_Orb_L","Hippocampus_L",0,0,0,0,1,1,1,FALSE,4325
6,37,"Frontal_Sup_Orb_R","Hippocampus_L",0,0,0,0,1,1,1,FALSE,4383
7,37,"Frontal_Mid_L","Hippocampus_L",0,0,0,0,1,1,1,FALSE,4438
8,37,"Frontal_Mid_R","Hippocampus_L",0,0,0,0,1,1,1,FALSE,4479
9,37,"Frontal_Mid_Orb_L","Hippocampus_L",0,0,0,0,1,1,1,FALSE,4518
10,37,"Frontal_Mid_Orb_R","Hippocampus_L",0,0,0,0,1,1,1,FALSE,4578
11,37,"Frontal_Inf_Oper_L","Hippocampus_L",0.0363636363636364,0.0363636363636364,0,0,1,1,1,FALSE,4640
12,37,"Frontal_Inf_Oper_R","Hippocampus_L",0,0.0181818181818182,0.0181818181818182,0.0181818181818182,1,1,1,FALSE,3050
13,37,"Frontal_Inf_Tri_L","Hippocampus_L",0,0.0181818181818182,0.0181818181818182,0.0181818181818182,1,1,1,FALSE,3074
14,37,"Frontal_Inf_Tri_R","Hippocampus_L",0.0181818181818182,0.0545454545454545,0.0363636363636364,0.0363636363636364,0.618022807167967,1,1,FALSE,1727
15,37,"Frontal_Inf_Orb_L","Hippocampus_L",0.0545454545454545,0.0181818181818182,-0.0363636363636364,0.0363636363636364,0.618022807167967,1,1,FALSE,1734
16,37,"Frontal_Inf_Orb_R","Hippocampus_L",0.0363636363636364,0.0363636363636364,0,0,1,1,1,FALSE,4823
17,37,"Rolandic_Oper_L","Hippocampus_L",0.145454545454545,0.127272727272727,-0.0181818181818182,0.0181818181818182,1,1,1,FALSE,2701
18,37,"Rolandic_Oper_R","Hippocampus_L",0.145454545454545,0.163636363636364,0.0181818181818182,0.0181818181818182,1,1,1,FALSE,2477
19,37,"Supp_Motor_Area_L","Hippocampus_L",0,0,0,0,1,1,1,FALSE,4935
20,37,"Supp_Motor_Area_R","Hippocampus_L",0.0909090909090909,0.145454545454545,0.0545454545454545,0.0545454545454545,0.556268985477779,1,1,FALSE,1589
21,37,"Olfactory_L","Hippocampus_L",0.0545454545454545,0.0363636363636364,-0.0181818181818182,0.0181818181818182,1,1,1,FALSE,3243
22,37,"Olfactory_R","Hippocampus_L",0.0727272727272727,0.0545454545454545,-0.0181818181818182,0.0181818181818182,1,1,1,FALSE,3269
23,37,"Frontal_Sup_Medial_L","Hippocampus_L",0,0,0,0,1,1,1,FALSE,5065
24,37,"Frontal_Sup_Medial_R","Hippocampus_L",0.0727272727272727,0,-0.0727272727272727,0.0727272727272727,0.118151419017406,1,1,FALSE,250
25,37,"Frontal_Med_Orb_L","Hippocampus_L",0.0181818181818182,0.0181818181818182,0,0,1,1,1,FALSE,5123
26,37,"Frontal_Med_Orb_R","Hippocampus_L",0.0181818181818182,0.0727272727272727,0.0545454545454545,0.0545454545454545,0.363371345279945,1,1,FALSE,922
27,37,"Rectus_L","Hippocampus_L",0.0545454545454545,0.0181818181818182,-0.0363636363636364,0.0363636363636364,0.618022807167967,1,1,FALSE,1767
28,37,"Rectus_R","Hippocampus_L",0.0181818181818182,0.0181818181818182,0,0,1,1,1,FALSE,5225
29,37,"Insula_L","Hippocampus_L",0.309090909090909,0.327272727272727,0.0181818181818182,0.0181818181818182,1,1,1,FALSE,2484
30,37,"Insula_R","Hippocampus_L",0.236363636363636,0.327272727272727,0.0909090909090909,0.0909090909090909,0.396830775384208,1,1,FALSE,1006
31,37,"Cingulum_Ant_L","Hippocampus_L",0.0545454545454545,0.0363636363636364,-0.0181818181818182,0.0181818181818182,1,1,1,FALSE,3446
32,37,"Cingulum_Ant_R","Hippocampus_L",0.0909090909090909,0.0545454545454545,-0.0363636363636364,0.0363636363636364,0.716092464011574,1,1,FALSE,2101
33,37,"Cingulum_Mid_L","Hippocampus_L",0.0363636363636364,0.0363636363636364,0,0,1,1,1,FALSE,5364
34,37,"Cingulum_Mid_R","Hippocampus_L",0.127272727272727,0.109090909090909,-0.0181818181818182,0.0181818181818182,1,1,1,FALSE,2518
35,37,"Cingulum_Post_L","Hippocampus_L",0.0181818181818182,0,-0.0181818181818182,0.0181818181818182,1,1,1,FALSE,3504
36,37,"Cingulum_Post_R","Hippocampus_L",0,0.0181818181818182,0.0181818181818182,0.0181818181818182,1,1,1,FALSE,3521
1,38,"Precentral_L","Hippocampus_R",0.0363636363636364,0.0545454545454545,0.0181818181818182,0.0181818181818182,1,1,1,FALSE,2828
2,38,"Precentral_R","Hippocampus_R",0.0727272727272727,0.109090909090909,0.0363636363636364,0.0363636363636364,0.741953348477847,1,1,FALSE,2139
3,38,"Frontal_Sup_L","Hippocampus_R",0,0,0,0,1,1,1,FALSE,4280
4,38,"Frontal_Sup_R","Hippocampus_R",0.0909090909090909,0.127272727272727,0.0363636363636363,0.0363636363636363,0.761067915257265,1,1,FALSE,2191
5,38,"Frontal_Sup_Orb_L","Hippocampus_R",0,0,0,0,1,1,1,FALSE,4326
6,38,"Frontal_Sup_Orb_R","Hippocampus_R",0.0181818181818182,0.0363636363636364,0.0181818181818182,0.0181818181818182,1,1,1,FALSE,2916
7,38,"Frontal_Mid_L","Hippocampus_R",0,0,0,0,1,1,1,FALSE,4439
8,38,"Frontal_Mid_R","Hippocampus_R",0.0545454545454545,0,-0.0545454545454545,0.0545454545454545,0.243119266055046,1,1,FALSE,533
9,38,"Frontal_Mid_Orb_L","Hippocampus_R",0,0,0,0,1,1,1,FALSE,4519
10,38,"Frontal_Mid_Orb_R","Hippocampus_R",0,0,0,0,1,1,1,FALSE,4579
11,38,"Frontal_Inf_Oper_L","Hippocampus_R",0.0181818181818182,0.0181818181818182,0,0,1,1,1,FALSE,4641
12,38,"Frontal_Inf_Oper_R","Hippocampus_R",0.0727272727272727,0.0363636363636364,-0.0363636363636364,0.0363636363636364,0.678654107617496,1,1,FALSE,1951
13,38,"Frontal_Inf_Tri_L","Hippocampus_R",0,0,0,0,1,1,1,FALSE,4718
14,38,"Frontal_Inf_Tri_R","Hippocampus_R",0.0545454545454545,0.0727272727272727,0.0181818181818182,0.0181818181818182,1,1,1,FALSE,3101
15,38,"Frontal_Inf_Orb_L","Hippocampus_R",0.0181818181818182,0.0727272727272727,0.0545454545454545,0.0545454545454545,0.363371345279945,1,1,FALSE,912
16,38,"Frontal_Inf_Orb_R","Hippocampus_R",0.0545454545454545,0.0909090909090909,0.0363636363636364,0.0363636363636364,0.716092464011574,1,1,FALSE,2080
17,38,"Rolandic_Oper_L","Hippocampus_R",0,0.0727272727272727,0.0727272727272727,0.0727272727272727,0.118151419017406,1,1,FALSE,243
18,38,"Rolandic_Oper_R","Hippocampus_R",0.0181818181818182,0.0363636363636364,0.0181818181818182,0.0181818181818182,1,1,1,FALSE,3196
19,38,"Supp_Motor_Area_L","Hippocampus_R",0,0,0,0,1,1,1,FALSE,4936
20,38,"Supp_Motor_Area_R","Hippocampus_R",0.0727272727272727,0.163636363636364,0.0909090909090909,0.0909090909090909,0.236782655021779,1,1,FALSE,502
21,38,"Olfactory_L","Hippocampus_R",0.145454545454545,0.0727272727272727,-0.0727272727272727,0.0727272727272727,0.359662012889472,1,1,FALSE,866
22,38,"Olfactory_R","Hippocampus_R",0.127272727272727,0.0909090909090909,-0.0363636363636363,0.0363636363636363,0.761067915257265,1,1,FALSE,2203
23,38,"Frontal_Sup_Medial_L","Hippocampus_R",0.0545454545454545,0.0727272727272727,0.0181818181818182,0.0181818181818182,1,1,1,FALSE,3293
24,38,"Frontal_Sup_Medial_R","Hippocampus_R",0.109090909090909,0.127272727272727,0.0181818181818182,0.0181818181818182,1,1,1,FALSE,2513
25,38,"Frontal_Med_Orb_L","Hippocampus_R",0.0545454545454545,0.0909090909090909,0.0363636363636364,0.0363636363636364,0.716092464011574,1,1,FALSE,2095
26,38,"Frontal_Med_Orb_R","Hippocampus_R",0.254545454545455,0.181818181818182,-0.0727272727272727,0.0727272727272727,0.489151806446811,1,1,FALSE,1193
27,38,"Rectus_L","Hippocampus_R",0.0909090909090909,0.0909090909090909,0,0,1,1,1,FALSE,2631
28,38,"Rectus_R","Hippocampus_R",0.145454545454545,0.0909090909090909,-0.0545454545454545,0.0545454545454545,0.556268985477779,1,1,FALSE,1593
29,38,"Insula_L","Hippocampus_R",0.0363636363636364,0.0545454545454545,0.0181818181818182,0.0181818181818182,1,1,1,FALSE,3406
30,38,"Insula_R","Hippocampus_R",0.181818181818182,0.163636363636364,-0.0181818181818182,0.0181818181818182,1,1,1,FALSE,2724
31,38,"Cingulum_Ant_L","Hippocampus_R",0.0727272727272727,0.0181818181818182,-0.0545454545454545,0.0545454545454545,0.363371345279945,1,1,FALSE,930
32,38,"Cingulum_Ant_R","Hippocampus_R",0.145454545454545,0.109090909090909,-0.0363636363636364,0.0363636363636364,0.775847219468156,1,1,FALSE,2252
33,38,"Cingulum_Mid_L","Hippocampus_R",0.0363636363636364,0.0909090909090909,0.0545454545454545,0.0545454545454545,0.437644688330618,1,1,FALSE,1072
34,38,"Cingulum_Mid_R","Hippocampus_R",0.163636363636364,0.163636363636364,0,0,1,1,1,FALSE,2638
35,38,"Cingulum_Post_L","Hippocampus_R",0.0181818181818182,0,-0.0181818181818182,0.0181818181818182,1,1,1,FALSE,3505
36,38,"Cingulum_Post_R","Hippocampus_R",0.0363636363636364,0.0909090909090909,0.0545454545454545,0.0545454545454545,0.437644688330618,1,1,FALSE,1074
37,38,"Hippocampus_L","Hippocampus_R",0.709090909090909,0.818181818181818,0.109090909090909,0.109090909090909,0.261641887768875,1,1,FALSE,668
1,39,"Precentral_L","ParaHippocampal_L",0.0363636363636364,0.0181818181818182,-0.0181818181818182,0.0181818181818182,1,1,1,FALSE,2829
2,39,"Precentral_R","ParaHippocampal_L",0,0,0,0,1,1,1,FALSE,4259
3,39,"Frontal_Sup_L","ParaHippocampal_L",0,0.0363636363636364,0.0363636363636364,0.0363636363636364,0.495412844036697,1,1,FALSE,1207
4,39,"Frontal_Sup_R","ParaHippocampal_L",0.0181818181818182,0.0363636363636364,0.0181818181818182,0.0181818181818182,1,1,1,FALSE,2872
5,39,"Frontal_Sup_Orb_L","ParaHippocampal_L",0.0181818181818182,0.0181818181818182,0,0,1,1,1,FALSE,4327
6,39,"Frontal_Sup_Orb_R","ParaHippocampal_L",0,0,0,0,1,1,1,FALSE,4384
7,39,"Frontal_Mid_L","ParaHippocampal_L",0,0.0181818181818182,0.0181818181818182,0.0181818181818182,1,1,1,FALSE,2939
8,39,"Frontal_Mid_R","ParaHippocampal_L",0,0,0,0,1,1,1,FALSE,4480
9,39,"Frontal_Mid_Orb_L","ParaHippocampal_L",0,0.0181818181818182,0.0181818181818182,0.0181818181818182,1,1,1,FALSE,2983
10,39,"Frontal_Mid_Orb_R","ParaHippocampal_L",0,0,0,0,1,1,1,FALSE,4580
11,39,"Frontal_Inf_Oper_L","ParaHippocampal_L",0.0181818181818182,0,-0.0181818181818182,0.0181818181818182,1,1,1,FALSE,3023
12,39,"Frontal_Inf_Oper_R","ParaHippocampal_L",0,0,0,0,1,1,1,FALSE,4677
13,39,"Frontal_Inf_Tri_L","ParaHippocampal_L",0,0.0181818181818182,0.0181818181818182,0.0181818181818182,1,1,1,FALSE,3075
14,39,"Frontal_Inf_Tri_R","ParaHippocampal_L",0,0,0,0,1,1,1,FALSE,4761
15,39,"Frontal_Inf_Orb_L","ParaHippocampal_L",0.0545454545454545,0.145454545454545,0.0909090909090909,0.0909090909090909,0.202247933529552,1,1,FALSE,414
16,39,"Frontal_Inf_Orb_R","ParaHippocampal_L",0.0727272727272727,0.0181818181818182,-0.0545454545454545,0.0545454545454545,0.363371345279945,1,1,FALSE,914
17,39,"Rolandic_Oper_L","ParaHippocampal_L",0.0545454545454545,0.0181818181818182,-0.0363636363636364,0.0363636363636364,0.618022807167967,1,1,FALSE,1738
18,39,"Rolandic_Oper_R","ParaHippocampal_L",0.0363636363636364,0.0181818181818182,-0.0181818181818182,0.0181818181818182,1,1,1,FALSE,3197
19,39,"Supp_Motor_Area_L","ParaHippocampal_L",0.0181818181818182,0,-0.0181818181818182,0.0181818181818182,1,1,1,FALSE,3219
20,39,"Supp_Motor_Area_R","ParaHippocampal_L",0.0363636363636364,0.109090909090909,0.0727272727272727,0.0727272727272727,0.270576022922045,1,1,FALSE,693
21,39,"Olfactory_L","ParaHippocampal_L",0.109090909090909,0.0545454545454545,-0.0545454545454545,0.0545454545454545,0.488966435220834,1,1,FALSE,1167
22,39,"Olfactory_R","ParaHippocampal_L",0.163636363636364,0.109090909090909,-0.0545454545454545,0.0545454545454545,0.579713536502793,1,1,FALSE,1656
23,39,"Frontal_Sup_Medial_L","ParaHippocampal_L",0.0363636363636364,0.109090909090909,0.0727272727272727,0.0727272727272727,0.270576022922045,1,1,FALSE,695
24,39,"Frontal_Sup_Medial_R","ParaHippocampal_L",0.0545454545454545,0.0545454545454545,0,0,1,1,1,FALSE,5096
25,39,"Frontal_Med_Orb_L","ParaHippocampal_L",0.181818181818182,0.109090909090909,-0.0727272727272727,0.0727272727272727,0.417989271601529,1,1,FALSE,1024
26,39,"Frontal_Med_Orb_R","ParaHippocampal_L",0.272727272727273,0.272727272727273,0,0,1,1,1,FALSE,5157
27,39,"Rectus_L","ParaHippocampal_L",0.181818181818182,0.0545454545454545,-0.127272727272727,0.127272727272727,0.0732112222175095,1,1,FALSE,164
28,39,"Rectus_R","ParaHippocampal_L",0.181818181818182,0.0363636363636364,-0.145454545454545,0.145454545454545,0.0286888203891284,1,1,FALSE,67
29,39,"Insula_L","ParaHippocampal_L",0.0909090909090909,0.0181818181818182,-0.0727272727272727,0.0727272727272727,0.20572996411117,1,1,FALSE,443
30,39,"Insula_R","ParaHippocampal_L",0.109090909090909,0.0181818181818182,-0.0909090909090909,0.0909090909090909,0.11296407442339,1,1,FALSE,218
31,39,"Cingulum_Ant_L","ParaHippocampal_L",0.0363636363636364,0.0363636363636364,0,0,1,1,1,FALSE,5306
32,39,"Cingulum_Ant_R","ParaHippocampal_L",0.0727272727272727,0.0363636363636364,-0.0363636363636364,0.0363636363636364,0.678654107617496,1,1,FALSE,1978
33,39,"Cingulum_Mid_L","ParaHippocampal_L",0.0181818181818182,0.0181818181818182,0,0,1,1,1,FALSE,5365
34,39,"Cingulum_Mid_R","ParaHippocampal_L",0.0545454545454545,0.0181818181818182,-0.0363636363636364,0.0363636363636364,0.618022807167967,1,1,FALSE,1793
35,39,"Cingulum_Post_L","ParaHippocampal_L",0,0.0181818181818182,0.0181818181818182,0.0181818181818182,1,1,1,FALSE,3506
36,39,"Cingulum_Post_R","ParaHippocampal_L",0,0.0363636363636364,0.0363636363636364,0.0363636363636364,0.495412844036697,1,1,FALSE,1348
37,39,"Hippocampus_L","ParaHippocampal_L",0.745454545454545,0.690909090909091,-0.0545454545454546,0.0545454545454546,0.672067902061461,1,1,FALSE,1920
38,39,"Hippocampus_R","ParaHippocampal_L",0.781818181818182,0.727272727272727,-0.0545454545454546,0.0545454545454546,0.658205207576239,1,1,FALSE,1901
1,40,"Precentral_L","ParaHippocampal_R",0.0181818181818182,0,-0.0181818181818182,0.0181818181818182,1,1,1,FALSE,2830
2,40,"Precentral_R","ParaHippocampal_R",0,0.0181818181818182,0.0181818181818182,0.0181818181818182,1,1,1,FALSE,2837
3,40,"Frontal_Sup_L","ParaHippocampal_R",0,0.0181818181818182,0.0181818181818182,0.0181818181818182,1,1,1,FALSE,2853
4,40,"Frontal_Sup_R","ParaHippocampal_R",0.0363636363636364,0.0545454545454545,0.0181818181818182,0.0181818181818182,1,1,1,FALSE,2873
5,40,"Frontal_Sup_Orb_L","ParaHippocampal_R",0,0,0,0,1,1,1,FALSE,4328
6,40,"Frontal_Sup_Orb_R","ParaHippocampal_R",0,0.0545454545454545,0.0545454545454545,0.0545454545454545,0.243119266055046,1,1,FALSE,531
7,40,"Frontal_Mid_L","ParaHippocampal_R",0,0,0,0,1,1,1,FALSE,4440
8,40,"Frontal_Mid_R","ParaHippocampal_R",0,0.0181818181818182,0.0181818181818182,0.0181818181818182,1,1,1,FALSE,2960
9,40,"Frontal_Mid_Orb_L","ParaHippocampal_R",0,0,0,0,1,1,1,FALSE,4520
10,40,"Frontal_Mid_Orb_R","ParaHippocampal_R",0,0,0,0,1,1,1,FALSE,4581
11,40,"Frontal_Inf_Oper_L","ParaHippocampal_R",0,0.0181818181818182,0.0181818181818182,0.0181818181818182,1,1,1,FALSE,3024
12,40,"Frontal_Inf_Oper_R","ParaHippocampal_R",0.0181818181818182,0.0181818181818182,0,0,1,1,1,FALSE,4678
13,40,"Frontal_Inf_Tri_L","ParaHippocampal_R",0,0.0181818181818182,0.0181818181818182,0.0181818181818182,1,1,1,FALSE,3076
14,40,"Frontal_Inf_Tri_R","ParaHippocampal_R",0.0181818181818182,0,-0.0181818181818182,0.0181818181818182,1,1,1,FALSE,3102
15,40,"Frontal_Inf_Orb_L","ParaHippocampal_R",0,0.0363636363636364,0.0363636363636364,0.0363636363636364,0.495412844036697,1,1,FALSE,1266
16,40,"Frontal_Inf_Orb_R","ParaHippocampal_R",0.0181818181818182,0.0363636363636364,0.0181818181818182,0.0181818181818182,1,1,1,FALSE,3153
17,40,"Rolandic_Oper_L","ParaHippocampal_R",0,0,0,0,1,1,1,FALSE,4863
18,40,"Rolandic_Oper_R","ParaHippocampal_R",0,0.0181818181818182,0.0181818181818182,0.0181818181818182,1,1,1,FALSE,3198
19,40,"Supp_Motor_Area_L","ParaHippocampal_R",0,0,0,0,1,1,1,FALSE,4937
20,40,"Supp_Motor_Area_R","ParaHippocampal_R",0.0545454545454545,0.0545454545454545,0,0,1,1,1,FALSE,4972
21,40,"Olfactory_L","ParaHippocampal_R",0.0909090909090909,0.0545454545454545,-0.0363636363636364,0.0363636363636364,0.716092464011574,1,1,FALSE,2090
22,40,"Olfactory_R","ParaHippocampal_R",0.145454545454545,0.163636363636364,0.0181818181818182,0.0181818181818182,1,1,1,FALSE,2482
23,40,"Frontal_Sup_Medial_L","ParaHippocampal_R",0,0,0,0,1,1,1,FALSE,5066
24,40,"Frontal_Sup_Medial_R","ParaHippocampal_R",0,0.0363636363636364,0.0363636363636364,0.0363636363636364,0.495412844036697,1,1,FALSE,1304
25,40,"Frontal_Med_Orb_L","ParaHippocampal_R",0.0181818181818182,0.0545454545454545,0.0363636363636364,0.0363636363636364,0.618022807167967,1,1,FALSE,1763
26,40,"Frontal_Med_Orb_R","ParaHippocampal_R",0.181818181818182,0.163636363636364,-0.0181818181818182,0.0181818181818182,1,1,1,FALSE,2715
27,40,"Rectus_L","ParaHippocampal_R",0.0545454545454545,0.0181818181818182,-0.0363636363636364,0.0363636363636364,0.618022807167967,1,1,FALSE,1768
28,40,"Rectus_R","ParaHippocampal_R",0.0545454545454545,0.0545454545454545,0,0,1,1,1,FALSE,5226
29,40,"Insula_L","ParaHippocampal_R",0.0545454545454545,0.0363636363636364,-0.0181818181818182,0.0181818181818182,1,1,1,FALSE,3407
30,40,"Insula_R","ParaHippocampal_R",0.0545454545454545,0.0181818181818182,-0.0363636363636364,0.0363636363636364,0.618022807167967,1,1,FALSE,1777
31,40,"Cingulum_Ant_L","ParaHippocampal_R",0,0,0,0,1,1,1,FALSE,5307
32,40,"Cingulum_Ant_R","ParaHippocampal_R",0.0545454545454545,0.0545454545454545,0,0,1,1,1,FALSE,5338
33,40,"Cingulum_Mid_L","ParaHippocampal_R",0,0,0,0,1,1,1,FALSE,5366
34,40,"Cingulum_Mid_R","ParaHippocampal_R",0.0545454545454545,0.0545454545454545,0,0,1,1,1,FALSE,5395
35,40,"Cingulum_Post_L","ParaHippocampal_R",0,0.0181818181818182,0.0181818181818182,0.0181818181818182,1,1,1,FALSE,3507
36,40,"Cingulum_Post_R","ParaHippocampal_R",0,0.0181818181818182,0.0181818181818182,0.0181818181818182,1,1,1,FALSE,3522
37,40,"Hippocampus_L","ParaHippocampal_R",0.254545454545455,0.363636363636364,0.109090909090909,0.109090909090909,0.302253330032413,1,1,FALSE,749
38,40,"Hippocampus_R","ParaHippocampal_R",0.690909090909091,0.581818181818182,-0.109090909090909,0.109090909090909,0.321711893607314,1,1,FALSE,805
39,40,"ParaHippocampal_L","ParaHippocampal_R",0.636363636363636,0.672727272727273,0.0363636363636364,0.0363636363636364,0.841254805481841,1,1,FALSE,2386
1,41,"Precentral_L","Amygdala_L",0.0181818181818182,0.0545454545454545,0.0363636363636364,0.0363636363636364,0.618022807167967,1,1,FALSE,1702
2,41,"Precentral_R","Amygdala_L",0.0181818181818182,0,-0.0181818181818182,0.0181818181818182,1,1,1,FALSE,2838
3,41,"Frontal_Sup_L","Amygdala_L",0,0,0,0,1,1,1,FALSE,4281
4,41,"Frontal_Sup_R","Amygdala_L",0.0181818181818182,0,-0.0181818181818182,0.0181818181818182,1,1,1,FALSE,2874
5,41,"Frontal_Sup_Orb_L","Amygdala_L",0,0,0,0,1,1,1,FALSE,4329
6,41,"Frontal_Sup_Orb_R","Amygdala_L",0,0,0,0,1,1,1,FALSE,4385
7,41,"Frontal_Mid_L","Amygdala_L",0,0,0,0,1,1,1,FALSE,4441
8,41,"Frontal_Mid_R","Amygdala_L",0,0,0,0,1,1,1,FALSE,4481
9,41,"Frontal_Mid_Orb_L","Amygdala_L",0,0,0,0,1,1,1,FALSE,4521
10,41,"Frontal_Mid_Orb_R","Amygdala_L",0,0,0,0,1,1,1,FALSE,4582
11,41,"Frontal_Inf_Oper_L","Amygdala_L",0,0.0181818181818182,0.0181818181818182,0.0181818181818182,1,1,1,FALSE,3025
12,41,"Frontal_Inf_Oper_R","Amygdala_L",0,0,0,0,1,1,1,FALSE,4679
13,41,"Frontal_Inf_Tri_L","Amygdala_L",0,0,0,0,1,1,1,FALSE,4719
14,41,"Frontal_Inf_Tri_R","Amygdala_L",0.0181818181818182,0.0363636363636364,0.0181818181818182,0.0181818181818182,1,1,1,FALSE,3103
15,41,"Frontal_Inf_Orb_L","Amygdala_L",0,0.0545454545454545,0.0545454545454545,0.0545454545454545,0.243119266055046,1,1,FALSE,541
16,41,"Frontal_Inf_Orb_R","Amygdala_L",0.0181818181818182,0.0181818181818182,0,0,1,1,1,FALSE,4824
17,41,"Rolandic_Oper_L","Amygdala_L",0.109090909090909,0.145454545454545,0.0363636363636364,0.0363636363636364,0.775847219468156,1,1,FALSE,2250
18,41,"Rolandic_Oper_R","Amygdala_L",0.0727272727272727,0.163636363636364,0.0909090909090909,0.0909090909090909,0.236782655021779,1,1,FALSE,500
19,41,"Supp_Motor_Area_L","Amygdala_L",0.0363636363636364,0,-0.0363636363636364,0.0363636363636364,0.495412844036697,1,1,FALSE,1283
20,41,"Supp_Motor_Area_R","Amygdala_L",0.0181818181818182,0.0363636363636364,0.0181818181818182,0.0181818181818182,1,1,1,FALSE,3235
21,41,"Olfactory_L","Amygdala_L",0.0727272727272727,0.0181818181818182,-0.0545454545454545,0.0545454545454545,0.363371345279945,1,1,FALSE,917
22,41,"Olfactory_R","Amygdala_L",0.0545454545454545,0.0909090909090909,0.0363636363636364,0.0363636363636364,0.716092464011574,1,1,FALSE,2093
23,41,"Frontal_Sup_Medial_L","Amygdala_L",0,0,0,0,1,1,1,FALSE,5067
24,41,"Frontal_Sup_Medial_R","Amygdala_L",0.0181818181818182,0,-0.0181818181818182,0.0181818181818182,1,1,1,FALSE,3314
25,41,"Frontal_Med_Orb_L","Amygdala_L",0,0.0181818181818182,0.0181818181818182,0.0181818181818182,1,1,1,FALSE,3329
26,41,"Frontal_Med_Orb_R","Amygdala_L",0,0.0363636363636364,0.0363636363636364,0.0363636363636364,0.495412844036697,1,1,FALSE,1319
27,41,"Rectus_L","Amygdala_L",0.0181818181818182,0.0181818181818182,0,0,1,1,1,FALSE,5191
28,41,"Rectus_R","Amygdala_L",0.0181818181818182,0,-0.0181818181818182,0.0181818181818182,1,1,1,FALSE,3389
29,41,"Insula_L","Amygdala_L",0.272727272727273,0.345454545454545,0.0727272727272728,0.0727272727272728,0.536292874311636,1,1,FALSE,1559
30,41,"Insula_R","Amygdala_L",0.181818181818182,0.218181818181818,0.0363636363636363,0.0363636363636363,0.812066798143123,1,1,FALSE,2313
31,41,"Cingulum_Ant_L","Amygdala_L",0.0181818181818182,0,-0.0181818181818182,0.0181818181818182,1,1,1,FALSE,3447
32,41,"Cingulum_Ant_R","Amygdala_L",0.0363636363636364,0.0727272727272727,0.0363636363636364,0.0363636363636364,0.678654107617496,1,1,FALSE,1979
33,41,"Cingulum_Mid_L","Amygdala_L",0.0363636363636364,0.0545454545454545,0.0181818181818182,0.0181818181818182,1,1,1,FALSE,3479
34,41,"Cingulum_Mid_R","Amygdala_L",0.0909090909090909,0.0545454545454545,-0.0363636363636364,0.0363636363636364,0.716092464011574,1,1,FALSE,2104
35,41,"Cingulum_Post_L","Amygdala_L",0,0,0,0,1,1,1,FALSE,5412
36,41,"Cingulum_Post_R","Amygdala_L",0,0,0,0,1,1,1,FALSE,5464
37,41,"Hippocampus_L","Amygdala_L",0.6,0.6,0,0,1,1,1,FALSE,2641
38,41,"Hippocampus_R","Amygdala_L",0.363636363636364,0.345454545454545,-0.0181818181818182,0.0181818181818182,1,1,1,FALSE,2584
39,41,"ParaHippocampal_L","Amygdala_L",0.436363636363636,0.363636363636364,-0.0727272727272727,0.0727272727272727,0.559557548581102,1,1,FALSE,1615
40,41,"ParaHippocampal_R","Amygdala_L",0.181818181818182,0.163636363636364,-0.0181818181818182,0.0181818181818182,1,1,1,FALSE,2745
1,42,"Precentral_L","Amygdala_R",0.0181818181818182,0.0545454545454545,0.0363636363636364,0.0363636363636364,0.618022807167967,1,1,FALSE,1703
2,42,"Precentral_R","Amygdala_R",0.109090909090909,0.0545454545454545,-0.0545454545454545,0.0545454545454545,0.488966435220834,1,1,FALSE,1159
3,42,"Frontal_Sup_L","Amygdala_R",0.0181818181818182,0,-0.0181818181818182,0.0181818181818182,1,1,1,FALSE,2854
4,42,"Frontal_Sup_R","Amygdala_R",0.0363636363636364,0,-0.0363636363636364,0.0363636363636364,0.495412844036697,1,1,FALSE,1213
5,42,"Frontal_Sup_Orb_L","Amygdala_R",0,0.0181818181818182,0.0181818181818182,0.0181818181818182,1,1,1,FALSE,2898
6,42,"Frontal_Sup_Orb_R","Amygdala_R",0.0181818181818182,0,-0.0181818181818182,0.0181818181818182,1,1,1,FALSE,2917
7,42,"Frontal_Mid_L","Amygdala_R",0,0,0,0,1,1,1,FALSE,4442
8,42,"Frontal_Mid_R","Amygdala_R",0,0,0,0,1,1,1,FALSE,4482
9,42,"Frontal_Mid_Orb_L","Amygdala_R",0,0,0,0,1,1,1,FALSE,4522
10,42,"Frontal_Mid_Orb_R","Amygdala_R",0,0.0181818181818182,0.0181818181818182,0.0181818181818182,1,1,1,FALSE,3004
11,42,"Frontal_Inf_Oper_L","Amygdala_R",0,0,0,0,1,1,1,FALSE,4642
12,42,"Frontal_Inf_Oper_R","Amygdala_R",0.0363636363636364,0.0909090909090909,0.0545454545454545,0.0545454545454545,0.437644688330618,1,1,FALSE,1061
13,42,"Frontal_Inf_Tri_L","Amygdala_R",0,0.0363636363636364,0.0363636363636364,0.0363636363636364,0.495412844036697,1,1,FALSE,1254
14,42,"Frontal_Inf_Tri_R","Amygdala_R",0.0363636363636364,0.127272727272727,0.0909090909090909,0.0909090909090909,0.16138081677265,1,1,FALSE,356
15,42,"Frontal_Inf_Orb_L","Amygdala_R",0.0545454545454545,0,-0.0545454545454545,0.0545454545454545,0.243119266055046,1,1,FALSE,542
16,42,"Frontal_Inf_Orb_R","Amygdala_R",0.0909090909090909,0.109090909090909,0.0181818181818182,0.0181818181818182,1,1,1,FALSE,4147
17,42,"Rolandic_Oper_L","Amygdala_R",0.0909090909090909,0.0545454545454545,-0.0363636363636364,0.0363636363636364,0.716092464011574,1,1,FALSE,2084
18,42,"Rolandic_Oper_R","Amygdala_R",0.181818181818182,0.181818181818182,0,0,1,1,1,FALSE,4900
19,42,"Supp_Motor_Area_L","Amygdala_R",0.0181818181818182,0.0181818181818182,0,0,1,1,1,FALSE,4938
20,42,"Supp_Motor_Area_R","Amygdala_R",0.145454545454545,0.163636363636364,0.0181818181818182,0.0181818181818182,1,1,1,FALSE,2479
21,42,"Olfactory_L","Amygdala_R",0.109090909090909,0.0909090909090909,-0.0181818181818182,0.0181818181818182,1,1,1,FALSE,4151
22,42,"Olfactory_R","Amygdala_R",0.109090909090909,0.0909090909090909,-0.0181818181818182,0.0181818181818182,1,1,1,FALSE,4152
23,42,"Frontal_Sup_Medial_L","Amygdala_R",0,0,0,0,1,1,1,FALSE,5068
24,42,"Frontal_Sup_Medial_R","Amygdala_R",0.0545454545454545,0.0181818181818182,-0.0363636363636364,0.0363636363636364,0.618022807167967,1,1,FALSE,1759
25,42,"Frontal_Med_Orb_L","Amygdala_R",0,0.0363636363636364,0.0363636363636364,0.0363636363636364,0.495412844036697,1,1,FALSE,1312
26,42,"Frontal_Med_Orb_R","Amygdala_R",0.0545454545454545,0.0727272727272727,0.0181818181818182,0.0181818181818182,1,1,1,FALSE,3347
27,42,"Rectus_L","Amygdala_R",0.0181818181818182,0.0363636363636364,0.0181818181818182,0.0181818181818182,1,1,1,FALSE,3367
28,42,"Rectus_R","Amygdala_R",0.0181818181818182,0.0181818181818182,0,0,1,1,1,FALSE,5227
29,42,"Insula_L","Amygdala_R",0.218181818181818,0.218181818181818,0,0,1,1,1,FALSE,5269
30,42,"Insula_R","Amygdala_R",0.381818181818182,0.4,0.0181818181818182,0.0181818181818182,1,1,1,FALSE,2577
31,42,"Cingulum_Ant_L","Amygdala_R",0.0181818181818182,0.0181818181818182,0,0,1,1,1,FALSE,5308
32,42,"Cingulum_Ant_R","Amygdala_R",0.0545454545454545,0.127272727272727,0.0727272727272727,0.0727272727272727,0.320308493049491,1,1,FALSE,785
33,42,"Cingulum_Mid_L","Amygdala_R",0.0727272727272727,0.0727272727272727,0,0,1,1,1,FALSE,5367
34,42,"Cingulum_Mid_R","Amygdala_R",0.163636363636364,0.145454545454545,-0.0181818181818182,0.0181818181818182,1,1,1,FALSE,2489
35,42,"Cingulum_Post_L","Amygdala_R",0.0181818181818182,0,-0.0181818181818182,0.0181818181818182,1,1,1,FALSE,3508
36,42,"Cingulum_Post_R","Amygdala_R",0.0181818181818182,0.0727272727272727,0.0545454545454545,0.0545454545454545,0.363371345279945,1,1,FALSE,934
37,42,"Hippocampus_L","Amygdala_R",0.581818181818182,0.563636363636364,-0.0181818181818182,0.0181818181818182,1,1,1,FALSE,2739
38,42,"Hippocampus_R","Amygdala_R",0.581818181818182,0.745454545454545,0.163636363636364,0.163636363636364,0.105818096339889,1,1,FALSE,204
39,42,"ParaHippocampal_L","Amygdala_R",0.436363636363636,0.181818181818182,-0.254545454545455,0.254545454545455,0.0068446430115171,1,1,FALSE,17
40,42,"ParaHippocampal_R","Amygdala_R",0.345454545454545,0.381818181818182,0.0363636363636364,0.0363636363636364,0.843043483729933,1,1,FALSE,2390
41,42,"Amygdala_L","Amygdala_R",0.527272727272727,0.345454545454545,-0.181818181818182,0.181818181818182,0.0830904117548648,1,1,FALSE,180
1,43,"Precentral_L","Calcarine_L",0.0727272727272727,0.0727272727272727,0,0,1,1,1,FALSE,4231
2,43,"Precentral_R","Calcarine_L",0.0909090909090909,0.0363636363636364,-0.0545454545454545,0.0545454545454545,0.437644688330618,1,1,FALSE,1051
3,43,"Frontal_Sup_L","Calcarine_L",0.0181818181818182,0.0545454545454545,0.0363636363636364,0.0363636363636364,0.618022807167967,1,1,FALSE,1708
4,43,"Frontal_Sup_R","Calcarine_L",0.0181818181818182,0.0181818181818182,0,0,1,1,1,FALSE,4305
5,43,"Frontal_Sup_Orb_L","Calcarine_L",0,0,0,0,1,1,1,FALSE,4330
6,43,"Frontal_Sup_Orb_R","Calcarine_L",0,0,0,0,1,1,1,FALSE,4386
7,43,"Frontal_Mid_L","Calcarine_L",0,0,0,0,1,1,1,FALSE,4443
8,43,"Frontal_Mid_R","Calcarine_L",0.0181818181818182,0.0181818181818182,0,0,1,1,1,FALSE,4483
9,43,"Frontal_Mid_Orb_L","Calcarine_L",0,0,0,0,1,1,1,FALSE,4523
10,43,"Frontal_Mid_Orb_R","Calcarine_L",0,0,0,0,1,1,1,FALSE,4583
11,43,"Frontal_Inf_Oper_L","Calcarine_L",0,0.0181818181818182,0.0181818181818182,0.0181818181818182,1,1,1,FALSE,3026
12,43,"Frontal_Inf_Oper_R","Calcarine_L",0.0181818181818182,0,-0.0181818181818182,0.0181818181818182,1,1,1,FALSE,3051
13,43,"Frontal_Inf_Tri_L","Calcarine_L",0.0181818181818182,0,-0.0181818181818182,0.0181818181818182,1,1,1,FALSE,3077
14,43,"Frontal_Inf_Tri_R","Calcarine_L",0.0545454545454545,0.0181818181818182,-0.0363636363636364,0.0363636363636364,0.618022807167967,1,1,FALSE,1728
15,43,"Frontal_Inf_Orb_L","Calcarine_L",0,0.0181818181818182,0.0181818181818182,0.0181818181818182,1,1,1,FALSE,3124
16,43,"Frontal_Inf_Orb_R","Calcarine_L",0.0181818181818182,0.0181818181818182,0,0,1,1,1,FALSE,4825
17,43,"Rolandic_Oper_L","Calcarine_L",0.0181818181818182,0.0181818181818182,0,0,1,1,1,FALSE,4864
18,43,"Rolandic_Oper_R","Calcarine_L",0.0363636363636364,0.0545454545454545,0.0181818181818182,0.0181818181818182,1,1,1,FALSE,3199
19,43,"Supp_Motor_Area_L","Calcarine_L",0.0181818181818182,0.0363636363636364,0.0181818181818182,0.0181818181818182,1,1,1,FALSE,3220
20,43,"Supp_Motor_Area_R","Calcarine_L",0.0909090909090909,0.0545454545454545,-0.0363636363636364,0.0363636363636364,0.716092464011574,1,1,FALSE,2088
21,43,"Olfactory_L","Calcarine_L",0.0181818181818182,0.0181818181818182,0,0,1,1,1,FALSE,4985
22,43,"Olfactory_R","Calcarine_L",0.0363636363636364,0.0181818181818182,-0.0181818181818182,0.0181818181818182,1,1,1,FALSE,3270
23,43,"Frontal_Sup_Medial_L","Calcarine_L",0,0.0545454545454545,0.0545454545454545,0.0545454545454545,0.243119266055046,1,1,FALSE,554
24,43,"Frontal_Sup_Medial_R","Calcarine_L",0.0363636363636364,0.0363636363636364,0,0,1,1,1,FALSE,5097
25,43,"Frontal_Med_Orb_L","Calcarine_L",0.0363636363636364,0.0181818181818182,-0.0181818181818182,0.0181818181818182,1,1,1,FALSE,3330
26,43,"Frontal_Med_Orb_R","Calcarine_L",0.0909090909090909,0.0727272727272727,-0.0181818181818182,0.0181818181818182,1,1,1,FALSE,2716
27,43,"Rectus_L","Calcarine_L",0.0363636363636364,0,-0.0363636363636364,0.0363636363636364,0.495412844036697,1,1,FALSE,1323
28,43,"Rectus_R","Calcarine_L",0.0181818181818182,0,-0.0181818181818182,0.0181818181818182,1,1,1,FALSE,3390
29,43,"Insula_L","Calcarine_L",0.0545454545454545,0.0363636363636364,-0.0181818181818182,0.0181818181818182,1,1,1,FALSE,3408
30,43,"Insula_R","Calcarine_L",0.0727272727272727,0.0181818181818182,-0.0545454545454545,0.0545454545454545,0.363371345279945,1,1,FALSE,927
31,43,"Cingulum_Ant_L","Calcarine_L",0.0181818181818182,0.0909090909090909,0.0727272727272727,0.0727272727272727,0.20572996411117,1,1,FALSE,445
32,43,"Cingulum_Ant_R","Calcarine_L",0.0909090909090909,0.0545454545454545,-0.0363636363636364,0.0363636363636364,0.716092464011574,1,1,FALSE,2102
33,43,"Cingulum_Mid_L","Calcarine_L",0.0181818181818182,0.109090909090909,0.0909090909090909,0.0909090909090909,0.11296407442339,1,1,FALSE,220
34,43,"Cingulum_Mid_R","Calcarine_L",0.109090909090909,0.145454545454545,0.0363636363636364,0.0363636363636364,0.775847219468156,1,1,FALSE,2254
35,43,"Cingulum_Post_L","Calcarine_L",0.0181818181818182,0.0181818181818182,0,0,1,1,1,FALSE,5413
36,43,"Cingulum_Post_R","Calcarine_L",0.0181818181818182,0.0545454545454545,0.0363636363636364,0.0363636363636364,0.618022807167967,1,1,FALSE,1795
37,43,"Hippocampus_L","Calcarine_L",0.0727272727272727,0.109090909090909,0.0363636363636364,0.0363636363636364,0.741953348477847,1,1,FALSE,2164
38,43,"Hippocampus_R","Calcarine_L",0.109090909090909,0.0909090909090909,-0.0181818181818182,0.0181818181818182,1,1,1,FALSE,4161
39,43,"ParaHippocampal_L","Calcarine_L",0.0909090909090909,0.0363636363636364,-0.0545454545454545,0.0545454545454545,0.437644688330618,1,1,FALSE,1079
40,43,"ParaHippocampal_R","Calcarine_L",0.0363636363636364,0.0545454545454545,0.0181818181818182,0.0181818181818182,1,1,1,FALSE,3587
41,43,"Amygdala_L","Calcarine_L",0.0363636363636364,0.0363636363636364,0,0,1,1,1,FALSE,5553
42,43,"Amygdala_R","Calcarine_L",0.0545454545454545,0.0545454545454545,0,0,1,1,1,FALSE,5588
1,44,"Precentral_L","Calcarine_R",0.0363636363636364,0.0727272727272727,0.0363636363636364,0.0363636363636364,0.678654107617496,1,1,FALSE,1930
2,44,"Precentral_R","Calcarine_R",0.0909090909090909,0.0545454545454545,-0.0363636363636364,0.0363636363636364,0.716092464011574,1,1,FALSE,2069
3,44,"Frontal_Sup_L","Calcarine_R",0,0.109090909090909,0.109090909090909,0.109090909090909,0.0270697321198908,1,1,FALSE,57
4,44,"Frontal_Sup_R","Calcarine_R",0.0363636363636364,0.0727272727272727,0.0363636363636364,0.0363636363636364,0.678654107617496,1,1,FALSE,1938
5,44,"Frontal_Sup_Orb_L","Calcarine_R",0,0,0,0,1,1,1,FALSE,4331
6,44,"Frontal_Sup_Orb_R","Calcarine_R",0,0,0,0,1,1,1,FALSE,4387
7,44,"Frontal_Mid_L","Calcarine_R",0,0.0363636363636364,0.0363636363636364,0.0363636363636364,0.495412844036697,1,1,FALSE,1232
8,44,"Frontal_Mid_R","Calcarine_R",0.0181818181818182,0.0181818181818182,0,0,1,1,1,FALSE,4484
9,44,"Frontal_Mid_Orb_L","Calcarine_R",0.0181818181818182,0,-0.0181818181818182,0.0181818181818182,1,1,1,FALSE,2984
10,44,"Frontal_Mid_Orb_R","Calcarine_R",0,0,0,0,1,1,1,FALSE,4584
11,44,"Frontal_Inf_Oper_L","Calcarine_R",0,0,0,0,1,1,1,FALSE,4643
12,44,"Frontal_Inf_Oper_R","Calcarine_R",0,0,0,0,1,1,1,FALSE,4680
13,44,"Frontal_Inf_Tri_L","Calcarine_R",0.0181818181818182,0,-0.0181818181818182,0.0181818181818182,1,1,1,FALSE,3078
14,44,"Frontal_Inf_Tri_R","Calcarine_R",0.0363636363636364,0.0181818181818182,-0.0181818181818182,0.0181818181818182,1,1,1,FALSE,3104
15,44,"Frontal_Inf_Orb_L","Calcarine_R",0.0181818181818182,0.0181818181818182,0,0,1,1,1,FALSE,4790
16,44,"Frontal_Inf_Orb_R","Calcarine_R",0,0,0,0,1,1,1,FALSE,4826
17,44,"Rolandic_Oper_L","Calcarine_R",0.0545454545454545,0,-0.0545454545454545,0.0545454545454545,0.243119266055046,1,1,FALSE,545
18,44,"Rolandic_Oper_R","Calcarine_R",0.0545454545454545,0.0181818181818182,-0.0363636363636364,0.0363636363636364,0.618022807167967,1,1,FALSE,1742
19,44,"Supp_Motor_Area_L","Calcarine_R",0.0181818181818182,0.0545454545454545,0.0363636363636364,0.0363636363636364,0.618022807167967,1,1,FALSE,1744
20,44,"Supp_Motor_Area_R","Calcarine_R",0.0545454545454545,0.127272727272727,0.0727272727272727,0.0727272727272727,0.320308493049491,1,1,FALSE,782
21,44,"Olfactory_L","Calcarine_R",0.0545454545454545,0.0363636363636364,-0.0181818181818182,0.0181818181818182,1,1,1,FALSE,3244
22,44,"Olfactory_R","Calcarine_R",0.0363636363636364,0.0363636363636364,0,0,1,1,1,FALSE,5025
23,44,"Frontal_Sup_Medial_L","Calcarine_R",0.0363636363636364,0.0545454545454545,0.0181818181818182,0.0181818181818182,1,1,1,FALSE,3294
24,44,"Frontal_Sup_Medial_R","Calcarine_R",0.0909090909090909,0.0727272727272727,-0.0181818181818182,0.0181818181818182,1,1,1,FALSE,2713
25,44,"Frontal_Med_Orb_L","Calcarine_R",0.127272727272727,0.0363636363636364,-0.0909090909090909,0.0909090909090909,0.16138081677265,1,1,FALSE,359
26,44,"Frontal_Med_Orb_R","Calcarine_R",0.218181818181818,0.163636363636364,-0.0545454545454545,0.0545454545454545,0.628309889660844,1,1,FALSE,1873
27,44,"Rectus_L","Calcarine_R",0.0909090909090909,0,-0.0909090909090909,0.0909090909090909,0.0568464374517706,1,1,FALSE,123
28,44,"Rectus_R","Calcarine_R",0.0545454545454545,0.0181818181818182,-0.0363636363636364,0.0363636363636364,0.618022807167967,1,1,FALSE,1771
29,44,"Insula_L","Calcarine_R",0.0545454545454545,0.0181818181818182,-0.0363636363636364,0.0363636363636364,0.618022807167967,1,1,FALSE,1773
30,44,"Insula_R","Calcarine_R",0.0727272727272727,0.0181818181818182,-0.0545454545454545,0.0545454545454545,0.363371345279945,1,1,FALSE,928
31,44,"Cingulum_Ant_L","Calcarine_R",0.0727272727272727,0.0909090909090909,0.0181818181818182,0.0181818181818182,1,1,1,FALSE,2727
32,44,"Cingulum_Ant_R","Calcarine_R",0.127272727272727,0.0909090909090909,-0.0363636363636363,0.0363636363636363,0.761067915257265,1,1,FALSE,2209
33,44,"Cingulum_Mid_L","Calcarine_R",0.0181818181818182,0.127272727272727,0.109090909090909,0.109090909090909,0.0604267582571721,1,1,FALSE,148
34,44,"Cingulum_Mid_R","Calcarine_R",0.163636363636364,0.236363636363636,0.0727272727272727,0.0727272727272727,0.475179132592278,1,1,FALSE,1155
35,44,"Cingulum_Post_L","Calcarine_R",0,0.0181818181818182,0.0181818181818182,0.0181818181818182,1,1,1,FALSE,3509
36,44,"Cingulum_Post_R","Calcarine_R",0.0181818181818182,0.109090909090909,0.0909090909090909,0.0909090909090909,0.11296407442339,1,1,FALSE,221
37,44,"Hippocampus_L","Calcarine_R",0.0909090909090909,0.145454545454545,0.0545454545454545,0.0545454545454545,0.556268985477779,1,1,FALSE,1594
38,44,"Hippocampus_R","Calcarine_R",0.327272727272727,0.181818181818182,-0.145454545454545,0.145454545454545,0.124634456179733,1,1,FALSE,310
39,44,"ParaHippocampal_L","Calcarine_R",0.109090909090909,0.109090909090909,0,0,1,1,1,FALSE,5514
40,44,"ParaHippocampal_R","Calcarine_R",0.0727272727272727,0.0545454545454545,-0.0181818181818182,0.0181818181818182,1,1,1,FALSE,3588
41,44,"Amygdala_L","Calcarine_R",0.0363636363636364,0,-0.0363636363636364,0.0363636363636364,0.495412844036697,1,1,FALSE,1368
42,44,"Amygdala_R","Calcarine_R",0.0545454545454545,0.0363636363636364,-0.0181818181818182,0.0181818181818182,1,1,1,FALSE,3618
43,44,"Calcarine_L","Calcarine_R",1,1,0,0,1,1,1,FALSE,5610
1,45,"Precentral_L","Cuneus_L",0,0,0,0,1,1,1,FALSE,4232
2,45,"Precentral_R","Cuneus_L",0.0727272727272727,0,-0.0727272727272727,0.0727272727272727,0.118151419017406,1,1,FALSE,232
3,45,"Frontal_Sup_L","Cuneus_L",0,0.127272727272727,0.127272727272727,0.127272727272727,0.0127540084026408,1,1,FALSE,30
4,45,"Frontal_Sup_R","Cuneus_L",0,0.0181818181818182,0.0181818181818182,0.0181818181818182,1,1,1,FALSE,2875
5,45,"Frontal_Sup_Orb_L","Cuneus_L",0.0181818181818182,0,-0.0181818181818182,0.0181818181818182,1,1,1,FALSE,2899
6,45,"Frontal_Sup_Orb_R","Cuneus_L",0,0,0,0,1,1,1,FALSE,4388
7,45,"Frontal_Mid_L","Cuneus_L",0,0.0545454545454545,0.0545454545454545,0.0545454545454545,0.243119266055046,1,1,FALSE,532
8,45,"Frontal_Mid_R","Cuneus_L",0.0181818181818182,0.0545454545454545,0.0363636363636364,0.0363636363636364,0.618022807167967,1,1,FALSE,1717
9,45,"Frontal_Mid_Orb_L","Cuneus_L",0,0,0,0,1,1,1,FALSE,4524
10,45,"Frontal_Mid_Orb_R","Cuneus_L",0,0,0,0,1,1,1,FALSE,4585
11,45,"Frontal_Inf_Oper_L","Cuneus_L",0,0,0,0,1,1,1,FALSE,4644
12,45,"Frontal_Inf_Oper_R","Cuneus_L",0.0181818181818182,0,-0.0181818181818182,0.0181818181818182,1,1,1,FALSE,3052
13,45,"Frontal_Inf_Tri_L","Cuneus_L",0,0,0,0,1,1,1,FALSE,4720
14,45,"Frontal_Inf_Tri_R","Cuneus_L",0.0363636363636364,0,-0.0363636363636364,0.0363636363636364,0.495412844036697,1,1,FALSE,1261
15,45,"Frontal_Inf_Orb_L","Cuneus_L",0,0.0181818181818182,0.0181818181818182,0.0181818181818182,1,1,1,FALSE,3125
16,45,"Frontal_Inf_Orb_R","Cuneus_L",0,0.0181818181818182,0.0181818181818182,0.0181818181818182,1,1,1,FALSE,3154
17,45,"Rolandic_Oper_L","Cuneus_L",0.0545454545454545,0,-0.0545454545454545,0.0545454545454545,0.243119266055046,1,1,FALSE,546
18,45,"Rolandic_Oper_R","Cuneus_L",0.0727272727272727,0,-0.0727272727272727,0.0727272727272727,0.118151419017406,1,1,FALSE,245
19,45,"Supp_Motor_Area_L","Cuneus_L",0,0,0,0,1,1,1,FALSE,4939
20,45,"Supp_Motor_Area_R","Cuneus_L",0.0727272727272727,0.0181818181818182,-0.0545454545454545,0.0545454545454545,0.363371345279945,1,1,FALSE,916
21,45,"Olfactory_L","Cuneus_L",0.0181818181818182,0.0727272727272727,0.0545454545454545,0.0545454545454545,0.363371345279945,1,1,FALSE,918
22,45,"Olfactory_R","Cuneus_L",0,0.0181818181818182,0.0181818181818182,0.0181818181818182,1,1,1,FALSE,3271
23,45,"Frontal_Sup_Medial_L","Cuneus_L",0,0.0363636363636364,0.0363636363636364,0.0363636363636364,0.495412844036697,1,1,FALSE,1298
24,45,"Frontal_Sup_Medial_R","Cuneus_L",0,0,0,0,1,1,1,FALSE,5098
25,45,"Frontal_Med_Orb_L","Cuneus_L",0.0181818181818182,0.0181818181818182,0,0,1,1,1,FALSE,5124
26,45,"Frontal_Med_Orb_R","Cuneus_L",0.0545454545454545,0.0545454545454545,0,0,1,1,1,FALSE,5158
27,45,"Rectus_L","Cuneus_L",0,0,0,0,1,1,1,FALSE,5192
28,45,"Rectus_R","Cuneus_L",0,0,0,0,1,1,1,FALSE,5228
29,45,"Insula_L","Cuneus_L",0.0363636363636364,0.0181818181818182,-0.0181818181818182,0.0181818181818182,1,1,1,FALSE,3409
30,45,"Insula_R","Cuneus_L",0.0545454545454545,0.0181818181818182,-0.0363636363636364,0.0363636363636364,0.618022807167967,1,1,FALSE,1778
31,45,"Cingulum_Ant_L","Cuneus_L",0.0181818181818182,0.109090909090909,0.0909090909090909,0.0909090909090909,0.11296407442339,1,1,FALSE,219
32,45,"Cingulum_Ant_R","Cuneus_L",0.0181818181818182,0.163636363636364,0.145454545454545,0.145454545454545,0.0161611880452935,1,1,FALSE,41
33,45,"Cingulum_Mid_L","Cuneus_L",0.145454545454545,0.145454545454545,0,0,1,1,1,FALSE,5368
34,45,"Cingulum_Mid_R","Cuneus_L",0.272727272727273,0.363636363636364,0.0909090909090909,0.0909090909090909,0.413114166796256,1,1,FALSE,1015
35,45,"Cingulum_Post_L","Cuneus_L",0.0545454545454545,0.0909090909090909,0.0363636363636364,0.0363636363636364,0.716092464011574,1,1,FALSE,2106
36,45,"Cingulum_Post_R","Cuneus_L",0.163636363636364,0.309090909090909,0.145454545454545,0.145454545454545,0.115189246880785,1,1,FALSE,229
37,45,"Hippocampus_L","Cuneus_L",0,0.0363636363636364,0.0363636363636364,0.0363636363636364,0.495412844036697,1,1,FALSE,1350
38,45,"Hippocampus_R","Cuneus_L",0.0727272727272727,0.0363636363636364,-0.0363636363636364,0.0363636363636364,0.678654107617496,1,1,FALSE,1986
39,45,"ParaHippocampal_L","Cuneus_L",0.0181818181818182,0,-0.0181818181818182,0.0181818181818182,1,1,1,FALSE,3568
40,45,"ParaHippocampal_R","Cuneus_L",0,0.0181818181818182,0.0181818181818182,0.0181818181818182,1,1,1,FALSE,3589
41,45,"Amygdala_L","Cuneus_L",0,0,0,0,1,1,1,FALSE,5554
42,45,"Amygdala_R","Cuneus_L",0.0181818181818182,0.0363636363636364,0.0181818181818182,0.0181818181818182,1,1,1,FALSE,3619
43,45,"Calcarine_L","Cuneus_L",0.8,0.909090909090909,0.109090909090909,0.109090909090909,0.175072824729425,1,1,FALSE,381
44,45,"Calcarine_R","Cuneus_L",0.781818181818182,0.945454545454545,0.163636363636364,0.163636363636364,0.0236722264249136,1,1,FALSE,52
1,46,"Precentral_L","Cuneus_R",0.0363636363636364,0.0181818181818182,-0.0181818181818182,0.0181818181818182,1,1,1,FALSE,2831
2,46,"Precentral_R","Cuneus_R",0.0727272727272727,0.0545454545454545,-0.0181818181818182,0.0181818181818182,1,1,1,FALSE,2839
3,46,"Frontal_Sup_L","Cuneus_R",0.0181818181818182,0.127272727272727,0.109090909090909,0.109090909090909,0.0604267582571721,1,1,FALSE,146
4,46,"Frontal_Sup_R","Cuneus_R",0.0727272727272727,0.145454545454545,0.0727272727272727,0.0727272727272727,0.359662012889472,1,1,FALSE,860
5,46,"Frontal_Sup_Orb_L","Cuneus_R",0.0363636363636364,0,-0.0363636363636364,0.0363636363636364,0.495412844036697,1,1,FALSE,1221
6,46,"Frontal_Sup_Orb_R","Cuneus_R",0,0.0363636363636364,0.0363636363636364,0.0363636363636364,0.495412844036697,1,1,FALSE,1227
7,46,"Frontal_Mid_L","Cuneus_R",0,0.0727272727272727,0.0727272727272727,0.0727272727272727,0.118151419017406,1,1,FALSE,235
8,46,"Frontal_Mid_R","Cuneus_R",0.109090909090909,0.181818181818182,0.0727272727272727,0.0727272727272727,0.417989271601529,1,1,FALSE,1021
9,46,"Frontal_Mid_Orb_L","Cuneus_R",0,0,0,0,1,1,1,FALSE,4525
10,46,"Frontal_Mid_Orb_R","Cuneus_R",0.0181818181818182,0,-0.0181818181818182,0.0181818181818182,1,1,1,FALSE,3005
11,46,"Frontal_Inf_Oper_L","Cuneus_R",0,0,0,0,1,1,1,FALSE,4645
12,46,"Frontal_Inf_Oper_R","Cuneus_R",0.0181818181818182,0,-0.0181818181818182,0.0181818181818182,1,1,1,FALSE,3053
13,46,"Frontal_Inf_Tri_L","Cuneus_R",0,0,0,0,1,1,1,FALSE,4721
14,46,"Frontal_Inf_Tri_R","Cuneus_R",0,0,0,0,1,1,1,FALSE,4762
15,46,"Frontal_Inf_Orb_L","Cuneus_R",0,0,0,0,1,1,1,FALSE,4791
16,46,"Frontal_Inf_Orb_R","Cuneus_R",0,0.0181818181818182,0.0181818181818182,0.0181818181818182,1,1,1,FALSE,3155
17,46,"Rolandic_Oper_L","Cuneus_R",0.0363636363636364,0,-0.0363636363636364,0.0363636363636364,0.495412844036697,1,1,FALSE,1275
18,46,"Rolandic_Oper_R","Cuneus_R",0.0363636363636364,0,-0.0363636363636364,0.0363636363636364,0.495412844036697,1,1,FALSE,1279
19,46,"Supp_Motor_Area_L","Cuneus_R",0,0,0,0,1,1,1,FALSE,4940
20,46,"Supp_Motor_Area_R","Cuneus_R",0.0545454545454545,0.0181818181818182,-0.0363636363636364,0.0363636363636364,0.618022807167967,1,1,FALSE,1748
21,46,"Olfactory_L","Cuneus_R",0.0181818181818182,0.0545454545454545,0.0363636363636364,0.0363636363636364,0.618022807167967,1,1,FALSE,1752
22,46,"Olfactory_R","Cuneus_R",0.0181818181818182,0.0363636363636364,0.0181818181818182,0.0181818181818182,1,1,1,FALSE,3272
23,46,"Frontal_Sup_Medial_L","Cuneus_R",0.0363636363636364,0.0909090909090909,0.0545454545454545,0.0545454545454545,0.437644688330618,1,1,FALSE,1067
24,46,"Frontal_Sup_Medial_R","Cuneus_R",0.0909090909090909,0.163636363636364,0.0727272727272727,0.0727272727272727,0.391585309984995,1,1,FALSE,991
25,46,"Frontal_Med_Orb_L","Cuneus_R",0.109090909090909,0.0909090909090909,-0.0181818181818182,0.0181818181818182,1,1,1,FALSE,4155
26,46,"Frontal_Med_Orb_R","Cuneus_R",0.181818181818182,0.181818181818182,0,0,1,1,1,FALSE,5159
27,46,"Rectus_L","Cuneus_R",0.0363636363636364,0,-0.0363636363636364,0.0363636363636364,0.495412844036697,1,1,FALSE,1324
28,46,"Rectus_R","Cuneus_R",0.0545454545454545,0,-0.0545454545454545,0.0545454545454545,0.243119266055046,1,1,FALSE,560
29,46,"Insula_L","Cuneus_R",0.0545454545454545,0.0181818181818182,-0.0363636363636364,0.0363636363636364,0.618022807167967,1,1,FALSE,1774
30,46,"Insula_R","Cuneus_R",0.0363636363636364,0,-0.0363636363636364,0.0363636363636364,0.495412844036697,1,1,FALSE,1333
31,46,"Cingulum_Ant_L","Cuneus_R",0.0727272727272727,0.145454545454545,0.0727272727272727,0.0727272727272727,0.359662012889472,1,1,FALSE,869
32,46,"Cingulum_Ant_R","Cuneus_R",0.109090909090909,0.218181818181818,0.109090909090909,0.109090909090909,0.196671123649544,1,1,FALSE,404
33,46,"Cingulum_Mid_L","Cuneus_R",0.0363636363636364,0.127272727272727,0.0909090909090909,0.0909090909090909,0.16138081677265,1,1,FALSE,361
34,46,"Cingulum_Mid_R","Cuneus_R",0.363636363636364,0.381818181818182,0.0181818181818182,0.0181818181818182,1,1,1,FALSE,2580
35,46,"Cingulum_Post_L","Cuneus_R",0.109090909090909,0.145454545454545,0.0363636363636364,0.0363636363636364,0.775847219468156,1,1,FALSE,2255
36,46,"Cingulum_Post_R","Cuneus_R",0.363636363636364,0.472727272727273,0.109090909090909,0.109090909090909,0.333853009989104,1,1,FALSE,834
37,46,"Hippocampus_L","Cuneus_R",0.0363636363636364,0.0363636363636364,0,0,1,1,1,FALSE,5491
38,46,"Hippocampus_R","Cuneus_R",0.236363636363636,0.0727272727272727,-0.163636363636364,0.163636363636364,0.0325649749493304,1,1,FALSE,80
39,46,"ParaHippocampal_L","Cuneus_R",0.0545454545454545,0.0181818181818182,-0.0363636363636364,0.0363636363636364,0.618022807167967,1,1,FALSE,1799
40,46,"ParaHippocampal_R","Cuneus_R",0.0181818181818182,0.0181818181818182,0,0,1,1,1,FALSE,5530
41,46,"Amygdala_L","Cuneus_R",0,0,0,0,1,1,1,FALSE,5555
42,46,"Amygdala_R","Cuneus_R",0,0.0181818181818182,0.0181818181818182,0.0181818181818182,1,1,1,FALSE,3620
43,46,"Calcarine_L","Cuneus_R",0.909090909090909,0.872727272727273,-0.0363636363636364,0.0363636363636364,0.761067915257266,1,1,FALSE,2236
44,46,"Calcarine_R","Cuneus_R",0.927272727272727,0.963636363636364,0.0363636363636364,0.0363636363636364,0.678654107617496,1,1,FALSE,1926
45,46,"Cuneus_L","Cuneus_R",1,1,0,0,1,1,1,FALSE,5661
1,47,"Precentral_L","Lingual_L",0.0545454545454545,0.0909090909090909,0.0363636363636364,0.0363636363636364,0.716092464011574,1,1,FALSE,2067
2,47,"Precentral_R","Lingual_L",0.163636363636364,0.0909090909090909,-0.0727272727272727,0.0727272727272727,0.391585309984995,1,1,FALSE,983
3,47,"Frontal_Sup_L","Lingual_L",0.0181818181818182,0.0363636363636364,0.0181818181818182,0.0181818181818182,1,1,1,FALSE,2855
4,47,"Frontal_Sup_R","Lingual_L",0.0363636363636364,0,-0.0363636363636364,0.0363636363636364,0.495412844036697,1,1,FALSE,1214
5,47,"Frontal_Sup_Orb_L","Lingual_L",0,0,0,0,1,1,1,FALSE,4332
6,47,"Frontal_Sup_Orb_R","Lingual_L",0.0181818181818182,0,-0.0181818181818182,0.0181818181818182,1,1,1,FALSE,2918
7,47,"Frontal_Mid_L","Lingual_L",0,0.0181818181818182,0.0181818181818182,0.0181818181818182,1,1,1,FALSE,2940
8,47,"Frontal_Mid_R","Lingual_L",0.0181818181818182,0.0181818181818182,0,0,1,1,1,FALSE,4485
9,47,"Frontal_Mid_Orb_L","Lingual_L",0,0,0,0,1,1,1,FALSE,4526
10,47,"Frontal_Mid_Orb_R","Lingual_L",0,0,0,0,1,1,1,FALSE,4586
11,47,"Frontal_Inf_Oper_L","Lingual_L",0,0.0363636363636364,0.0363636363636364,0.0363636363636364,0.495412844036697,1,1,FALSE,1246
12,47,"Frontal_Inf_Oper_R","Lingual_L",0.0181818181818182,0.0181818181818182,0,0,1,1,1,FALSE,4681
13,47,"Frontal_Inf_Tri_L","Lingual_L",0,0,0,0,1,1,1,FALSE,4722
14,47,"Frontal_Inf_Tri_R","Lingual_L",0.0545454545454545,0.0181818181818182,-0.0363636363636364,0.0363636363636364,0.618022807167967,1,1,FALSE,1729
15,47,"Frontal_Inf_Orb_L","Lingual_L",0,0,0,0,1,1,1,FALSE,4792
16,47,"Frontal_Inf_Orb_R","Lingual_L",0.0181818181818182,0.0363636363636364,0.0181818181818182,0.0181818181818182,1,1,1,FALSE,3156
17,47,"Rolandic_Oper_L","Lingual_L",0.0909090909090909,0.0181818181818182,-0.0727272727272727,0.0727272727272727,0.20572996411117,1,1,FALSE,440
18,47,"Rolandic_Oper_R","Lingual_L",0.127272727272727,0.0545454545454545,-0.0727272727272727,0.0727272727272727,0.320308493049491,1,1,FALSE,779
19,47,"Supp_Motor_Area_L","Lingual_L",0.0363636363636364,0.0363636363636364,0,0,1,1,1,FALSE,4941
20,47,"Supp_Motor_Area_R","Lingual_L",0.181818181818182,0.0909090909090909,-0.0909090909090909,0.0909090909090909,0.266166492306464,1,1,FALSE,673
21,47,"Olfactory_L","Lingual_L",0,0.0363636363636364,0.0363636363636364,0.0363636363636364,0.495412844036697,1,1,FALSE,1293
22,47,"Olfactory_R","Lingual_L",0.0363636363636364,0.0181818181818182,-0.0181818181818182,0.0181818181818182,1,1,1,FALSE,3273
23,47,"Frontal_Sup_Medial_L","Lingual_L",0,0,0,0,1,1,1,FALSE,5069
24,47,"Frontal_Sup_Medial_R","Lingual_L",0,0.0181818181818182,0.0181818181818182,0.0181818181818182,1,1,1,FALSE,3315
25,47,"Frontal_Med_Orb_L","Lingual_L",0.0181818181818182,0,-0.0181818181818182,0.0181818181818182,1,1,1,FALSE,3331
26,47,"Frontal_Med_Orb_R","Lingual_L",0.0545454545454545,0.0181818181818182,-0.0363636363636364,0.0363636363636364,0.618022807167967,1,1,FALSE,1764
27,47,"Rectus_L","Lingual_L",0.0363636363636364,0,-0.0363636363636364,0.0363636363636364,0.495412844036697,1,1,FALSE,1325
28,47,"Rectus_R","Lingual_L",0.0363636363636364,0,-0.0363636363636364,0.0363636363636364,0.495412844036697,1,1,FALSE,1330
29,47,"Insula_L","Lingual_L",0.109090909090909,0.109090909090909,0,0,1,1,1,FALSE,5270
30,47,"Insula_R","Lingual_L",0.127272727272727,0.0727272727272727,-0.0545454545454545,0.0545454545454545,0.526914472209385,1,1,FALSE,1524
31,47,"Cingulum_Ant_L","Lingual_L",0,0.0181818181818182,0.0181818181818182,0.0181818181818182,1,1,1,FALSE,3448
32,47,"Cingulum_Ant_R","Lingual_L",0.0363636363636364,0.109090909090909,0.0727272727272727,0.0727272727272727,0.270576022922045,1,1,FALSE,698
33,47,"Cingulum_Mid_L","Lingual_L",0.0909090909090909,0.0909090909090909,0,0,1,1,1,FALSE,2636
34,47,"Cingulum_Mid_R","Lingual_L",0.163636363636364,0.109090909090909,-0.0545454545454545,0.0545454545454545,0.579713536502793,1,1,FALSE,1661
35,47,"Cingulum_Post_L","Lingual_L",0,0,0,0,1,1,1,FALSE,5414
36,47,"Cingulum_Post_R","Lingual_L",0,0.0181818181818182,0.0181818181818182,0.0181818181818182,1,1,1,FALSE,3523
37,47,"Hippocampus_L","Lingual_L",0.109090909090909,0.2,0.0909090909090909,0.0909090909090909,0.291362613125644,1,1,FALSE,735
38,47,"Hippocampus_R","Lingual_L",0.127272727272727,0.218181818181818,0.0909090909090909,0.0909090909090909,0.313124011328227,1,1,FALSE,761
39,47,"ParaHippocampal_L","Lingual_L",0.145454545454545,0.0545454545454545,-0.0909090909090909,0.0909090909090909,0.202247933529552,1,1,FALSE,421
40,47,"ParaHippocampal_R","Lingual_L",0.0545454545454545,0.0727272727272727,0.0181818181818182,0.0181818181818182,1,1,1,FALSE,3590
41,47,"Amygdala_L","Lingual_L",0.0545454545454545,0.0545454545454545,0,0,1,1,1,FALSE,5556
42,47,"Amygdala_R","Lingual_L",0.0545454545454545,0.0181818181818182,-0.0363636363636364,0.0363636363636364,0.618022807167967,1,1,FALSE,1805
43,47,"Calcarine_L","Lingual_L",0.963636363636364,0.981818181818182,0.0181818181818182,0.0181818181818182,1,1,1,FALSE,2750
44,47,"Calcarine_R","Lingual_L",0.945454545454545,1,0.0545454545454546,0.0545454545454546,0.243119266055046,1,1,FALSE,518
45,47,"Cuneus_L","Lingual_L",0.890909090909091,0.872727272727273,-0.0181818181818182,0.0181818181818182,1,1,1,FALSE,2492
46,47,"Cuneus_R","Lingual_L",0.745454545454545,0.8,0.0545454545454546,0.0545454545454546,0.649667697687963,1,1,FALSE,1890
1,48,"Precentral_L","Lingual_R",0.109090909090909,0.127272727272727,0.0181818181818182,0.0181818181818182,1,1,1,FALSE,2506
2,48,"Precentral_R","Lingual_R",0.2,0.145454545454545,-0.0545454545454546,0.0545454545454546,0.614842856677542,1,1,FALSE,1690
3,48,"Frontal_Sup_L","Lingual_R",0.0363636363636364,0.109090909090909,0.0727272727272727,0.0727272727272727,0.270576022922045,1,1,FALSE,684
4,48,"Frontal_Sup_R","Lingual_R",0.0909090909090909,0.0363636363636364,-0.0545454545454545,0.0545454545454545,0.437644688330618,1,1,FALSE,1052
5,48,"Frontal_Sup_Orb_L","Lingual_R",0.0181818181818182,0.0181818181818182,0,0,1,1,1,FALSE,4333
6,48,"Frontal_Sup_Orb_R","Lingual_R",0.0181818181818182,0,-0.0181818181818182,0.0181818181818182,1,1,1,FALSE,2919
7,48,"Frontal_Mid_L","Lingual_R",0.0181818181818182,0.0181818181818182,0,0,1,1,1,FALSE,4444
8,48,"Frontal_Mid_R","Lingual_R",0.0363636363636364,0.0363636363636364,0,0,1,1,1,FALSE,4486
9,48,"Frontal_Mid_Orb_L","Lingual_R",0.0363636363636364,0,-0.0363636363636364,0.0363636363636364,0.495412844036697,1,1,FALSE,1239
10,48,"Frontal_Mid_Orb_R","Lingual_R",0,0,0,0,1,1,1,FALSE,4587
11,48,"Frontal_Inf_Oper_L","Lingual_R",0,0,0,0,1,1,1,FALSE,4646
12,48,"Frontal_Inf_Oper_R","Lingual_R",0.0363636363636364,0.0181818181818182,-0.0181818181818182,0.0181818181818182,1,1,1,FALSE,3054
13,48,"Frontal_Inf_Tri_L","Lingual_R",0.0181818181818182,0,-0.0181818181818182,0.0181818181818182,1,1,1,FALSE,3079
14,48,"Frontal_Inf_Tri_R","Lingual_R",0.0727272727272727,0.0363636363636364,-0.0363636363636364,0.0363636363636364,0.678654107617496,1,1,FALSE,1956
15,48,"Frontal_Inf_Orb_L","Lingual_R",0.0727272727272727,0.0363636363636364,-0.0363636363636364,0.0363636363636364,0.678654107617496,1,1,FALSE,1959
16,48,"Frontal_Inf_Orb_R","Lingual_R",0.0181818181818182,0.0363636363636364,0.0181818181818182,0.0181818181818182,1,1,1,FALSE,3157
17,48,"Rolandic_Oper_L","Lingual_R",0.0727272727272727,0,-0.0727272727272727,0.0727272727272727,0.118151419017406,1,1,FALSE,244
18,48,"Rolandic_Oper_R","Lingual_R",0.0545454545454545,0.0363636363636364,-0.0181818181818182,0.0181818181818182,1,1,1,FALSE,3200
19,48,"Supp_Motor_Area_L","Lingual_R",0.0545454545454545,0.0545454545454545,0,0,1,1,1,FALSE,4942
20,48,"Supp_Motor_Area_R","Lingual_R",0.345454545454545,0.345454545454545,0,0,1,1,1,FALSE,2628
21,48,"Olfactory_L","Lingual_R",0.0181818181818182,0,-0.0181818181818182,0.0181818181818182,1,1,1,FALSE,3245
22,48,"Olfactory_R","Lingual_R",0.0363636363636364,0.0363636363636364,0,0,1,1,1,FALSE,5026
23,48,"Frontal_Sup_Medial_L","Lingual_R",0.0727272727272727,0.0727272727272727,0,0,1,1,1,FALSE,5070
24,48,"Frontal_Sup_Medial_R","Lingual_R",0.127272727272727,0.145454545454545,0.0181818181818182,0.0181818181818182,1,1,1,FALSE,2714
25,48,"Frontal_Med_Orb_L","Lingual_R",0.0909090909090909,0.0363636363636364,-0.0545454545454545,0.0545454545454545,0.437644688330618,1,1,FALSE,1069
26,48,"Frontal_Med_Orb_R","Lingual_R",0.218181818181818,0.163636363636364,-0.0545454545454545,0.0545454545454545,0.628309889660844,1,1,FALSE,1874
27,48,"Rectus_L","Lingual_R",0.109090909090909,0,-0.109090909090909,0.109090909090909,0.0270697321198908,1,1,FALSE,60
28,48,"Rectus_R","Lingual_R",0.0545454545454545,0.0545454545454545,0,0,1,1,1,FALSE,5229
29,48,"Insula_L","Lingual_R",0.0727272727272727,0.0909090909090909,0.0181818181818182,0.0181818181818182,1,1,1,FALSE,2721
30,48,"Insula_R","Lingual_R",0.109090909090909,0.0363636363636364,-0.0727272727272727,0.0727272727272727,0.270576022922045,1,1,FALSE,696
31,48,"Cingulum_Ant_L","Lingual_R",0.0181818181818182,0.0727272727272727,0.0545454545454545,0.0545454545454545,0.363371345279945,1,1,FALSE,931
32,48,"Cingulum_Ant_R","Lingual_R",0.0909090909090909,0.127272727272727,0.0363636363636363,0.0363636363636363,0.761067915257265,1,1,FALSE,2210
33,48,"Cingulum_Mid_L","Lingual_R",0.0727272727272727,0.127272727272727,0.0545454545454545,0.0545454545454545,0.526914472209385,1,1,FALSE,1525
34,48,"Cingulum_Mid_R","Lingual_R",0.254545454545455,0.381818181818182,0.127272727272727,0.127272727272727,0.219107702459532,1,1,FALSE,479
35,48,"Cingulum_Post_L","Lingual_R",0,0,0,0,1,1,1,FALSE,5415
36,48,"Cingulum_Post_R","Lingual_R",0.0909090909090909,0.181818181818182,0.0909090909090909,0.0909090909090909,0.266166492306464,1,1,FALSE,677
37,48,"Hippocampus_L","Lingual_R",0.236363636363636,0.272727272727273,0.0363636363636363,0.0363636363636363,0.827043599014482,1,1,FALSE,2357
38,48,"Hippocampus_R","Lingual_R",0.563636363636364,0.490909090909091,-0.0727272727272727,0.0727272727272727,0.566911675700932,1,1,FALSE,1638
39,48,"ParaHippocampal_L","Lingual_R",0.163636363636364,0.218181818181818,0.0545454545454545,0.0545454545454545,0.628309889660844,1,1,FALSE,1878
40,48,"ParaHippocampal_R","Lingual_R",0.127272727272727,0.218181818181818,0.0909090909090909,0.0909090909090909,0.313124011328227,1,1,FALSE,762
41,48,"Amygdala_L","Lingual_R",0.0909090909090909,0.0545454545454545,-0.0363636363636364,0.0363636363636364,0.716092464011574,1,1,FALSE,2107
42,48,"Amygdala_R","Lingual_R",0.145454545454545,0.181818181818182,0.0363636363636364,0.0363636363636364,0.797285714040811,1,1,FALSE,2287
43,48,"Calcarine_L","Lingual_R",0.981818181818182,1,0.0181818181818182,0.0181818181818182,1,1,1,FALSE,2751
44,48,"Calcarine_R","Lingual_R",1,1,0,0,1,1,1,FALSE,5639
45,48,"Cuneus_L","Lingual_R",0.872727272727273,0.872727272727273,0,0,1,1,1,FALSE,2548
46,48,"Cuneus_R","Lingual_R",0.945454545454545,0.927272727272727,-0.0181818181818182,0.0181818181818182,1,1,1,FALSE,2756
47,48,"Lingual_L","Lingual_R",0.981818181818182,1,0.0181818181818182,0.0181818181818182,1,1,1,FALSE,2759
1,49,"Precentral_L","Occipital_Sup_L",0.181818181818182,0.163636363636364,-0.0181818181818182,0.0181818181818182,1,1,1,FALSE,2664
2,49,"Precentral_R","Occipital_Sup_L",0.2,0.145454545454545,-0.0545454545454546,0.0545454545454546,0.614842856677542,1,1,FALSE,1691
3,49,"Frontal_Sup_L","Occipital_Sup_L",0.0909090909090909,0.163636363636364,0.0727272727272727,0.0727272727272727,0.391585309984995,1,1,FALSE,984
4,49,"Frontal_Sup_R","Occipital_Sup_L",0.0363636363636364,0,-0.0363636363636364,0.0363636363636364,0.495412844036697,1,1,FALSE,1215
5,49,"Frontal_Sup_Orb_L","Occipital_Sup_L",0,0.0363636363636364,0.0363636363636364,0.0363636363636364,0.495412844036697,1,1,FALSE,1222
6,49,"Frontal_Sup_Orb_R","Occipital_Sup_L",0,0.0181818181818182,0.0181818181818182,0.0181818181818182,1,1,1,FALSE,2920
7,49,"Frontal_Mid_L","Occipital_Sup_L",0.0545454545454545,0.0909090909090909,0.0363636363636364,0.0363636363636364,0.716092464011574,1,1,FALSE,2073
8,49,"Frontal_Mid_R","Occipital_Sup_L",0.0363636363636364,0.0363636363636364,0,0,1,1,1,FALSE,4487
9,49,"Frontal_Mid_Orb_L","Occipital_Sup_L",0,0,0,0,1,1,1,FALSE,4527
10,49,"Frontal_Mid_Orb_R","Occipital_Sup_L",0,0,0,0,1,1,1,FALSE,4588
11,49,"Frontal_Inf_Oper_L","Occipital_Sup_L",0.0545454545454545,0.0181818181818182,-0.0363636363636364,0.0363636363636364,0.618022807167967,1,1,FALSE,1722
12,49,"Frontal_Inf_Oper_R","Occipital_Sup_L",0.0181818181818182,0.0363636363636364,0.0181818181818182,0.0181818181818182,1,1,1,FALSE,3055
13,49,"Frontal_Inf_Tri_L","Occipital_Sup_L",0.0363636363636364,0.0363636363636364,0,0,1,1,1,FALSE,4723
14,49,"Frontal_Inf_Tri_R","Occipital_Sup_L",0.0727272727272727,0.0363636363636364,-0.0363636363636364,0.0363636363636364,0.678654107617496,1,1,FALSE,1957
15,49,"Frontal_Inf_Orb_L","Occipital_Sup_L",0,0,0,0,1,1,1,FALSE,4793
16,49,"Frontal_Inf_Orb_R","Occipital_Sup_L",0,0.0181818181818182,0.0181818181818182,0.0181818181818182,1,1,1,FALSE,3158
17,49,"Rolandic_Oper_L","Occipital_Sup_L",0.0181818181818182,0,-0.0181818181818182,0.0181818181818182,1,1,1,FALSE,3180
18,49,"Rolandic_Oper_R","Occipital_Sup_L",0.0181818181818182,0,-0.0181818181818182,0.0181818181818182,1,1,1,FALSE,3201
19,49,"Supp_Motor_Area_L","Occipital_Sup_L",0,0,0,0,1,1,1,FALSE,4943
20,49,"Supp_Motor_Area_R","Occipital_Sup_L",0.0545454545454545,0,-0.0545454545454545,0.0545454545454545,0.243119266055046,1,1,FALSE,552
21,49,"Olfactory_L","Occipital_Sup_L",0,0,0,0,1,1,1,FALSE,4986
22,49,"Olfactory_R","Occipital_Sup_L",0,0.0181818181818182,0.0181818181818182,0.0181818181818182,1,1,1,FALSE,3274
23,49,"Frontal_Sup_Medial_L","Occipital_Sup_L",0,0.0181818181818182,0.0181818181818182,0.0181818181818182,1,1,1,FALSE,3295
24,49,"Frontal_Sup_Medial_R","Occipital_Sup_L",0,0.0363636363636364,0.0363636363636364,0.0363636363636364,0.495412844036697,1,1,FALSE,1305
25,49,"Frontal_Med_Orb_L","Occipital_Sup_L",0.0363636363636364,0,-0.0363636363636364,0.0363636363636364,0.495412844036697,1,1,FALSE,1313
26,49,"Frontal_Med_Orb_R","Occipital_Sup_L",0.0181818181818182,0.0181818181818182,0,0,1,1,1,FALSE,5160
27,49,"Rectus_L","Occipital_Sup_L",0.0181818181818182,0,-0.0181818181818182,0.0181818181818182,1,1,1,FALSE,3368
28,49,"Rectus_R","Occipital_Sup_L",0.0181818181818182,0,-0.0181818181818182,0.0181818181818182,1,1,1,FALSE,3391
29,49,"Insula_L","Occipital_Sup_L",0.0363636363636364,0.0181818181818182,-0.0181818181818182,0.0181818181818182,1,1,1,FALSE,3410
30,49,"Insula_R","Occipital_Sup_L",0.0363636363636364,0,-0.0363636363636364,0.0363636363636364,0.495412844036697,1,1,FALSE,1334
31,49,"Cingulum_Ant_L","Occipital_Sup_L",0,0,0,0,1,1,1,FALSE,5309
32,49,"Cingulum_Ant_R","Occipital_Sup_L",0,0,0,0,1,1,1,FALSE,5339
33,49,"Cingulum_Mid_L","Occipital_Sup_L",0.0181818181818182,0.0181818181818182,0,0,1,1,1,FALSE,5369
34,49,"Cingulum_Mid_R","Occipital_Sup_L",0.109090909090909,0.0363636363636364,-0.0727272727272727,0.0727272727272727,0.270576022922045,1,1,FALSE,699
35,49,"Cingulum_Post_L","Occipital_Sup_L",0,0,0,0,1,1,1,FALSE,5416
36,49,"Cingulum_Post_R","Occipital_Sup_L",0.0727272727272727,0.0181818181818182,-0.0545454545454545,0.0545454545454545,0.363371345279945,1,1,FALSE,935
37,49,"Hippocampus_L","Occipital_Sup_L",0.0181818181818182,0,-0.0181818181818182,0.0181818181818182,1,1,1,FALSE,3544
38,49,"Hippocampus_R","Occipital_Sup_L",0.0909090909090909,0.0363636363636364,-0.0545454545454545,0.0545454545454545,0.437644688330618,1,1,FALSE,1076
39,49,"ParaHippocampal_L","Occipital_Sup_L",0.0181818181818182,0.0363636363636364,0.0181818181818182,0.0181818181818182,1,1,1,FALSE,3569
40,49,"ParaHippocampal_R","Occipital_Sup_L",0,0,0,0,1,1,1,FALSE,5531
41,49,"Amygdala_L","Occipital_Sup_L",0.0363636363636364,0,-0.0363636363636364,0.0363636363636364,0.495412844036697,1,1,FALSE,1369
42,49,"Amygdala_R","Occipital_Sup_L",0,0,0,0,1,1,1,FALSE,5589
43,49,"Calcarine_L","Occipital_Sup_L",0.654545454545455,0.781818181818182,0.127272727272727,0.127272727272727,0.20314538994466,1,1,FALSE,430
44,49,"Calcarine_R","Occipital_Sup_L",0.581818181818182,0.745454545454545,0.163636363636364,0.163636363636364,0.105818096339889,1,1,FALSE,205
45,49,"Cuneus_L","Occipital_Sup_L",0.818181818181818,0.872727272727273,0.0545454545454545,0.0545454545454545,0.598884497995648,1,1,FALSE,1677
46,49,"Cuneus_R","Occipital_Sup_L",0.654545454545455,0.672727272727273,0.0181818181818182,0.0181818181818182,1,1,1,FALSE,2452
47,49,"Lingual_L","Occipital_Sup_L",0.727272727272727,0.763636363636364,0.0363636363636364,0.0363636363636364,0.827043599014482,1,1,FALSE,2363
48,49,"Lingual_R","Occipital_Sup_L",0.745454545454545,0.8,0.0545454545454546,0.0545454545454546,0.649667697687963,1,1,FALSE,1891
1,50,"Precentral_L","Occipital_Sup_R",0.0181818181818182,0.0727272727272727,0.0545454545454545,0.0545454545454545,0.363371345279945,1,1,FALSE,891
2,50,"Precentral_R","Occipital_Sup_R",0.218181818181818,0.0909090909090909,-0.127272727272727,0.127272727272727,0.11164203105876,1,1,FALSE,208
3,50,"Frontal_Sup_L","Occipital_Sup_R",0,0.0545454545454545,0.0545454545454545,0.0545454545454545,0.243119266055046,1,1,FALSE,523
4,50,"Frontal_Sup_R","Occipital_Sup_R",0.0181818181818182,0.0181818181818182,0,0,1,1,1,FALSE,4306
5,50,"Frontal_Sup_Orb_L","Occipital_Sup_R",0,0,0,0,1,1,1,FALSE,4334
6,50,"Frontal_Sup_Orb_R","Occipital_Sup_R",0.0181818181818182,0,-0.0181818181818182,0.0181818181818182,1,1,1,FALSE,2921
7,50,"Frontal_Mid_L","Occipital_Sup_R",0,0.0181818181818182,0.0181818181818182,0.0181818181818182,1,1,1,FALSE,2941
8,50,"Frontal_Mid_R","Occipital_Sup_R",0.0727272727272727,0.0545454545454545,-0.0181818181818182,0.0181818181818182,1,1,1,FALSE,2961
9,50,"Frontal_Mid_Orb_L","Occipital_Sup_R",0,0,0,0,1,1,1,FALSE,4528
10,50,"Frontal_Mid_Orb_R","Occipital_Sup_R",0.0181818181818182,0,-0.0181818181818182,0.0181818181818182,1,1,1,FALSE,3006
11,50,"Frontal_Inf_Oper_L","Occipital_Sup_R",0.0181818181818182,0,-0.0181818181818182,0.0181818181818182,1,1,1,FALSE,3027
12,50,"Frontal_Inf_Oper_R","Occipital_Sup_R",0.0363636363636364,0.0181818181818182,-0.0181818181818182,0.0181818181818182,1,1,1,FALSE,3056
13,50,"Frontal_Inf_Tri_L","Occipital_Sup_R",0,0,0,0,1,1,1,FALSE,4724
14,50,"Frontal_Inf_Tri_R","Occipital_Sup_R",0.0727272727272727,0.0181818181818182,-0.0545454545454545,0.0545454545454545,0.363371345279945,1,1,FALSE,909
15,50,"Frontal_Inf_Orb_L","Occipital_Sup_R",0,0,0,0,1,1,1,FALSE,4794
16,50,"Frontal_Inf_Orb_R","Occipital_Sup_R",0,0.0181818181818182,0.0181818181818182,0.0181818181818182,1,1,1,FALSE,3159
17,50,"Rolandic_Oper_L","Occipital_Sup_R",0.0545454545454545,0,-0.0545454545454545,0.0545454545454545,0.243119266055046,1,1,FALSE,547
18,50,"Rolandic_Oper_R","Occipital_Sup_R",0.0545454545454545,0,-0.0545454545454545,0.0545454545454545,0.243119266055046,1,1,FALSE,549
19,50,"Supp_Motor_Area_L","Occipital_Sup_R",0,0,0,0,1,1,1,FALSE,4944
20,50,"Supp_Motor_Area_R","Occipital_Sup_R",0.109090909090909,0.0181818181818182,-0.0909090909090909,0.0909090909090909,0.11296407442339,1,1,FALSE,217
21,50,"Olfactory_L","Occipital_Sup_R",0.0181818181818182,0.0181818181818182,0,0,1,1,1,FALSE,4987
22,50,"Olfactory_R","Occipital_Sup_R",0.0181818181818182,0,-0.0181818181818182,0.0181818181818182,1,1,1,FALSE,3275
23,50,"Frontal_Sup_Medial_L","Occipital_Sup_R",0,0.0181818181818182,0.0181818181818182,0.0181818181818182,1,1,1,FALSE,3296
24,50,"Frontal_Sup_Medial_R","Occipital_Sup_R",0,0,0,0,1,1,1,FALSE,5099
25,50,"Frontal_Med_Orb_L","Occipital_Sup_R",0.0181818181818182,0,-0.0181818181818182,0.0181818181818182,1,1,1,FALSE,3332
26,50,"Frontal_Med_Orb_R","Occipital_Sup_R",0,0,0,0,1,1,1,FALSE,5161
27,50,"Rectus_L","Occipital_Sup_R",0.0181818181818182,0,-0.0181818181818182,0.0181818181818182,1,1,1,FALSE,3369
28,50,"Rectus_R","Occipital_Sup_R",0,0,0,0,1,1,1,FALSE,5230
29,50,"Insula_L","Occipital_Sup_R",0.0727272727272727,0.0181818181818182,-0.0545454545454545,0.0545454545454545,0.363371345279945,1,1,FALSE,925
30,50,"Insula_R","Occipital_Sup_R",0.0545454545454545,0.0181818181818182,-0.0363636363636364,0.0363636363636364,0.618022807167967,1,1,FALSE,1779
31,50,"Cingulum_Ant_L","Occipital_Sup_R",0,0.0181818181818182,0.0181818181818182,0.0181818181818182,1,1,1,FALSE,3449
32,50,"Cingulum_Ant_R","Occipital_Sup_R",0.0181818181818182,0.0545454545454545,0.0363636363636364,0.0363636363636364,0.618022807167967,1,1,FALSE,1788
33,50,"Cingulum_Mid_L","Occipital_Sup_R",0.0363636363636364,0.0909090909090909,0.0545454545454545,0.0545454545454545,0.437644688330618,1,1,FALSE,1073
34,50,"Cingulum_Mid_R","Occipital_Sup_R",0.109090909090909,0.127272727272727,0.0181818181818182,0.0181818181818182,1,1,1,FALSE,2519
35,50,"Cingulum_Post_L","Occipital_Sup_R",0.0181818181818182,0,-0.0181818181818182,0.0181818181818182,1,1,1,FALSE,3510
36,50,"Cingulum_Post_R","Occipital_Sup_R",0.0727272727272727,0.0545454545454545,-0.0181818181818182,0.0181818181818182,1,1,1,FALSE,3524
37,50,"Hippocampus_L","Occipital_Sup_R",0.0181818181818182,0,-0.0181818181818182,0.0181818181818182,1,1,1,FALSE,3545
38,50,"Hippocampus_R","Occipital_Sup_R",0.0909090909090909,0.0181818181818182,-0.0727272727272727,0.0727272727272727,0.20572996411117,1,1,FALSE,449
39,50,"ParaHippocampal_L","Occipital_Sup_R",0,0,0,0,1,1,1,FALSE,5515
40,50,"ParaHippocampal_R","Occipital_Sup_R",0,0,0,0,1,1,1,FALSE,5532
41,50,"Amygdala_L","Occipital_Sup_R",0.0181818181818182,0,-0.0181818181818182,0.0181818181818182,1,1,1,FALSE,3608
42,50,"Amygdala_R","Occipital_Sup_R",0.0181818181818182,0,-0.0181818181818182,0.0181818181818182,1,1,1,FALSE,3621
43,50,"Calcarine_L","Occipital_Sup_R",0.8,0.927272727272727,0.127272727272727,0.127272727272727,0.0930885239100902,1,1,FALSE,194
44,50,"Calcarine_R","Occipital_Sup_R",0.818181818181818,0.945454545454545,0.127272727272727,0.127272727272727,0.0732112222175095,1,1,FALSE,167
45,50,"Cuneus_L","Occipital_Sup_R",1,0.963636363636364,-0.0363636363636364,0.0363636363636364,0.495412844036697,1,1,FALSE,1201
46,50,"Cuneus_R","Occipital_Sup_R",0.963636363636364,0.981818181818182,0.0181818181818182,0.0181818181818182,1,1,1,FALSE,2757
47,50,"Lingual_L","Occipital_Sup_R",0.927272727272727,0.909090909090909,-0.0181818181818182,0.0181818181818182,1,1,1,FALSE,2760
48,50,"Lingual_R","Occipital_Sup_R",0.927272727272727,0.927272727272727,0,0,1,1,1,FALSE,5725
49,50,"Occipital_Sup_L","Occipital_Sup_R",0.945454545454545,0.945454545454545,0,0,1,1,1,FALSE,5735
1,51,"Precentral_L","Occipital_Mid_L",0.254545454545455,0.218181818181818,-0.0363636363636363,0.0363636363636363,0.822773070595087,1,1,FALSE,2338
2,51,"Precentral_R","Occipital_Mid_L",0.163636363636364,0.127272727272727,-0.0363636363636364,0.0363636363636364,0.78764473423299,1,1,FALSE,2264
3,51,"Frontal_Sup_L","Occipital_Mid_L",0.345454545454545,0.454545454545455,0.109090909090909,0.109090909090909,0.330543246178152,1,1,FALSE,814
4,51,"Frontal_Sup_R","Occipital_Mid_L",0.2,0.127272727272727,-0.0727272727272728,0.0727272727272728,0.440163525159517,1,1,FALSE,1105
5,51,"Frontal_Sup_Orb_L","Occipital_Mid_L",0.0545454545454545,0.0545454545454545,0,0,1,1,1,FALSE,4335
6,51,"Frontal_Sup_Orb_R","Occipital_Mid_L",0.0363636363636364,0.0181818181818182,-0.0181818181818182,0.0181818181818182,1,1,1,FALSE,2922
7,51,"Frontal_Mid_L","Occipital_Mid_L",0.127272727272727,0.145454545454545,0.0181818181818182,0.0181818181818182,1,1,1,FALSE,2684
8,51,"Frontal_Mid_R","Occipital_Mid_L",0.127272727272727,0.0545454545454545,-0.0727272727272727,0.0727272727272727,0.320308493049491,1,1,FALSE,775
9,51,"Frontal_Mid_Orb_L","Occipital_Mid_L",0.0545454545454545,0.0727272727272727,0.0181818181818182,0.0181818181818182,1,1,1,FALSE,2985
10,51,"Frontal_Mid_Orb_R","Occipital_Mid_L",0.0363636363636364,0.0181818181818182,-0.0181818181818182,0.0181818181818182,1,1,1,FALSE,3007
11,51,"Frontal_Inf_Oper_L","Occipital_Mid_L",0.0727272727272727,0.0363636363636364,-0.0363636363636364,0.0363636363636364,0.678654107617496,1,1,FALSE,1948
12,51,"Frontal_Inf_Oper_R","Occipital_Mid_L",0.0181818181818182,0.0181818181818182,0,0,1,1,1,FALSE,4682
13,51,"Frontal_Inf_Tri_L","Occipital_Mid_L",0.0363636363636364,0.0727272727272727,0.0363636363636364,0.0363636363636364,0.678654107617496,1,1,FALSE,1954
14,51,"Frontal_Inf_Tri_R","Occipital_Mid_L",0.0181818181818182,0.0545454545454545,0.0363636363636364,0.0363636363636364,0.618022807167967,1,1,FALSE,1730
15,51,"Frontal_Inf_Orb_L","Occipital_Mid_L",0.0909090909090909,0.181818181818182,0.0909090909090909,0.0909090909090909,0.266166492306464,1,1,FALSE,672
16,51,"Frontal_Inf_Orb_R","Occipital_Mid_L",0,0.0363636363636364,0.0363636363636364,0.0363636363636364,0.495412844036697,1,1,FALSE,1270
17,51,"Rolandic_Oper_L","Occipital_Mid_L",0.0181818181818182,0.0181818181818182,0,0,1,1,1,FALSE,4865
18,51,"Rolandic_Oper_R","Occipital_Mid_L",0,0,0,0,1,1,1,FALSE,4901
19,51,"Supp_Motor_Area_L","Occipital_Mid_L",0.0181818181818182,0.0363636363636364,0.0181818181818182,0.0181818181818182,1,1,1,FALSE,3221
20,51,"Supp_Motor_Area_R","Occipital_Mid_L",0.0727272727272727,0.109090909090909,0.0363636363636364,0.0363636363636364,0.741953348477847,1,1,FALSE,2154
21,51,"Olfactory_L","Occipital_Mid_L",0.0545454545454545,0.0909090909090909,0.0363636363636364,0.0363636363636364,0.716092464011574,1,1,FALSE,2091
22,51,"Olfactory_R","Occipital_Mid_L",0.0181818181818182,0.0363636363636364,0.0181818181818182,0.0181818181818182,1,1,1,FALSE,3276
23,51,"Frontal_Sup_Medial_L","Occipital_Mid_L",0.309090909090909,0.345454545454545,0.0363636363636364,0.0363636363636364,0.839167578672983,1,1,FALSE,2382
24,51,"Frontal_Sup_Medial_R","Occipital_Mid_L",0.381818181818182,0.309090909090909,-0.0727272727272728,0.0727272727272728,0.547790716156379,1,1,FALSE,1570
25,51,"Frontal_Med_Orb_L","Occipital_Mid_L",0.218181818181818,0.181818181818182,-0.0363636363636363,0.0363636363636363,0.812066798143123,1,1,FALSE,2312
26,51,"Frontal_Med_Orb_R","Occipital_Mid_L",0.236363636363636,0.290909090909091,0.0545454545454545,0.0545454545454545,0.665617624761333,1,1,FALSE,1915
27,51,"Rectus_L","Occipital_Mid_L",0.163636363636364,0.0181818181818182,-0.145454545454545,0.145454545454545,0.0161611880452935,1,1,FALSE,40
28,51,"Rectus_R","Occipital_Mid_L",0.163636363636364,0.0909090909090909,-0.0727272727272727,0.0727272727272727,0.391585309984995,1,1,FALSE,992
29,51,"Insula_L","Occipital_Mid_L",0.0363636363636364,0.0181818181818182,-0.0181818181818182,0.0181818181818182,1,1,1,FALSE,3411
30,51,"Insula_R","Occipital_Mid_L",0,0.0181818181818182,0.0181818181818182,0.0181818181818182,1,1,1,FALSE,3428
31,51,"Cingulum_Ant_L","Occipital_Mid_L",0.0727272727272727,0.0363636363636364,-0.0363636363636364,0.0363636363636364,0.678654107617496,1,1,FALSE,1977
32,51,"Cingulum_Ant_R","Occipital_Mid_L",0.0545454545454545,0.0181818181818182,-0.0363636363636364,0.0363636363636364,0.618022807167967,1,1,FALSE,1789
33,51,"Cingulum_Mid_L","Occipital_Mid_L",0.0363636363636364,0.0181818181818182,-0.0181818181818182,0.0181818181818182,1,1,1,FALSE,3480
34,51,"Cingulum_Mid_R","Occipital_Mid_L",0.0727272727272727,0.127272727272727,0.0545454545454545,0.0545454545454545,0.526914472209385,1,1,FALSE,1527
35,51,"Cingulum_Post_L","Occipital_Mid_L",0.0363636363636364,0.0363636363636364,0,0,1,1,1,FALSE,5417
36,51,"Cingulum_Post_R","Occipital_Mid_L",0.0727272727272727,0.109090909090909,0.0363636363636364,0.0363636363636364,0.741953348477847,1,1,FALSE,2163
37,51,"Hippocampus_L","Occipital_Mid_L",0.127272727272727,0.127272727272727,0,0,1,1,1,FALSE,2543
38,51,"Hippocampus_R","Occipital_Mid_L",0.181818181818182,0.163636363636364,-0.0181818181818182,0.0181818181818182,1,1,1,FALSE,2742
39,51,"ParaHippocampal_L","Occipital_Mid_L",0.145454545454545,0.145454545454545,0,0,1,1,1,FALSE,5516
40,51,"ParaHippocampal_R","Occipital_Mid_L",0,0.0545454545454545,0.0545454545454545,0.0545454545454545,0.243119266055046,1,1,FALSE,571
41,51,"Amygdala_L","Occipital_Mid_L",0,0,0,0,1,1,1,FALSE,5557
42,51,"Amygdala_R","Occipital_Mid_L",0.0181818181818182,0.127272727272727,0.109090909090909,0.109090909090909,0.0604267582571721,1,1,FALSE,150
43,51,"Calcarine_L","Occipital_Mid_L",0.545454545454545,0.709090909090909,0.163636363636364,0.163636363636364,0.114175522981066,1,1,FALSE,228
44,51,"Calcarine_R","Occipital_Mid_L",0.6,0.781818181818182,0.181818181818182,0.181818181818182,0.0625055041854051,1,1,FALSE,155
45,51,"Cuneus_L","Occipital_Mid_L",0.490909090909091,0.418181818181818,-0.0727272727272728,0.0727272727272728,0.565883540031019,1,1,FALSE,1631
46,51,"Cuneus_R","Occipital_Mid_L",0.545454545454545,0.472727272727273,-0.0727272727272727,0.0727272727272727,0.567423019256256,1,1,FALSE,1647
47,51,"Lingual_L","Occipital_Mid_L",0.672727272727273,0.763636363636364,0.0909090909090909,0.0909090909090909,0.396830775384208,1,1,FALSE,1001
48,51,"Lingual_R","Occipital_Mid_L",0.709090909090909,0.745454545454545,0.0363636363636364,0.0363636363636364,0.830744723644625,1,1,FALSE,2367
49,51,"Occipital_Sup_L","Occipital_Mid_L",0.909090909090909,0.963636363636364,0.0545454545454546,0.0545454545454546,0.437644688330618,1,1,FALSE,1048
50,51,"Occipital_Sup_R","Occipital_Mid_L",0.654545454545455,0.709090909090909,0.0545454545454546,0.0545454545454546,0.68256758948615,1,1,FALSE,2029
1,52,"Precentral_L","Occipital_Mid_R",0.0363636363636364,0.109090909090909,0.0727272727272727,0.0727272727272727,0.270576022922045,1,1,FALSE,683
2,52,"Precentral_R","Occipital_Mid_R",0.236363636363636,0.236363636363636,0,0,1,1,1,FALSE,4260
3,52,"Frontal_Sup_L","Occipital_Mid_R",0.0363636363636364,0.127272727272727,0.0909090909090909,0.0909090909090909,0.16138081677265,1,1,FALSE,352
4,52,"Frontal_Sup_R","Occipital_Mid_R",0.0727272727272727,0.0545454545454545,-0.0181818181818182,0.0181818181818182,1,1,1,FALSE,2876
5,52,"Frontal_Sup_Orb_L","Occipital_Mid_R",0,0.0363636363636364,0.0363636363636364,0.0363636363636364,0.495412844036697,1,1,FALSE,1223
6,52,"Frontal_Sup_Orb_R","Occipital_Mid_R",0.0181818181818182,0,-0.0181818181818182,0.0181818181818182,1,1,1,FALSE,2923
7,52,"Frontal_Mid_L","Occipital_Mid_R",0,0.0181818181818182,0.0181818181818182,0.0181818181818182,1,1,1,FALSE,2942
8,52,"Frontal_Mid_R","Occipital_Mid_R",0.0545454545454545,0.0545454545454545,0,0,1,1,1,FALSE,4488
9,52,"Frontal_Mid_Orb_L","Occipital_Mid_R",0,0,0,0,1,1,1,FALSE,4529
10,52,"Frontal_Mid_Orb_R","Occipital_Mid_R",0,0,0,0,1,1,1,FALSE,4589
11,52,"Frontal_Inf_Oper_L","Occipital_Mid_R",0.0181818181818182,0,-0.0181818181818182,0.0181818181818182,1,1,1,FALSE,3028
12,52,"Frontal_Inf_Oper_R","Occipital_Mid_R",0.0363636363636364,0.0363636363636364,0,0,1,1,1,FALSE,4683
13,52,"Frontal_Inf_Tri_L","Occipital_Mid_R",0,0,0,0,1,1,1,FALSE,4725
14,52,"Frontal_Inf_Tri_R","Occipital_Mid_R",0.0545454545454545,0.0545454545454545,0,0,1,1,1,FALSE,4763
15,52,"Frontal_Inf_Orb_L","Occipital_Mid_R",0,0.0181818181818182,0.0181818181818182,0.0181818181818182,1,1,1,FALSE,3126
16,52,"Frontal_Inf_Orb_R","Occipital_Mid_R",0.0181818181818182,0,-0.0181818181818182,0.0181818181818182,1,1,1,FALSE,3160
17,52,"Rolandic_Oper_L","Occipital_Mid_R",0.0181818181818182,0.0181818181818182,0,0,1,1,1,FALSE,4866
18,52,"Rolandic_Oper_R","Occipital_Mid_R",0.0181818181818182,0,-0.0181818181818182,0.0181818181818182,1,1,1,FALSE,3202
19,52,"Supp_Motor_Area_L","Occipital_Mid_R",0,0.0181818181818182,0.0181818181818182,0.0181818181818182,1,1,1,FALSE,3222
20,52,"Supp_Motor_Area_R","Occipital_Mid_R",0.0181818181818182,0.0545454545454545,0.0363636363636364,0.0363636363636364,0.618022807167967,1,1,FALSE,1749
21,52,"Olfactory_L","Occipital_Mid_R",0,0,0,0,1,1,1,FALSE,4988
22,52,"Olfactory_R","Occipital_Mid_R",0,0,0,0,1,1,1,FALSE,5027
23,52,"Frontal_Sup_Medial_L","Occipital_Mid_R",0,0.0545454545454545,0.0545454545454545,0.0545454545454545,0.243119266055046,1,1,FALSE,555
24,52,"Frontal_Sup_Medial_R","Occipital_Mid_R",0.0181818181818182,0.0909090909090909,0.0727272727272727,0.0727272727272727,0.20572996411117,1,1,FALSE,442
25,52,"Frontal_Med_Orb_L","Occipital_Mid_R",0.0363636363636364,0.0363636363636364,0,0,1,1,1,FALSE,5125
26,52,"Frontal_Med_Orb_R","Occipital_Mid_R",0.0181818181818182,0.0545454545454545,0.0363636363636364,0.0363636363636364,0.618022807167967,1,1,FALSE,1765
27,52,"Rectus_L","Occipital_Mid_R",0.0181818181818182,0,-0.0181818181818182,0.0181818181818182,1,1,1,FALSE,3370
28,52,"Rectus_R","Occipital_Mid_R",0.0363636363636364,0.0181818181818182,-0.0181818181818182,0.0181818181818182,1,1,1,FALSE,3392
29,52,"Insula_L","Occipital_Mid_R",0.0181818181818182,0,-0.0181818181818182,0.0181818181818182,1,1,1,FALSE,3412
30,52,"Insula_R","Occipital_Mid_R",0.0363636363636364,0,-0.0363636363636364,0.0363636363636364,0.495412844036697,1,1,FALSE,1335
31,52,"Cingulum_Ant_L","Occipital_Mid_R",0,0,0,0,1,1,1,FALSE,5310
32,52,"Cingulum_Ant_R","Occipital_Mid_R",0,0.0181818181818182,0.0181818181818182,0.0181818181818182,1,1,1,FALSE,3467
33,52,"Cingulum_Mid_L","Occipital_Mid_R",0,0.0181818181818182,0.0181818181818182,0.0181818181818182,1,1,1,FALSE,3481
34,52,"Cingulum_Mid_R","Occipital_Mid_R",0.0545454545454545,0.0363636363636364,-0.0181818181818182,0.0181818181818182,1,1,1,FALSE,3495
35,52,"Cingulum_Post_L","Occipital_Mid_R",0,0,0,0,1,1,1,FALSE,5418
36,52,"Cingulum_Post_R","Occipital_Mid_R",0.0181818181818182,0.0181818181818182,0,0,1,1,1,FALSE,5465
37,52,"Hippocampus_L","Occipital_Mid_R",0.0181818181818182,0.0181818181818182,0,0,1,1,1,FALSE,5492
38,52,"Hippocampus_R","Occipital_Mid_R",0.0545454545454545,0.109090909090909,0.0545454545454545,0.0545454545454545,0.488966435220834,1,1,FALSE,1173
39,52,"ParaHippocampal_L","Occipital_Mid_R",0.0181818181818182,0,-0.0181818181818182,0.0181818181818182,1,1,1,FALSE,3570
40,52,"ParaHippocampal_R","Occipital_Mid_R",0.0181818181818182,0.0363636363636364,0.0181818181818182,0.0181818181818182,1,1,1,FALSE,3591
41,52,"Amygdala_L","Occipital_Mid_R",0,0,0,0,1,1,1,FALSE,5558
42,52,"Amygdala_R","Occipital_Mid_R",0,0,0,0,1,1,1,FALSE,5590
43,52,"Calcarine_L","Occipital_Mid_R",0.490909090909091,0.581818181818182,0.0909090909090909,0.0909090909090909,0.444563530981193,1,1,FALSE,1130
44,52,"Calcarine_R","Occipital_Mid_R",0.490909090909091,0.654545454545455,0.163636363636364,0.163636363636364,0.122680531454775,1,1,FALSE,289
45,52,"Cuneus_L","Occipital_Mid_R",0.472727272727273,0.472727272727273,0,0,1,1,1,FALSE,5662
46,52,"Cuneus_R","Occipital_Mid_R",0.509090909090909,0.4,-0.109090909090909,0.109090909090909,0.338408523062595,1,1,FALSE,838
47,52,"Lingual_L","Occipital_Mid_R",0.690909090909091,0.745454545454545,0.0545454545454546,0.0545454545454546,0.672067902061461,1,1,FALSE,1922
48,52,"Lingual_R","Occipital_Mid_R",0.636363636363636,0.690909090909091,0.0545454545454546,0.0545454545454546,0.686800021626334,1,1,FALSE,2031
49,52,"Occipital_Sup_L","Occipital_Mid_R",0.945454545454545,1,0.0545454545454546,0.0545454545454546,0.243119266055046,1,1,FALSE,519
50,52,"Occipital_Sup_R","Occipital_Mid_R",0.927272727272727,0.872727272727273,-0.0545454545454546,0.0545454545454546,0.526914472209385,1,1,FALSE,1511
51,52,"Occipital_Mid_L","Occipital_Mid_R",0.963636363636364,0.927272727272727,-0.0363636363636364,0.0363636363636364,0.678654107617496,1,1,FALSE,1927
1,53,"Precentral_L","Occipital_Inf_L",0.145454545454545,0.236363636363636,0.0909090909090909,0.0909090909090909,0.332035164028184,1,1,FALSE,819
2,53,"Precentral_R","Occipital_Inf_L",0.163636363636364,0.236363636363636,0.0727272727272727,0.0727272727272727,0.475179132592278,1,1,FALSE,1150
3,53,"Frontal_Sup_L","Occipital_Inf_L",0,0.0181818181818182,0.0181818181818182,0.0181818181818182,1,1,1,FALSE,2856
4,53,"Frontal_Sup_R","Occipital_Inf_L",0,0.0181818181818182,0.0181818181818182,0.0181818181818182,1,1,1,FALSE,2877
5,53,"Frontal_Sup_Orb_L","Occipital_Inf_L",0.0363636363636364,0.0181818181818182,-0.0181818181818182,0.0181818181818182,1,1,1,FALSE,2900
6,53,"Frontal_Sup_Orb_R","Occipital_Inf_L",0.0181818181818182,0,-0.0181818181818182,0.0181818181818182,1,1,1,FALSE,2924
7,53,"Frontal_Mid_L","Occipital_Inf_L",0.0181818181818182,0,-0.0181818181818182,0.0181818181818182,1,1,1,FALSE,2943
8,53,"Frontal_Mid_R","Occipital_Inf_L",0,0.0181818181818182,0.0181818181818182,0.0181818181818182,1,1,1,FALSE,2962
9,53,"Frontal_Mid_Orb_L","Occipital_Inf_L",0,0,0,0,1,1,1,FALSE,4530
10,53,"Frontal_Mid_Orb_R","Occipital_Inf_L",0,0,0,0,1,1,1,FALSE,4590
11,53,"Frontal_Inf_Oper_L","Occipital_Inf_L",0.0181818181818182,0.0363636363636364,0.0181818181818182,0.0181818181818182,1,1,1,FALSE,3029
12,53,"Frontal_Inf_Oper_R","Occipital_Inf_L",0.0181818181818182,0.0545454545454545,0.0363636363636364,0.0363636363636364,0.618022807167967,1,1,FALSE,1724
13,53,"Frontal_Inf_Tri_L","Occipital_Inf_L",0.0363636363636364,0,-0.0363636363636364,0.0363636363636364,0.495412844036697,1,1,FALSE,1255
14,53,"Frontal_Inf_Tri_R","Occipital_Inf_L",0.0545454545454545,0.0909090909090909,0.0363636363636364,0.0363636363636364,0.716092464011574,1,1,FALSE,2076
15,53,"Frontal_Inf_Orb_L","Occipital_Inf_L",0,0,0,0,1,1,1,FALSE,4795
16,53,"Frontal_Inf_Orb_R","Occipital_Inf_L",0,0.0181818181818182,0.0181818181818182,0.0181818181818182,1,1,1,FALSE,3161
17,53,"Rolandic_Oper_L","Occipital_Inf_L",0,0,0,0,1,1,1,FALSE,4867
18,53,"Rolandic_Oper_R","Occipital_Inf_L",0.0363636363636364,0.0181818181818182,-0.0181818181818182,0.0181818181818182,1,1,1,FALSE,3203
19,53,"Supp_Motor_Area_L","Occipital_Inf_L",0,0,0,0,1,1,1,FALSE,4945
20,53,"Supp_Motor_Area_R","Occipital_Inf_L",0.0363636363636364,0.0909090909090909,0.0545454545454545,0.0545454545454545,0.437644688330618,1,1,FALSE,1065
21,53,"Olfactory_L","Occipital_Inf_L",0.0181818181818182,0,-0.0181818181818182,0.0181818181818182,1,1,1,FALSE,3246
22,53,"Olfactory_R","Occipital_Inf_L",0.0181818181818182,0,-0.0181818181818182,0.0181818181818182,1,1,1,FALSE,3277
23,53,"Frontal_Sup_Medial_L","Occipital_Inf_L",0.0181818181818182,0.0181818181818182,0,0,1,1,1,FALSE,5071
24,53,"Frontal_Sup_Medial_R","Occipital_Inf_L",0.0363636363636364,0.0363636363636364,0,0,1,1,1,FALSE,5100
25,53,"Frontal_Med_Orb_L","Occipital_Inf_L",0,0,0,0,1,1,1,FALSE,5126
26,53,"Frontal_Med_Orb_R","Occipital_Inf_L",0.0181818181818182,0,-0.0181818181818182,0.0181818181818182,1,1,1,FALSE,3348
27,53,"Rectus_L","Occipital_Inf_L",0.0181818181818182,0,-0.0181818181818182,0.0181818181818182,1,1,1,FALSE,3371
28,53,"Rectus_R","Occipital_Inf_L",0.0181818181818182,0,-0.0181818181818182,0.0181818181818182,1,1,1,FALSE,3393
29,53,"Insula_L","Occipital_Inf_L",0.0363636363636364,0.0727272727272727,0.0363636363636364,0.0363636363636364,0.678654107617496,1,1,FALSE,1971
30,53,"Insula_R","Occipital_Inf_L",0,0.0363636363636364,0.0363636363636364,0.0363636363636364,0.495412844036697,1,1,FALSE,1336
31,53,"Cingulum_Ant_L","Occipital_Inf_L",0,0,0,0,1,1,1,FALSE,5311
32,53,"Cingulum_Ant_R","Occipital_Inf_L",0.0181818181818182,0,-0.0181818181818182,0.0181818181818182,1,1,1,FALSE,3468
33,53,"Cingulum_Mid_L","Occipital_Inf_L",0,0,0,0,1,1,1,FALSE,5370
34,53,"Cingulum_Mid_R","Occipital_Inf_L",0,0.0181818181818182,0.0181818181818182,0.0181818181818182,1,1,1,FALSE,3496
35,53,"Cingulum_Post_L","Occipital_Inf_L",0,0,0,0,1,1,1,FALSE,5419
36,53,"Cingulum_Post_R","Occipital_Inf_L",0.0181818181818182,0,-0.0181818181818182,0.0181818181818182,1,1,1,FALSE,3525
37,53,"Hippocampus_L","Occipital_Inf_L",0.109090909090909,0.0727272727272727,-0.0363636363636364,0.0363636363636364,0.741953348477847,1,1,FALSE,2165
38,53,"Hippocampus_R","Occipital_Inf_L",0.0727272727272727,0.127272727272727,0.0545454545454545,0.0545454545454545,0.526914472209385,1,1,FALSE,1531
39,53,"ParaHippocampal_L","Occipital_Inf_L",0.0363636363636364,0.0545454545454545,0.0181818181818182,0.0181818181818182,1,1,1,FALSE,3571
40,53,"ParaHippocampal_R","Occipital_Inf_L",0,0,0,0,1,1,1,FALSE,5533
41,53,"Amygdala_L","Occipital_Inf_L",0,0,0,0,1,1,1,FALSE,5559
42,53,"Amygdala_R","Occipital_Inf_L",0.0181818181818182,0.0363636363636364,0.0181818181818182,0.0181818181818182,1,1,1,FALSE,3622
43,53,"Calcarine_L","Occipital_Inf_L",0.181818181818182,0.2,0.0181818181818182,0.0181818181818182,1,1,1,FALSE,2588
44,53,"Calcarine_R","Occipital_Inf_L",0.127272727272727,0.218181818181818,0.0909090909090909,0.0909090909090909,0.313124011328227,1,1,FALSE,763
45,53,"Cuneus_L","Occipital_Inf_L",0.0909090909090909,0.0545454545454545,-0.0363636363636364,0.0363636363636364,0.716092464011574,1,1,FALSE,2113
46,53,"Cuneus_R","Occipital_Inf_L",0.0727272727272727,0.0727272727272727,0,0,1,1,1,FALSE,5683
47,53,"Lingual_L","Occipital_Inf_L",0.436363636363636,0.381818181818182,-0.0545454545454545,0.0545454545454545,0.698354095491981,1,1,FALSE,2047
48,53,"Lingual_R","Occipital_Inf_L",0.345454545454545,0.309090909090909,-0.0363636363636364,0.0363636363636364,0.839167578672983,1,1,FALSE,2384
49,53,"Occipital_Sup_L","Occipital_Inf_L",0.727272727272727,0.727272727272727,0,0,1,1,1,FALSE,5736
50,53,"Occipital_Sup_R","Occipital_Inf_L",0.436363636363636,0.290909090909091,-0.145454545454545,0.145454545454545,0.164939815076695,1,1,FALSE,368
51,53,"Occipital_Mid_L","Occipital_Inf_L",0.890909090909091,0.909090909090909,0.0181818181818182,0.0181818181818182,1,1,1,FALSE,2770
52,53,"Occipital_Mid_R","Occipital_Inf_L",0.8,0.854545454545454,0.0545454545454545,0.0545454545454545,0.614842856677542,1,1,FALSE,1701
1,54,"Precentral_L","Occipital_Inf_R",0.0181818181818182,0.0545454545454545,0.0363636363636364,0.0363636363636364,0.618022807167967,1,1,FALSE,1704
2,54,"Precentral_R","Occipital_Inf_R",0.109090909090909,0.0727272727272727,-0.0363636363636364,0.0363636363636364,0.741953348477847,1,1,FALSE,2140
3,54,"Frontal_Sup_L","Occipital_Inf_R",0,0.0363636363636364,0.0363636363636364,0.0363636363636364,0.495412844036697,1,1,FALSE,1208
4,54,"Frontal_Sup_R","Occipital_Inf_R",0,0.0181818181818182,0.0181818181818182,0.0181818181818182,1,1,1,FALSE,2878
5,54,"Frontal_Sup_Orb_L","Occipital_Inf_R",0.0181818181818182,0.0181818181818182,0,0,1,1,1,FALSE,4336
6,54,"Frontal_Sup_Orb_R","Occipital_Inf_R",0.0181818181818182,0,-0.0181818181818182,0.0181818181818182,1,1,1,FALSE,2925
7,54,"Frontal_Mid_L","Occipital_Inf_R",0,0,0,0,1,1,1,FALSE,4445
8,54,"Frontal_Mid_R","Occipital_Inf_R",0,0,0,0,1,1,1,FALSE,4489
9,54,"Frontal_Mid_Orb_L","Occipital_Inf_R",0,0,0,0,1,1,1,FALSE,4531
10,54,"Frontal_Mid_Orb_R","Occipital_Inf_R",0,0,0,0,1,1,1,FALSE,4591
11,54,"Frontal_Inf_Oper_L","Occipital_Inf_R",0,0,0,0,1,1,1,FALSE,4647
12,54,"Frontal_Inf_Oper_R","Occipital_Inf_R",0.0363636363636364,0.0181818181818182,-0.0181818181818182,0.0181818181818182,1,1,1,FALSE,3057
13,54,"Frontal_Inf_Tri_L","Occipital_Inf_R",0,0.0181818181818182,0.0181818181818182,0.0181818181818182,1,1,1,FALSE,3080
14,54,"Frontal_Inf_Tri_R","Occipital_Inf_R",0.0181818181818182,0,-0.0181818181818182,0.0181818181818182,1,1,1,FALSE,3105
15,54,"Frontal_Inf_Orb_L","Occipital_Inf_R",0,0,0,0,1,1,1,FALSE,4796
16,54,"Frontal_Inf_Orb_R","Occipital_Inf_R",0.0181818181818182,0,-0.0181818181818182,0.0181818181818182,1,1,1,FALSE,3162
17,54,"Rolandic_Oper_L","Occipital_Inf_R",0,0,0,0,1,1,1,FALSE,4868
18,54,"Rolandic_Oper_R","Occipital_Inf_R",0,0,0,0,1,1,1,FALSE,4902
19,54,"Supp_Motor_Area_L","Occipital_Inf_R",0,0.0181818181818182,0.0181818181818182,0.0181818181818182,1,1,1,FALSE,3223
20,54,"Supp_Motor_Area_R","Occipital_Inf_R",0.0363636363636364,0.0545454545454545,0.0181818181818182,0.0181818181818182,1,1,1,FALSE,3236
21,54,"Olfactory_L","Occipital_Inf_R",0,0,0,0,1,1,1,FALSE,4989
22,54,"Olfactory_R","Occipital_Inf_R",0,0,0,0,1,1,1,FALSE,5028
23,54,"Frontal_Sup_Medial_L","Occipital_Inf_R",0,0.0181818181818182,0.0181818181818182,0.0181818181818182,1,1,1,FALSE,3297
24,54,"Frontal_Sup_Medial_R","Occipital_Inf_R",0.0181818181818182,0.0363636363636364,0.0181818181818182,0.0181818181818182,1,1,1,FALSE,3316
25,54,"Frontal_Med_Orb_L","Occipital_Inf_R",0.0363636363636364,0.0363636363636364,0,0,1,1,1,FALSE,5127
26,54,"Frontal_Med_Orb_R","Occipital_Inf_R",0,0.0363636363636364,0.0363636363636364,0.0363636363636364,0.495412844036697,1,1,FALSE,1320
27,54,"Rectus_L","Occipital_Inf_R",0.0363636363636364,0,-0.0363636363636364,0.0363636363636364,0.495412844036697,1,1,FALSE,1326
28,54,"Rectus_R","Occipital_Inf_R",0.0181818181818182,0.0181818181818182,0,0,1,1,1,FALSE,5231
29,54,"Insula_L","Occipital_Inf_R",0.0363636363636364,0.0181818181818182,-0.0181818181818182,0.0181818181818182,1,1,1,FALSE,3413
30,54,"Insula_R","Occipital_Inf_R",0.0363636363636364,0.0181818181818182,-0.0181818181818182,0.0181818181818182,1,1,1,FALSE,3429
31,54,"Cingulum_Ant_L","Occipital_Inf_R",0,0,0,0,1,1,1,FALSE,5312
32,54,"Cingulum_Ant_R","Occipital_Inf_R",0.0363636363636364,0,-0.0363636363636364,0.0363636363636364,0.495412844036697,1,1,FALSE,1339
33,54,"Cingulum_Mid_L","Occipital_Inf_R",0,0.0363636363636364,0.0363636363636364,0.0363636363636364,0.495412844036697,1,1,FALSE,1343
34,54,"Cingulum_Mid_R","Occipital_Inf_R",0,0.0181818181818182,0.0181818181818182,0.0181818181818182,1,1,1,FALSE,3497
35,54,"Cingulum_Post_L","Occipital_Inf_R",0,0,0,0,1,1,1,FALSE,5420
36,54,"Cingulum_Post_R","Occipital_Inf_R",0,0,0,0,1,1,1,FALSE,5466
37,54,"Hippocampus_L","Occipital_Inf_R",0.0181818181818182,0.0181818181818182,0,0,1,1,1,FALSE,5493
38,54,"Hippocampus_R","Occipital_Inf_R",0.0727272727272727,0.0545454545454545,-0.0181818181818182,0.0181818181818182,1,1,1,FALSE,3557
39,54,"ParaHippocampal_L","Occipital_Inf_R",0,0,0,0,1,1,1,FALSE,5517
40,54,"ParaHippocampal_R","Occipital_Inf_R",0,0.0181818181818182,0.0181818181818182,0.0181818181818182,1,1,1,FALSE,3592
41,54,"Amygdala_L","Occipital_Inf_R",0,0,0,0,1,1,1,FALSE,5560
42,54,"Amygdala_R","Occipital_Inf_R",0,0,0,0,1,1,1,FALSE,5591
43,54,"Calcarine_L","Occipital_Inf_R",0.254545454545455,0.345454545454545,0.0909090909090909,0.0909090909090909,0.4055060701556,1,1,FALSE,1010
44,54,"Calcarine_R","Occipital_Inf_R",0.290909090909091,0.272727272727273,-0.0181818181818182,0.0181818181818182,1,1,1,FALSE,2451
45,54,"Cuneus_L","Occipital_Inf_R",0.181818181818182,0.109090909090909,-0.0727272727272727,0.0727272727272727,0.417989271601529,1,1,FALSE,1025
46,54,"Cuneus_R","Occipital_Inf_R",0.163636363636364,0.0363636363636364,-0.127272727272727,0.127272727272727,0.0524018387542443,1,1,FALSE,107
47,54,"Lingual_L","Occipital_Inf_R",0.6,0.690909090909091,0.0909090909090909,0.0909090909090909,0.42551401227077,1,1,FALSE,1038
48,54,"Lingual_R","Occipital_Inf_R",0.509090909090909,0.581818181818182,0.0727272727272728,0.0727272727272728,0.565883540031019,1,1,FALSE,1633
49,54,"Occipital_Sup_L","Occipital_Inf_R",0.4,0.545454545454545,0.145454545454545,0.145454545454545,0.181032859657516,1,1,FALSE,388
50,54,"Occipital_Sup_R","Occipital_Inf_R",0.490909090909091,0.527272727272727,0.0363636363636363,0.0363636363636363,0.848858645282306,1,1,FALSE,2438
51,54,"Occipital_Mid_L","Occipital_Inf_R",0.654545454545455,0.581818181818182,-0.0727272727272728,0.0727272727272728,0.556289374075352,1,1,FALSE,1613
52,54,"Occipital_Mid_R","Occipital_Inf_R",0.872727272727273,0.854545454545454,-0.0181818181818182,0.0181818181818182,1,1,1,FALSE,2771
53,54,"Occipital_Inf_L","Occipital_Inf_R",0.781818181818182,0.818181818181818,0.0363636363636364,0.0363636363636364,0.812066798143123,1,1,FALSE,2322
1,55,"Precentral_L","Fusiform_L",0.218181818181818,0.2,-0.0181818181818182,0.0181818181818182,1,1,1,FALSE,4186
2,55,"Precentral_R","Fusiform_L",0.181818181818182,0.0909090909090909,-0.0909090909090909,0.0909090909090909,0.266166492306464,1,1,FALSE,669
3,55,"Frontal_Sup_L","Fusiform_L",0.0181818181818182,0.0545454545454545,0.0363636363636364,0.0363636363636364,0.618022807167967,1,1,FALSE,1709
4,55,"Frontal_Sup_R","Fusiform_L",0,0.0363636363636364,0.0363636363636364,0.0363636363636364,0.495412844036697,1,1,FALSE,1216
5,55,"Frontal_Sup_Orb_L","Fusiform_L",0.0181818181818182,0.0181818181818182,0,0,1,1,1,FALSE,4337
6,55,"Frontal_Sup_Orb_R","Fusiform_L",0.0181818181818182,0.0181818181818182,0,0,1,1,1,FALSE,4389
7,55,"Frontal_Mid_L","Fusiform_L",0.0181818181818182,0,-0.0181818181818182,0.0181818181818182,1,1,1,FALSE,2944
8,55,"Frontal_Mid_R","Fusiform_L",0,0,0,0,1,1,1,FALSE,4490
9,55,"Frontal_Mid_Orb_L","Fusiform_L",0.0545454545454545,0.0181818181818182,-0.0363636363636364,0.0363636363636364,0.618022807167967,1,1,FALSE,1720
10,55,"Frontal_Mid_Orb_R","Fusiform_L",0,0,0,0,1,1,1,FALSE,4592
11,55,"Frontal_Inf_Oper_L","Fusiform_L",0.0909090909090909,0.0363636363636364,-0.0545454545454545,0.0545454545454545,0.437644688330618,1,1,FALSE,1060
12,55,"Frontal_Inf_Oper_R","Fusiform_L",0.0181818181818182,0.0363636363636364,0.0181818181818182,0.0181818181818182,1,1,1,FALSE,3058
13,55,"Frontal_Inf_Tri_L","Fusiform_L",0.109090909090909,0.0727272727272727,-0.0363636363636364,0.0363636363636364,0.741953348477847,1,1,FALSE,2149
14,55,"Frontal_Inf_Tri_R","Fusiform_L",0.0909090909090909,0.0545454545454545,-0.0363636363636364,0.0363636363636364,0.716092464011574,1,1,FALSE,2077
15,55,"Frontal_Inf_Orb_L","Fusiform_L",0.0363636363636364,0.163636363636364,0.127272727272727,0.127272727272727,0.0524018387542443,1,1,FALSE,104
16,55,"Frontal_Inf_Orb_R","Fusiform_L",0.0363636363636364,0.0909090909090909,0.0545454545454545,0.0545454545454545,0.437644688330618,1,1,FALSE,1064
17,55,"Rolandic_Oper_L","Fusiform_L",0.0363636363636364,0.0181818181818182,-0.0181818181818182,0.0181818181818182,1,1,1,FALSE,3181
18,55,"Rolandic_Oper_R","Fusiform_L",0.0545454545454545,0,-0.0545454545454545,0.0545454545454545,0.243119266055046,1,1,FALSE,550
19,55,"Supp_Motor_Area_L","Fusiform_L",0.0181818181818182,0.0545454545454545,0.0363636363636364,0.0363636363636364,0.618022807167967,1,1,FALSE,1745
20,55,"Supp_Motor_Area_R","Fusiform_L",0.0545454545454545,0.0909090909090909,0.0363636363636364,0.0363636363636364,0.716092464011574,1,1,FALSE,2089
21,55,"Olfactory_L","Fusiform_L",0.0363636363636364,0.0545454545454545,0.0181818181818182,0.0181818181818182,1,1,1,FALSE,3247
22,55,"Olfactory_R","Fusiform_L",0,0.0181818181818182,0.0181818181818182,0.0181818181818182,1,1,1,FALSE,3278
23,55,"Frontal_Sup_Medial_L","Fusiform_L",0.0545454545454545,0.0181818181818182,-0.0363636363636364,0.0363636363636364,0.618022807167967,1,1,FALSE,1756
24,55,"Frontal_Sup_Medial_R","Fusiform_L",0.109090909090909,0,-0.109090909090909,0.109090909090909,0.0270697321198908,1,1,FALSE,58
25,55,"Frontal_Med_Orb_L","Fusiform_L",0.0909090909090909,0.0909090909090909,0,0,1,1,1,FALSE,2630
26,55,"Frontal_Med_Orb_R","Fusiform_L",0.0909090909090909,0.109090909090909,0.0181818181818182,0.0181818181818182,1,1,1,FALSE,4156
27,55,"Rectus_L","Fusiform_L",0.0909090909090909,0.0727272727272727,-0.0181818181818182,0.0181818181818182,1,1,1,FALSE,2718
28,55,"Rectus_R","Fusiform_L",0.0727272727272727,0.0363636363636364,-0.0363636363636364,0.0363636363636364,0.678654107617496,1,1,FALSE,1969
29,55,"Insula_L","Fusiform_L",0.0727272727272727,0.0181818181818182,-0.0545454545454545,0.0545454545454545,0.363371345279945,1,1,FALSE,926
30,55,"Insula_R","Fusiform_L",0.0545454545454545,0.0181818181818182,-0.0363636363636364,0.0363636363636364,0.618022807167967,1,1,FALSE,1780
31,55,"Cingulum_Ant_L","Fusiform_L",0.0181818181818182,0,-0.0181818181818182,0.0181818181818182,1,1,1,FALSE,3450
32,55,"Cingulum_Ant_R","Fusiform_L",0.0181818181818182,0,-0.0181818181818182,0.0181818181818182,1,1,1,FALSE,3469
33,55,"Cingulum_Mid_L","Fusiform_L",0,0.0181818181818182,0.0181818181818182,0.0181818181818182,1,1,1,FALSE,3482
34,55,"Cingulum_Mid_R","Fusiform_L",0.0363636363636364,0.0181818181818182,-0.0181818181818182,0.0181818181818182,1,1,1,FALSE,3498
35,55,"Cingulum_Post_L","Fusiform_L",0,0.0181818181818182,0.0181818181818182,0.0181818181818182,1,1,1,FALSE,3511
36,55,"Cingulum_Post_R","Fusiform_L",0,0.0181818181818182,0.0181818181818182,0.0181818181818182,1,1,1,FALSE,3526
37,55,"Hippocampus_L","Fusiform_L",0.454545454545455,0.418181818181818,-0.0363636363636364,0.0363636363636364,0.847666976673362,1,1,FALSE,2419
38,55,"Hippocampus_R","Fusiform_L",0.509090909090909,0.672727272727273,0.163636363636364,0.163636363636364,0.120373244182717,1,1,FALSE,287
39,55,"ParaHippocampal_L","Fusiform_L",0.527272727272727,0.654545454545455,0.127272727272727,0.127272727272727,0.244489387093407,1,1,FALSE,634
40,55,"ParaHippocampal_R","Fusiform_L",0.109090909090909,0.218181818181818,0.109090909090909,0.109090909090909,0.196671123649544,1,1,FALSE,406
41,55,"Amygdala_L","Fusiform_L",0.0909090909090909,0.163636363636364,0.0727272727272727,0.0727272727272727,0.391585309984995,1,1,FALSE,993
42,55,"Amygdala_R","Fusiform_L",0.127272727272727,0.0727272727272727,-0.0545454545454545,0.0545454545454545,0.526914472209385,1,1,FALSE,1536
43,55,"Calcarine_L","Fusiform_L",0.290909090909091,0.272727272727273,-0.0181818181818182,0.0181818181818182,1,1,1,FALSE,2450
44,55,"Calcarine_R","Fusiform_L",0.290909090909091,0.327272727272727,0.0363636363636364,0.0363636363636364,0.836749046021449,1,1,FALSE,2377
45,55,"Cuneus_L","Fusiform_L",0.145454545454545,0.127272727272727,-0.0181818181818182,0.0181818181818182,1,1,1,FALSE,2755
46,55,"Cuneus_R","Fusiform_L",0.145454545454545,0.127272727272727,-0.0181818181818182,0.0181818181818182,1,1,1,FALSE,2758
47,55,"Lingual_L","Fusiform_L",0.527272727272727,0.454545454545455,-0.0727272727272727,0.0727272727272727,0.567423019256256,1,1,FALSE,1648
48,55,"Lingual_R","Fusiform_L",0.490909090909091,0.472727272727273,-0.0181818181818182,0.0181818181818182,1,1,1,FALSE,2592
49,55,"Occipital_Sup_L","Fusiform_L",0.545454545454545,0.509090909090909,-0.0363636363636364,0.0363636363636364,0.848661974684105,1,1,FALSE,2433
50,55,"Occipital_Sup_R","Fusiform_L",0.290909090909091,0.218181818181818,-0.0727272727272727,0.0727272727272727,0.511878601663095,1,1,FALSE,1502
51,55,"Occipital_Mid_L","Fusiform_L",0.836363636363636,0.8,-0.0363636363636363,0.0363636363636363,0.805305180298538,1,1,FALSE,2296
52,55,"Occipital_Mid_R","Fusiform_L",0.545454545454545,0.6,0.0545454545454546,0.0545454545454546,0.700094360325682,1,1,FALSE,2055
53,55,"Occipital_Inf_L","Fusiform_L",0.745454545454545,0.745454545454545,0,0,1,1,1,FALSE,2549
54,55,"Occipital_Inf_R","Fusiform_L",0.345454545454545,0.327272727272727,-0.0181818181818182,0.0181818181818182,1,1,1,FALSE,2457
1,56,"Precentral_L","Fusiform_R",0.109090909090909,0.0727272727272727,-0.0363636363636364,0.0363636363636364,0.741953348477847,1,1,FALSE,2136
2,56,"Precentral_R","Fusiform_R",0.309090909090909,0.0909090909090909,-0.218181818181818,0.218181818181818,0.0077372654554684,1,1,FALSE,19
3,56,"Frontal_Sup_L","Fusiform_R",0,0.0363636363636364,0.0363636363636364,0.0363636363636364,0.495412844036697,1,1,FALSE,1209
4,56,"Frontal_Sup_R","Fusiform_R",0,0.0363636363636364,0.0363636363636364,0.0363636363636364,0.495412844036697,1,1,FALSE,1217
5,56,"Frontal_Sup_Orb_L","Fusiform_R",0,0,0,0,1,1,1,FALSE,4338
6,56,"Frontal_Sup_Orb_R","Fusiform_R",0.0363636363636364,0.0181818181818182,-0.0181818181818182,0.0181818181818182,1,1,1,FALSE,2926
7,56,"Frontal_Mid_L","Fusiform_R",0,0,0,0,1,1,1,FALSE,4446
8,56,"Frontal_Mid_R","Fusiform_R",0.0181818181818182,0,-0.0181818181818182,0.0181818181818182,1,1,1,FALSE,2963
9,56,"Frontal_Mid_Orb_L","Fusiform_R",0,0,0,0,1,1,1,FALSE,4532
10,56,"Frontal_Mid_Orb_R","Fusiform_R",0,0,0,0,1,1,1,FALSE,4593
11,56,"Frontal_Inf_Oper_L","Fusiform_R",0.0363636363636364,0,-0.0363636363636364,0.0363636363636364,0.495412844036697,1,1,FALSE,1247
12,56,"Frontal_Inf_Oper_R","Fusiform_R",0.0181818181818182,0.0181818181818182,0,0,1,1,1,FALSE,4684
13,56,"Frontal_Inf_Tri_L","Fusiform_R",0,0,0,0,1,1,1,FALSE,4726
14,56,"Frontal_Inf_Tri_R","Fusiform_R",0.0727272727272727,0.0181818181818182,-0.0545454545454545,0.0545454545454545,0.363371345279945,1,1,FALSE,910
15,56,"Frontal_Inf_Orb_L","Fusiform_R",0.0363636363636364,0.0181818181818182,-0.0181818181818182,0.0181818181818182,1,1,1,FALSE,3127
16,56,"Frontal_Inf_Orb_R","Fusiform_R",0,0.0181818181818182,0.0181818181818182,0.0181818181818182,1,1,1,FALSE,3163
17,56,"Rolandic_Oper_L","Fusiform_R",0.0363636363636364,0,-0.0363636363636364,0.0363636363636364,0.495412844036697,1,1,FALSE,1276
18,56,"Rolandic_Oper_R","Fusiform_R",0.145454545454545,0.0181818181818182,-0.127272727272727,0.127272727272727,0.0315827415384641,1,1,FALSE,75
19,56,"Supp_Motor_Area_L","Fusiform_R",0.0181818181818182,0.0181818181818182,0,0,1,1,1,FALSE,4946
20,56,"Supp_Motor_Area_R","Fusiform_R",0.145454545454545,0.0909090909090909,-0.0545454545454545,0.0545454545454545,0.556268985477779,1,1,FALSE,1590
21,56,"Olfactory_L","Fusiform_R",0.0545454545454545,0.0363636363636364,-0.0181818181818182,0.0181818181818182,1,1,1,FALSE,3248
22,56,"Olfactory_R","Fusiform_R",0.0909090909090909,0.0363636363636364,-0.0545454545454545,0.0545454545454545,0.437644688330618,1,1,FALSE,1066
23,56,"Frontal_Sup_Medial_L","Fusiform_R",0,0.0363636363636364,0.0363636363636364,0.0363636363636364,0.495412844036697,1,1,FALSE,1299
24,56,"Frontal_Sup_Medial_R","Fusiform_R",0.0545454545454545,0.0363636363636364,-0.0181818181818182,0.0181818181818182,1,1,1,FALSE,3317
25,56,"Frontal_Med_Orb_L","Fusiform_R",0.0545454545454545,0.0545454545454545,0,0,1,1,1,FALSE,5128
26,56,"Frontal_Med_Orb_R","Fusiform_R",0.0727272727272727,0.145454545454545,0.0727272727272727,0.0727272727272727,0.359662012889472,1,1,FALSE,867
27,56,"Rectus_L","Fusiform_R",0.0363636363636364,0.0181818181818182,-0.0181818181818182,0.0181818181818182,1,1,1,FALSE,3372
28,56,"Rectus_R","Fusiform_R",0.0727272727272727,0.0181818181818182,-0.0545454545454545,0.0545454545454545,0.363371345279945,1,1,FALSE,924
29,56,"Insula_L","Fusiform_R",0.127272727272727,0.145454545454545,0.0181818181818182,0.0181818181818182,1,1,1,FALSE,2722
30,56,"Insula_R","Fusiform_R",0.145454545454545,0.0727272727272727,-0.0727272727272727,0.0727272727272727,0.359662012889472,1,1,FALSE,868
31,56,"Cingulum_Ant_L","Fusiform_R",0.0181818181818182,0,-0.0181818181818182,0.0181818181818182,1,1,1,FALSE,3451
32,56,"Cingulum_Ant_R","Fusiform_R",0.0545454545454545,0.0181818181818182,-0.0363636363636364,0.0363636363636364,0.618022807167967,1,1,FALSE,1790
33,56,"Cingulum_Mid_L","Fusiform_R",0.0181818181818182,0.0181818181818182,0,0,1,1,1,FALSE,5371
34,56,"Cingulum_Mid_R","Fusiform_R",0.0363636363636364,0.0545454545454545,0.0181818181818182,0.0181818181818182,1,1,1,FALSE,3499
35,56,"Cingulum_Post_L","Fusiform_R",0,0,0,0,1,1,1,FALSE,5421
36,56,"Cingulum_Post_R","Fusiform_R",0,0,0,0,1,1,1,FALSE,5467
37,56,"Hippocampus_L","Fusiform_R",0.418181818181818,0.345454545454545,-0.0727272727272727,0.0727272727272727,0.556289374075352,1,1,FALSE,1609
38,56,"Hippocampus_R","Fusiform_R",0.490909090909091,0.472727272727273,-0.0181818181818182,0.0181818181818182,1,1,1,FALSE,2585
39,56,"ParaHippocampal_L","Fusiform_R",0.381818181818182,0.381818181818182,0,0,1,1,1,FALSE,2644
40,56,"ParaHippocampal_R","Fusiform_R",0.2,0.327272727272727,0.127272727272727,0.127272727272727,0.193700866273564,1,1,FALSE,398
41,56,"Amygdala_L","Fusiform_R",0.0909090909090909,0.127272727272727,0.0363636363636363,0.0363636363636363,0.761067915257265,1,1,FALSE,2215
42,56,"Amygdala_R","Fusiform_R",0.181818181818182,0.127272727272727,-0.0545454545454546,0.0545454545454546,0.598884497995648,1,1,FALSE,1686
43,56,"Calcarine_L","Fusiform_R",0.745454545454545,0.872727272727273,0.127272727272727,0.127272727272727,0.144378341082457,1,1,FALSE,325
44,56,"Calcarine_R","Fusiform_R",0.854545454545454,0.927272727272727,0.0727272727272728,0.0727272727272728,0.359662012889472,1,1,FALSE,855
45,56,"Cuneus_L","Fusiform_R",0.636363636363636,0.636363636363636,0,0,1,1,1,FALSE,5663
46,56,"Cuneus_R","Fusiform_R",0.563636363636364,0.527272727272727,-0.0363636363636364,0.0363636363636364,0.848266319715959,1,1,FALSE,2428
47,56,"Lingual_L","Fusiform_R",0.981818181818182,0.981818181818182,0,0,1,1,1,FALSE,5703
48,56,"Lingual_R","Fusiform_R",0.963636363636364,0.981818181818182,0.0181818181818182,0.0181818181818182,1,1,1,FALSE,2762
49,56,"Occipital_Sup_L","Fusiform_R",0.8,0.745454545454545,-0.0545454545454546,0.0545454545454546,0.649667697687963,1,1,FALSE,1892
50,56,"Occipital_Sup_R","Fusiform_R",0.836363636363636,0.836363636363636,0,0,1,1,1,FALSE,2462
51,56,"Occipital_Mid_L","Fusiform_R",0.781818181818182,0.672727272727273,-0.109090909090909,0.109090909090909,0.284368293516084,1,1,FALSE,726
52,56,"Occipital_Mid_R","Fusiform_R",0.909090909090909,0.763636363636364,-0.145454545454545,0.145454545454545,0.0691274847633676,1,1,FALSE,160
53,56,"Occipital_Inf_L","Fusiform_R",0.545454545454545,0.472727272727273,-0.0727272727272727,0.0727272727272727,0.567423019256256,1,1,FALSE,1649
54,56,"Occipital_Inf_R","Fusiform_R",0.636363636363636,0.654545454545455,0.0181818181818182,0.0181818181818182,1,1,1,FALSE,2494
55,56,"Fusiform_L","Fusiform_R",0.890909090909091,0.854545454545454,-0.0363636363636364,0.0363636363636364,0.775847219468156,1,1,FALSE,2238
1,57,"Precentral_L","Postcentral_L",0.690909090909091,0.636363636363636,-0.0545454545454546,0.0545454545454546,0.686800021626334,1,1,FALSE,2030
2,57,"Precentral_R","Postcentral_L",0.509090909090909,0.472727272727273,-0.0363636363636363,0.0363636363636363,0.848858645282306,1,1,FALSE,2436
3,57,"Frontal_Sup_L","Postcentral_L",0.0545454545454545,0,-0.0545454545454545,0.0545454545454545,0.243119266055046,1,1,FALSE,524
4,57,"Frontal_Sup_R","Postcentral_L",0.0363636363636364,0.0363636363636364,0,0,1,1,1,FALSE,4307
5,57,"Frontal_Sup_Orb_L","Postcentral_L",0,0,0,0,1,1,1,FALSE,4339
6,57,"Frontal_Sup_Orb_R","Postcentral_L",0,0,0,0,1,1,1,FALSE,4390
7,57,"Frontal_Mid_L","Postcentral_L",0.0181818181818182,0.0181818181818182,0,0,1,1,1,FALSE,4447
8,57,"Frontal_Mid_R","Postcentral_L",0.0181818181818182,0.0181818181818182,0,0,1,1,1,FALSE,4491
9,57,"Frontal_Mid_Orb_L","Postcentral_L",0.0181818181818182,0,-0.0181818181818182,0.0181818181818182,1,1,1,FALSE,2986
10,57,"Frontal_Mid_Orb_R","Postcentral_L",0,0,0,0,1,1,1,FALSE,4594
11,57,"Frontal_Inf_Oper_L","Postcentral_L",0.0545454545454545,0.0181818181818182,-0.0363636363636364,0.0363636363636364,0.618022807167967,1,1,FALSE,1723
12,57,"Frontal_Inf_Oper_R","Postcentral_L",0,0.0363636363636364,0.0363636363636364,0.0363636363636364,0.495412844036697,1,1,FALSE,1251
13,57,"Frontal_Inf_Tri_L","Postcentral_L",0.0545454545454545,0.0181818181818182,-0.0363636363636364,0.0363636363636364,0.618022807167967,1,1,FALSE,1725
14,57,"Frontal_Inf_Tri_R","Postcentral_L",0,0.0363636363636364,0.0363636363636364,0.0363636363636364,0.495412844036697,1,1,FALSE,1262
15,57,"Frontal_Inf_Orb_L","Postcentral_L",0,0.0181818181818182,0.0181818181818182,0.0181818181818182,1,1,1,FALSE,3128
16,57,"Frontal_Inf_Orb_R","Postcentral_L",0,0.0363636363636364,0.0363636363636364,0.0363636363636364,0.495412844036697,1,1,FALSE,1271
17,57,"Rolandic_Oper_L","Postcentral_L",0.672727272727273,0.672727272727273,0,0,1,1,1,FALSE,4869
18,57,"Rolandic_Oper_R","Postcentral_L",0.381818181818182,0.272727272727273,-0.109090909090909,0.109090909090909,0.309644052483336,1,1,FALSE,754
19,57,"Supp_Motor_Area_L","Postcentral_L",0.0909090909090909,0.0545454545454545,-0.0363636363636364,0.0363636363636364,0.716092464011574,1,1,FALSE,2086
20,57,"Supp_Motor_Area_R","Postcentral_L",0.436363636363636,0.4,-0.0363636363636363,0.0363636363636363,0.846856694634391,1,1,FALSE,2413
21,57,"Olfactory_L","Postcentral_L",0.0181818181818182,0,-0.0181818181818182,0.0181818181818182,1,1,1,FALSE,3249
22,57,"Olfactory_R","Postcentral_L",0,0,0,0,1,1,1,FALSE,5029
23,57,"Frontal_Sup_Medial_L","Postcentral_L",0.0363636363636364,0.0181818181818182,-0.0181818181818182,0.0181818181818182,1,1,1,FALSE,3298
24,57,"Frontal_Sup_Medial_R","Postcentral_L",0.0181818181818182,0.0363636363636364,0.0181818181818182,0.0181818181818182,1,1,1,FALSE,3318
25,57,"Frontal_Med_Orb_L","Postcentral_L",0.0363636363636364,0,-0.0363636363636364,0.0363636363636364,0.495412844036697,1,1,FALSE,1314
26,57,"Frontal_Med_Orb_R","Postcentral_L",0.0363636363636364,0,-0.0363636363636364,0.0363636363636364,0.495412844036697,1,1,FALSE,1321
27,57,"Rectus_L","Postcentral_L",0.0181818181818182,0.0181818181818182,0,0,1,1,1,FALSE,5193
28,57,"Rectus_R","Postcentral_L",0.0181818181818182,0.0181818181818182,0,0,1,1,1,FALSE,5232
29,57,"Insula_L","Postcentral_L",0.0545454545454545,0.0545454545454545,0,0,1,1,1,FALSE,5271
30,57,"Insula_R","Postcentral_L",0.0545454545454545,0.109090909090909,0.0545454545454545,0.0545454545454545,0.488966435220834,1,1,FALSE,1171
31,57,"Cingulum_Ant_L","Postcentral_L",0,0.0363636363636364,0.0363636363636364,0.0363636363636364,0.495412844036697,1,1,FALSE,1337
32,57,"Cingulum_Ant_R","Postcentral_L",0.0181818181818182,0.0181818181818182,0,0,1,1,1,FALSE,5340
33,57,"Cingulum_Mid_L","Postcentral_L",0.272727272727273,0.218181818181818,-0.0545454545454545,0.0545454545454545,0.658205207576239,1,1,FALSE,1908
34,57,"Cingulum_Mid_R","Postcentral_L",0.236363636363636,0.127272727272727,-0.109090909090909,0.109090909090909,0.215866654585591,1,1,FALSE,472
35,57,"Cingulum_Post_L","Postcentral_L",0,0,0,0,1,1,1,FALSE,5422
36,57,"Cingulum_Post_R","Postcentral_L",0,0,0,0,1,1,1,FALSE,5468
37,57,"Hippocampus_L","Postcentral_L",0.0727272727272727,0.0181818181818182,-0.0545454545454545,0.0545454545454545,0.363371345279945,1,1,FALSE,937
38,57,"Hippocampus_R","Postcentral_L",0.0363636363636364,0.0909090909090909,0.0545454545454545,0.0545454545454545,0.437644688330618,1,1,FALSE,1077
39,57,"ParaHippocampal_L","Postcentral_L",0.0545454545454545,0.0363636363636364,-0.0181818181818182,0.0181818181818182,1,1,1,FALSE,3572
40,57,"ParaHippocampal_R","Postcentral_L",0,0,0,0,1,1,1,FALSE,5534
41,57,"Amygdala_L","Postcentral_L",0.0727272727272727,0.0181818181818182,-0.0545454545454545,0.0545454545454545,0.363371345279945,1,1,FALSE,940
42,57,"Amygdala_R","Postcentral_L",0.0181818181818182,0.0727272727272727,0.0545454545454545,0.0545454545454545,0.363371345279945,1,1,FALSE,943
43,57,"Calcarine_L","Postcentral_L",0.0909090909090909,0.0545454545454545,-0.0363636363636364,0.0363636363636364,0.716092464011574,1,1,FALSE,2110
44,57,"Calcarine_R","Postcentral_L",0.0727272727272727,0.0727272727272727,0,0,1,1,1,FALSE,5640
45,57,"Cuneus_L","Postcentral_L",0.0909090909090909,0.0181818181818182,-0.0727272727272727,0.0727272727272727,0.20572996411117,1,1,FALSE,453
46,57,"Cuneus_R","Postcentral_L",0.0727272727272727,0.0181818181818182,-0.0545454545454545,0.0545454545454545,0.363371345279945,1,1,FALSE,946
47,57,"Lingual_L","Postcentral_L",0.181818181818182,0.0363636363636364,-0.145454545454545,0.145454545454545,0.0286888203891284,1,1,FALSE,68
48,57,"Lingual_R","Postcentral_L",0.127272727272727,0.109090909090909,-0.0181818181818182,0.0181818181818182,1,1,1,FALSE,2525
49,57,"Occipital_Sup_L","Postcentral_L",0.0545454545454545,0,-0.0545454545454545,0.0545454545454545,0.243119266055046,1,1,FALSE,581
50,57,"Occipital_Sup_R","Postcentral_L",0.0545454545454545,0.0181818181818182,-0.0363636363636364,0.0363636363636364,0.618022807167967,1,1,FALSE,1816
51,57,"Occipital_Mid_L","Postcentral_L",0.127272727272727,0.0545454545454545,-0.0727272727272727,0.0727272727272727,0.320308493049491,1,1,FALSE,794
52,57,"Occipital_Mid_R","Postcentral_L",0.0363636363636364,0.0545454545454545,0.0181818181818182,0.0181818181818182,1,1,1,FALSE,3734
53,57,"Occipital_Inf_L","Postcentral_L",0.109090909090909,0.0545454545454545,-0.0545454545454545,0.0545454545454545,0.488966435220834,1,1,FALSE,1180
54,57,"Occipital_Inf_R","Postcentral_L",0.0727272727272727,0.0363636363636364,-0.0363636363636364,0.0363636363636364,0.678654107617496,1,1,FALSE,1999
55,57,"Fusiform_L","Postcentral_L",0.0909090909090909,0.0363636363636364,-0.0545454545454545,0.0545454545454545,0.437644688330618,1,1,FALSE,1088
56,57,"Fusiform_R","Postcentral_L",0.0727272727272727,0.0181818181818182,-0.0545454545454545,0.0545454545454545,0.363371345279945,1,1,FALSE,955
1,58,"Precentral_L","Postcentral_R",0.563636363636364,0.436363636363636,-0.127272727272727,0.127272727272727,0.25247159885001,1,1,FALSE,658
2,58,"Precentral_R","Postcentral_R",0.636363636363636,0.727272727272727,0.0909090909090909,0.0909090909090909,0.413114166796256,1,1,FALSE,1014
3,58,"Frontal_Sup_L","Postcentral_R",0.0181818181818182,0,-0.0181818181818182,0.0181818181818182,1,1,1,FALSE,2857
4,58,"Frontal_Sup_R","Postcentral_R",0.109090909090909,0.0363636363636364,-0.0727272727272727,0.0727272727272727,0.270576022922045,1,1,FALSE,685
5,58,"Frontal_Sup_Orb_L","Postcentral_R",0,0,0,0,1,1,1,FALSE,4340
6,58,"Frontal_Sup_Orb_R","Postcentral_R",0,0,0,0,1,1,1,FALSE,4391
7,58,"Frontal_Mid_L","Postcentral_R",0.0181818181818182,0,-0.0181818181818182,0.0181818181818182,1,1,1,FALSE,2945
8,58,"Frontal_Mid_R","Postcentral_R",0,0,0,0,1,1,1,FALSE,4492
9,58,"Frontal_Mid_Orb_L","Postcentral_R",0,0.0181818181818182,0.0181818181818182,0.0181818181818182,1,1,1,FALSE,2987
10,58,"Frontal_Mid_Orb_R","Postcentral_R",0,0,0,0,1,1,1,FALSE,4595
11,58,"Frontal_Inf_Oper_L","Postcentral_R",0.0363636363636364,0.0181818181818182,-0.0181818181818182,0.0181818181818182,1,1,1,FALSE,3030
12,58,"Frontal_Inf_Oper_R","Postcentral_R",0,0.0727272727272727,0.0727272727272727,0.0727272727272727,0.118151419017406,1,1,FALSE,241
13,58,"Frontal_Inf_Tri_L","Postcentral_R",0.0363636363636364,0,-0.0363636363636364,0.0363636363636364,0.495412844036697,1,1,FALSE,1256
14,58,"Frontal_Inf_Tri_R","Postcentral_R",0.0181818181818182,0.0181818181818182,0,0,1,1,1,FALSE,4764
15,58,"Frontal_Inf_Orb_L","Postcentral_R",0.0181818181818182,0.0545454545454545,0.0363636363636364,0.0363636363636364,0.618022807167967,1,1,FALSE,1735
16,58,"Frontal_Inf_Orb_R","Postcentral_R",0.0181818181818182,0.0181818181818182,0,0,1,1,1,FALSE,4827
17,58,"Rolandic_Oper_L","Postcentral_R",0.527272727272727,0.454545454545455,-0.0727272727272727,0.0727272727272727,0.567423019256256,1,1,FALSE,1645
18,58,"Rolandic_Oper_R","Postcentral_R",0.472727272727273,0.418181818181818,-0.0545454545454546,0.0545454545454546,0.70142727427979,1,1,FALSE,2058
19,58,"Supp_Motor_Area_L","Postcentral_R",0.127272727272727,0.0545454545454545,-0.0727272727272727,0.0727272727272727,0.320308493049491,1,1,FALSE,780
20,58,"Supp_Motor_Area_R","Postcentral_R",0.636363636363636,0.6,-0.0363636363636364,0.0363636363636364,0.844559971809837,1,1,FALSE,2402
21,58,"Olfactory_L","Postcentral_R",0,0.0181818181818182,0.0181818181818182,0.0181818181818182,1,1,1,FALSE,3250
22,58,"Olfactory_R","Postcentral_R",0,0,0,0,1,1,1,FALSE,5030
23,58,"Frontal_Sup_Medial_L","Postcentral_R",0.0181818181818182,0.0181818181818182,0,0,1,1,1,FALSE,5072
24,58,"Frontal_Sup_Medial_R","Postcentral_R",0.0727272727272727,0.109090909090909,0.0363636363636364,0.0363636363636364,0.741953348477847,1,1,FALSE,2157
25,58,"Frontal_Med_Orb_L","Postcentral_R",0.0545454545454545,0,-0.0545454545454545,0.0545454545454545,0.243119266055046,1,1,FALSE,558
26,58,"Frontal_Med_Orb_R","Postcentral_R",0.0363636363636364,0.0363636363636364,0,0,1,1,1,FALSE,5162
27,58,"Rectus_L","Postcentral_R",0,0.0181818181818182,0.0181818181818182,0.0181818181818182,1,1,1,FALSE,3373
28,58,"Rectus_R","Postcentral_R",0,0.0363636363636364,0.0363636363636364,0.0363636363636364,0.495412844036697,1,1,FALSE,1331
29,58,"Insula_L","Postcentral_R",0.0181818181818182,0.0181818181818182,0,0,1,1,1,FALSE,5272
30,58,"Insula_R","Postcentral_R",0.0909090909090909,0.127272727272727,0.0363636363636363,0.0363636363636363,0.761067915257265,1,1,FALSE,2207
31,58,"Cingulum_Ant_L","Postcentral_R",0.0181818181818182,0.0181818181818182,0,0,1,1,1,FALSE,5313
32,58,"Cingulum_Ant_R","Postcentral_R",0.0181818181818182,0.0181818181818182,0,0,1,1,1,FALSE,5341
33,58,"Cingulum_Mid_L","Postcentral_R",0.327272727272727,0.218181818181818,-0.109090909090909,0.109090909090909,0.284368293516084,1,1,FALSE,722
34,58,"Cingulum_Mid_R","Postcentral_R",0.181818181818182,0.181818181818182,0,0,1,1,1,FALSE,5396
35,58,"Cingulum_Post_L","Postcentral_R",0,0,0,0,1,1,1,FALSE,5423
36,58,"Cingulum_Post_R","Postcentral_R",0,0.0181818181818182,0.0181818181818182,0.0181818181818182,1,1,1,FALSE,3527
37,58,"Hippocampus_L","Postcentral_R",0.0727272727272727,0.0545454545454545,-0.0181818181818182,0.0181818181818182,1,1,1,FALSE,3546
38,58,"Hippocampus_R","Postcentral_R",0.0727272727272727,0.181818181818182,0.109090909090909,0.109090909090909,0.150781180042215,1,1,FALSE,337
39,58,"ParaHippocampal_L","Postcentral_R",0.0363636363636364,0.0545454545454545,0.0181818181818182,0.0181818181818182,1,1,1,FALSE,3573
40,58,"ParaHippocampal_R","Postcentral_R",0.0363636363636364,0.0181818181818182,-0.0181818181818182,0.0181818181818182,1,1,1,FALSE,3593
41,58,"Amygdala_L","Postcentral_R",0.0363636363636364,0.0363636363636364,0,0,1,1,1,FALSE,5561
42,58,"Amygdala_R","Postcentral_R",0.0545454545454545,0.127272727272727,0.0727272727272727,0.0727272727272727,0.320308493049491,1,1,FALSE,790
43,58,"Calcarine_L","Postcentral_R",0.0363636363636364,0.0363636363636364,0,0,1,1,1,FALSE,5611
44,58,"Calcarine_R","Postcentral_R",0.0363636363636364,0.0727272727272727,0.0363636363636364,0.0363636363636364,0.678654107617496,1,1,FALSE,1993
45,58,"Cuneus_L","Postcentral_R",0.0909090909090909,0,-0.0909090909090909,0.0909090909090909,0.0568464374517706,1,1,FALSE,129
46,58,"Cuneus_R","Postcentral_R",0.0363636363636364,0,-0.0363636363636364,0.0363636363636364,0.495412844036697,1,1,FALSE,1379
47,58,"Lingual_L","Postcentral_R",0.109090909090909,0,-0.109090909090909,0.109090909090909,0.0270697321198908,1,1,FALSE,61
48,58,"Lingual_R","Postcentral_R",0.109090909090909,0.127272727272727,0.0181818181818182,0.0181818181818182,1,1,1,FALSE,2526
49,58,"Occipital_Sup_L","Postcentral_R",0.0545454545454545,0.0363636363636364,-0.0181818181818182,0.0181818181818182,1,1,1,FALSE,3706
50,58,"Occipital_Sup_R","Postcentral_R",0.0909090909090909,0.0181818181818182,-0.0727272727272727,0.0727272727272727,0.20572996411117,1,1,FALSE,456
51,58,"Occipital_Mid_L","Postcentral_R",0.181818181818182,0.0727272727272727,-0.109090909090909,0.109090909090909,0.150781180042215,1,1,FALSE,339
52,58,"Occipital_Mid_R","Postcentral_R",0.0545454545454545,0.0909090909090909,0.0363636363636364,0.0363636363636364,0.716092464011574,1,1,FALSE,2117
53,58,"Occipital_Inf_L","Postcentral_R",0.0545454545454545,0.0545454545454545,0,0,1,1,1,FALSE,5812
54,58,"Occipital_Inf_R","Postcentral_R",0.0727272727272727,0.0545454545454545,-0.0181818181818182,0.0181818181818182,1,1,1,FALSE,3763
55,58,"Fusiform_L","Postcentral_R",0.0909090909090909,0.0727272727272727,-0.0181818181818182,0.0181818181818182,1,1,1,FALSE,2778
56,58,"Fusiform_R","Postcentral_R",0.109090909090909,0.0727272727272727,-0.0363636363636364,0.0363636363636364,0.741953348477847,1,1,FALSE,2176
57,58,"Postcentral_L","Postcentral_R",0.963636363636364,0.981818181818182,0.0181818181818182,0.0181818181818182,1,1,1,FALSE,2782
1,59,"Precentral_L","Parietal_Sup_L",0.872727272727273,0.709090909090909,-0.163636363636364,0.163636363636364,0.0591947944868677,1,1,FALSE,145
2,59,"Precentral_R","Parietal_Sup_L",0.636363636363636,0.436363636363636,-0.2,0.2,0.055381587373491,1,1,FALSE,112
3,59,"Frontal_Sup_L","Parietal_Sup_L",0.290909090909091,0.218181818181818,-0.0727272727272727,0.0727272727272727,0.511878601663095,1,1,FALSE,1497
4,59,"Frontal_Sup_R","Parietal_Sup_L",0.0545454545454545,0,-0.0545454545454545,0.0545454545454545,0.243119266055046,1,1,FALSE,525
5,59,"Frontal_Sup_Orb_L","Parietal_Sup_L",0.0909090909090909,0.0727272727272727,-0.0181818181818182,0.0181818181818182,1,1,1,FALSE,2679
6,59,"Frontal_Sup_Orb_R","Parietal_Sup_L",0,0.0363636363636364,0.0363636363636364,0.0363636363636364,0.495412844036697,1,1,FALSE,1228
7,59,"Frontal_Mid_L","Parietal_Sup_L",0.2,0.218181818181818,0.0181818181818182,0.0181818181818182,1,1,1,FALSE,4188
8,59,"Frontal_Mid_R","Parietal_Sup_L",0.0363636363636364,0.0909090909090909,0.0545454545454545,0.0545454545454545,0.437644688330618,1,1,FALSE,1057
9,59,"Frontal_Mid_Orb_L","Parietal_Sup_L",0.0545454545454545,0.0363636363636364,-0.0181818181818182,0.0181818181818182,1,1,1,FALSE,2988
10,59,"Frontal_Mid_Orb_R","Parietal_Sup_L",0,0.0363636363636364,0.0363636363636364,0.0363636363636364,0.495412844036697,1,1,FALSE,1245
11,59,"Frontal_Inf_Oper_L","Parietal_Sup_L",0.145454545454545,0.0909090909090909,-0.0545454545454545,0.0545454545454545,0.556268985477779,1,1,FALSE,1584
12,59,"Frontal_Inf_Oper_R","Parietal_Sup_L",0.0363636363636364,0.0181818181818182,-0.0181818181818182,0.0181818181818182,1,1,1,FALSE,3059
13,59,"Frontal_Inf_Tri_L","Parietal_Sup_L",0.236363636363636,0.2,-0.0363636363636363,0.0363636363636363,0.817827202797741,1,1,FALSE,2329
14,59,"Frontal_Inf_Tri_R","Parietal_Sup_L",0.0181818181818182,0.0363636363636364,0.0181818181818182,0.0181818181818182,1,1,1,FALSE,3106
15,59,"Frontal_Inf_Orb_L","Parietal_Sup_L",0,0.0909090909090909,0.0909090909090909,0.0909090909090909,0.0568464374517706,1,1,FALSE,121
16,59,"Frontal_Inf_Orb_R","Parietal_Sup_L",0,0.0181818181818182,0.0181818181818182,0.0181818181818182,1,1,1,FALSE,3164
17,59,"Rolandic_Oper_L","Parietal_Sup_L",0.0545454545454545,0.0363636363636364,-0.0181818181818182,0.0181818181818182,1,1,1,FALSE,3182
18,59,"Rolandic_Oper_R","Parietal_Sup_L",0.0181818181818182,0.0181818181818182,0,0,1,1,1,FALSE,4903
19,59,"Supp_Motor_Area_L","Parietal_Sup_L",0.127272727272727,0.0363636363636364,-0.0909090909090909,0.0909090909090909,0.16138081677265,1,1,FALSE,357
20,59,"Supp_Motor_Area_R","Parietal_Sup_L",0.2,0.218181818181818,0.0181818181818182,0.0181818181818182,1,1,1,FALSE,4194
21,59,"Olfactory_L","Parietal_Sup_L",0,0,0,0,1,1,1,FALSE,4990
22,59,"Olfactory_R","Parietal_Sup_L",0,0,0,0,1,1,1,FALSE,5031
23,59,"Frontal_Sup_Medial_L","Parietal_Sup_L",0.0363636363636364,0.0181818181818182,-0.0181818181818182,0.0181818181818182,1,1,1,FALSE,3299
24,59,"Frontal_Sup_Medial_R","Parietal_Sup_L",0.0181818181818182,0.0181818181818182,0,0,1,1,1,FALSE,5101
25,59,"Frontal_Med_Orb_L","Parietal_Sup_L",0,0.0181818181818182,0.0181818181818182,0.0181818181818182,1,1,1,FALSE,3333
26,59,"Frontal_Med_Orb_R","Parietal_Sup_L",0,0,0,0,1,1,1,FALSE,5163
27,59,"Rectus_L","Parietal_Sup_L",0.0181818181818182,0,-0.0181818181818182,0.0181818181818182,1,1,1,FALSE,3374
28,59,"Rectus_R","Parietal_Sup_L",0.0181818181818182,0,-0.0181818181818182,0.0181818181818182,1,1,1,FALSE,3394
29,59,"Insula_L","Parietal_Sup_L",0.0181818181818182,0.0363636363636364,0.0181818181818182,0.0181818181818182,1,1,1,FALSE,3414
30,59,"Insula_R","Parietal_Sup_L",0,0.0181818181818182,0.0181818181818182,0.0181818181818182,1,1,1,FALSE,3430
31,59,"Cingulum_Ant_L","Parietal_Sup_L",0,0,0,0,1,1,1,FALSE,5314
32,59,"Cingulum_Ant_R","Parietal_Sup_L",0,0.0181818181818182,0.0181818181818182,0.0181818181818182,1,1,1,FALSE,3470
33,59,"Cingulum_Mid_L","Parietal_Sup_L",0.0545454545454545,0.127272727272727,0.0727272727272727,0.0727272727272727,0.320308493049491,1,1,FALSE,786
34,59,"Cingulum_Mid_R","Parietal_Sup_L",0.127272727272727,0.0727272727272727,-0.0545454545454545,0.0545454545454545,0.526914472209385,1,1,FALSE,1528
35,59,"Cingulum_Post_L","Parietal_Sup_L",0,0,0,0,1,1,1,FALSE,5424
36,59,"Cingulum_Post_R","Parietal_Sup_L",0.0545454545454545,0.0363636363636364,-0.0181818181818182,0.0181818181818182,1,1,1,FALSE,3528
37,59,"Hippocampus_L","Parietal_Sup_L",0,0.0363636363636364,0.0363636363636364,0.0363636363636364,0.495412844036697,1,1,FALSE,1351
38,59,"Hippocampus_R","Parietal_Sup_L",0,0.0363636363636364,0.0363636363636364,0.0363636363636364,0.495412844036697,1,1,FALSE,1355
39,59,"ParaHippocampal_L","Parietal_Sup_L",0,0,0,0,1,1,1,FALSE,5518
40,59,"ParaHippocampal_R","Parietal_Sup_L",0,0.0181818181818182,0.0181818181818182,0.0181818181818182,1,1,1,FALSE,3594
41,59,"Amygdala_L","Parietal_Sup_L",0.0181818181818182,0.0181818181818182,0,0,1,1,1,FALSE,5562
42,59,"Amygdala_R","Parietal_Sup_L",0.0181818181818182,0,-0.0181818181818182,0.0181818181818182,1,1,1,FALSE,3623
43,59,"Calcarine_L","Parietal_Sup_L",0.145454545454545,0.0545454545454545,-0.0909090909090909,0.0909090909090909,0.202247933529552,1,1,FALSE,422
44,59,"Calcarine_R","Parietal_Sup_L",0.0909090909090909,0.0545454545454545,-0.0363636363636364,0.0363636363636364,0.716092464011574,1,1,FALSE,2112
45,59,"Cuneus_L","Parietal_Sup_L",0.163636363636364,0.0545454545454545,-0.109090909090909,0.109090909090909,0.123540893849592,1,1,FALSE,300
46,59,"Cuneus_R","Parietal_Sup_L",0.181818181818182,0.127272727272727,-0.0545454545454546,0.0545454545454546,0.598884497995648,1,1,FALSE,1687
47,59,"Lingual_L","Parietal_Sup_L",0.181818181818182,0.0727272727272727,-0.109090909090909,0.109090909090909,0.150781180042215,1,1,FALSE,338
48,59,"Lingual_R","Parietal_Sup_L",0.181818181818182,0.163636363636364,-0.0181818181818182,0.0181818181818182,1,1,1,FALSE,2763
49,59,"Occipital_Sup_L","Parietal_Sup_L",0.690909090909091,0.563636363636364,-0.127272727272727,0.127272727272727,0.236607050976407,1,1,FALSE,494
50,59,"Occipital_Sup_R","Parietal_Sup_L",0.309090909090909,0.218181818181818,-0.0909090909090909,0.0909090909090909,0.386965645395776,1,1,FALSE,980
51,59,"Occipital_Mid_L","Parietal_Sup_L",0.436363636363636,0.381818181818182,-0.0545454545454545,0.0545454545454545,0.698354095491981,1,1,FALSE,2048
52,59,"Occipital_Mid_R","Parietal_Sup_L",0.345454545454545,0.327272727272727,-0.0181818181818182,0.0181818181818182,1,1,1,FALSE,2455
53,59,"Occipital_Inf_L","Parietal_Sup_L",0.454545454545455,0.418181818181818,-0.0363636363636364,0.0363636363636364,0.847666976673362,1,1,FALSE,2421
54,59,"Occipital_Inf_R","Parietal_Sup_L",0.0909090909090909,0.109090909090909,0.0181818181818182,0.0181818181818182,1,1,1,FALSE,4173
55,59,"Fusiform_L","Parietal_Sup_L",0.290909090909091,0.145454545454545,-0.145454545454545,0.145454545454545,0.104903275447173,1,1,FALSE,203
56,59,"Fusiform_R","Parietal_Sup_L",0.236363636363636,0.109090909090909,-0.127272727272727,0.127272727272727,0.128740272503646,1,1,FALSE,317
57,59,"Postcentral_L","Parietal_Sup_L",0.254545454545455,0.254545454545455,0,0,1,1,1,FALSE,2551
58,59,"Postcentral_R","Parietal_Sup_L",0.163636363636364,0.163636363636364,0,0,1,1,1,FALSE,2653
1,60,"Precentral_L","Parietal_Sup_R",0.309090909090909,0.381818181818182,0.0727272727272728,0.0727272727272728,0.547790716156379,1,1,FALSE,1568
2,60,"Precentral_R","Parietal_Sup_R",0.727272727272727,0.690909090909091,-0.0363636363636364,0.0363636363636364,0.833958431423525,1,1,FALSE,2371
3,60,"Frontal_Sup_L","Parietal_Sup_R",0.0181818181818182,0.0363636363636364,0.0181818181818182,0.0181818181818182,1,1,1,FALSE,2858
4,60,"Frontal_Sup_R","Parietal_Sup_R",0.0545454545454545,0.0545454545454545,0,0,1,1,1,FALSE,4308
5,60,"Frontal_Sup_Orb_L","Parietal_Sup_R",0,0.0181818181818182,0.0181818181818182,0.0181818181818182,1,1,1,FALSE,2901
6,60,"Frontal_Sup_Orb_R","Parietal_Sup_R",0,0.0181818181818182,0.0181818181818182,0.0181818181818182,1,1,1,FALSE,2927
7,60,"Frontal_Mid_L","Parietal_Sup_R",0.0363636363636364,0.0181818181818182,-0.0181818181818182,0.0181818181818182,1,1,1,FALSE,2946
8,60,"Frontal_Mid_R","Parietal_Sup_R",0.145454545454545,0.109090909090909,-0.0363636363636364,0.0363636363636364,0.775847219468156,1,1,FALSE,2246
9,60,"Frontal_Mid_Orb_L","Parietal_Sup_R",0,0,0,0,1,1,1,FALSE,4533
10,60,"Frontal_Mid_Orb_R","Parietal_Sup_R",0.0181818181818182,0.0363636363636364,0.0181818181818182,0.0181818181818182,1,1,1,FALSE,3008
11,60,"Frontal_Inf_Oper_L","Parietal_Sup_R",0.0363636363636364,0,-0.0363636363636364,0.0363636363636364,0.495412844036697,1,1,FALSE,1248
12,60,"Frontal_Inf_Oper_R","Parietal_Sup_R",0.0545454545454545,0.0363636363636364,-0.0181818181818182,0.0181818181818182,1,1,1,FALSE,3060
13,60,"Frontal_Inf_Tri_L","Parietal_Sup_R",0.0181818181818182,0.0181818181818182,0,0,1,1,1,FALSE,4727
14,60,"Frontal_Inf_Tri_R","Parietal_Sup_R",0.0545454545454545,0.0363636363636364,-0.0181818181818182,0.0181818181818182,1,1,1,FALSE,3107
15,60,"Frontal_Inf_Orb_L","Parietal_Sup_R",0,0.0363636363636364,0.0363636363636364,0.0363636363636364,0.495412844036697,1,1,FALSE,1267
16,60,"Frontal_Inf_Orb_R","Parietal_Sup_R",0.0181818181818182,0.0181818181818182,0,0,1,1,1,FALSE,4828
17,60,"Rolandic_Oper_L","Parietal_Sup_R",0.0363636363636364,0,-0.0363636363636364,0.0363636363636364,0.495412844036697,1,1,FALSE,1277
18,60,"Rolandic_Oper_R","Parietal_Sup_R",0.0363636363636364,0.0363636363636364,0,0,1,1,1,FALSE,4904
19,60,"Supp_Motor_Area_L","Parietal_Sup_R",0.0545454545454545,0,-0.0545454545454545,0.0545454545454545,0.243119266055046,1,1,FALSE,551
20,60,"Supp_Motor_Area_R","Parietal_Sup_R",0.163636363636364,0.181818181818182,0.0181818181818182,0.0181818181818182,1,1,1,FALSE,2706
21,60,"Olfactory_L","Parietal_Sup_R",0,0,0,0,1,1,1,FALSE,4991
22,60,"Olfactory_R","Parietal_Sup_R",0,0,0,0,1,1,1,FALSE,5032
23,60,"Frontal_Sup_Medial_L","Parietal_Sup_R",0,0.0363636363636364,0.0363636363636364,0.0363636363636364,0.495412844036697,1,1,FALSE,1300
24,60,"Frontal_Sup_Medial_R","Parietal_Sup_R",0.0545454545454545,0.0181818181818182,-0.0363636363636364,0.0363636363636364,0.618022807167967,1,1,FALSE,1760
25,60,"Frontal_Med_Orb_L","Parietal_Sup_R",0.0181818181818182,0.0181818181818182,0,0,1,1,1,FALSE,5129
26,60,"Frontal_Med_Orb_R","Parietal_Sup_R",0.0363636363636364,0.0181818181818182,-0.0181818181818182,0.0181818181818182,1,1,1,FALSE,3349
27,60,"Rectus_L","Parietal_Sup_R",0.0181818181818182,0,-0.0181818181818182,0.0181818181818182,1,1,1,FALSE,3375
28,60,"Rectus_R","Parietal_Sup_R",0.0181818181818182,0,-0.0181818181818182,0.0181818181818182,1,1,1,FALSE,3395
29,60,"Insula_L","Parietal_Sup_R",0.0181818181818182,0.0181818181818182,0,0,1,1,1,FALSE,5273
30,60,"Insula_R","Parietal_Sup_R",0.0181818181818182,0.0181818181818182,0,0,1,1,1,FALSE,5289
31,60,"Cingulum_Ant_L","Parietal_Sup_R",0,0,0,0,1,1,1,FALSE,5315
32,60,"Cingulum_Ant_R","Parietal_Sup_R",0.0181818181818182,0,-0.0181818181818182,0.0181818181818182,1,1,1,FALSE,3471
33,60,"Cingulum_Mid_L","Parietal_Sup_R",0.127272727272727,0.0727272727272727,-0.0545454545454545,0.0545454545454545,0.526914472209385,1,1,FALSE,1526
34,60,"Cingulum_Mid_R","Parietal_Sup_R",0.0727272727272727,0.0545454545454545,-0.0181818181818182,0.0181818181818182,1,1,1,FALSE,3500
35,60,"Cingulum_Post_L","Parietal_Sup_R",0,0,0,0,1,1,1,FALSE,5425
36,60,"Cingulum_Post_R","Parietal_Sup_R",0.0181818181818182,0,-0.0181818181818182,0.0181818181818182,1,1,1,FALSE,3529
37,60,"Hippocampus_L","Parietal_Sup_R",0,0,0,0,1,1,1,FALSE,5494
38,60,"Hippocampus_R","Parietal_Sup_R",0,0.0545454545454545,0.0545454545454545,0.0545454545454545,0.243119266055046,1,1,FALSE,568
39,60,"ParaHippocampal_L","Parietal_Sup_R",0.0363636363636364,0,-0.0363636363636364,0.0363636363636364,0.495412844036697,1,1,FALSE,1357
40,60,"ParaHippocampal_R","Parietal_Sup_R",0,0,0,0,1,1,1,FALSE,5535
41,60,"Amygdala_L","Parietal_Sup_R",0.0181818181818182,0,-0.0181818181818182,0.0181818181818182,1,1,1,FALSE,3609
42,60,"Amygdala_R","Parietal_Sup_R",0,0.0181818181818182,0.0181818181818182,0.0181818181818182,1,1,1,FALSE,3624
43,60,"Calcarine_L","Parietal_Sup_R",0.0909090909090909,0.0727272727272727,-0.0181818181818182,0.0181818181818182,1,1,1,FALSE,2752
44,60,"Calcarine_R","Parietal_Sup_R",0.127272727272727,0.127272727272727,0,0,1,1,1,FALSE,2547
45,60,"Cuneus_L","Parietal_Sup_R",0.254545454545455,0.0545454545454545,-0.2,0.2,0.00692158571324097,1,1,FALSE,18
46,60,"Cuneus_R","Parietal_Sup_R",0.2,0.163636363636364,-0.0363636363636364,0.0363636363636364,0.805305180298538,1,1,FALSE,2304
47,60,"Lingual_L","Parietal_Sup_R",0.254545454545455,0.145454545454545,-0.109090909090909,0.109090909090909,0.232935493483811,1,1,FALSE,491
48,60,"Lingual_R","Parietal_Sup_R",0.236363636363636,0.109090909090909,-0.127272727272727,0.127272727272727,0.128740272503646,1,1,FALSE,316
49,60,"Occipital_Sup_L","Parietal_Sup_R",0.618181818181818,0.363636363636364,-0.254545454545455,0.254545454545455,0.0128040028673112,1,1,FALSE,33
50,60,"Occipital_Sup_R","Parietal_Sup_R",0.545454545454545,0.345454545454545,-0.2,0.2,0.0545538182448068,1,1,FALSE,111
51,60,"Occipital_Mid_L","Parietal_Sup_R",0.418181818181818,0.345454545454545,-0.0727272727272727,0.0727272727272727,0.556289374075352,1,1,FALSE,1610
52,60,"Occipital_Mid_R","Parietal_Sup_R",0.581818181818182,0.509090909090909,-0.0727272727272728,0.0727272727272728,0.565883540031019,1,1,FALSE,1634
53,60,"Occipital_Inf_L","Parietal_Sup_R",0.418181818181818,0.363636363636364,-0.0545454545454545,0.0545454545454545,0.696185399446499,1,1,FALSE,2044
54,60,"Occipital_Inf_R","Parietal_Sup_R",0.0909090909090909,0.163636363636364,0.0727272727272727,0.0727272727272727,0.391585309984995,1,1,FALSE,995
55,60,"Fusiform_L","Parietal_Sup_R",0.2,0.2,0,0,1,1,1,FALSE,2550
56,60,"Fusiform_R","Parietal_Sup_R",0.363636363636364,0.2,-0.163636363636364,0.163636363636364,0.0891151936210092,1,1,FALSE,190
57,60,"Postcentral_L","Parietal_Sup_R",0.163636363636364,0.145454545454545,-0.0181818181818182,0.0181818181818182,1,1,1,FALSE,2497
58,60,"Postcentral_R","Parietal_Sup_R",0.254545454545455,0.327272727272727,0.0727272727272728,0.0727272727272728,0.529223317330229,1,1,FALSE,1552
59,60,"Parietal_Sup_L","Parietal_Sup_R",0.963636363636364,0.945454545454545,-0.0181818181818182,0.0181818181818182,1,1,1,FALSE,2599
1,61,"Precentral_L","Parietal_Inf_L",0.8,0.690909090909091,-0.109090909090909,0.109090909090909,0.27367249901379,1,1,FALSE,718
2,61,"Precentral_R","Parietal_Inf_L",0.454545454545455,0.345454545454545,-0.109090909090909,0.109090909090909,0.330543246178152,1,1,FALSE,813
3,61,"Frontal_Sup_L","Parietal_Inf_L",0.4,0.272727272727273,-0.127272727272727,0.127272727272727,0.225749365202591,1,1,FALSE,482
4,61,"Frontal_Sup_R","Parietal_Inf_L",0.109090909090909,0.0363636363636364,-0.0727272727272727,0.0727272727272727,0.270576022922045,1,1,FALSE,686
5,61,"Frontal_Sup_Orb_L","Parietal_Inf_L",0.127272727272727,0.127272727272727,0,0,1,1,1,FALSE,2538
6,61,"Frontal_Sup_Orb_R","Parietal_Inf_L",0.0181818181818182,0,-0.0181818181818182,0.0181818181818182,1,1,1,FALSE,2928
7,61,"Frontal_Mid_L","Parietal_Inf_L",0.654545454545455,0.490909090909091,-0.163636363636364,0.163636363636364,0.122680531454775,1,1,FALSE,288
8,61,"Frontal_Mid_R","Parietal_Inf_L",0.181818181818182,0.127272727272727,-0.0545454545454546,0.0545454545454546,0.598884497995648,1,1,FALSE,1678
9,61,"Frontal_Mid_Orb_L","Parietal_Inf_L",0.2,0.109090909090909,-0.0909090909090909,0.0909090909090909,0.291362613125644,1,1,FALSE,729
10,61,"Frontal_Mid_Orb_R","Parietal_Inf_L",0.0545454545454545,0.0363636363636364,-0.0181818181818182,0.0181818181818182,1,1,1,FALSE,3009
11,61,"Frontal_Inf_Oper_L","Parietal_Inf_L",0.236363636363636,0.272727272727273,0.0363636363636363,0.0363636363636363,0.827043599014482,1,1,FALSE,2353
12,61,"Frontal_Inf_Oper_R","Parietal_Inf_L",0.145454545454545,0.0909090909090909,-0.0545454545454545,0.0545454545454545,0.556268985477779,1,1,FALSE,1585
13,61,"Frontal_Inf_Tri_L","Parietal_Inf_L",0.490909090909091,0.581818181818182,0.0909090909090909,0.0909090909090909,0.444563530981193,1,1,FALSE,1128
14,61,"Frontal_Inf_Tri_R","Parietal_Inf_L",0.218181818181818,0.345454545454545,0.127272727272727,0.127272727272727,0.20314538994466,1,1,FALSE,431
15,61,"Frontal_Inf_Orb_L","Parietal_Inf_L",0.0727272727272727,0.0909090909090909,0.0181818181818182,0.0181818181818182,1,1,1,FALSE,2700
16,61,"Frontal_Inf_Orb_R","Parietal_Inf_L",0.0181818181818182,0.0909090909090909,0.0727272727272727,0.0727272727272727,0.20572996411117,1,1,FALSE,439
17,61,"Rolandic_Oper_L","Parietal_Inf_L",0.0909090909090909,0.0727272727272727,-0.0181818181818182,0.0181818181818182,1,1,1,FALSE,2702
18,61,"Rolandic_Oper_R","Parietal_Inf_L",0.0545454545454545,0.109090909090909,0.0545454545454545,0.0545454545454545,0.488966435220834,1,1,FALSE,1164
19,61,"Supp_Motor_Area_L","Parietal_Inf_L",0.181818181818182,0.145454545454545,-0.0363636363636364,0.0363636363636364,0.797285714040811,1,1,FALSE,2281
20,61,"Supp_Motor_Area_R","Parietal_Inf_L",0.218181818181818,0.181818181818182,-0.0363636363636363,0.0363636363636363,0.812066798143123,1,1,FALSE,2311
21,61,"Olfactory_L","Parietal_Inf_L",0,0,0,0,1,1,1,FALSE,4992
22,61,"Olfactory_R","Parietal_Inf_L",0,0,0,0,1,1,1,FALSE,5033
23,61,"Frontal_Sup_Medial_L","Parietal_Inf_L",0,0.0181818181818182,0.0181818181818182,0.0181818181818182,1,1,1,FALSE,3300
24,61,"Frontal_Sup_Medial_R","Parietal_Inf_L",0.0363636363636364,0.0181818181818182,-0.0181818181818182,0.0181818181818182,1,1,1,FALSE,3319
25,61,"Frontal_Med_Orb_L","Parietal_Inf_L",0,0,0,0,1,1,1,FALSE,5130
26,61,"Frontal_Med_Orb_R","Parietal_Inf_L",0,0,0,0,1,1,1,FALSE,5164
27,61,"Rectus_L","Parietal_Inf_L",0.0181818181818182,0.0181818181818182,0,0,1,1,1,FALSE,5194
28,61,"Rectus_R","Parietal_Inf_L",0,0,0,0,1,1,1,FALSE,5233
29,61,"Insula_L","Parietal_Inf_L",0.127272727272727,0.109090909090909,-0.0181818181818182,0.0181818181818182,1,1,1,FALSE,2515
30,61,"Insula_R","Parietal_Inf_L",0.0181818181818182,0.0545454545454545,0.0363636363636364,0.0363636363636364,0.618022807167967,1,1,FALSE,1781
31,61,"Cingulum_Ant_L","Parietal_Inf_L",0,0,0,0,1,1,1,FALSE,5316
32,61,"Cingulum_Ant_R","Parietal_Inf_L",0,0,0,0,1,1,1,FALSE,5342
33,61,"Cingulum_Mid_L","Parietal_Inf_L",0.0909090909090909,0.109090909090909,0.0181818181818182,0.0181818181818182,1,1,1,FALSE,4159
34,61,"Cingulum_Mid_R","Parietal_Inf_L",0.218181818181818,0.163636363636364,-0.0545454545454545,0.0545454545454545,0.628309889660844,1,1,FALSE,1875
35,61,"Cingulum_Post_L","Parietal_Inf_L",0,0,0,0,1,1,1,FALSE,5426
36,61,"Cingulum_Post_R","Parietal_Inf_L",0,0.0181818181818182,0.0181818181818182,0.0181818181818182,1,1,1,FALSE,3530
37,61,"Hippocampus_L","Parietal_Inf_L",0.0363636363636364,0.0181818181818182,-0.0181818181818182,0.0181818181818182,1,1,1,FALSE,3547
38,61,"Hippocampus_R","Parietal_Inf_L",0.0181818181818182,0,-0.0181818181818182,0.0181818181818182,1,1,1,FALSE,3558
39,61,"ParaHippocampal_L","Parietal_Inf_L",0.0363636363636364,0,-0.0363636363636364,0.0363636363636364,0.495412844036697,1,1,FALSE,1358
40,61,"ParaHippocampal_R","Parietal_Inf_L",0,0,0,0,1,1,1,FALSE,5536
41,61,"Amygdala_L","Parietal_Inf_L",0.0181818181818182,0,-0.0181818181818182,0.0181818181818182,1,1,1,FALSE,3610
42,61,"Amygdala_R","Parietal_Inf_L",0.0363636363636364,0.0181818181818182,-0.0181818181818182,0.0181818181818182,1,1,1,FALSE,3625
43,61,"Calcarine_L","Parietal_Inf_L",0,0,0,0,1,1,1,FALSE,5612
44,61,"Calcarine_R","Parietal_Inf_L",0,0,0,0,1,1,1,FALSE,5641
45,61,"Cuneus_L","Parietal_Inf_L",0,0,0,0,1,1,1,FALSE,5664
46,61,"Cuneus_R","Parietal_Inf_L",0,0,0,0,1,1,1,FALSE,5684
47,61,"Lingual_L","Parietal_Inf_L",0,0.0181818181818182,0.0181818181818182,0.0181818181818182,1,1,1,FALSE,3686
48,61,"Lingual_R","Parietal_Inf_L",0,0,0,0,1,1,1,FALSE,5726
49,61,"Occipital_Sup_L","Parietal_Inf_L",0.145454545454545,0.0909090909090909,-0.0545454545454545,0.0545454545454545,0.556268985477779,1,1,FALSE,1599
50,61,"Occipital_Sup_R","Parietal_Inf_L",0,0.0181818181818182,0.0181818181818182,0.0181818181818182,1,1,1,FALSE,3713
51,61,"Occipital_Mid_L","Parietal_Inf_L",0.0909090909090909,0.0545454545454545,-0.0363636363636364,0.0363636363636364,0.716092464011574,1,1,FALSE,2116
52,61,"Occipital_Mid_R","Parietal_Inf_L",0,0.0181818181818182,0.0181818181818182,0.0181818181818182,1,1,1,FALSE,3735
53,61,"Occipital_Inf_L","Parietal_Inf_L",0.109090909090909,0.0909090909090909,-0.0181818181818182,0.0181818181818182,1,1,1,FALSE,4169
54,61,"Occipital_Inf_R","Parietal_Inf_L",0,0.0181818181818182,0.0181818181818182,0.0181818181818182,1,1,1,FALSE,3764
55,61,"Fusiform_L","Parietal_Inf_L",0.0545454545454545,0.0181818181818182,-0.0363636363636364,0.0363636363636364,0.618022807167967,1,1,FALSE,1821
56,61,"Fusiform_R","Parietal_Inf_L",0,0,0,0,1,1,1,FALSE,5859
57,61,"Postcentral_L","Parietal_Inf_L",0.109090909090909,0.0909090909090909,-0.0181818181818182,0.0181818181818182,1,1,1,FALSE,4174
58,61,"Postcentral_R","Parietal_Inf_L",0.0727272727272727,0.109090909090909,0.0363636363636364,0.0363636363636364,0.741953348477847,1,1,FALSE,2178
59,61,"Parietal_Sup_L","Parietal_Inf_L",0.854545454545454,0.854545454545454,0,0,1,1,1,FALSE,5899
60,61,"Parietal_Sup_R","Parietal_Inf_L",0.327272727272727,0.254545454545455,-0.0727272727272728,0.0727272727272728,0.529223317330229,1,1,FALSE,1553
1,62,"Precentral_L","Parietal_Inf_R",0.236363636363636,0.345454545454545,0.109090909090909,0.109090909090909,0.293858798315081,1,1,FALSE,741
2,62,"Precentral_R","Parietal_Inf_R",0.745454545454545,0.636363636363636,-0.109090909090909,0.109090909090909,0.302253330032413,1,1,FALSE,747
3,62,"Frontal_Sup_L","Parietal_Inf_R",0.0363636363636364,0.0181818181818182,-0.0181818181818182,0.0181818181818182,1,1,1,FALSE,2859
4,62,"Frontal_Sup_R","Parietal_Inf_R",0.145454545454545,0.0545454545454545,-0.0909090909090909,0.0909090909090909,0.202247933529552,1,1,FALSE,412
5,62,"Frontal_Sup_Orb_L","Parietal_Inf_R",0.0363636363636364,0.0181818181818182,-0.0181818181818182,0.0181818181818182,1,1,1,FALSE,2902
6,62,"Frontal_Sup_Orb_R","Parietal_Inf_R",0.0545454545454545,0.0181818181818182,-0.0363636363636364,0.0363636363636364,0.618022807167967,1,1,FALSE,1716
7,62,"Frontal_Mid_L","Parietal_Inf_R",0.163636363636364,0.0909090909090909,-0.0727272727272727,0.0727272727272727,0.391585309984995,1,1,FALSE,986
8,62,"Frontal_Mid_R","Parietal_Inf_R",0.581818181818182,0.381818181818182,-0.2,0.2,0.0558790354038225,1,1,FALSE,117
9,62,"Frontal_Mid_Orb_L","Parietal_Inf_R",0.0727272727272727,0,-0.0727272727272727,0.0727272727272727,0.118151419017406,1,1,FALSE,238
10,62,"Frontal_Mid_Orb_R","Parietal_Inf_R",0.236363636363636,0.2,-0.0363636363636363,0.0363636363636363,0.817827202797741,1,1,FALSE,2328
11,62,"Frontal_Inf_Oper_L","Parietal_Inf_R",0.0909090909090909,0.0181818181818182,-0.0727272727272727,0.0727272727272727,0.20572996411117,1,1,FALSE,437
12,62,"Frontal_Inf_Oper_R","Parietal_Inf_R",0.236363636363636,0.327272727272727,0.0909090909090909,0.0909090909090909,0.396830775384208,1,1,FALSE,1004
13,62,"Frontal_Inf_Tri_L","Parietal_Inf_R",0.127272727272727,0.0545454545454545,-0.0727272727272727,0.0727272727272727,0.320308493049491,1,1,FALSE,778
14,62,"Frontal_Inf_Tri_R","Parietal_Inf_R",0.509090909090909,0.418181818181818,-0.0909090909090909,0.0909090909090909,0.444563530981193,1,1,FALSE,1129
15,62,"Frontal_Inf_Orb_L","Parietal_Inf_R",0,0,0,0,1,1,1,FALSE,4797
16,62,"Frontal_Inf_Orb_R","Parietal_Inf_R",0.0909090909090909,0.0545454545454545,-0.0363636363636364,0.0363636363636364,0.716092464011574,1,1,FALSE,2081
17,62,"Rolandic_Oper_L","Parietal_Inf_R",0.0181818181818182,0,-0.0181818181818182,0.0181818181818182,1,1,1,FALSE,3183
18,62,"Rolandic_Oper_R","Parietal_Inf_R",0,0.0363636363636364,0.0363636363636364,0.0363636363636364,0.495412844036697,1,1,FALSE,1280
19,62,"Supp_Motor_Area_L","Parietal_Inf_R",0.0181818181818182,0,-0.0181818181818182,0.0181818181818182,1,1,1,FALSE,3224
20,62,"Supp_Motor_Area_R","Parietal_Inf_R",0.0727272727272727,0.0909090909090909,0.0181818181818182,0.0181818181818182,1,1,1,FALSE,2707
21,62,"Olfactory_L","Parietal_Inf_R",0,0,0,0,1,1,1,FALSE,4993
22,62,"Olfactory_R","Parietal_Inf_R",0,0,0,0,1,1,1,FALSE,5034
23,62,"Frontal_Sup_Medial_L","Parietal_Inf_R",0,0.0181818181818182,0.0181818181818182,0.0181818181818182,1,1,1,FALSE,3301
24,62,"Frontal_Sup_Medial_R","Parietal_Inf_R",0,0.0181818181818182,0.0181818181818182,0.0181818181818182,1,1,1,FALSE,3320
25,62,"Frontal_Med_Orb_L","Parietal_Inf_R",0,0,0,0,1,1,1,FALSE,5131
26,62,"Frontal_Med_Orb_R","Parietal_Inf_R",0,0,0,0,1,1,1,FALSE,5165
27,62,"Rectus_L","Parietal_Inf_R",0,0,0,0,1,1,1,FALSE,5195
28,62,"Rectus_R","Parietal_Inf_R",0,0,0,0,1,1,1,FALSE,5234
29,62,"Insula_L","Parietal_Inf_R",0.0363636363636364,0,-0.0363636363636364,0.0363636363636364,0.495412844036697,1,1,FALSE,1332
30,62,"Insula_R","Parietal_Inf_R",0.0181818181818182,0.0545454545454545,0.0363636363636364,0.0363636363636364,0.618022807167967,1,1,FALSE,1782
31,62,"Cingulum_Ant_L","Parietal_Inf_R",0,0,0,0,1,1,1,FALSE,5317
32,62,"Cingulum_Ant_R","Parietal_Inf_R",0,0,0,0,1,1,1,FALSE,5343
33,62,"Cingulum_Mid_L","Parietal_Inf_R",0.0181818181818182,0.0181818181818182,0,0,1,1,1,FALSE,5372
34,62,"Cingulum_Mid_R","Parietal_Inf_R",0.0909090909090909,0.0909090909090909,0,0,1,1,1,FALSE,2639
35,62,"Cingulum_Post_L","Parietal_Inf_R",0,0,0,0,1,1,1,FALSE,5427
36,62,"Cingulum_Post_R","Parietal_Inf_R",0.0181818181818182,0.0181818181818182,0,0,1,1,1,FALSE,5469
37,62,"Hippocampus_L","Parietal_Inf_R",0,0,0,0,1,1,1,FALSE,5495
38,62,"Hippocampus_R","Parietal_Inf_R",0,0,0,0,1,1,1,FALSE,5505
39,62,"ParaHippocampal_L","Parietal_Inf_R",0,0,0,0,1,1,1,FALSE,5519
40,62,"ParaHippocampal_R","Parietal_Inf_R",0,0,0,0,1,1,1,FALSE,5537
41,62,"Amygdala_L","Parietal_Inf_R",0,0,0,0,1,1,1,FALSE,5563
42,62,"Amygdala_R","Parietal_Inf_R",0.0181818181818182,0.0181818181818182,0,0,1,1,1,FALSE,5592
43,62,"Calcarine_L","Parietal_Inf_R",0,0.0363636363636364,0.0363636363636364,0.0363636363636364,0.495412844036697,1,1,FALSE,1374
44,62,"Calcarine_R","Parietal_Inf_R",0,0.0181818181818182,0.0181818181818182,0.0181818181818182,1,1,1,FALSE,3647
45,62,"Cuneus_L","Parietal_Inf_R",0,0,0,0,1,1,1,FALSE,5665
46,62,"Cuneus_R","Parietal_Inf_R",0,0.0181818181818182,0.0181818181818182,0.0181818181818182,1,1,1,FALSE,3677
47,62,"Lingual_L","Parietal_Inf_R",0,0.0363636363636364,0.0363636363636364,0.0363636363636364,0.495412844036697,1,1,FALSE,1385
48,62,"Lingual_R","Parietal_Inf_R",0.0181818181818182,0.0181818181818182,0,0,1,1,1,FALSE,5727
49,62,"Occipital_Sup_L","Parietal_Inf_R",0.0909090909090909,0.0909090909090909,0,0,1,1,1,FALSE,2651
50,62,"Occipital_Sup_R","Parietal_Inf_R",0.0363636363636364,0.0909090909090909,0.0545454545454545,0.0545454545454545,0.437644688330618,1,1,FALSE,1084
51,62,"Occipital_Mid_L","Parietal_Inf_R",0.0363636363636364,0.0545454545454545,0.0181818181818182,0.0181818181818182,1,1,1,FALSE,3723
52,62,"Occipital_Mid_R","Parietal_Inf_R",0.0727272727272727,0.109090909090909,0.0363636363636364,0.0363636363636364,0.741953348477847,1,1,FALSE,2172
53,62,"Occipital_Inf_L","Parietal_Inf_R",0.0545454545454545,0.145454545454545,0.0909090909090909,0.0909090909090909,0.202247933529552,1,1,FALSE,424
54,62,"Occipital_Inf_R","Parietal_Inf_R",0.0363636363636364,0.0545454545454545,0.0181818181818182,0.0181818181818182,1,1,1,FALSE,3765
55,62,"Fusiform_L","Parietal_Inf_R",0.0181818181818182,0.0363636363636364,0.0181818181818182,0.0181818181818182,1,1,1,FALSE,3781
56,62,"Fusiform_R","Parietal_Inf_R",0,0.0363636363636364,0.0363636363636364,0.0363636363636364,0.495412844036697,1,1,FALSE,1415
57,62,"Postcentral_L","Parietal_Inf_R",0,0.0727272727272727,0.0727272727272727,0.0727272727272727,0.118151419017406,1,1,FALSE,268
58,62,"Postcentral_R","Parietal_Inf_R",0.0181818181818182,0.127272727272727,0.109090909090909,0.109090909090909,0.0604267582571721,1,1,FALSE,153
59,62,"Parietal_Sup_L","Parietal_Inf_R",0.490909090909091,0.618181818181818,0.127272727272727,0.127272727272727,0.249624334621585,1,1,FALSE,652
60,62,"Parietal_Sup_R","Parietal_Inf_R",0.6,0.654545454545455,0.0545454545454546,0.0545454545454546,0.69356108728225,1,1,FALSE,2040
61,62,"Parietal_Inf_L","Parietal_Inf_R",0.818181818181818,0.727272727272727,-0.0909090909090909,0.0909090909090909,0.363032177614477,1,1,FALSE,883
1,63,"Precentral_L","SupraMarginal_L",0.363636363636364,0.4,0.0363636363636364,0.0363636363636364,0.844559971809837,1,1,FALSE,2396
2,63,"Precentral_R","SupraMarginal_L",0.2,0.181818181818182,-0.0181818181818182,0.0181818181818182,1,1,1,FALSE,2561
3,63,"Frontal_Sup_L","SupraMarginal_L",0.0181818181818182,0,-0.0181818181818182,0.0181818181818182,1,1,1,FALSE,2860
4,63,"Frontal_Sup_R","SupraMarginal_L",0.0181818181818182,0,-0.0181818181818182,0.0181818181818182,1,1,1,FALSE,2879
5,63,"Frontal_Sup_Orb_L","SupraMarginal_L",0.0181818181818182,0.0181818181818182,0,0,1,1,1,FALSE,4341
6,63,"Frontal_Sup_Orb_R","SupraMarginal_L",0,0,0,0,1,1,1,FALSE,4392
7,63,"Frontal_Mid_L","SupraMarginal_L",0.0181818181818182,0.0181818181818182,0,0,1,1,1,FALSE,4448
8,63,"Frontal_Mid_R","SupraMarginal_L",0.0181818181818182,0,-0.0181818181818182,0.0181818181818182,1,1,1,FALSE,2964
9,63,"Frontal_Mid_Orb_L","SupraMarginal_L",0.0181818181818182,0,-0.0181818181818182,0.0181818181818182,1,1,1,FALSE,2989
10,63,"Frontal_Mid_Orb_R","SupraMarginal_L",0,0,0,0,1,1,1,FALSE,4596
11,63,"Frontal_Inf_Oper_L","SupraMarginal_L",0.127272727272727,0.0909090909090909,-0.0363636363636363,0.0363636363636363,0.761067915257265,1,1,FALSE,2197
12,63,"Frontal_Inf_Oper_R","SupraMarginal_L",0.0363636363636364,0.0545454545454545,0.0181818181818182,0.0181818181818182,1,1,1,FALSE,3061
13,63,"Frontal_Inf_Tri_L","SupraMarginal_L",0.0727272727272727,0.0727272727272727,0,0,1,1,1,FALSE,4728
14,63,"Frontal_Inf_Tri_R","SupraMarginal_L",0.0363636363636364,0.0727272727272727,0.0363636363636364,0.0363636363636364,0.678654107617496,1,1,FALSE,1958
15,63,"Frontal_Inf_Orb_L","SupraMarginal_L",0,0.0181818181818182,0.0181818181818182,0.0181818181818182,1,1,1,FALSE,3129
16,63,"Frontal_Inf_Orb_R","SupraMarginal_L",0,0,0,0,1,1,1,FALSE,4829
17,63,"Rolandic_Oper_L","SupraMarginal_L",0.727272727272727,0.745454545454545,0.0181818181818182,0.0181818181818182,1,1,1,FALSE,2567
18,63,"Rolandic_Oper_R","SupraMarginal_L",0.636363636363636,0.636363636363636,0,0,1,1,1,FALSE,4905
19,63,"Supp_Motor_Area_L","SupraMarginal_L",0.109090909090909,0.145454545454545,0.0363636363636364,0.0363636363636364,0.775847219468156,1,1,FALSE,2251
20,63,"Supp_Motor_Area_R","SupraMarginal_L",0.2,0.272727272727273,0.0727272727272727,0.0727272727272727,0.50129166376757,1,1,FALSE,1490
21,63,"Olfactory_L","SupraMarginal_L",0,0,0,0,1,1,1,FALSE,4994
22,63,"Olfactory_R","SupraMarginal_L",0,0,0,0,1,1,1,FALSE,5035
23,63,"Frontal_Sup_Medial_L","SupraMarginal_L",0.0181818181818182,0,-0.0181818181818182,0.0181818181818182,1,1,1,FALSE,3302
24,63,"Frontal_Sup_Medial_R","SupraMarginal_L",0,0,0,0,1,1,1,FALSE,5102
25,63,"Frontal_Med_Orb_L","SupraMarginal_L",0,0,0,0,1,1,1,FALSE,5132
26,63,"Frontal_Med_Orb_R","SupraMarginal_L",0,0,0,0,1,1,1,FALSE,5166
27,63,"Rectus_L","SupraMarginal_L",0,0,0,0,1,1,1,FALSE,5196
28,63,"Rectus_R","SupraMarginal_L",0,0,0,0,1,1,1,FALSE,5235
29,63,"Insula_L","SupraMarginal_L",0.472727272727273,0.454545454545455,-0.0181818181818182,0.0181818181818182,1,1,1,FALSE,2574
30,63,"Insula_R","SupraMarginal_L",0.236363636363636,0.309090909090909,0.0727272727272727,0.0727272727272727,0.521131413238452,1,1,FALSE,1506
31,63,"Cingulum_Ant_L","SupraMarginal_L",0.0181818181818182,0,-0.0181818181818182,0.0181818181818182,1,1,1,FALSE,3452
32,63,"Cingulum_Ant_R","SupraMarginal_L",0,0,0,0,1,1,1,FALSE,5344
33,63,"Cingulum_Mid_L","SupraMarginal_L",0.327272727272727,0.327272727272727,0,0,1,1,1,FALSE,5373
34,63,"Cingulum_Mid_R","SupraMarginal_L",0.2,0.163636363636364,-0.0363636363636364,0.0363636363636364,0.805305180298538,1,1,FALSE,2302
35,63,"Cingulum_Post_L","SupraMarginal_L",0,0,0,0,1,1,1,FALSE,5428
36,63,"Cingulum_Post_R","SupraMarginal_L",0,0,0,0,1,1,1,FALSE,5470
37,63,"Hippocampus_L","SupraMarginal_L",0.0545454545454545,0.0181818181818182,-0.0363636363636364,0.0363636363636364,0.618022807167967,1,1,FALSE,1797
38,63,"Hippocampus_R","SupraMarginal_L",0,0,0,0,1,1,1,FALSE,5506
39,63,"ParaHippocampal_L","SupraMarginal_L",0.0181818181818182,0,-0.0181818181818182,0.0181818181818182,1,1,1,FALSE,3574
40,63,"ParaHippocampal_R","SupraMarginal_L",0,0,0,0,1,1,1,FALSE,5538
41,63,"Amygdala_L","SupraMarginal_L",0.0545454545454545,0.0545454545454545,0,0,1,1,1,FALSE,5564
42,63,"Amygdala_R","SupraMarginal_L",0,0.0181818181818182,0.0181818181818182,0.0181818181818182,1,1,1,FALSE,3626
43,63,"Calcarine_L","SupraMarginal_L",0,0,0,0,1,1,1,FALSE,5613
44,63,"Calcarine_R","SupraMarginal_L",0,0,0,0,1,1,1,FALSE,5642
45,63,"Cuneus_L","SupraMarginal_L",0.0363636363636364,0.0181818181818182,-0.0181818181818182,0.0181818181818182,1,1,1,FALSE,3659
46,63,"Cuneus_R","SupraMarginal_L",0,0,0,0,1,1,1,FALSE,5685
47,63,"Lingual_L","SupraMarginal_L",0,0,0,0,1,1,1,FALSE,5704
48,63,"Lingual_R","SupraMarginal_L",0,0.0363636363636364,0.0363636363636364,0.0363636363636364,0.495412844036697,1,1,FALSE,1386
49,63,"Occipital_Sup_L","SupraMarginal_L",0.0181818181818182,0.0181818181818182,0,0,1,1,1,FALSE,5737
50,63,"Occipital_Sup_R","SupraMarginal_L",0.0181818181818182,0,-0.0181818181818182,0.0181818181818182,1,1,1,FALSE,3714
51,63,"Occipital_Mid_L","SupraMarginal_L",0.0363636363636364,0,-0.0363636363636364,0.0363636363636364,0.495412844036697,1,1,FALSE,1398
52,63,"Occipital_Mid_R","SupraMarginal_L",0,0,0,0,1,1,1,FALSE,5792
53,63,"Occipital_Inf_L","SupraMarginal_L",0.0181818181818182,0,-0.0181818181818182,0.0181818181818182,1,1,1,FALSE,3745
54,63,"Occipital_Inf_R","SupraMarginal_L",0.0363636363636364,0,-0.0363636363636364,0.0363636363636364,0.495412844036697,1,1,FALSE,1406
55,63,"Fusiform_L","SupraMarginal_L",0.0363636363636364,0,-0.0363636363636364,0.0363636363636364,0.495412844036697,1,1,FALSE,1411
56,63,"Fusiform_R","SupraMarginal_L",0.0181818181818182,0.0363636363636364,0.0181818181818182,0.0181818181818182,1,1,1,FALSE,3790
57,63,"Postcentral_L","SupraMarginal_L",0.236363636363636,0.254545454545455,0.0181818181818182,0.0181818181818182,1,1,1,FALSE,4201
58,63,"Postcentral_R","SupraMarginal_L",0.163636363636364,0.236363636363636,0.0727272727272727,0.0727272727272727,0.475179132592278,1,1,FALSE,1157
59,63,"Parietal_Sup_L","SupraMarginal_L",0.109090909090909,0.127272727272727,0.0181818181818182,0.0181818181818182,1,1,1,FALSE,2530
60,63,"Parietal_Sup_R","SupraMarginal_L",0.109090909090909,0.145454545454545,0.0363636363636364,0.0363636363636364,0.775847219468156,1,1,FALSE,2261
61,63,"Parietal_Inf_L","SupraMarginal_L",0.527272727272727,0.436363636363636,-0.0909090909090909,0.0909090909090909,0.445467581311634,1,1,FALSE,1134
62,63,"Parietal_Inf_R","SupraMarginal_L",0.127272727272727,0.0727272727272727,-0.0545454545454545,0.0545454545454545,0.526914472209385,1,1,FALSE,1542
1,64,"Precentral_L","SupraMarginal_R",0.363636363636364,0.345454545454545,-0.0181818181818182,0.0181818181818182,1,1,1,FALSE,2560
2,64,"Precentral_R","SupraMarginal_R",0.636363636363636,0.654545454545455,0.0181818181818182,0.0181818181818182,1,1,1,FALSE,2467
3,64,"Frontal_Sup_L","SupraMarginal_R",0,0,0,0,1,1,1,FALSE,4282
4,64,"Frontal_Sup_R","SupraMarginal_R",0.0727272727272727,0.0181818181818182,-0.0545454545454545,0.0545454545454545,0.363371345279945,1,1,FALSE,896
5,64,"Frontal_Sup_Orb_L","SupraMarginal_R",0,0.0181818181818182,0.0181818181818182,0.0181818181818182,1,1,1,FALSE,2903
6,64,"Frontal_Sup_Orb_R","SupraMarginal_R",0,0,0,0,1,1,1,FALSE,4393
7,64,"Frontal_Mid_L","SupraMarginal_R",0,0,0,0,1,1,1,FALSE,4449
8,64,"Frontal_Mid_R","SupraMarginal_R",0.0727272727272727,0.0363636363636364,-0.0363636363636364,0.0363636363636364,0.678654107617496,1,1,FALSE,1946
9,64,"Frontal_Mid_Orb_L","SupraMarginal_R",0,0,0,0,1,1,1,FALSE,4534
10,64,"Frontal_Mid_Orb_R","SupraMarginal_R",0,0,0,0,1,1,1,FALSE,4597
11,64,"Frontal_Inf_Oper_L","SupraMarginal_R",0,0.0363636363636364,0.0363636363636364,0.0363636363636364,0.495412844036697,1,1,FALSE,1249
12,64,"Frontal_Inf_Oper_R","SupraMarginal_R",0.0727272727272727,0.127272727272727,0.0545454545454545,0.0545454545454545,0.526914472209385,1,1,FALSE,1517
13,64,"Frontal_Inf_Tri_L","SupraMarginal_R",0,0.0181818181818182,0.0181818181818182,0.0181818181818182,1,1,1,FALSE,3081
14,64,"Frontal_Inf_Tri_R","SupraMarginal_R",0.0909090909090909,0.145454545454545,0.0545454545454545,0.0545454545454545,0.556268985477779,1,1,FALSE,1587
15,64,"Frontal_Inf_Orb_L","SupraMarginal_R",0,0.0181818181818182,0.0181818181818182,0.0181818181818182,1,1,1,FALSE,3130
16,64,"Frontal_Inf_Orb_R","SupraMarginal_R",0,0.0363636363636364,0.0363636363636364,0.0363636363636364,0.495412844036697,1,1,FALSE,1272
17,64,"Rolandic_Oper_L","SupraMarginal_R",0.527272727272727,0.6,0.0727272727272728,0.0727272727272728,0.564327553285816,1,1,FALSE,1627
18,64,"Rolandic_Oper_R","SupraMarginal_R",0.781818181818182,0.836363636363636,0.0545454545454545,0.0545454545454545,0.628309889660844,1,1,FALSE,1868
19,64,"Supp_Motor_Area_L","SupraMarginal_R",0.0727272727272727,0.109090909090909,0.0363636363636364,0.0363636363636364,0.741953348477847,1,1,FALSE,2153
20,64,"Supp_Motor_Area_R","SupraMarginal_R",0.381818181818182,0.309090909090909,-0.0727272727272728,0.0727272727272728,0.547790716156379,1,1,FALSE,1569
21,64,"Olfactory_L","SupraMarginal_R",0,0,0,0,1,1,1,FALSE,4995
22,64,"Olfactory_R","SupraMarginal_R",0,0,0,0,1,1,1,FALSE,5036
23,64,"Frontal_Sup_Medial_L","SupraMarginal_R",0,0,0,0,1,1,1,FALSE,5073
24,64,"Frontal_Sup_Medial_R","SupraMarginal_R",0,0,0,0,1,1,1,FALSE,5103
25,64,"Frontal_Med_Orb_L","SupraMarginal_R",0,0,0,0,1,1,1,FALSE,5133
26,64,"Frontal_Med_Orb_R","SupraMarginal_R",0,0,0,0,1,1,1,FALSE,5167
27,64,"Rectus_L","SupraMarginal_R",0,0,0,0,1,1,1,FALSE,5197
28,64,"Rectus_R","SupraMarginal_R",0,0,0,0,1,1,1,FALSE,5236
29,64,"Insula_L","SupraMarginal_R",0.290909090909091,0.181818181818182,-0.109090909090909,0.109090909090909,0.261641887768875,1,1,FALSE,663
30,64,"Insula_R","SupraMarginal_R",0.381818181818182,0.363636363636364,-0.0181818181818182,0.0181818181818182,1,1,1,FALSE,2578
31,64,"Cingulum_Ant_L","SupraMarginal_R",0,0,0,0,1,1,1,FALSE,5318
32,64,"Cingulum_Ant_R","SupraMarginal_R",0,0,0,0,1,1,1,FALSE,5345
33,64,"Cingulum_Mid_L","SupraMarginal_R",0.345454545454545,0.272727272727273,-0.0727272727272728,0.0727272727272728,0.536292874311636,1,1,FALSE,1561
34,64,"Cingulum_Mid_R","SupraMarginal_R",0.236363636363636,0.181818181818182,-0.0545454545454545,0.0545454545454545,0.639794696440987,1,1,FALSE,1885
35,64,"Cingulum_Post_L","SupraMarginal_R",0,0,0,0,1,1,1,FALSE,5429
36,64,"Cingulum_Post_R","SupraMarginal_R",0,0,0,0,1,1,1,FALSE,5471
37,64,"Hippocampus_L","SupraMarginal_R",0,0.0363636363636364,0.0363636363636364,0.0363636363636364,0.495412844036697,1,1,FALSE,1352
38,64,"Hippocampus_R","SupraMarginal_R",0,0.0181818181818182,0.0181818181818182,0.0181818181818182,1,1,1,FALSE,3559
39,64,"ParaHippocampal_L","SupraMarginal_R",0,0,0,0,1,1,1,FALSE,5520
40,64,"ParaHippocampal_R","SupraMarginal_R",0,0,0,0,1,1,1,FALSE,5539
41,64,"Amygdala_L","SupraMarginal_R",0.0727272727272727,0.0181818181818182,-0.0545454545454545,0.0545454545454545,0.363371345279945,1,1,FALSE,941
42,64,"Amygdala_R","SupraMarginal_R",0.0727272727272727,0.0909090909090909,0.0181818181818182,0.0181818181818182,1,1,1,FALSE,2747
43,64,"Calcarine_L","SupraMarginal_R",0.0181818181818182,0.0181818181818182,0,0,1,1,1,FALSE,5614
44,64,"Calcarine_R","SupraMarginal_R",0.0181818181818182,0.0181818181818182,0,0,1,1,1,FALSE,5643
45,64,"Cuneus_L","SupraMarginal_R",0.0363636363636364,0.0181818181818182,-0.0181818181818182,0.0181818181818182,1,1,1,FALSE,3660
46,64,"Cuneus_R","SupraMarginal_R",0.0181818181818182,0,-0.0181818181818182,0.0181818181818182,1,1,1,FALSE,3678
47,64,"Lingual_L","SupraMarginal_R",0.0363636363636364,0.0181818181818182,-0.0181818181818182,0.0181818181818182,1,1,1,FALSE,3687
48,64,"Lingual_R","SupraMarginal_R",0.0363636363636364,0,-0.0363636363636364,0.0363636363636364,0.495412844036697,1,1,FALSE,1387
49,64,"Occipital_Sup_L","SupraMarginal_R",0.0181818181818182,0.0181818181818182,0,0,1,1,1,FALSE,5738
50,64,"Occipital_Sup_R","SupraMarginal_R",0.0363636363636364,0,-0.0363636363636364,0.0363636363636364,0.495412844036697,1,1,FALSE,1392
51,64,"Occipital_Mid_L","SupraMarginal_R",0.0181818181818182,0,-0.0181818181818182,0.0181818181818182,1,1,1,FALSE,3724
52,64,"Occipital_Mid_R","SupraMarginal_R",0.0363636363636364,0.0181818181818182,-0.0181818181818182,0.0181818181818182,1,1,1,FALSE,3736
53,64,"Occipital_Inf_L","SupraMarginal_R",0.0181818181818182,0.0545454545454545,0.0363636363636364,0.0363636363636364,0.618022807167967,1,1,FALSE,1820
54,64,"Occipital_Inf_R","SupraMarginal_R",0.0363636363636364,0.0363636363636364,0,0,1,1,1,FALSE,5826
55,64,"Fusiform_L","SupraMarginal_R",0.0181818181818182,0,-0.0181818181818182,0.0181818181818182,1,1,1,FALSE,3782
56,64,"Fusiform_R","SupraMarginal_R",0.0545454545454545,0,-0.0545454545454545,0.0545454545454545,0.243119266055046,1,1,FALSE,593
57,64,"Postcentral_L","SupraMarginal_R",0.4,0.509090909090909,0.109090909090909,0.109090909090909,0.338408523062595,1,1,FALSE,839
58,64,"Postcentral_R","SupraMarginal_R",0.472727272727273,0.6,0.127272727272727,0.127272727272727,0.251209766558032,1,1,FALSE,655
59,64,"Parietal_Sup_L","SupraMarginal_R",0.327272727272727,0.290909090909091,-0.0363636363636364,0.0363636363636364,0.836749046021449,1,1,FALSE,2378
60,64,"Parietal_Sup_R","SupraMarginal_R",0.509090909090909,0.472727272727273,-0.0363636363636363,0.0363636363636363,0.848858645282306,1,1,FALSE,2439
61,64,"Parietal_Inf_L","SupraMarginal_R",0.618181818181818,0.454545454545455,-0.163636363636364,0.163636363636364,0.125741963311655,1,1,FALSE,311
62,64,"Parietal_Inf_R","SupraMarginal_R",0.545454545454545,0.6,0.0545454545454546,0.0545454545454546,0.700094360325682,1,1,FALSE,2056
63,64,"SupraMarginal_L","SupraMarginal_R",0.836363636363636,0.818181818181818,-0.0181818181818181,0.0181818181818181,1,1,1,FALSE,4219
1,65,"Precentral_L","Angular_L",0.127272727272727,0.0363636363636364,-0.0909090909090909,0.0909090909090909,0.16138081677265,1,1,FALSE,351
2,65,"Precentral_R","Angular_L",0.0181818181818182,0.0363636363636364,0.0181818181818182,0.0181818181818182,1,1,1,FALSE,2840
3,65,"Frontal_Sup_L","Angular_L",0.636363636363636,0.581818181818182,-0.0545454545454546,0.0545454545454546,0.696185399446499,1,1,FALSE,2042
4,65,"Frontal_Sup_R","Angular_L",0.363636363636364,0.4,0.0363636363636364,0.0363636363636364,0.844559971809837,1,1,FALSE,2397
5,65,"Frontal_Sup_Orb_L","Angular_L",0.181818181818182,0.145454545454545,-0.0363636363636364,0.0363636363636364,0.797285714040811,1,1,FALSE,2279
6,65,"Frontal_Sup_Orb_R","Angular_L",0.0363636363636364,0.0181818181818182,-0.0181818181818182,0.0181818181818182,1,1,1,FALSE,2929
7,65,"Frontal_Mid_L","Angular_L",0.618181818181818,0.545454545454545,-0.0727272727272728,0.0727272727272728,0.562226712944774,1,1,FALSE,1617
8,65,"Frontal_Mid_R","Angular_L",0.236363636363636,0.254545454545455,0.0181818181818182,0.0181818181818182,1,1,1,FALSE,4189
9,65,"Frontal_Mid_Orb_L","Angular_L",0.2,0.254545454545455,0.0545454545454545,0.0545454545454545,0.649667697687963,1,1,FALSE,1895
10,65,"Frontal_Mid_Orb_R","Angular_L",0.127272727272727,0.0181818181818182,-0.109090909090909,0.109090909090909,0.0604267582571721,1,1,FALSE,147
11,65,"Frontal_Inf_Oper_L","Angular_L",0.2,0.109090909090909,-0.0909090909090909,0.0909090909090909,0.291362613125644,1,1,FALSE,730
12,65,"Frontal_Inf_Oper_R","Angular_L",0.0363636363636364,0.0363636363636364,0,0,1,1,1,FALSE,4685
13,65,"Frontal_Inf_Tri_L","Angular_L",0.2,0.0909090909090909,-0.109090909090909,0.109090909090909,0.175072824729425,1,1,FALSE,377
14,65,"Frontal_Inf_Tri_R","Angular_L",0.0181818181818182,0.0363636363636364,0.0181818181818182,0.0181818181818182,1,1,1,FALSE,3108
15,65,"Frontal_Inf_Orb_L","Angular_L",0.472727272727273,0.290909090909091,-0.181818181818182,0.181818181818182,0.0767718039935039,1,1,FALSE,169
16,65,"Frontal_Inf_Orb_R","Angular_L",0.0545454545454545,0.0909090909090909,0.0363636363636364,0.0363636363636364,0.716092464011574,1,1,FALSE,2082
17,65,"Rolandic_Oper_L","Angular_L",0,0,0,0,1,1,1,FALSE,4870
18,65,"Rolandic_Oper_R","Angular_L",0,0,0,0,1,1,1,FALSE,4906
19,65,"Supp_Motor_Area_L","Angular_L",0.181818181818182,0.2,0.0181818181818182,0.0181818181818182,1,1,1,FALSE,2569
20,65,"Supp_Motor_Area_R","Angular_L",0.0909090909090909,0.109090909090909,0.0181818181818182,0.0181818181818182,1,1,1,FALSE,4148
21,65,"Olfactory_L","Angular_L",0.0727272727272727,0.0363636363636364,-0.0363636363636364,0.0363636363636364,0.678654107617496,1,1,FALSE,1964
22,65,"Olfactory_R","Angular_L",0,0,0,0,1,1,1,FALSE,5037
23,65,"Frontal_Sup_Medial_L","Angular_L",0.690909090909091,0.654545454545455,-0.0363636363636364,0.0363636363636364,0.839167578672983,1,1,FALSE,2383
24,65,"Frontal_Sup_Medial_R","Angular_L",0.672727272727273,0.654545454545455,-0.0181818181818182,0.0181818181818182,1,1,1,FALSE,2446
25,65,"Frontal_Med_Orb_L","Angular_L",0.181818181818182,0.145454545454545,-0.0363636363636364,0.0363636363636364,0.797285714040811,1,1,FALSE,2283
26,65,"Frontal_Med_Orb_R","Angular_L",0.0727272727272727,0.0909090909090909,0.0181818181818182,0.0181818181818182,1,1,1,FALSE,2717
27,65,"Rectus_L","Angular_L",0.127272727272727,0.0909090909090909,-0.0363636363636363,0.0363636363636363,0.761067915257265,1,1,FALSE,2206
28,65,"Rectus_R","Angular_L",0.0363636363636364,0.0545454545454545,0.0181818181818182,0.0181818181818182,1,1,1,FALSE,3396
29,65,"Insula_L","Angular_L",0.0181818181818182,0,-0.0181818181818182,0.0181818181818182,1,1,1,FALSE,3415
30,65,"Insula_R","Angular_L",0,0,0,0,1,1,1,FALSE,5290
31,65,"Cingulum_Ant_L","Angular_L",0.145454545454545,0.145454545454545,0,0,1,1,1,FALSE,5319
32,65,"Cingulum_Ant_R","Angular_L",0.181818181818182,0.127272727272727,-0.0545454545454546,0.0545454545454546,0.598884497995648,1,1,FALSE,1684
33,65,"Cingulum_Mid_L","Angular_L",0,0,0,0,1,1,1,FALSE,5374
34,65,"Cingulum_Mid_R","Angular_L",0.127272727272727,0.109090909090909,-0.0181818181818182,0.0181818181818182,1,1,1,FALSE,2520
35,65,"Cingulum_Post_L","Angular_L",0.0363636363636364,0.127272727272727,0.0909090909090909,0.0909090909090909,0.16138081677265,1,1,FALSE,362
36,65,"Cingulum_Post_R","Angular_L",0.0181818181818182,0.127272727272727,0.109090909090909,0.109090909090909,0.0604267582571721,1,1,FALSE,149
37,65,"Hippocampus_L","Angular_L",0,0.0181818181818182,0.0181818181818182,0.0181818181818182,1,1,1,FALSE,3548
38,65,"Hippocampus_R","Angular_L",0,0,0,0,1,1,1,FALSE,5507
39,65,"ParaHippocampal_L","Angular_L",0.0181818181818182,0,-0.0181818181818182,0.0181818181818182,1,1,1,FALSE,3575
40,65,"ParaHippocampal_R","Angular_L",0,0,0,0,1,1,1,FALSE,5540
41,65,"Amygdala_L","Angular_L",0,0,0,0,1,1,1,FALSE,5565
42,65,"Amygdala_R","Angular_L",0,0,0,0,1,1,1,FALSE,5593
43,65,"Calcarine_L","Angular_L",0,0,0,0,1,1,1,FALSE,5615
44,65,"Calcarine_R","Angular_L",0,0.0181818181818182,0.0181818181818182,0.0181818181818182,1,1,1,FALSE,3648
45,65,"Cuneus_L","Angular_L",0,0.0545454545454545,0.0545454545454545,0.0545454545454545,0.243119266055046,1,1,FALSE,575
46,65,"Cuneus_R","Angular_L",0.0181818181818182,0.0545454545454545,0.0363636363636364,0.0363636363636364,0.618022807167967,1,1,FALSE,1809
47,65,"Lingual_L","Angular_L",0,0,0,0,1,1,1,FALSE,5705
48,65,"Lingual_R","Angular_L",0,0.0181818181818182,0.0181818181818182,0.0181818181818182,1,1,1,FALSE,3696
49,65,"Occipital_Sup_L","Angular_L",0,0,0,0,1,1,1,FALSE,5739
50,65,"Occipital_Sup_R","Angular_L",0,0,0,0,1,1,1,FALSE,5758
51,65,"Occipital_Mid_L","Angular_L",0.0909090909090909,0.145454545454545,0.0545454545454545,0.0545454545454545,0.556268985477779,1,1,FALSE,1600
52,65,"Occipital_Mid_R","Angular_L",0,0,0,0,1,1,1,FALSE,5793
53,65,"Occipital_Inf_L","Angular_L",0,0,0,0,1,1,1,FALSE,5813
54,65,"Occipital_Inf_R","Angular_L",0,0,0,0,1,1,1,FALSE,5827
55,65,"Fusiform_L","Angular_L",0.0181818181818182,0,-0.0181818181818182,0.0181818181818182,1,1,1,FALSE,3783
56,65,"Fusiform_R","Angular_L",0,0,0,0,1,1,1,FALSE,5860
57,65,"Postcentral_L","Angular_L",0,0,0,0,1,1,1,FALSE,5870
58,65,"Postcentral_R","Angular_L",0,0,0,0,1,1,1,FALSE,5886
59,65,"Parietal_Sup_L","Angular_L",0.0181818181818182,0,-0.0181818181818182,0.0181818181818182,1,1,1,FALSE,3826
60,65,"Parietal_Sup_R","Angular_L",0,0,0,0,1,1,1,FALSE,5919
61,65,"Parietal_Inf_L","Angular_L",0.163636363636364,0.0727272727272727,-0.0909090909090909,0.0909090909090909,0.236782655021779,1,1,FALSE,511
62,65,"Parietal_Inf_R","Angular_L",0,0.0181818181818182,0.0181818181818182,0.0181818181818182,1,1,1,FALSE,3853
63,65,"SupraMarginal_L","Angular_L",0,0.0181818181818182,0.0181818181818182,0.0181818181818182,1,1,1,FALSE,3866
64,65,"SupraMarginal_R","Angular_L",0,0,0,0,1,1,1,FALSE,6009
1,66,"Precentral_L","Angular_R",0.0909090909090909,0.0363636363636364,-0.0545454545454545,0.0545454545454545,0.437644688330618,1,1,FALSE,1050
2,66,"Precentral_R","Angular_R",0.218181818181818,0.236363636363636,0.0181818181818182,0.0181818181818182,1,1,1,FALSE,2668
3,66,"Frontal_Sup_L","Angular_R",0.163636363636364,0.0545454545454545,-0.109090909090909,0.109090909090909,0.123540893849592,1,1,FALSE,294
4,66,"Frontal_Sup_R","Angular_R",0.581818181818182,0.672727272727273,0.0909090909090909,0.0909090909090909,0.430456970302363,1,1,FALSE,1041
5,66,"Frontal_Sup_Orb_L","Angular_R",0.0545454545454545,0.0363636363636364,-0.0181818181818182,0.0181818181818182,1,1,1,FALSE,2904
6,66,"Frontal_Sup_Orb_R","Angular_R",0.290909090909091,0.181818181818182,-0.109090909090909,0.109090909090909,0.261641887768875,1,1,FALSE,660
7,66,"Frontal_Mid_L","Angular_R",0.181818181818182,0.109090909090909,-0.0727272727272727,0.0727272727272727,0.417989271601529,1,1,FALSE,1020
8,66,"Frontal_Mid_R","Angular_R",0.836363636363636,0.8,-0.0363636363636363,0.0363636363636363,0.805305180298538,1,1,FALSE,2294
9,66,"Frontal_Mid_Orb_L","Angular_R",0.127272727272727,0.0727272727272727,-0.0545454545454545,0.0545454545454545,0.526914472209385,1,1,FALSE,1516
10,66,"Frontal_Mid_Orb_R","Angular_R",0.363636363636364,0.363636363636364,0,0,1,1,1,FALSE,4598
11,66,"Frontal_Inf_Oper_L","Angular_R",0.0909090909090909,0,-0.0909090909090909,0.0909090909090909,0.0568464374517706,1,1,FALSE,120
12,66,"Frontal_Inf_Oper_R","Angular_R",0.309090909090909,0.272727272727273,-0.0363636363636364,0.0363636363636364,0.833958431423524,1,1,FALSE,2368
13,66,"Frontal_Inf_Tri_L","Angular_R",0.0363636363636364,0.0727272727272727,0.0363636363636364,0.0363636363636364,0.678654107617496,1,1,FALSE,1955
14,66,"Frontal_Inf_Tri_R","Angular_R",0.363636363636364,0.363636363636364,0,0,1,1,1,FALSE,4765
15,66,"Frontal_Inf_Orb_L","Angular_R",0.0363636363636364,0.0181818181818182,-0.0181818181818182,0.0181818181818182,1,1,1,FALSE,3131
16,66,"Frontal_Inf_Orb_R","Angular_R",0.218181818181818,0.4,0.181818181818182,0.181818181818182,0.0625055041854051,1,1,FALSE,156
17,66,"Rolandic_Oper_L","Angular_R",0,0,0,0,1,1,1,FALSE,4871
18,66,"Rolandic_Oper_R","Angular_R",0,0,0,0,1,1,1,FALSE,4907
19,66,"Supp_Motor_Area_L","Angular_R",0.0363636363636364,0,-0.0363636363636364,0.0363636363636364,0.495412844036697,1,1,FALSE,1284
20,66,"Supp_Motor_Area_R","Angular_R",0.0363636363636364,0.0363636363636364,0,0,1,1,1,FALSE,4973
21,66,"Olfactory_L","Angular_R",0,0,0,0,1,1,1,FALSE,4996
22,66,"Olfactory_R","Angular_R",0,0.0181818181818182,0.0181818181818182,0.0181818181818182,1,1,1,FALSE,3279
23,66,"Frontal_Sup_Medial_L","Angular_R",0.0727272727272727,0.0909090909090909,0.0181818181818182,0.0181818181818182,1,1,1,FALSE,2712
24,66,"Frontal_Sup_Medial_R","Angular_R",0.218181818181818,0.272727272727273,0.0545454545454545,0.0545454545454545,0.658205207576239,1,1,FALSE,1907
25,66,"Frontal_Med_Orb_L","Angular_R",0.0363636363636364,0.0181818181818182,-0.0181818181818182,0.0181818181818182,1,1,1,FALSE,3334
26,66,"Frontal_Med_Orb_R","Angular_R",0.0727272727272727,0.109090909090909,0.0363636363636364,0.0363636363636364,0.741953348477847,1,1,FALSE,2160
27,66,"Rectus_L","Angular_R",0,0.0363636363636364,0.0363636363636364,0.0363636363636364,0.495412844036697,1,1,FALSE,1327
28,66,"Rectus_R","Angular_R",0.0363636363636364,0.0727272727272727,0.0363636363636364,0.0363636363636364,0.678654107617496,1,1,FALSE,1970
29,66,"Insula_L","Angular_R",0.0181818181818182,0,-0.0181818181818182,0.0181818181818182,1,1,1,FALSE,3416
30,66,"Insula_R","Angular_R",0,0,0,0,1,1,1,FALSE,5291
31,66,"Cingulum_Ant_L","Angular_R",0,0.0181818181818182,0.0181818181818182,0.0181818181818182,1,1,1,FALSE,3453
32,66,"Cingulum_Ant_R","Angular_R",0.0545454545454545,0.0363636363636364,-0.0181818181818182,0.0181818181818182,1,1,1,FALSE,3472
33,66,"Cingulum_Mid_L","Angular_R",0,0,0,0,1,1,1,FALSE,5375
34,66,"Cingulum_Mid_R","Angular_R",0.145454545454545,0.0727272727272727,-0.0727272727272727,0.0727272727272727,0.359662012889472,1,1,FALSE,871
35,66,"Cingulum_Post_L","Angular_R",0,0.0181818181818182,0.0181818181818182,0.0181818181818182,1,1,1,FALSE,3512
36,66,"Cingulum_Post_R","Angular_R",0.2,0.109090909090909,-0.0909090909090909,0.0909090909090909,0.291362613125644,1,1,FALSE,734
37,66,"Hippocampus_L","Angular_R",0,0.0181818181818182,0.0181818181818182,0.0181818181818182,1,1,1,FALSE,3549
38,66,"Hippocampus_R","Angular_R",0.0363636363636364,0.0909090909090909,0.0545454545454545,0.0545454545454545,0.437644688330618,1,1,FALSE,1078
39,66,"ParaHippocampal_L","Angular_R",0,0.0363636363636364,0.0363636363636364,0.0363636363636364,0.495412844036697,1,1,FALSE,1359
40,66,"ParaHippocampal_R","Angular_R",0,0.0363636363636364,0.0363636363636364,0.0363636363636364,0.495412844036697,1,1,FALSE,1362
41,66,"Amygdala_L","Angular_R",0,0,0,0,1,1,1,FALSE,5566
42,66,"Amygdala_R","Angular_R",0,0,0,0,1,1,1,FALSE,5594
43,66,"Calcarine_L","Angular_R",0.0181818181818182,0,-0.0181818181818182,0.0181818181818182,1,1,1,FALSE,3638
44,66,"Calcarine_R","Angular_R",0.0363636363636364,0.0363636363636364,0,0,1,1,1,FALSE,5644
45,66,"Cuneus_L","Angular_R",0,0.0181818181818182,0.0181818181818182,0.0181818181818182,1,1,1,FALSE,3661
46,66,"Cuneus_R","Angular_R",0.236363636363636,0.127272727272727,-0.109090909090909,0.109090909090909,0.215866654585591,1,1,FALSE,473
47,66,"Lingual_L","Angular_R",0,0,0,0,1,1,1,FALSE,5706
48,66,"Lingual_R","Angular_R",0.0181818181818182,0,-0.0181818181818182,0.0181818181818182,1,1,1,FALSE,3697
49,66,"Occipital_Sup_L","Angular_R",0.0727272727272727,0.0363636363636364,-0.0363636363636364,0.0363636363636364,0.678654107617496,1,1,FALSE,1995
50,66,"Occipital_Sup_R","Angular_R",0.0363636363636364,0.0363636363636364,0,0,1,1,1,FALSE,5759
51,66,"Occipital_Mid_L","Angular_R",0.145454545454545,0.181818181818182,0.0363636363636364,0.0363636363636364,0.797285714040811,1,1,FALSE,2289
52,66,"Occipital_Mid_R","Angular_R",0.0727272727272727,0.0909090909090909,0.0181818181818182,0.0181818181818182,1,1,1,FALSE,2772
53,66,"Occipital_Inf_L","Angular_R",0.0363636363636364,0.0363636363636364,0,0,1,1,1,FALSE,5814
54,66,"Occipital_Inf_R","Angular_R",0,0,0,0,1,1,1,FALSE,5828
55,66,"Fusiform_L","Angular_R",0.0181818181818182,0.0181818181818182,0,0,1,1,1,FALSE,5847
56,66,"Fusiform_R","Angular_R",0.0363636363636364,0.0545454545454545,0.0181818181818182,0.0181818181818182,1,1,1,FALSE,3791
57,66,"Postcentral_L","Angular_R",0,0.0181818181818182,0.0181818181818182,0.0181818181818182,1,1,1,FALSE,3804
58,66,"Postcentral_R","Angular_R",0,0,0,0,1,1,1,FALSE,5887
59,66,"Parietal_Sup_L","Angular_R",0.145454545454545,0.109090909090909,-0.0363636363636364,0.0363636363636364,0.775847219468156,1,1,FALSE,2260
60,66,"Parietal_Sup_R","Angular_R",0.0181818181818182,0.0363636363636364,0.0181818181818182,0.0181818181818182,1,1,1,FALSE,3832
61,66,"Parietal_Inf_L","Angular_R",0.181818181818182,0.181818181818182,0,0,1,1,1,FALSE,5938
62,66,"Parietal_Inf_R","Angular_R",0.454545454545455,0.418181818181818,-0.0363636363636364,0.0363636363636364,0.847666976673362,1,1,FALSE,2422
63,66,"SupraMarginal_L","Angular_R",0,0,0,0,1,1,1,FALSE,5984
64,66,"SupraMarginal_R","Angular_R",0,0.0181818181818182,0.0181818181818182,0.0181818181818182,1,1,1,FALSE,3874
65,66,"Angular_L","Angular_R",0.4,0.327272727272727,-0.0727272727272728,0.0727272727272728,0.552383268414994,1,1,FALSE,1578
1,67,"Precentral_L","Precuneus_L",0.272727272727273,0.163636363636364,-0.109090909090909,0.109090909090909,0.248123182456129,1,1,FALSE,644
2,67,"Precentral_R","Precuneus_L",0.218181818181818,0.0545454545454545,-0.163636363636364,0.163636363636364,0.0236722264249136,1,1,FALSE,50
3,67,"Frontal_Sup_L","Precuneus_L",0.418181818181818,0.472727272727273,0.0545454545454546,0.0545454545454546,0.70142727427979,1,1,FALSE,2057
4,67,"Frontal_Sup_R","Precuneus_L",0.127272727272727,0.0727272727272727,-0.0545454545454545,0.0545454545454545,0.526914472209385,1,1,FALSE,1514
5,67,"Frontal_Sup_Orb_L","Precuneus_L",0.0181818181818182,0,-0.0181818181818182,0.0181818181818182,1,1,1,FALSE,2905
6,67,"Frontal_Sup_Orb_R","Precuneus_L",0,0,0,0,1,1,1,FALSE,4394
7,67,"Frontal_Mid_L","Precuneus_L",0.145454545454545,0.218181818181818,0.0727272727272727,0.0727272727272727,0.459010046442181,1,1,FALSE,1139
8,67,"Frontal_Mid_R","Precuneus_L",0.145454545454545,0.109090909090909,-0.0363636363636364,0.0363636363636364,0.775847219468156,1,1,FALSE,2247
9,67,"Frontal_Mid_Orb_L","Precuneus_L",0.0181818181818182,0.0181818181818182,0,0,1,1,1,FALSE,4535
10,67,"Frontal_Mid_Orb_R","Precuneus_L",0,0,0,0,1,1,1,FALSE,4599
11,67,"Frontal_Inf_Oper_L","Precuneus_L",0,0,0,0,1,1,1,FALSE,4648
12,67,"Frontal_Inf_Oper_R","Precuneus_L",0.0363636363636364,0,-0.0363636363636364,0.0363636363636364,0.495412844036697,1,1,FALSE,1252
13,67,"Frontal_Inf_Tri_L","Precuneus_L",0,0.0181818181818182,0.0181818181818182,0.0181818181818182,1,1,1,FALSE,3082
14,67,"Frontal_Inf_Tri_R","Precuneus_L",0.0181818181818182,0,-0.0181818181818182,0.0181818181818182,1,1,1,FALSE,3109
15,67,"Frontal_Inf_Orb_L","Precuneus_L",0.0363636363636364,0.0181818181818182,-0.0181818181818182,0.0181818181818182,1,1,1,FALSE,3132
16,67,"Frontal_Inf_Orb_R","Precuneus_L",0.0181818181818182,0,-0.0181818181818182,0.0181818181818182,1,1,1,FALSE,3165
17,67,"Rolandic_Oper_L","Precuneus_L",0.0363636363636364,0.0181818181818182,-0.0181818181818182,0.0181818181818182,1,1,1,FALSE,3184
18,67,"Rolandic_Oper_R","Precuneus_L",0.0181818181818182,0.0181818181818182,0,0,1,1,1,FALSE,4908
19,67,"Supp_Motor_Area_L","Precuneus_L",0.0909090909090909,0.163636363636364,0.0727272727272727,0.0727272727272727,0.391585309984995,1,1,FALSE,989
20,67,"Supp_Motor_Area_R","Precuneus_L",0.290909090909091,0.181818181818182,-0.109090909090909,0.109090909090909,0.261641887768875,1,1,FALSE,661
21,67,"Olfactory_L","Precuneus_L",0.0545454545454545,0.0181818181818182,-0.0363636363636364,0.0363636363636364,0.618022807167967,1,1,FALSE,1753
22,67,"Olfactory_R","Precuneus_L",0.0181818181818182,0,-0.0181818181818182,0.0181818181818182,1,1,1,FALSE,3280
23,67,"Frontal_Sup_Medial_L","Precuneus_L",0.163636363636364,0.109090909090909,-0.0545454545454545,0.0545454545454545,0.579713536502793,1,1,FALSE,1657
24,67,"Frontal_Sup_Medial_R","Precuneus_L",0.218181818181818,0.145454545454545,-0.0727272727272727,0.0727272727272727,0.459010046442181,1,1,FALSE,1143
25,67,"Frontal_Med_Orb_L","Precuneus_L",0.109090909090909,0.0727272727272727,-0.0363636363636364,0.0363636363636364,0.741953348477847,1,1,FALSE,2159
26,67,"Frontal_Med_Orb_R","Precuneus_L",0.0909090909090909,0.145454545454545,0.0545454545454545,0.0545454545454545,0.556268985477779,1,1,FALSE,1591
27,67,"Rectus_L","Precuneus_L",0.0909090909090909,0,-0.0909090909090909,0.0909090909090909,0.0568464374517706,1,1,FALSE,124
28,67,"Rectus_R","Precuneus_L",0.0363636363636364,0.0363636363636364,0,0,1,1,1,FALSE,5237
29,67,"Insula_L","Precuneus_L",0.0181818181818182,0.0181818181818182,0,0,1,1,1,FALSE,5274
30,67,"Insula_R","Precuneus_L",0.0181818181818182,0,-0.0181818181818182,0.0181818181818182,1,1,1,FALSE,3431
31,67,"Cingulum_Ant_L","Precuneus_L",0.109090909090909,0.127272727272727,0.0181818181818182,0.0181818181818182,1,1,1,FALSE,2516
32,67,"Cingulum_Ant_R","Precuneus_L",0.0909090909090909,0.0909090909090909,0,0,1,1,1,FALSE,2635
33,67,"Cingulum_Mid_L","Precuneus_L",0.363636363636364,0.345454545454545,-0.0181818181818182,0.0181818181818182,1,1,1,FALSE,2579
34,67,"Cingulum_Mid_R","Precuneus_L",0.363636363636364,0.4,0.0363636363636364,0.0363636363636364,0.844559971809837,1,1,FALSE,2400
35,67,"Cingulum_Post_L","Precuneus_L",0.0727272727272727,0.0909090909090909,0.0181818181818182,0.0181818181818182,1,1,1,FALSE,2735
36,67,"Cingulum_Post_R","Precuneus_L",0.218181818181818,0.181818181818182,-0.0363636363636363,0.0363636363636363,0.812066798143123,1,1,FALSE,2315
37,67,"Hippocampus_L","Precuneus_L",0.109090909090909,0.0727272727272727,-0.0363636363636364,0.0363636363636364,0.741953348477847,1,1,FALSE,2166
38,67,"Hippocampus_R","Precuneus_L",0.0909090909090909,0.0727272727272727,-0.0181818181818182,0.0181818181818182,1,1,1,FALSE,2743
39,67,"ParaHippocampal_L","Precuneus_L",0.0909090909090909,0.0909090909090909,0,0,1,1,1,FALSE,2645
40,67,"ParaHippocampal_R","Precuneus_L",0,0.0363636363636364,0.0363636363636364,0.0363636363636364,0.495412844036697,1,1,FALSE,1363
41,67,"Amygdala_L","Precuneus_L",0,0,0,0,1,1,1,FALSE,5567
42,67,"Amygdala_R","Precuneus_L",0.0181818181818182,0,-0.0181818181818182,0.0181818181818182,1,1,1,FALSE,3627
43,67,"Calcarine_L","Precuneus_L",0.163636363636364,0.109090909090909,-0.0545454545454545,0.0545454545454545,0.579713536502793,1,1,FALSE,1664
44,67,"Calcarine_R","Precuneus_L",0.236363636363636,0.2,-0.0363636363636363,0.0363636363636363,0.817827202797741,1,1,FALSE,2332
45,67,"Cuneus_L","Precuneus_L",0.363636363636364,0.418181818181818,0.0545454545454545,0.0545454545454545,0.696185399446499,1,1,FALSE,2043
46,67,"Cuneus_R","Precuneus_L",0.581818181818182,0.490909090909091,-0.0909090909090909,0.0909090909090909,0.444563530981193,1,1,FALSE,1131
47,67,"Lingual_L","Precuneus_L",0.145454545454545,0.0727272727272727,-0.0727272727272727,0.0727272727272727,0.359662012889472,1,1,FALSE,874
48,67,"Lingual_R","Precuneus_L",0.290909090909091,0.218181818181818,-0.0727272727272727,0.0727272727272727,0.511878601663095,1,1,FALSE,1501
49,67,"Occipital_Sup_L","Precuneus_L",0.454545454545455,0.309090909090909,-0.145454545454545,0.145454545454545,0.169180992080422,1,1,FALSE,369
50,67,"Occipital_Sup_R","Precuneus_L",0.363636363636364,0.2,-0.163636363636364,0.163636363636364,0.0891151936210092,1,1,FALSE,189
51,67,"Occipital_Mid_L","Precuneus_L",0.618181818181818,0.563636363636364,-0.0545454545454546,0.0545454545454546,0.698354095491981,1,1,FALSE,2045
52,67,"Occipital_Mid_R","Precuneus_L",0.254545454545455,0.181818181818182,-0.0727272727272727,0.0727272727272727,0.489151806446811,1,1,FALSE,1195
53,67,"Occipital_Inf_L","Precuneus_L",0.109090909090909,0.0909090909090909,-0.0181818181818182,0.0181818181818182,1,1,1,FALSE,4170
54,67,"Occipital_Inf_R","Precuneus_L",0.0727272727272727,0,-0.0727272727272727,0.0727272727272727,0.118151419017406,1,1,FALSE,264
55,67,"Fusiform_L","Precuneus_L",0.163636363636364,0.145454545454545,-0.0181818181818182,0.0181818181818182,1,1,1,FALSE,2495
56,67,"Fusiform_R","Precuneus_L",0.218181818181818,0.145454545454545,-0.0727272727272727,0.0727272727272727,0.459010046442181,1,1,FALSE,1146
57,67,"Postcentral_L","Precuneus_L",0.2,0.0363636363636364,-0.163636363636364,0.163636363636364,0.015332099840614,1,1,FALSE,39
58,67,"Postcentral_R","Precuneus_L",0.254545454545455,0.163636363636364,-0.0909090909090909,0.0909090909090909,0.34855177578558,1,1,FALSE,848
59,67,"Parietal_Sup_L","Precuneus_L",0.8,0.636363636363636,-0.163636363636364,0.163636363636364,0.0891151936210092,1,1,FALSE,188
60,67,"Parietal_Sup_R","Precuneus_L",0.709090909090909,0.727272727272727,0.0181818181818182,0.0181818181818182,1,1,1,FALSE,2500
61,67,"Parietal_Inf_L","Precuneus_L",0.2,0.163636363636364,-0.0363636363636364,0.0363636363636364,0.805305180298538,1,1,FALSE,2305
62,67,"Parietal_Inf_R","Precuneus_L",0.0363636363636364,0.0545454545454545,0.0181818181818182,0.0181818181818182,1,1,1,FALSE,3854
63,67,"SupraMarginal_L","Precuneus_L",0.0181818181818182,0.0909090909090909,0.0727272727272727,0.0727272727272727,0.20572996411117,1,1,FALSE,460
64,67,"SupraMarginal_R","Precuneus_L",0.0909090909090909,0.0727272727272727,-0.0181818181818182,0.0181818181818182,1,1,1,FALSE,2792
65,67,"Angular_L","Precuneus_L",0.0727272727272727,0.109090909090909,0.0363636363636364,0.0363636363636364,0.741953348477847,1,1,FALSE,2182
66,67,"Angular_R","Precuneus_L",0.0727272727272727,0.0363636363636364,-0.0363636363636364,0.0363636363636364,0.678654107617496,1,1,FALSE,2007
1,68,"Precentral_L","Precuneus_R",0.0727272727272727,0.0363636363636364,-0.0363636363636364,0.0363636363636364,0.678654107617496,1,1,FALSE,1931
2,68,"Precentral_R","Precuneus_R",0.109090909090909,0.0909090909090909,-0.0181818181818182,0.0181818181818182,1,1,1,FALSE,4140
3,68,"Frontal_Sup_L","Precuneus_R",0.563636363636364,0.6,0.0363636363636364,0.0363636363636364,0.846856694634391,1,1,FALSE,2410
4,68,"Frontal_Sup_R","Precuneus_R",0.527272727272727,0.636363636363636,0.109090909090909,0.109090909090909,0.333853009989104,1,1,FALSE,832
5,68,"Frontal_Sup_Orb_L","Precuneus_R",0.0363636363636364,0.0363636363636364,0,0,1,1,1,FALSE,4342
6,68,"Frontal_Sup_Orb_R","Precuneus_R",0.0727272727272727,0.0909090909090909,0.0181818181818182,0.0181818181818182,1,1,1,FALSE,2682
7,68,"Frontal_Mid_L","Precuneus_R",0.2,0.236363636363636,0.0363636363636363,0.0363636363636363,0.817827202797741,1,1,FALSE,2327
8,68,"Frontal_Mid_R","Precuneus_R",0.472727272727273,0.509090909090909,0.0363636363636363,0.0363636363636363,0.848858645282306,1,1,FALSE,2437
9,68,"Frontal_Mid_Orb_L","Precuneus_R",0.0363636363636364,0.0181818181818182,-0.0181818181818182,0.0181818181818182,1,1,1,FALSE,2990
10,68,"Frontal_Mid_Orb_R","Precuneus_R",0.0363636363636364,0.0363636363636364,0,0,1,1,1,FALSE,4600
11,68,"Frontal_Inf_Oper_L","Precuneus_R",0,0,0,0,1,1,1,FALSE,4649
12,68,"Frontal_Inf_Oper_R","Precuneus_R",0.0181818181818182,0,-0.0181818181818182,0.0181818181818182,1,1,1,FALSE,3062
13,68,"Frontal_Inf_Tri_L","Precuneus_R",0,0,0,0,1,1,1,FALSE,4729
14,68,"Frontal_Inf_Tri_R","Precuneus_R",0.0181818181818182,0.0181818181818182,0,0,1,1,1,FALSE,4766
15,68,"Frontal_Inf_Orb_L","Precuneus_R",0.0363636363636364,0,-0.0363636363636364,0.0363636363636364,0.495412844036697,1,1,FALSE,1268
16,68,"Frontal_Inf_Orb_R","Precuneus_R",0.0181818181818182,0.0181818181818182,0,0,1,1,1,FALSE,4830
17,68,"Rolandic_Oper_L","Precuneus_R",0,0,0,0,1,1,1,FALSE,4872
18,68,"Rolandic_Oper_R","Precuneus_R",0,0,0,0,1,1,1,FALSE,4909
19,68,"Supp_Motor_Area_L","Precuneus_R",0.0363636363636364,0.0363636363636364,0,0,1,1,1,FALSE,4947
20,68,"Supp_Motor_Area_R","Precuneus_R",0.163636363636364,0.2,0.0363636363636364,0.0363636363636364,0.805305180298538,1,1,FALSE,2300
21,68,"Olfactory_L","Precuneus_R",0.0727272727272727,0.0545454545454545,-0.0181818181818182,0.0181818181818182,1,1,1,FALSE,3251
22,68,"Olfactory_R","Precuneus_R",0.0727272727272727,0.0727272727272727,0,0,1,1,1,FALSE,5038
23,68,"Frontal_Sup_Medial_L","Precuneus_R",0.290909090909091,0.418181818181818,0.127272727272727,0.127272727272727,0.231567948452208,1,1,FALSE,487
24,68,"Frontal_Sup_Medial_R","Precuneus_R",0.672727272727273,0.654545454545455,-0.0181818181818182,0.0181818181818182,1,1,1,FALSE,2447
25,68,"Frontal_Med_Orb_L","Precuneus_R",0.363636363636364,0.254545454545455,-0.109090909090909,0.109090909090909,0.302253330032413,1,1,FALSE,748
26,68,"Frontal_Med_Orb_R","Precuneus_R",0.563636363636364,0.472727272727273,-0.0909090909090909,0.0909090909090909,0.445467581311634,1,1,FALSE,1133
27,68,"Rectus_L","Precuneus_R",0.181818181818182,0.0363636363636364,-0.145454545454545,0.145454545454545,0.0286888203891284,1,1,FALSE,66
28,68,"Rectus_R","Precuneus_R",0.254545454545455,0.109090909090909,-0.145454545454545,0.145454545454545,0.0818260667672139,1,1,FALSE,171
29,68,"Insula_L","Precuneus_R",0.0181818181818182,0,-0.0181818181818182,0.0181818181818182,1,1,1,FALSE,3417
30,68,"Insula_R","Precuneus_R",0,0.0181818181818182,0.0181818181818182,0.0181818181818182,1,1,1,FALSE,3432
31,68,"Cingulum_Ant_L","Precuneus_R",0.218181818181818,0.309090909090909,0.0909090909090909,0.0909090909090909,0.386965645395776,1,1,FALSE,979
32,68,"Cingulum_Ant_R","Precuneus_R",0.345454545454545,0.327272727272727,-0.0181818181818182,0.0181818181818182,1,1,1,FALSE,2448
33,68,"Cingulum_Mid_L","Precuneus_R",0.0909090909090909,0.0909090909090909,0,0,1,1,1,FALSE,2637
34,68,"Cingulum_Mid_R","Precuneus_R",0.509090909090909,0.709090909090909,0.2,0.2,0.0501153074299698,1,1,FALSE,100
35,68,"Cingulum_Post_L","Precuneus_R",0.109090909090909,0.327272727272727,0.218181818181818,0.218181818181818,0.0101253958088932,1,1,FALSE,25
36,68,"Cingulum_Post_R","Precuneus_R",0.654545454545455,0.745454545454545,0.0909090909090909,0.0909090909090909,0.4055060701556,1,1,FALSE,1009
37,68,"Hippocampus_L","Precuneus_R",0.0727272727272727,0.0363636363636364,-0.0363636363636364,0.0363636363636364,0.678654107617496,1,1,FALSE,1983
38,68,"Hippocampus_R","Precuneus_R",0.272727272727273,0.2,-0.0727272727272727,0.0727272727272727,0.50129166376757,1,1,FALSE,1491
39,68,"ParaHippocampal_L","Precuneus_R",0.145454545454545,0.109090909090909,-0.0363636363636364,0.0363636363636364,0.775847219468156,1,1,FALSE,2257
40,68,"ParaHippocampal_R","Precuneus_R",0.127272727272727,0.109090909090909,-0.0181818181818182,0.0181818181818182,1,1,1,FALSE,2523
41,68,"Amygdala_L","Precuneus_R",0,0,0,0,1,1,1,FALSE,5568
42,68,"Amygdala_R","Precuneus_R",0.0363636363636364,0.109090909090909,0.0727272727272727,0.0727272727272727,0.270576022922045,1,1,FALSE,701
43,68,"Calcarine_L","Precuneus_R",0.145454545454545,0.0909090909090909,-0.0545454545454545,0.0545454545454545,0.556268985477779,1,1,FALSE,1598
44,68,"Calcarine_R","Precuneus_R",0.527272727272727,0.345454545454545,-0.181818181818182,0.181818181818182,0.0830904117548648,1,1,FALSE,181
45,68,"Cuneus_L","Precuneus_R",0.4,0.436363636363636,0.0363636363636363,0.0363636363636363,0.846856694634391,1,1,FALSE,2415
46,68,"Cuneus_R","Precuneus_R",0.872727272727273,0.8,-0.0727272727272726,0.0727272727272726,0.440163525159517,1,1,FALSE,1103
47,68,"Lingual_L","Precuneus_R",0.0727272727272727,0.109090909090909,0.0363636363636364,0.0363636363636364,0.741953348477847,1,1,FALSE,2170
48,68,"Lingual_R","Precuneus_R",0.545454545454545,0.4,-0.145454545454545,0.145454545454545,0.181032859657516,1,1,FALSE,387
49,68,"Occipital_Sup_L","Precuneus_R",0.363636363636364,0.236363636363636,-0.127272727272727,0.127272727272727,0.211592387485226,1,1,FALSE,470
50,68,"Occipital_Sup_R","Precuneus_R",0.272727272727273,0.127272727272727,-0.145454545454545,0.145454545454545,0.0937742539959682,1,1,FALSE,199
51,68,"Occipital_Mid_L","Precuneus_R",0.690909090909091,0.6,-0.0909090909090909,0.0909090909090909,0.42551401227077,1,1,FALSE,1039
52,68,"Occipital_Mid_R","Precuneus_R",0.254545454545455,0.2,-0.0545454545454545,0.0545454545454545,0.649667697687963,1,1,FALSE,1897
53,68,"Occipital_Inf_L","Precuneus_R",0.0909090909090909,0.0545454545454545,-0.0363636363636364,0.0363636363636364,0.716092464011574,1,1,FALSE,2118
54,68,"Occipital_Inf_R","Precuneus_R",0.0181818181818182,0,-0.0181818181818182,0.0181818181818182,1,1,1,FALSE,3766
55,68,"Fusiform_L","Precuneus_R",0.127272727272727,0.163636363636364,0.0363636363636364,0.0363636363636364,0.78764473423299,1,1,FALSE,2275
56,68,"Fusiform_R","Precuneus_R",0.163636363636364,0.145454545454545,-0.0181818181818182,0.0181818181818182,1,1,1,FALSE,2496
57,68,"Postcentral_L","Precuneus_R",0.0363636363636364,0.0181818181818182,-0.0181818181818182,0.0181818181818182,1,1,1,FALSE,3805
58,68,"Postcentral_R","Precuneus_R",0.0545454545454545,0.0363636363636364,-0.0181818181818182,0.0181818181818182,1,1,1,FALSE,3817
59,68,"Parietal_Sup_L","Precuneus_R",0.254545454545455,0.127272727272727,-0.127272727272727,0.127272727272727,0.144378341082457,1,1,FALSE,328
60,68,"Parietal_Sup_R","Precuneus_R",0.254545454545455,0.218181818181818,-0.0363636363636363,0.0363636363636363,0.822773070595087,1,1,FALSE,2345
61,68,"Parietal_Inf_L","Precuneus_R",0.0727272727272727,0.0181818181818182,-0.0545454545454545,0.0545454545454545,0.363371345279945,1,1,FALSE,957
62,68,"Parietal_Inf_R","Precuneus_R",0.0727272727272727,0,-0.0727272727272727,0.0727272727272727,0.118151419017406,1,1,FALSE,269
63,68,"SupraMarginal_L","Precuneus_R",0,0,0,0,1,1,1,FALSE,5985
64,68,"SupraMarginal_R","Precuneus_R",0.0181818181818182,0,-0.0181818181818182,0.0181818181818182,1,1,1,FALSE,3875
65,68,"Angular_L","Precuneus_R",0.163636363636364,0.363636363636364,0.2,0.2,0.0294583401777855,1,1,FALSE,73
66,68,"Angular_R","Precuneus_R",0.545454545454545,0.490909090909091,-0.0545454545454545,0.0545454545454545,0.702929061416946,1,1,FALSE,2063
67,68,"Precuneus_L","Precuneus_R",0.981818181818182,0.981818181818182,0,0,1,1,1,FALSE,6086
1,69,"Precentral_L","Paracentral_Lobule_L",0.272727272727273,0.236363636363636,-0.0363636363636363,0.0363636363636363,0.827043599014482,1,1,FALSE,2350
2,69,"Precentral_R","Paracentral_Lobule_L",0.363636363636364,0.345454545454545,-0.0181818181818182,0.0181818181818182,1,1,1,FALSE,2562
3,69,"Frontal_Sup_L","Paracentral_Lobule_L",0,0,0,0,1,1,1,FALSE,4283
4,69,"Frontal_Sup_R","Paracentral_Lobule_L",0.0363636363636364,0,-0.0363636363636364,0.0363636363636364,0.495412844036697,1,1,FALSE,1218
5,69,"Frontal_Sup_Orb_L","Paracentral_Lobule_L",0,0,0,0,1,1,1,FALSE,4343
6,69,"Frontal_Sup_Orb_R","Paracentral_Lobule_L",0,0,0,0,1,1,1,FALSE,4395
7,69,"Frontal_Mid_L","Paracentral_Lobule_L",0,0,0,0,1,1,1,FALSE,4450
8,69,"Frontal_Mid_R","Paracentral_Lobule_L",0,0,0,0,1,1,1,FALSE,4493
9,69,"Frontal_Mid_Orb_L","Paracentral_Lobule_L",0,0,0,0,1,1,1,FALSE,4536
10,69,"Frontal_Mid_Orb_R","Paracentral_Lobule_L",0,0,0,0,1,1,1,FALSE,4601
11,69,"Frontal_Inf_Oper_L","Paracentral_Lobule_L",0,0,0,0,1,1,1,FALSE,4650
12,69,"Frontal_Inf_Oper_R","Paracentral_Lobule_L",0,0.0181818181818182,0.0181818181818182,0.0181818181818182,1,1,1,FALSE,3063
13,69,"Frontal_Inf_Tri_L","Paracentral_Lobule_L",0,0,0,0,1,1,1,FALSE,4730
14,69,"Frontal_Inf_Tri_R","Paracentral_Lobule_L",0,0.0363636363636364,0.0363636363636364,0.0363636363636364,0.495412844036697,1,1,FALSE,1263
15,69,"Frontal_Inf_Orb_L","Paracentral_Lobule_L",0.0181818181818182,0,-0.0181818181818182,0.0181818181818182,1,1,1,FALSE,3133
16,69,"Frontal_Inf_Orb_R","Paracentral_Lobule_L",0,0,0,0,1,1,1,FALSE,4831
17,69,"Rolandic_Oper_L","Paracentral_Lobule_L",0.163636363636364,0.145454545454545,-0.0181818181818182,0.0181818181818182,1,1,1,FALSE,2476
18,69,"Rolandic_Oper_R","Paracentral_Lobule_L",0.0909090909090909,0.0909090909090909,0,0,1,1,1,FALSE,2626
19,69,"Supp_Motor_Area_L","Paracentral_Lobule_L",0.0727272727272727,0.0363636363636364,-0.0363636363636364,0.0363636363636364,0.678654107617496,1,1,FALSE,1962
20,69,"Supp_Motor_Area_R","Paracentral_Lobule_L",0.345454545454545,0.454545454545455,0.109090909090909,0.109090909090909,0.330543246178152,1,1,FALSE,816
21,69,"Olfactory_L","Paracentral_Lobule_L",0,0,0,0,1,1,1,FALSE,4997
22,69,"Olfactory_R","Paracentral_Lobule_L",0,0,0,0,1,1,1,FALSE,5039
23,69,"Frontal_Sup_Medial_L","Paracentral_Lobule_L",0.0181818181818182,0.0181818181818182,0,0,1,1,1,FALSE,5074
24,69,"Frontal_Sup_Medial_R","Paracentral_Lobule_L",0.0363636363636364,0,-0.0363636363636364,0.0363636363636364,0.495412844036697,1,1,FALSE,1306
25,69,"Frontal_Med_Orb_L","Paracentral_Lobule_L",0.0181818181818182,0,-0.0181818181818182,0.0181818181818182,1,1,1,FALSE,3335
26,69,"Frontal_Med_Orb_R","Paracentral_Lobule_L",0.0181818181818182,0.0181818181818182,0,0,1,1,1,FALSE,5168
27,69,"Rectus_L","Paracentral_Lobule_L",0.0181818181818182,0,-0.0181818181818182,0.0181818181818182,1,1,1,FALSE,3376
28,69,"Rectus_R","Paracentral_Lobule_L",0.0181818181818182,0,-0.0181818181818182,0.0181818181818182,1,1,1,FALSE,3397
29,69,"Insula_L","Paracentral_Lobule_L",0.0181818181818182,0.0181818181818182,0,0,1,1,1,FALSE,5275
30,69,"Insula_R","Paracentral_Lobule_L",0.0545454545454545,0.0363636363636364,-0.0181818181818182,0.0181818181818182,1,1,1,FALSE,3433
31,69,"Cingulum_Ant_L","Paracentral_Lobule_L",0,0.0181818181818182,0.0181818181818182,0.0181818181818182,1,1,1,FALSE,3454
32,69,"Cingulum_Ant_R","Paracentral_Lobule_L",0,0,0,0,1,1,1,FALSE,5346
33,69,"Cingulum_Mid_L","Paracentral_Lobule_L",0.218181818181818,0.218181818181818,0,0,1,1,1,FALSE,5376
34,69,"Cingulum_Mid_R","Paracentral_Lobule_L",0.109090909090909,0.127272727272727,0.0181818181818182,0.0181818181818182,1,1,1,FALSE,2521
35,69,"Cingulum_Post_L","Paracentral_Lobule_L",0,0,0,0,1,1,1,FALSE,5430
36,69,"Cingulum_Post_R","Paracentral_Lobule_L",0,0,0,0,1,1,1,FALSE,5472
37,69,"Hippocampus_L","Paracentral_Lobule_L",0,0.0363636363636364,0.0363636363636364,0.0363636363636364,0.495412844036697,1,1,FALSE,1353
38,69,"Hippocampus_R","Paracentral_Lobule_L",0.0363636363636364,0.0727272727272727,0.0363636363636364,0.0363636363636364,0.678654107617496,1,1,FALSE,1987
39,69,"ParaHippocampal_L","Paracentral_Lobule_L",0,0,0,0,1,1,1,FALSE,5521
40,69,"ParaHippocampal_R","Paracentral_Lobule_L",0,0,0,0,1,1,1,FALSE,5541
41,69,"Amygdala_L","Paracentral_Lobule_L",0,0,0,0,1,1,1,FALSE,5569
42,69,"Amygdala_R","Paracentral_Lobule_L",0.0545454545454545,0.0545454545454545,0,0,1,1,1,FALSE,5595
43,69,"Calcarine_L","Paracentral_Lobule_L",0,0,0,0,1,1,1,FALSE,5616
44,69,"Calcarine_R","Paracentral_Lobule_L",0,0,0,0,1,1,1,FALSE,5645
45,69,"Cuneus_L","Paracentral_Lobule_L",0.0181818181818182,0,-0.0181818181818182,0.0181818181818182,1,1,1,FALSE,3662
46,69,"Cuneus_R","Paracentral_Lobule_L",0,0,0,0,1,1,1,FALSE,5686
47,69,"Lingual_L","Paracentral_Lobule_L",0.0545454545454545,0,-0.0545454545454545,0.0545454545454545,0.243119266055046,1,1,FALSE,578
48,69,"Lingual_R","Paracentral_Lobule_L",0.0727272727272727,0.0181818181818182,-0.0545454545454545,0.0545454545454545,0.363371345279945,1,1,FALSE,950
49,69,"Occipital_Sup_L","Paracentral_Lobule_L",0.0181818181818182,0,-0.0181818181818182,0.0181818181818182,1,1,1,FALSE,3707
50,69,"Occipital_Sup_R","Paracentral_Lobule_L",0.0363636363636364,0,-0.0363636363636364,0.0363636363636364,0.495412844036697,1,1,FALSE,1393
51,69,"Occipital_Mid_L","Paracentral_Lobule_L",0.0363636363636364,0,-0.0363636363636364,0.0363636363636364,0.495412844036697,1,1,FALSE,1399
52,69,"Occipital_Mid_R","Paracentral_Lobule_L",0.0181818181818182,0,-0.0181818181818182,0.0181818181818182,1,1,1,FALSE,3737
53,69,"Occipital_Inf_L","Paracentral_Lobule_L",0.0363636363636364,0.0181818181818182,-0.0181818181818182,0.0181818181818182,1,1,1,FALSE,3746
54,69,"Occipital_Inf_R","Paracentral_Lobule_L",0.0181818181818182,0.0363636363636364,0.0181818181818182,0.0181818181818182,1,1,1,FALSE,3767
55,69,"Fusiform_L","Paracentral_Lobule_L",0.0545454545454545,0.0181818181818182,-0.0363636363636364,0.0363636363636364,0.618022807167967,1,1,FALSE,1822
56,69,"Fusiform_R","Paracentral_Lobule_L",0.0181818181818182,0,-0.0181818181818182,0.0181818181818182,1,1,1,FALSE,3792
57,69,"Postcentral_L","Paracentral_Lobule_L",0.545454545454545,0.363636363636364,-0.181818181818182,0.181818181818182,0.0843535068774411,1,1,FALSE,183
58,69,"Postcentral_R","Paracentral_Lobule_L",0.545454545454545,0.563636363636364,0.0181818181818182,0.0181818181818182,1,1,1,FALSE,2597
59,69,"Parietal_Sup_L","Paracentral_Lobule_L",0.163636363636364,0.0909090909090909,-0.0727272727272727,0.0727272727272727,0.391585309984995,1,1,FALSE,996
60,69,"Parietal_Sup_R","Paracentral_Lobule_L",0.127272727272727,0.145454545454545,0.0181818181818182,0.0181818181818182,1,1,1,FALSE,2788
61,69,"Parietal_Inf_L","Paracentral_Lobule_L",0,0.0181818181818182,0.0181818181818182,0.0181818181818182,1,1,1,FALSE,3841
62,69,"Parietal_Inf_R","Paracentral_Lobule_L",0,0,0,0,1,1,1,FALSE,5958
63,69,"SupraMarginal_L","Paracentral_Lobule_L",0.0727272727272727,0.0909090909090909,0.0181818181818182,0.0181818181818182,1,1,1,FALSE,2791
64,69,"SupraMarginal_R","Paracentral_Lobule_L",0.0545454545454545,0.163636363636364,0.109090909090909,0.109090909090909,0.123540893849592,1,1,FALSE,302
65,69,"Angular_L","Paracentral_Lobule_L",0.0363636363636364,0.0181818181818182,-0.0181818181818182,0.0181818181818182,1,1,1,FALSE,3882
66,69,"Angular_R","Paracentral_Lobule_L",0.0181818181818182,0,-0.0181818181818182,0.0181818181818182,1,1,1,FALSE,3893
67,69,"Precuneus_L","Paracentral_Lobule_L",0.163636363636364,0.181818181818182,0.0181818181818182,0.0181818181818182,1,1,1,FALSE,2794
68,69,"Precuneus_R","Paracentral_Lobule_L",0,0.0181818181818182,0.0181818181818182,0.0181818181818182,1,1,1,FALSE,3910
1,70,"Precentral_L","Paracentral_Lobule_R",0.381818181818182,0.290909090909091,-0.0909090909090909,0.0909090909090909,0.419755829539315,1,1,FALSE,1031
2,70,"Precentral_R","Paracentral_Lobule_R",0.509090909090909,0.509090909090909,0,0,1,1,1,FALSE,4261
3,70,"Frontal_Sup_L","Paracentral_Lobule_R",0.218181818181818,0.145454545454545,-0.0727272727272727,0.0727272727272727,0.459010046442181,1,1,FALSE,1136
4,70,"Frontal_Sup_R","Paracentral_Lobule_R",0.163636363636364,0.0909090909090909,-0.0727272727272727,0.0727272727272727,0.391585309984995,1,1,FALSE,985
5,70,"Frontal_Sup_Orb_L","Paracentral_Lobule_R",0.0181818181818182,0.0727272727272727,0.0545454545454545,0.0545454545454545,0.363371345279945,1,1,FALSE,901
6,70,"Frontal_Sup_Orb_R","Paracentral_Lobule_R",0,0,0,0,1,1,1,FALSE,4396
7,70,"Frontal_Mid_L","Paracentral_Lobule_R",0.127272727272727,0.0909090909090909,-0.0363636363636363,0.0363636363636363,0.761067915257265,1,1,FALSE,2193
8,70,"Frontal_Mid_R","Paracentral_Lobule_R",0.109090909090909,0.109090909090909,0,0,1,1,1,FALSE,4494
9,70,"Frontal_Mid_Orb_L","Paracentral_Lobule_R",0.0363636363636364,0.0181818181818182,-0.0181818181818182,0.0181818181818182,1,1,1,FALSE,2991
10,70,"Frontal_Mid_Orb_R","Paracentral_Lobule_R",0.0363636363636364,0.0181818181818182,-0.0181818181818182,0.0181818181818182,1,1,1,FALSE,3010
11,70,"Frontal_Inf_Oper_L","Paracentral_Lobule_R",0.0181818181818182,0.0181818181818182,0,0,1,1,1,FALSE,4651
12,70,"Frontal_Inf_Oper_R","Paracentral_Lobule_R",0.0181818181818182,0.0181818181818182,0,0,1,1,1,FALSE,4686
13,70,"Frontal_Inf_Tri_L","Paracentral_Lobule_R",0.0363636363636364,0.0181818181818182,-0.0181818181818182,0.0181818181818182,1,1,1,FALSE,3083
14,70,"Frontal_Inf_Tri_R","Paracentral_Lobule_R",0.0181818181818182,0.0909090909090909,0.0727272727272727,0.0727272727272727,0.20572996411117,1,1,FALSE,438
15,70,"Frontal_Inf_Orb_L","Paracentral_Lobule_R",0.0727272727272727,0.127272727272727,0.0545454545454545,0.0545454545454545,0.526914472209385,1,1,FALSE,1519
16,70,"Frontal_Inf_Orb_R","Paracentral_Lobule_R",0.0727272727272727,0.0545454545454545,-0.0181818181818182,0.0181818181818182,1,1,1,FALSE,3166
17,70,"Rolandic_Oper_L","Paracentral_Lobule_R",0.109090909090909,0.163636363636364,0.0545454545454545,0.0545454545454545,0.579713536502793,1,1,FALSE,1655
18,70,"Rolandic_Oper_R","Paracentral_Lobule_R",0.109090909090909,0.0545454545454545,-0.0545454545454545,0.0545454545454545,0.488966435220834,1,1,FALSE,1165
19,70,"Supp_Motor_Area_L","Paracentral_Lobule_R",0.127272727272727,0.0545454545454545,-0.0727272727272727,0.0727272727272727,0.320308493049491,1,1,FALSE,781
20,70,"Supp_Motor_Area_R","Paracentral_Lobule_R",0.636363636363636,0.781818181818182,0.145454545454546,0.145454545454546,0.141078321059635,1,1,FALSE,321
21,70,"Olfactory_L","Paracentral_Lobule_R",0.0181818181818182,0,-0.0181818181818182,0.0181818181818182,1,1,1,FALSE,3252
22,70,"Olfactory_R","Paracentral_Lobule_R",0,0,0,0,1,1,1,FALSE,5040
23,70,"Frontal_Sup_Medial_L","Paracentral_Lobule_R",0.0363636363636364,0.145454545454545,0.109090909090909,0.109090909090909,0.0932689555111464,1,1,FALSE,196
24,70,"Frontal_Sup_Medial_R","Paracentral_Lobule_R",0.181818181818182,0.181818181818182,0,0,1,1,1,FALSE,5104
25,70,"Frontal_Med_Orb_L","Paracentral_Lobule_R",0.0181818181818182,0.0181818181818182,0,0,1,1,1,FALSE,5134
26,70,"Frontal_Med_Orb_R","Paracentral_Lobule_R",0.0727272727272727,0.0363636363636364,-0.0363636363636364,0.0363636363636364,0.678654107617496,1,1,FALSE,1968
27,70,"Rectus_L","Paracentral_Lobule_R",0,0.0181818181818182,0.0181818181818182,0.0181818181818182,1,1,1,FALSE,3377
28,70,"Rectus_R","Paracentral_Lobule_R",0.0545454545454545,0.0181818181818182,-0.0363636363636364,0.0363636363636364,0.618022807167967,1,1,FALSE,1772
29,70,"Insula_L","Paracentral_Lobule_R",0.0363636363636364,0.0727272727272727,0.0363636363636364,0.0363636363636364,0.678654107617496,1,1,FALSE,1972
30,70,"Insula_R","Paracentral_Lobule_R",0.0545454545454545,0.0545454545454545,0,0,1,1,1,FALSE,5292
31,70,"Cingulum_Ant_L","Paracentral_Lobule_R",0.0181818181818182,0.0181818181818182,0,0,1,1,1,FALSE,5320
32,70,"Cingulum_Ant_R","Paracentral_Lobule_R",0.0545454545454545,0.0363636363636364,-0.0181818181818182,0.0181818181818182,1,1,1,FALSE,3473
33,70,"Cingulum_Mid_L","Paracentral_Lobule_R",0.254545454545455,0.218181818181818,-0.0363636363636363,0.0363636363636363,0.822773070595087,1,1,FALSE,2342
34,70,"Cingulum_Mid_R","Paracentral_Lobule_R",0.345454545454545,0.363636363636364,0.0181818181818182,0.0181818181818182,1,1,1,FALSE,2581
35,70,"Cingulum_Post_L","Paracentral_Lobule_R",0,0,0,0,1,1,1,FALSE,5431
36,70,"Cingulum_Post_R","Paracentral_Lobule_R",0.0727272727272727,0,-0.0727272727272727,0.0727272727272727,0.118151419017406,1,1,FALSE,257
37,70,"Hippocampus_L","Paracentral_Lobule_R",0.0181818181818182,0.0909090909090909,0.0727272727272727,0.0727272727272727,0.20572996411117,1,1,FALSE,447
38,70,"Hippocampus_R","Paracentral_Lobule_R",0.0909090909090909,0.127272727272727,0.0363636363636363,0.0363636363636363,0.761067915257265,1,1,FALSE,2213
39,70,"ParaHippocampal_L","Paracentral_Lobule_R",0.0181818181818182,0.0727272727272727,0.0545454545454545,0.0545454545454545,0.363371345279945,1,1,FALSE,938
40,70,"ParaHippocampal_R","Paracentral_Lobule_R",0.0181818181818182,0.0727272727272727,0.0545454545454545,0.0545454545454545,0.363371345279945,1,1,FALSE,939
41,70,"Amygdala_L","Paracentral_Lobule_R",0.0181818181818182,0.0363636363636364,0.0181818181818182,0.0181818181818182,1,1,1,FALSE,3611
42,70,"Amygdala_R","Paracentral_Lobule_R",0.0727272727272727,0.0363636363636364,-0.0363636363636364,0.0363636363636364,0.678654107617496,1,1,FALSE,1992
43,70,"Calcarine_L","Paracentral_Lobule_R",0,0,0,0,1,1,1,FALSE,5617
44,70,"Calcarine_R","Paracentral_Lobule_R",0.0181818181818182,0.0181818181818182,0,0,1,1,1,FALSE,5646
45,70,"Cuneus_L","Paracentral_Lobule_R",0.0181818181818182,0,-0.0181818181818182,0.0181818181818182,1,1,1,FALSE,3663
46,70,"Cuneus_R","Paracentral_Lobule_R",0.0545454545454545,0.0181818181818182,-0.0363636363636364,0.0363636363636364,0.618022807167967,1,1,FALSE,1810
47,70,"Lingual_L","Paracentral_Lobule_R",0.109090909090909,0.0363636363636364,-0.0727272727272727,0.0727272727272727,0.270576022922045,1,1,FALSE,703
48,70,"Lingual_R","Paracentral_Lobule_R",0.236363636363636,0.163636363636364,-0.0727272727272727,0.0727272727272727,0.475179132592278,1,1,FALSE,1156
49,70,"Occipital_Sup_L","Paracentral_Lobule_R",0.0909090909090909,0.0181818181818182,-0.0727272727272727,0.0727272727272727,0.20572996411117,1,1,FALSE,455
50,70,"Occipital_Sup_R","Paracentral_Lobule_R",0.0727272727272727,0.0181818181818182,-0.0545454545454545,0.0545454545454545,0.363371345279945,1,1,FALSE,953
51,70,"Occipital_Mid_L","Paracentral_Lobule_R",0.163636363636364,0.0727272727272727,-0.0909090909090909,0.0909090909090909,0.236782655021779,1,1,FALSE,509
52,70,"Occipital_Mid_R","Paracentral_Lobule_R",0.0909090909090909,0,-0.0909090909090909,0.0909090909090909,0.0568464374517706,1,1,FALSE,133
53,70,"Occipital_Inf_L","Paracentral_Lobule_R",0.109090909090909,0.0909090909090909,-0.0181818181818182,0.0181818181818182,1,1,1,FALSE,4171
54,70,"Occipital_Inf_R","Paracentral_Lobule_R",0.0727272727272727,0.0181818181818182,-0.0545454545454545,0.0545454545454545,0.363371345279945,1,1,FALSE,954
55,70,"Fusiform_L","Paracentral_Lobule_R",0.145454545454545,0.0545454545454545,-0.0909090909090909,0.0909090909090909,0.202247933529552,1,1,FALSE,425
56,70,"Fusiform_R","Paracentral_Lobule_R",0.109090909090909,0.0363636363636364,-0.0727272727272727,0.0727272727272727,0.270576022922045,1,1,FALSE,705
57,70,"Postcentral_L","Paracentral_Lobule_R",0.563636363636364,0.454545454545455,-0.109090909090909,0.109090909090909,0.340333583083512,1,1,FALSE,843
58,70,"Postcentral_R","Paracentral_Lobule_R",0.709090909090909,0.727272727272727,0.0181818181818182,0.0181818181818182,1,1,1,FALSE,2498
59,70,"Parietal_Sup_L","Paracentral_Lobule_R",0.272727272727273,0.2,-0.0727272727272727,0.0727272727272727,0.50129166376757,1,1,FALSE,1493
60,70,"Parietal_Sup_R","Paracentral_Lobule_R",0.345454545454545,0.327272727272727,-0.0181818181818182,0.0181818181818182,1,1,1,FALSE,2459
61,70,"Parietal_Inf_L","Paracentral_Lobule_R",0.109090909090909,0.163636363636364,0.0545454545454545,0.0545454545454545,0.579713536502793,1,1,FALSE,1667
62,70,"Parietal_Inf_R","Paracentral_Lobule_R",0.0545454545454545,0.0909090909090909,0.0363636363636364,0.0363636363636364,0.716092464011574,1,1,FALSE,2120
63,70,"SupraMarginal_L","Paracentral_Lobule_R",0,0.0909090909090909,0.0909090909090909,0.0909090909090909,0.0568464374517706,1,1,FALSE,134
64,70,"SupraMarginal_R","Paracentral_Lobule_R",0.127272727272727,0.2,0.0727272727272728,0.0727272727272728,0.440163525159517,1,1,FALSE,1113
65,70,"Angular_L","Paracentral_Lobule_R",0.0181818181818182,0,-0.0181818181818182,0.0181818181818182,1,1,1,FALSE,3883
66,70,"Angular_R","Paracentral_Lobule_R",0,0.0545454545454545,0.0545454545454545,0.0545454545454545,0.243119266055046,1,1,FALSE,603
67,70,"Precuneus_L","Paracentral_Lobule_R",0.472727272727273,0.472727272727273,0,0,1,1,1,FALSE,6087
68,70,"Precuneus_R","Paracentral_Lobule_R",0.272727272727273,0.309090909090909,0.0363636363636364,0.0363636363636364,0.833958431423524,1,1,FALSE,2370
69,70,"Paracentral_Lobule_L","Paracentral_Lobule_R",0.890909090909091,0.818181818181818,-0.0727272727272726,0.0727272727272726,0.417989271601529,1,1,FALSE,1030
1,71,"Precentral_L","Caudate_L",0,0,0,0,1,1,1,FALSE,4233
2,71,"Precentral_R","Caudate_L",0,0,0,0,1,1,1,FALSE,4262
3,71,"Frontal_Sup_L","Caudate_L",0.0727272727272727,0.0909090909090909,0.0181818181818182,0.0181818181818182,1,1,1,FALSE,2673
4,71,"Frontal_Sup_R","Caudate_L",0,0,0,0,1,1,1,FALSE,4309
5,71,"Frontal_Sup_Orb_L","Caudate_L",0,0.0181818181818182,0.0181818181818182,0.0181818181818182,1,1,1,FALSE,2906
6,71,"Frontal_Sup_Orb_R","Caudate_L",0,0.0181818181818182,0.0181818181818182,0.0181818181818182,1,1,1,FALSE,2930
7,71,"Frontal_Mid_L","Caudate_L",0.0181818181818182,0.0727272727272727,0.0545454545454545,0.0545454545454545,0.363371345279945,1,1,FALSE,903
8,71,"Frontal_Mid_R","Caudate_L",0.0363636363636364,0,-0.0363636363636364,0.0363636363636364,0.495412844036697,1,1,FALSE,1235
9,71,"Frontal_Mid_Orb_L","Caudate_L",0,0,0,0,1,1,1,FALSE,4537
10,71,"Frontal_Mid_Orb_R","Caudate_L",0,0,0,0,1,1,1,FALSE,4602
11,71,"Frontal_Inf_Oper_L","Caudate_L",0,0.0363636363636364,0.0363636363636364,0.0363636363636364,0.495412844036697,1,1,FALSE,1250
12,71,"Frontal_Inf_Oper_R","Caudate_L",0.0181818181818182,0,-0.0181818181818182,0.0181818181818182,1,1,1,FALSE,3064
13,71,"Frontal_Inf_Tri_L","Caudate_L",0.0181818181818182,0.0545454545454545,0.0363636363636364,0.0363636363636364,0.618022807167967,1,1,FALSE,1726
14,71,"Frontal_Inf_Tri_R","Caudate_L",0,0,0,0,1,1,1,FALSE,4767
15,71,"Frontal_Inf_Orb_L","Caudate_L",0,0.0181818181818182,0.0181818181818182,0.0181818181818182,1,1,1,FALSE,3134
16,71,"Frontal_Inf_Orb_R","Caudate_L",0,0,0,0,1,1,1,FALSE,4832
17,71,"Rolandic_Oper_L","Caudate_L",0.0181818181818182,0,-0.0181818181818182,0.0181818181818182,1,1,1,FALSE,3185
18,71,"Rolandic_Oper_R","Caudate_L",0.0181818181818182,0.0181818181818182,0,0,1,1,1,FALSE,4910
19,71,"Supp_Motor_Area_L","Caudate_L",0,0.0909090909090909,0.0909090909090909,0.0909090909090909,0.0568464374517706,1,1,FALSE,122
20,71,"Supp_Motor_Area_R","Caudate_L",0.109090909090909,0.0909090909090909,-0.0181818181818182,0.0181818181818182,1,1,1,FALSE,4149
21,71,"Olfactory_L","Caudate_L",0.0727272727272727,0.0181818181818182,-0.0545454545454545,0.0545454545454545,0.363371345279945,1,1,FALSE,919
22,71,"Olfactory_R","Caudate_L",0.0181818181818182,0,-0.0181818181818182,0.0181818181818182,1,1,1,FALSE,3281
23,71,"Frontal_Sup_Medial_L","Caudate_L",0.0181818181818182,0.0363636363636364,0.0181818181818182,0.0181818181818182,1,1,1,FALSE,3303
24,71,"Frontal_Sup_Medial_R","Caudate_L",0.0363636363636364,0.0181818181818182,-0.0181818181818182,0.0181818181818182,1,1,1,FALSE,3321
25,71,"Frontal_Med_Orb_L","Caudate_L",0,0.0181818181818182,0.0181818181818182,0.0181818181818182,1,1,1,FALSE,3336
26,71,"Frontal_Med_Orb_R","Caudate_L",0.0181818181818182,0,-0.0181818181818182,0.0181818181818182,1,1,1,FALSE,3350
27,71,"Rectus_L","Caudate_L",0,0.0181818181818182,0.0181818181818182,0.0181818181818182,1,1,1,FALSE,3378
28,71,"Rectus_R","Caudate_L",0,0,0,0,1,1,1,FALSE,5238
29,71,"Insula_L","Caudate_L",0.0909090909090909,0.0909090909090909,0,0,1,1,1,FALSE,2633
30,71,"Insula_R","Caudate_L",0.0727272727272727,0.0363636363636364,-0.0363636363636364,0.0363636363636364,0.678654107617496,1,1,FALSE,1974
31,71,"Cingulum_Ant_L","Caudate_L",0.145454545454545,0.181818181818182,0.0363636363636364,0.0363636363636364,0.797285714040811,1,1,FALSE,2284
32,71,"Cingulum_Ant_R","Caudate_L",0.109090909090909,0.0727272727272727,-0.0363636363636364,0.0363636363636364,0.741953348477847,1,1,FALSE,2161
33,71,"Cingulum_Mid_L","Caudate_L",0.0181818181818182,0,-0.0181818181818182,0.0181818181818182,1,1,1,FALSE,3483
34,71,"Cingulum_Mid_R","Caudate_L",0.0727272727272727,0.127272727272727,0.0545454545454545,0.0545454545454545,0.526914472209385,1,1,FALSE,1529
35,71,"Cingulum_Post_L","Caudate_L",0,0,0,0,1,1,1,FALSE,5432
36,71,"Cingulum_Post_R","Caudate_L",0.0181818181818182,0,-0.0181818181818182,0.0181818181818182,1,1,1,FALSE,3531
37,71,"Hippocampus_L","Caudate_L",0.0545454545454545,0.2,0.145454545454545,0.145454545454545,0.0421832390876274,1,1,FALSE,95
38,71,"Hippocampus_R","Caudate_L",0.0727272727272727,0.109090909090909,0.0363636363636364,0.0363636363636364,0.741953348477847,1,1,FALSE,2167
39,71,"ParaHippocampal_L","Caudate_L",0.0363636363636364,0.0181818181818182,-0.0181818181818182,0.0181818181818182,1,1,1,FALSE,3576
40,71,"ParaHippocampal_R","Caudate_L",0,0,0,0,1,1,1,FALSE,5542
41,71,"Amygdala_L","Caudate_L",0.0181818181818182,0,-0.0181818181818182,0.0181818181818182,1,1,1,FALSE,3612
42,71,"Amygdala_R","Caudate_L",0.0545454545454545,0.0727272727272727,0.0181818181818182,0.0181818181818182,1,1,1,FALSE,3628
43,71,"Calcarine_L","Caudate_L",0,0,0,0,1,1,1,FALSE,5618
44,71,"Calcarine_R","Caudate_L",0.0181818181818182,0,-0.0181818181818182,0.0181818181818182,1,1,1,FALSE,3649
45,71,"Cuneus_L","Caudate_L",0,0,0,0,1,1,1,FALSE,5666
46,71,"Cuneus_R","Caudate_L",0,0,0,0,1,1,1,FALSE,5687
47,71,"Lingual_L","Caudate_L",0,0,0,0,1,1,1,FALSE,5707
48,71,"Lingual_R","Caudate_L",0.0181818181818182,0.0181818181818182,0,0,1,1,1,FALSE,5728
49,71,"Occipital_Sup_L","Caudate_L",0.0181818181818182,0,-0.0181818181818182,0.0181818181818182,1,1,1,FALSE,3708
50,71,"Occipital_Sup_R","Caudate_L",0,0,0,0,1,1,1,FALSE,5760
51,71,"Occipital_Mid_L","Caudate_L",0.0545454545454545,0,-0.0545454545454545,0.0545454545454545,0.243119266055046,1,1,FALSE,585
52,71,"Occipital_Mid_R","Caudate_L",0,0,0,0,1,1,1,FALSE,5794
53,71,"Occipital_Inf_L","Caudate_L",0.0181818181818182,0,-0.0181818181818182,0.0181818181818182,1,1,1,FALSE,3747
54,71,"Occipital_Inf_R","Caudate_L",0,0.0181818181818182,0.0181818181818182,0.0181818181818182,1,1,1,FALSE,3768
55,71,"Fusiform_L","Caudate_L",0,0,0,0,1,1,1,FALSE,5848
56,71,"Fusiform_R","Caudate_L",0,0.0181818181818182,0.0181818181818182,0.0181818181818182,1,1,1,FALSE,3793
57,71,"Postcentral_L","Caudate_L",0.0181818181818182,0.0363636363636364,0.0181818181818182,0.0181818181818182,1,1,1,FALSE,3806
58,71,"Postcentral_R","Caudate_L",0,0.0181818181818182,0.0181818181818182,0.0181818181818182,1,1,1,FALSE,3818
59,71,"Parietal_Sup_L","Caudate_L",0,0,0,0,1,1,1,FALSE,5900
60,71,"Parietal_Sup_R","Caudate_L",0,0,0,0,1,1,1,FALSE,5920
61,71,"Parietal_Inf_L","Caudate_L",0.0181818181818182,0,-0.0181818181818182,0.0181818181818182,1,1,1,FALSE,3842
62,71,"Parietal_Inf_R","Caudate_L",0,0,0,0,1,1,1,FALSE,5959
63,71,"SupraMarginal_L","Caudate_L",0,0,0,0,1,1,1,FALSE,5986
64,71,"SupraMarginal_R","Caudate_L",0,0,0,0,1,1,1,FALSE,6010
65,71,"Angular_L","Caudate_L",0,0,0,0,1,1,1,FALSE,6033
66,71,"Angular_R","Caudate_L",0,0,0,0,1,1,1,FALSE,6058
67,71,"Precuneus_L","Caudate_L",0,0.0181818181818182,0.0181818181818182,0.0181818181818182,1,1,1,FALSE,3901
68,71,"Precuneus_R","Caudate_L",0.0181818181818182,0.0181818181818182,0,0,1,1,1,FALSE,6099
69,71,"Paracentral_Lobule_L","Caudate_L",0,0,0,0,1,1,1,FALSE,6112
70,71,"Paracentral_Lobule_R","Caudate_L",0,0.0363636363636364,0.0363636363636364,0.0363636363636364,0.495412844036697,1,1,FALSE,1442
1,72,"Precentral_L","Caudate_R",0,0,0,0,1,1,1,FALSE,4234
2,72,"Precentral_R","Caudate_R",0,0.0181818181818182,0.0181818181818182,0.0181818181818182,1,1,1,FALSE,2841
3,72,"Frontal_Sup_L","Caudate_R",0,0,0,0,1,1,1,FALSE,4284
4,72,"Frontal_Sup_R","Caudate_R",0.0181818181818182,0.0545454545454545,0.0363636363636364,0.0363636363636364,0.618022807167967,1,1,FALSE,1713
5,72,"Frontal_Sup_Orb_L","Caudate_R",0,0,0,0,1,1,1,FALSE,4344
6,72,"Frontal_Sup_Orb_R","Caudate_R",0,0,0,0,1,1,1,FALSE,4397
7,72,"Frontal_Mid_L","Caudate_R",0,0,0,0,1,1,1,FALSE,4451
8,72,"Frontal_Mid_R","Caudate_R",0.0181818181818182,0,-0.0181818181818182,0.0181818181818182,1,1,1,FALSE,2965
9,72,"Frontal_Mid_Orb_L","Caudate_R",0,0,0,0,1,1,1,FALSE,4538
10,72,"Frontal_Mid_Orb_R","Caudate_R",0.0181818181818182,0,-0.0181818181818182,0.0181818181818182,1,1,1,FALSE,3011
11,72,"Frontal_Inf_Oper_L","Caudate_R",0,0,0,0,1,1,1,FALSE,4652
12,72,"Frontal_Inf_Oper_R","Caudate_R",0.0181818181818182,0.0181818181818182,0,0,1,1,1,FALSE,4687
13,72,"Frontal_Inf_Tri_L","Caudate_R",0,0,0,0,1,1,1,FALSE,4731
14,72,"Frontal_Inf_Tri_R","Caudate_R",0,0,0,0,1,1,1,FALSE,4768
15,72,"Frontal_Inf_Orb_L","Caudate_R",0,0,0,0,1,1,1,FALSE,4798
16,72,"Frontal_Inf_Orb_R","Caudate_R",0,0.0181818181818182,0.0181818181818182,0.0181818181818182,1,1,1,FALSE,3167
17,72,"Rolandic_Oper_L","Caudate_R",0,0,0,0,1,1,1,FALSE,4873
18,72,"Rolandic_Oper_R","Caudate_R",0,0,0,0,1,1,1,FALSE,4911
19,72,"Supp_Motor_Area_L","Caudate_R",0,0,0,0,1,1,1,FALSE,4948
20,72,"Supp_Motor_Area_R","Caudate_R",0.0181818181818182,0.0363636363636364,0.0181818181818182,0.0181818181818182,1,1,1,FALSE,3237
21,72,"Olfactory_L","Caudate_R",0.0181818181818182,0,-0.0181818181818182,0.0181818181818182,1,1,1,FALSE,3253
22,72,"Olfactory_R","Caudate_R",0,0.0363636363636364,0.0363636363636364,0.0363636363636364,0.495412844036697,1,1,FALSE,1295
23,72,"Frontal_Sup_Medial_L","Caudate_R",0,0,0,0,1,1,1,FALSE,5075
24,72,"Frontal_Sup_Medial_R","Caudate_R",0.0181818181818182,0.145454545454545,0.127272727272727,0.127272727272727,0.0315827415384641,1,1,FALSE,76
25,72,"Frontal_Med_Orb_L","Caudate_R",0,0,0,0,1,1,1,FALSE,5135
26,72,"Frontal_Med_Orb_R","Caudate_R",0,0.0181818181818182,0.0181818181818182,0.0181818181818182,1,1,1,FALSE,3351
27,72,"Rectus_L","Caudate_R",0,0,0,0,1,1,1,FALSE,5198
28,72,"Rectus_R","Caudate_R",0,0,0,0,1,1,1,FALSE,5239
29,72,"Insula_L","Caudate_R",0,0,0,0,1,1,1,FALSE,5276
30,72,"Insula_R","Caudate_R",0.0181818181818182,0,-0.0181818181818182,0.0181818181818182,1,1,1,FALSE,3434
31,72,"Cingulum_Ant_L","Caudate_R",0.0181818181818182,0.181818181818182,0.163636363636364,0.163636363636364,0.00810771010997107,1,1,FALSE,22
32,72,"Cingulum_Ant_R","Caudate_R",0.0909090909090909,0.236363636363636,0.145454545454545,0.145454545454545,0.0691274847633676,1,1,FALSE,161
33,72,"Cingulum_Mid_L","Caudate_R",0,0,0,0,1,1,1,FALSE,5377
34,72,"Cingulum_Mid_R","Caudate_R",0,0.0909090909090909,0.0909090909090909,0.0909090909090909,0.0568464374517706,1,1,FALSE,127
35,72,"Cingulum_Post_L","Caudate_R",0,0,0,0,1,1,1,FALSE,5433
36,72,"Cingulum_Post_R","Caudate_R",0,0.0181818181818182,0.0181818181818182,0.0181818181818182,1,1,1,FALSE,3532
37,72,"Hippocampus_L","Caudate_R",0.0181818181818182,0.0181818181818182,0,0,1,1,1,FALSE,5496
38,72,"Hippocampus_R","Caudate_R",0.0545454545454545,0.109090909090909,0.0545454545454545,0.0545454545454545,0.488966435220834,1,1,FALSE,1174
39,72,"ParaHippocampal_L","Caudate_R",0.0363636363636364,0,-0.0363636363636364,0.0363636363636364,0.495412844036697,1,1,FALSE,1360
40,72,"ParaHippocampal_R","Caudate_R",0.0363636363636364,0,-0.0363636363636364,0.0363636363636364,0.495412844036697,1,1,FALSE,1364
41,72,"Amygdala_L","Caudate_R",0,0,0,0,1,1,1,FALSE,5570
42,72,"Amygdala_R","Caudate_R",0.0181818181818182,0.0909090909090909,0.0727272727272727,0.0727272727272727,0.20572996411117,1,1,FALSE,452
43,72,"Calcarine_L","Caudate_R",0,0,0,0,1,1,1,FALSE,5619
44,72,"Calcarine_R","Caudate_R",0,0,0,0,1,1,1,FALSE,5647
45,72,"Cuneus_L","Caudate_R",0,0,0,0,1,1,1,FALSE,5667
46,72,"Cuneus_R","Caudate_R",0,0,0,0,1,1,1,FALSE,5688
47,72,"Lingual_L","Caudate_R",0,0,0,0,1,1,1,FALSE,5708
48,72,"Lingual_R","Caudate_R",0.0363636363636364,0.0181818181818182,-0.0181818181818182,0.0181818181818182,1,1,1,FALSE,3698
49,72,"Occipital_Sup_L","Caudate_R",0,0,0,0,1,1,1,FALSE,5740
50,72,"Occipital_Sup_R","Caudate_R",0,0,0,0,1,1,1,FALSE,5761
51,72,"Occipital_Mid_L","Caudate_R",0,0,0,0,1,1,1,FALSE,5779
52,72,"Occipital_Mid_R","Caudate_R",0,0,0,0,1,1,1,FALSE,5795
53,72,"Occipital_Inf_L","Caudate_R",0,0,0,0,1,1,1,FALSE,5815
54,72,"Occipital_Inf_R","Caudate_R",0,0,0,0,1,1,1,FALSE,5829
55,72,"Fusiform_L","Caudate_R",0,0,0,0,1,1,1,FALSE,5849
56,72,"Fusiform_R","Caudate_R",0,0,0,0,1,1,1,FALSE,5861
57,72,"Postcentral_L","Caudate_R",0,0,0,0,1,1,1,FALSE,5871
58,72,"Postcentral_R","Caudate_R",0,0,0,0,1,1,1,FALSE,5888
59,72,"Parietal_Sup_L","Caudate_R",0,0,0,0,1,1,1,FALSE,5901
60,72,"Parietal_Sup_R","Caudate_R",0,0,0,0,1,1,1,FALSE,5921
61,72,"Parietal_Inf_L","Caudate_R",0,0,0,0,1,1,1,FALSE,5939
62,72,"Parietal_Inf_R","Caudate_R",0,0.0181818181818182,0.0181818181818182,0.0181818181818182,1,1,1,FALSE,3855
63,72,"SupraMarginal_L","Caudate_R",0,0,0,0,1,1,1,FALSE,5987
64,72,"SupraMarginal_R","Caudate_R",0,0,0,0,1,1,1,FALSE,6011
65,72,"Angular_L","Caudate_R",0,0,0,0,1,1,1,FALSE,6034
66,72,"Angular_R","Caudate_R",0.0181818181818182,0,-0.0181818181818182,0.0181818181818182,1,1,1,FALSE,3894
67,72,"Precuneus_L","Caudate_R",0.0181818181818182,0,-0.0181818181818182,0.0181818181818182,1,1,1,FALSE,3902
68,72,"Precuneus_R","Caudate_R",0.0181818181818182,0.0181818181818182,0,0,1,1,1,FALSE,6100
69,72,"Paracentral_Lobule_L","Caudate_R",0,0,0,0,1,1,1,FALSE,6113
70,72,"Paracentral_Lobule_R","Caudate_R",0,0,0,0,1,1,1,FALSE,6128
71,72,"Caudate_L","Caudate_R",0.381818181818182,0.418181818181818,0.0363636363636363,0.0363636363636363,0.84582542658479,1,1,FALSE,2406
1,73,"Precentral_L","Putamen_L",0.181818181818182,0.218181818181818,0.0363636363636363,0.0363636363636363,0.812066798143123,1,1,FALSE,2309
2,73,"Precentral_R","Putamen_L",0.145454545454545,0.109090909090909,-0.0363636363636364,0.0363636363636364,0.775847219468156,1,1,FALSE,2241
3,73,"Frontal_Sup_L","Putamen_L",0.0181818181818182,0.0363636363636364,0.0181818181818182,0.0181818181818182,1,1,1,FALSE,2861
4,73,"Frontal_Sup_R","Putamen_L",0,0.0181818181818182,0.0181818181818182,0.0181818181818182,1,1,1,FALSE,2880
5,73,"Frontal_Sup_Orb_L","Putamen_L",0.0181818181818182,0.0727272727272727,0.0545454545454545,0.0545454545454545,0.363371345279945,1,1,FALSE,902
6,73,"Frontal_Sup_Orb_R","Putamen_L",0,0,0,0,1,1,1,FALSE,4398
7,73,"Frontal_Mid_L","Putamen_L",0.0727272727272727,0.109090909090909,0.0363636363636364,0.0363636363636364,0.741953348477847,1,1,FALSE,2144
8,73,"Frontal_Mid_R","Putamen_L",0,0.0181818181818182,0.0181818181818182,0.0181818181818182,1,1,1,FALSE,2966
9,73,"Frontal_Mid_Orb_L","Putamen_L",0,0.0363636363636364,0.0363636363636364,0.0363636363636364,0.495412844036697,1,1,FALSE,1240
10,73,"Frontal_Mid_Orb_R","Putamen_L",0,0.0181818181818182,0.0181818181818182,0.0181818181818182,1,1,1,FALSE,3012
11,73,"Frontal_Inf_Oper_L","Putamen_L",0.0909090909090909,0.163636363636364,0.0727272727272727,0.0727272727272727,0.391585309984995,1,1,FALSE,987
12,73,"Frontal_Inf_Oper_R","Putamen_L",0.127272727272727,0.0727272727272727,-0.0545454545454545,0.0545454545454545,0.526914472209385,1,1,FALSE,1518
13,73,"Frontal_Inf_Tri_L","Putamen_L",0.0363636363636364,0.127272727272727,0.0909090909090909,0.0909090909090909,0.16138081677265,1,1,FALSE,355
14,73,"Frontal_Inf_Tri_R","Putamen_L",0.109090909090909,0.145454545454545,0.0363636363636364,0.0363636363636364,0.775847219468156,1,1,FALSE,2249
15,73,"Frontal_Inf_Orb_L","Putamen_L",0.0363636363636364,0.0181818181818182,-0.0181818181818182,0.0181818181818182,1,1,1,FALSE,3135
16,73,"Frontal_Inf_Orb_R","Putamen_L",0.0181818181818182,0,-0.0181818181818182,0.0181818181818182,1,1,1,FALSE,3168
17,73,"Rolandic_Oper_L","Putamen_L",0.654545454545455,0.763636363636364,0.109090909090909,0.109090909090909,0.293858798315081,1,1,FALSE,740
18,73,"Rolandic_Oper_R","Putamen_L",0.745454545454545,0.818181818181818,0.0727272727272728,0.0727272727272728,0.489151806446811,1,1,FALSE,1192
19,73,"Supp_Motor_Area_L","Putamen_L",0.145454545454545,0.181818181818182,0.0363636363636364,0.0363636363636364,0.797285714040811,1,1,FALSE,2282
20,73,"Supp_Motor_Area_R","Putamen_L",0.527272727272727,0.527272727272727,0,0,1,1,1,FALSE,4974
21,73,"Olfactory_L","Putamen_L",0,0,0,0,1,1,1,FALSE,4998
22,73,"Olfactory_R","Putamen_L",0,0.0181818181818182,0.0181818181818182,0.0181818181818182,1,1,1,FALSE,3282
23,73,"Frontal_Sup_Medial_L","Putamen_L",0.0181818181818182,0,-0.0181818181818182,0.0181818181818182,1,1,1,FALSE,3304
24,73,"Frontal_Sup_Medial_R","Putamen_L",0.0363636363636364,0.0181818181818182,-0.0181818181818182,0.0181818181818182,1,1,1,FALSE,3322
25,73,"Frontal_Med_Orb_L","Putamen_L",0,0.0181818181818182,0.0181818181818182,0.0181818181818182,1,1,1,FALSE,3337
26,73,"Frontal_Med_Orb_R","Putamen_L",0,0.0181818181818182,0.0181818181818182,0.0181818181818182,1,1,1,FALSE,3352
27,73,"Rectus_L","Putamen_L",0,0,0,0,1,1,1,FALSE,5199
28,73,"Rectus_R","Putamen_L",0,0,0,0,1,1,1,FALSE,5240
29,73,"Insula_L","Putamen_L",0.963636363636364,0.945454545454545,-0.0181818181818182,0.0181818181818182,1,1,1,FALSE,2575
30,73,"Insula_R","Putamen_L",0.963636363636364,0.981818181818182,0.0181818181818182,0.0181818181818182,1,1,1,FALSE,2725
31,73,"Cingulum_Ant_L","Putamen_L",0.127272727272727,0.109090909090909,-0.0181818181818182,0.0181818181818182,1,1,1,FALSE,2517
32,73,"Cingulum_Ant_R","Putamen_L",0.127272727272727,0.145454545454545,0.0181818181818182,0.0181818181818182,1,1,1,FALSE,2731
33,73,"Cingulum_Mid_L","Putamen_L",0.581818181818182,0.436363636363636,-0.145454545454545,0.145454545454545,0.181615159952024,1,1,FALSE,391
34,73,"Cingulum_Mid_R","Putamen_L",0.581818181818182,0.654545454545455,0.0727272727272728,0.0727272727272728,0.556289374075352,1,1,FALSE,1612
35,73,"Cingulum_Post_L","Putamen_L",0,0,0,0,1,1,1,FALSE,5434
36,73,"Cingulum_Post_R","Putamen_L",0,0,0,0,1,1,1,FALSE,5473
37,73,"Hippocampus_L","Putamen_L",0.309090909090909,0.418181818181818,0.109090909090909,0.109090909090909,0.321711893607314,1,1,FALSE,807
38,73,"Hippocampus_R","Putamen_L",0.0545454545454545,0.127272727272727,0.0727272727272727,0.0727272727272727,0.320308493049491,1,1,FALSE,788
39,73,"ParaHippocampal_L","Putamen_L",0.0363636363636364,0.0363636363636364,0,0,1,1,1,FALSE,5522
40,73,"ParaHippocampal_R","Putamen_L",0.0181818181818182,0.0181818181818182,0,0,1,1,1,FALSE,5543
41,73,"Amygdala_L","Putamen_L",0.327272727272727,0.327272727272727,0,0,1,1,1,FALSE,5571
42,73,"Amygdala_R","Putamen_L",0.236363636363636,0.290909090909091,0.0545454545454545,0.0545454545454545,0.665617624761333,1,1,FALSE,1916
43,73,"Calcarine_L","Putamen_L",0.0545454545454545,0.0363636363636364,-0.0181818181818182,0.0181818181818182,1,1,1,FALSE,3639
44,73,"Calcarine_R","Putamen_L",0.0363636363636364,0,-0.0363636363636364,0.0363636363636364,0.495412844036697,1,1,FALSE,1376
45,73,"Cuneus_L","Putamen_L",0.0363636363636364,0.0181818181818182,-0.0181818181818182,0.0181818181818182,1,1,1,FALSE,3664
46,73,"Cuneus_R","Putamen_L",0.0363636363636364,0.0181818181818182,-0.0181818181818182,0.0181818181818182,1,1,1,FALSE,3679
47,73,"Lingual_L","Putamen_L",0.0909090909090909,0.0727272727272727,-0.0181818181818182,0.0181818181818182,1,1,1,FALSE,2761
48,73,"Lingual_R","Putamen_L",0.0727272727272727,0.0363636363636364,-0.0363636363636364,0.0363636363636364,0.678654107617496,1,1,FALSE,1994
49,73,"Occipital_Sup_L","Putamen_L",0.0545454545454545,0,-0.0545454545454545,0.0545454545454545,0.243119266055046,1,1,FALSE,582
50,73,"Occipital_Sup_R","Putamen_L",0.0363636363636364,0.0181818181818182,-0.0181818181818182,0.0181818181818182,1,1,1,FALSE,3715
51,73,"Occipital_Mid_L","Putamen_L",0.0181818181818182,0,-0.0181818181818182,0.0181818181818182,1,1,1,FALSE,3725
52,73,"Occipital_Mid_R","Putamen_L",0,0,0,0,1,1,1,FALSE,5796
53,73,"Occipital_Inf_L","Putamen_L",0.0181818181818182,0.0181818181818182,0,0,1,1,1,FALSE,5816
54,73,"Occipital_Inf_R","Putamen_L",0.0181818181818182,0,-0.0181818181818182,0.0181818181818182,1,1,1,FALSE,3769
55,73,"Fusiform_L","Putamen_L",0.0727272727272727,0.0363636363636364,-0.0363636363636364,0.0363636363636364,0.678654107617496,1,1,FALSE,2000
56,73,"Fusiform_R","Putamen_L",0.0727272727272727,0.0727272727272727,0,0,1,1,1,FALSE,5862
57,73,"Postcentral_L","Putamen_L",0.0545454545454545,0,-0.0545454545454545,0.0545454545454545,0.243119266055046,1,1,FALSE,594
58,73,"Postcentral_R","Putamen_L",0.0181818181818182,0,-0.0181818181818182,0.0181818181818182,1,1,1,FALSE,3819
59,73,"Parietal_Sup_L","Putamen_L",0.0181818181818182,0,-0.0181818181818182,0.0181818181818182,1,1,1,FALSE,3827
60,73,"Parietal_Sup_R","Putamen_L",0.0181818181818182,0.0363636363636364,0.0181818181818182,0.0181818181818182,1,1,1,FALSE,3833
61,73,"Parietal_Inf_L","Putamen_L",0.0545454545454545,0.109090909090909,0.0545454545454545,0.0545454545454545,0.488966435220834,1,1,FALSE,1184
62,73,"Parietal_Inf_R","Putamen_L",0,0,0,0,1,1,1,FALSE,5960
63,73,"SupraMarginal_L","Putamen_L",0.436363636363636,0.472727272727273,0.0363636363636364,0.0363636363636364,0.848266319715959,1,1,FALSE,2426
64,73,"SupraMarginal_R","Putamen_L",0.272727272727273,0.381818181818182,0.109090909090909,0.109090909090909,0.309644052483336,1,1,FALSE,755
65,73,"Angular_L","Putamen_L",0,0,0,0,1,1,1,FALSE,6035
66,73,"Angular_R","Putamen_L",0,0,0,0,1,1,1,FALSE,6059
67,73,"Precuneus_L","Putamen_L",0.0181818181818182,0,-0.0181818181818182,0.0181818181818182,1,1,1,FALSE,3903
68,73,"Precuneus_R","Putamen_L",0,0.0181818181818182,0.0181818181818182,0.0181818181818182,1,1,1,FALSE,3911
69,73,"Paracentral_Lobule_L","Putamen_L",0.0181818181818182,0.0363636363636364,0.0181818181818182,0.0181818181818182,1,1,1,FALSE,3921
70,73,"Paracentral_Lobule_R","Putamen_L",0.0181818181818182,0.0727272727272727,0.0545454545454545,0.0545454545454545,0.363371345279945,1,1,FALSE,962
71,73,"Caudate_L","Putamen_L",0.127272727272727,0.345454545454545,0.218181818181818,0.218181818181818,0.0126237852586628,1,1,FALSE,29
72,73,"Caudate_R","Putamen_L",0,0,0,0,1,1,1,FALSE,6155
1,74,"Precentral_L","Putamen_R",0.145454545454545,0.0909090909090909,-0.0545454545454545,0.0545454545454545,0.556268985477779,1,1,FALSE,1582
2,74,"Precentral_R","Putamen_R",0.218181818181818,0.218181818181818,0,0,1,1,1,FALSE,4263
3,74,"Frontal_Sup_L","Putamen_R",0.0545454545454545,0.0181818181818182,-0.0363636363636364,0.0363636363636364,0.618022807167967,1,1,FALSE,1710
4,74,"Frontal_Sup_R","Putamen_R",0.0727272727272727,0.0181818181818182,-0.0545454545454545,0.0545454545454545,0.363371345279945,1,1,FALSE,897
5,74,"Frontal_Sup_Orb_L","Putamen_R",0.0181818181818182,0.0181818181818182,0,0,1,1,1,FALSE,4345
6,74,"Frontal_Sup_Orb_R","Putamen_R",0,0,0,0,1,1,1,FALSE,4399
7,74,"Frontal_Mid_L","Putamen_R",0.0181818181818182,0.0363636363636364,0.0181818181818182,0.0181818181818182,1,1,1,FALSE,2947
8,74,"Frontal_Mid_R","Putamen_R",0.0909090909090909,0.0363636363636364,-0.0545454545454545,0.0545454545454545,0.437644688330618,1,1,FALSE,1058
9,74,"Frontal_Mid_Orb_L","Putamen_R",0,0,0,0,1,1,1,FALSE,4539
10,74,"Frontal_Mid_Orb_R","Putamen_R",0,0,0,0,1,1,1,FALSE,4603
11,74,"Frontal_Inf_Oper_L","Putamen_R",0.0363636363636364,0.0727272727272727,0.0363636363636364,0.0363636363636364,0.678654107617496,1,1,FALSE,1949
12,74,"Frontal_Inf_Oper_R","Putamen_R",0.0727272727272727,0.0909090909090909,0.0181818181818182,0.0181818181818182,1,1,1,FALSE,2691
13,74,"Frontal_Inf_Tri_L","Putamen_R",0.0181818181818182,0.0181818181818182,0,0,1,1,1,FALSE,4732
14,74,"Frontal_Inf_Tri_R","Putamen_R",0.127272727272727,0.0909090909090909,-0.0363636363636363,0.0363636363636363,0.761067915257265,1,1,FALSE,2199
15,74,"Frontal_Inf_Orb_L","Putamen_R",0.0181818181818182,0,-0.0181818181818182,0.0181818181818182,1,1,1,FALSE,3136
16,74,"Frontal_Inf_Orb_R","Putamen_R",0.0363636363636364,0.0181818181818182,-0.0181818181818182,0.0181818181818182,1,1,1,FALSE,3169
17,74,"Rolandic_Oper_L","Putamen_R",0.236363636363636,0.272727272727273,0.0363636363636363,0.0363636363636363,0.827043599014482,1,1,FALSE,2354
18,74,"Rolandic_Oper_R","Putamen_R",0.236363636363636,0.363636363636364,0.127272727272727,0.127272727272727,0.211592387485226,1,1,FALSE,469
19,74,"Supp_Motor_Area_L","Putamen_R",0.145454545454545,0.0727272727272727,-0.0727272727272727,0.0727272727272727,0.359662012889472,1,1,FALSE,864
20,74,"Supp_Motor_Area_R","Putamen_R",0.418181818181818,0.472727272727273,0.0545454545454546,0.0545454545454546,0.70142727427979,1,1,FALSE,2059
21,74,"Olfactory_L","Putamen_R",0.0181818181818182,0.0181818181818182,0,0,1,1,1,FALSE,4999
22,74,"Olfactory_R","Putamen_R",0,0,0,0,1,1,1,FALSE,5041
23,74,"Frontal_Sup_Medial_L","Putamen_R",0.0181818181818182,0.0181818181818182,0,0,1,1,1,FALSE,5076
24,74,"Frontal_Sup_Medial_R","Putamen_R",0.0545454545454545,0.0181818181818182,-0.0363636363636364,0.0363636363636364,0.618022807167967,1,1,FALSE,1761
25,74,"Frontal_Med_Orb_L","Putamen_R",0,0,0,0,1,1,1,FALSE,5136
26,74,"Frontal_Med_Orb_R","Putamen_R",0,0,0,0,1,1,1,FALSE,5169
27,74,"Rectus_L","Putamen_R",0,0.0181818181818182,0.0181818181818182,0.0181818181818182,1,1,1,FALSE,3379
28,74,"Rectus_R","Putamen_R",0,0,0,0,1,1,1,FALSE,5241
29,74,"Insula_L","Putamen_R",0.290909090909091,0.327272727272727,0.0363636363636364,0.0363636363636364,0.836749046021449,1,1,FALSE,2376
30,74,"Insula_R","Putamen_R",0.727272727272727,0.818181818181818,0.0909090909090909,0.0909090909090909,0.363032177614477,1,1,FALSE,882
31,74,"Cingulum_Ant_L","Putamen_R",0.0909090909090909,0.0727272727272727,-0.0181818181818182,0.0181818181818182,1,1,1,FALSE,2728
32,74,"Cingulum_Ant_R","Putamen_R",0.145454545454545,0.0545454545454545,-0.0909090909090909,0.0909090909090909,0.202247933529552,1,1,FALSE,419
33,74,"Cingulum_Mid_L","Putamen_R",0.218181818181818,0.181818181818182,-0.0363636363636363,0.0363636363636363,0.812066798143123,1,1,FALSE,2314
34,74,"Cingulum_Mid_R","Putamen_R",0.363636363636364,0.345454545454545,-0.0181818181818182,0.0181818181818182,1,1,1,FALSE,2582
35,74,"Cingulum_Post_L","Putamen_R",0,0,0,0,1,1,1,FALSE,5435
36,74,"Cingulum_Post_R","Putamen_R",0,0,0,0,1,1,1,FALSE,5474
37,74,"Hippocampus_L","Putamen_R",0.236363636363636,0.309090909090909,0.0727272727272727,0.0727272727272727,0.521131413238452,1,1,FALSE,1507
38,74,"Hippocampus_R","Putamen_R",0.236363636363636,0.272727272727273,0.0363636363636363,0.0363636363636363,0.827043599014482,1,1,FALSE,2358
39,74,"ParaHippocampal_L","Putamen_R",0.0363636363636364,0.0545454545454545,0.0181818181818182,0.0181818181818182,1,1,1,FALSE,3577
40,74,"ParaHippocampal_R","Putamen_R",0.0181818181818182,0.0181818181818182,0,0,1,1,1,FALSE,5544
41,74,"Amygdala_L","Putamen_R",0.127272727272727,0.109090909090909,-0.0181818181818182,0.0181818181818182,1,1,1,FALSE,2524
42,74,"Amygdala_R","Putamen_R",0.454545454545455,0.472727272727273,0.0181818181818182,0.0181818181818182,1,1,1,FALSE,2587
43,74,"Calcarine_L","Putamen_R",0.0181818181818182,0.0181818181818182,0,0,1,1,1,FALSE,5620
44,74,"Calcarine_R","Putamen_R",0.0363636363636364,0.0545454545454545,0.0181818181818182,0.0181818181818182,1,1,1,FALSE,3650
45,74,"Cuneus_L","Putamen_R",0.0181818181818182,0,-0.0181818181818182,0.0181818181818182,1,1,1,FALSE,3665
46,74,"Cuneus_R","Putamen_R",0.0181818181818182,0,-0.0181818181818182,0.0181818181818182,1,1,1,FALSE,3680
47,74,"Lingual_L","Putamen_R",0.0181818181818182,0.0181818181818182,0,0,1,1,1,FALSE,5709
48,74,"Lingual_R","Putamen_R",0.0545454545454545,0.0363636363636364,-0.0181818181818182,0.0181818181818182,1,1,1,FALSE,3699
49,74,"Occipital_Sup_L","Putamen_R",0.0363636363636364,0,-0.0363636363636364,0.0363636363636364,0.495412844036697,1,1,FALSE,1388
50,74,"Occipital_Sup_R","Putamen_R",0.0363636363636364,0,-0.0363636363636364,0.0363636363636364,0.495412844036697,1,1,FALSE,1394
51,74,"Occipital_Mid_L","Putamen_R",0.0181818181818182,0.0181818181818182,0,0,1,1,1,FALSE,5780
52,74,"Occipital_Mid_R","Putamen_R",0,0.0181818181818182,0.0181818181818182,0.0181818181818182,1,1,1,FALSE,3738
53,74,"Occipital_Inf_L","Putamen_R",0,0,0,0,1,1,1,FALSE,5817
54,74,"Occipital_Inf_R","Putamen_R",0,0,0,0,1,1,1,FALSE,5830
55,74,"Fusiform_L","Putamen_R",0.0545454545454545,0,-0.0545454545454545,0.0545454545454545,0.243119266055046,1,1,FALSE,591
56,74,"Fusiform_R","Putamen_R",0.0363636363636364,0.0545454545454545,0.0181818181818182,0.0181818181818182,1,1,1,FALSE,3794
57,74,"Postcentral_L","Putamen_R",0.0545454545454545,0.145454545454545,0.0909090909090909,0.0909090909090909,0.202247933529552,1,1,FALSE,426
58,74,"Postcentral_R","Putamen_R",0.109090909090909,0.272727272727273,0.163636363636364,0.163636363636364,0.0505499296095926,1,1,FALSE,103
59,74,"Parietal_Sup_L","Putamen_R",0,0,0,0,1,1,1,FALSE,5902
60,74,"Parietal_Sup_R","Putamen_R",0.0181818181818182,0,-0.0181818181818182,0.0181818181818182,1,1,1,FALSE,3834
61,74,"Parietal_Inf_L","Putamen_R",0.0181818181818182,0,-0.0181818181818182,0.0181818181818182,1,1,1,FALSE,3843
62,74,"Parietal_Inf_R","Putamen_R",0.0181818181818182,0,-0.0181818181818182,0.0181818181818182,1,1,1,FALSE,3856
63,74,"SupraMarginal_L","Putamen_R",0.0909090909090909,0.109090909090909,0.0181818181818182,0.0181818181818182,1,1,1,FALSE,4177
64,74,"SupraMarginal_R","Putamen_R",0.0727272727272727,0.109090909090909,0.0363636363636364,0.0363636363636364,0.741953348477847,1,1,FALSE,2180
65,74,"Angular_L","Putamen_R",0.0181818181818182,0,-0.0181818181818182,0.0181818181818182,1,1,1,FALSE,3884
66,74,"Angular_R","Putamen_R",0,0,0,0,1,1,1,FALSE,6060
67,74,"Precuneus_L","Putamen_R",0.0181818181818182,0,-0.0181818181818182,0.0181818181818182,1,1,1,FALSE,3904
68,74,"Precuneus_R","Putamen_R",0,0.0363636363636364,0.0363636363636364,0.0363636363636364,0.495412844036697,1,1,FALSE,1439
69,74,"Paracentral_Lobule_L","Putamen_R",0.0181818181818182,0.0363636363636364,0.0181818181818182,0.0181818181818182,1,1,1,FALSE,3922
70,74,"Paracentral_Lobule_R","Putamen_R",0.0363636363636364,0.109090909090909,0.0727272727272727,0.0727272727272727,0.270576022922045,1,1,FALSE,707
71,74,"Caudate_L","Putamen_R",0.527272727272727,0.6,0.0727272727272728,0.0727272727272728,0.564327553285816,1,1,FALSE,1628
72,74,"Caudate_R","Putamen_R",0.0909090909090909,0.272727272727273,0.181818181818182,0.181818181818182,0.0243801005593381,1,1,FALSE,53
73,74,"Putamen_L","Putamen_R",0.709090909090909,0.854545454545454,0.145454545454545,0.145454545454545,0.104903275447173,1,1,FALSE,202
1,75,"Precentral_L","Pallidum_L",0.0727272727272727,0.0545454545454545,-0.0181818181818182,0.0181818181818182,1,1,1,FALSE,2832
2,75,"Precentral_R","Pallidum_L",0.109090909090909,0.0727272727272727,-0.0363636363636364,0.0363636363636364,0.741953348477847,1,1,FALSE,2141
3,75,"Frontal_Sup_L","Pallidum_L",0,0.0181818181818182,0.0181818181818182,0.0181818181818182,1,1,1,FALSE,2862
4,75,"Frontal_Sup_R","Pallidum_L",0.0363636363636364,0,-0.0363636363636364,0.0363636363636364,0.495412844036697,1,1,FALSE,1219
5,75,"Frontal_Sup_Orb_L","Pallidum_L",0.0181818181818182,0,-0.0181818181818182,0.0181818181818182,1,1,1,FALSE,2907
6,75,"Frontal_Sup_Orb_R","Pallidum_L",0,0,0,0,1,1,1,FALSE,4400
7,75,"Frontal_Mid_L","Pallidum_L",0.0181818181818182,0,-0.0181818181818182,0.0181818181818182,1,1,1,FALSE,2948
8,75,"Frontal_Mid_R","Pallidum_L",0.0363636363636364,0,-0.0363636363636364,0.0363636363636364,0.495412844036697,1,1,FALSE,1236
9,75,"Frontal_Mid_Orb_L","Pallidum_L",0,0,0,0,1,1,1,FALSE,4540
10,75,"Frontal_Mid_Orb_R","Pallidum_L",0,0,0,0,1,1,1,FALSE,4604
11,75,"Frontal_Inf_Oper_L","Pallidum_L",0.0363636363636364,0.0363636363636364,0,0,1,1,1,FALSE,4653
12,75,"Frontal_Inf_Oper_R","Pallidum_L",0.0181818181818182,0.0181818181818182,0,0,1,1,1,FALSE,4688
13,75,"Frontal_Inf_Tri_L","Pallidum_L",0.0181818181818182,0.0363636363636364,0.0181818181818182,0.0181818181818182,1,1,1,FALSE,3084
14,75,"Frontal_Inf_Tri_R","Pallidum_L",0.0545454545454545,0.0181818181818182,-0.0363636363636364,0.0363636363636364,0.618022807167967,1,1,FALSE,1731
15,75,"Frontal_Inf_Orb_L","Pallidum_L",0.0363636363636364,0,-0.0363636363636364,0.0363636363636364,0.495412844036697,1,1,FALSE,1269
16,75,"Frontal_Inf_Orb_R","Pallidum_L",0.0181818181818182,0,-0.0181818181818182,0.0181818181818182,1,1,1,FALSE,3170
17,75,"Rolandic_Oper_L","Pallidum_L",0.2,0.2,0,0,1,1,1,FALSE,2541
18,75,"Rolandic_Oper_R","Pallidum_L",0.145454545454545,0.309090909090909,0.163636363636364,0.163636363636364,0.0674329509390156,1,1,FALSE,158
19,75,"Supp_Motor_Area_L","Pallidum_L",0.0363636363636364,0.0363636363636364,0,0,1,1,1,FALSE,4949
20,75,"Supp_Motor_Area_R","Pallidum_L",0.309090909090909,0.2,-0.109090909090909,0.109090909090909,0.27367249901379,1,1,FALSE,721
21,75,"Olfactory_L","Pallidum_L",0,0,0,0,1,1,1,FALSE,5000
22,75,"Olfactory_R","Pallidum_L",0,0,0,0,1,1,1,FALSE,5042
23,75,"Frontal_Sup_Medial_L","Pallidum_L",0,0,0,0,1,1,1,FALSE,5077
24,75,"Frontal_Sup_Medial_R","Pallidum_L",0,0,0,0,1,1,1,FALSE,5105
25,75,"Frontal_Med_Orb_L","Pallidum_L",0,0,0,0,1,1,1,FALSE,5137
26,75,"Frontal_Med_Orb_R","Pallidum_L",0,0,0,0,1,1,1,FALSE,5170
27,75,"Rectus_L","Pallidum_L",0,0,0,0,1,1,1,FALSE,5200
28,75,"Rectus_R","Pallidum_L",0.0181818181818182,0,-0.0181818181818182,0.0181818181818182,1,1,1,FALSE,3398
29,75,"Insula_L","Pallidum_L",0.272727272727273,0.345454545454545,0.0727272727272728,0.0727272727272728,0.536292874311636,1,1,FALSE,1560
30,75,"Insula_R","Pallidum_L",0.436363636363636,0.563636363636364,0.127272727272727,0.127272727272727,0.25247159885001,1,1,FALSE,659
31,75,"Cingulum_Ant_L","Pallidum_L",0.0363636363636364,0.0181818181818182,-0.0181818181818182,0.0181818181818182,1,1,1,FALSE,3455
32,75,"Cingulum_Ant_R","Pallidum_L",0,0,0,0,1,1,1,FALSE,5347
33,75,"Cingulum_Mid_L","Pallidum_L",0.127272727272727,0.0909090909090909,-0.0363636363636363,0.0363636363636363,0.761067915257265,1,1,FALSE,2211
34,75,"Cingulum_Mid_R","Pallidum_L",0.127272727272727,0.0909090909090909,-0.0363636363636363,0.0363636363636363,0.761067915257265,1,1,FALSE,2212
35,75,"Cingulum_Post_L","Pallidum_L",0,0.0181818181818182,0.0181818181818182,0.0181818181818182,1,1,1,FALSE,3513
36,75,"Cingulum_Post_R","Pallidum_L",0,0,0,0,1,1,1,FALSE,5475
37,75,"Hippocampus_L","Pallidum_L",0.163636363636364,0.272727272727273,0.109090909090909,0.109090909090909,0.248123182456129,1,1,FALSE,648
38,75,"Hippocampus_R","Pallidum_L",0.0727272727272727,0.109090909090909,0.0363636363636364,0.0363636363636364,0.741953348477847,1,1,FALSE,2168
39,75,"ParaHippocampal_L","Pallidum_L",0.0363636363636364,0.0181818181818182,-0.0181818181818182,0.0181818181818182,1,1,1,FALSE,3578
40,75,"ParaHippocampal_R","Pallidum_L",0,0.0181818181818182,0.0181818181818182,0.0181818181818182,1,1,1,FALSE,3595
41,75,"Amygdala_L","Pallidum_L",0.0727272727272727,0.0909090909090909,0.0181818181818182,0.0181818181818182,1,1,1,FALSE,2746
42,75,"Amygdala_R","Pallidum_L",0.218181818181818,0.272727272727273,0.0545454545454545,0.0545454545454545,0.658205207576239,1,1,FALSE,1909
43,75,"Calcarine_L","Pallidum_L",0.0363636363636364,0.0181818181818182,-0.0181818181818182,0.0181818181818182,1,1,1,FALSE,3640
44,75,"Calcarine_R","Pallidum_L",0.0181818181818182,0.0363636363636364,0.0181818181818182,0.0181818181818182,1,1,1,FALSE,3651
45,75,"Cuneus_L","Pallidum_L",0,0,0,0,1,1,1,FALSE,5668
46,75,"Cuneus_R","Pallidum_L",0,0,0,0,1,1,1,FALSE,5689
47,75,"Lingual_L","Pallidum_L",0,0.0181818181818182,0.0181818181818182,0.0181818181818182,1,1,1,FALSE,3688
48,75,"Lingual_R","Pallidum_L",0.0545454545454545,0,-0.0545454545454545,0.0545454545454545,0.243119266055046,1,1,FALSE,579
49,75,"Occipital_Sup_L","Pallidum_L",0,0,0,0,1,1,1,FALSE,5741
50,75,"Occipital_Sup_R","Pallidum_L",0,0,0,0,1,1,1,FALSE,5762
51,75,"Occipital_Mid_L","Pallidum_L",0.0181818181818182,0.0181818181818182,0,0,1,1,1,FALSE,5781
52,75,"Occipital_Mid_R","Pallidum_L",0,0.0181818181818182,0.0181818181818182,0.0181818181818182,1,1,1,FALSE,3739
53,75,"Occipital_Inf_L","Pallidum_L",0.0181818181818182,0.0363636363636364,0.0181818181818182,0.0181818181818182,1,1,1,FALSE,3748
54,75,"Occipital_Inf_R","Pallidum_L",0,0.0363636363636364,0.0363636363636364,0.0363636363636364,0.495412844036697,1,1,FALSE,1407
55,75,"Fusiform_L","Pallidum_L",0.0363636363636364,0,-0.0363636363636364,0.0363636363636364,0.495412844036697,1,1,FALSE,1412
56,75,"Fusiform_R","Pallidum_L",0.0181818181818182,0,-0.0181818181818182,0.0181818181818182,1,1,1,FALSE,3795
57,75,"Postcentral_L","Pallidum_L",0.0909090909090909,0.109090909090909,0.0181818181818182,0.0181818181818182,1,1,1,FALSE,4175
58,75,"Postcentral_R","Pallidum_L",0.0545454545454545,0.109090909090909,0.0545454545454545,0.0545454545454545,0.488966435220834,1,1,FALSE,1181
59,75,"Parietal_Sup_L","Pallidum_L",0,0,0,0,1,1,1,FALSE,5903
60,75,"Parietal_Sup_R","Pallidum_L",0,0,0,0,1,1,1,FALSE,5922
61,75,"Parietal_Inf_L","Pallidum_L",0.0181818181818182,0,-0.0181818181818182,0.0181818181818182,1,1,1,FALSE,3844
62,75,"Parietal_Inf_R","Pallidum_L",0,0,0,0,1,1,1,FALSE,5961
63,75,"SupraMarginal_L","Pallidum_L",0.0181818181818182,0.0545454545454545,0.0363636363636364,0.0363636363636364,0.618022807167967,1,1,FALSE,1835
64,75,"SupraMarginal_R","Pallidum_L",0.0181818181818182,0.0545454545454545,0.0363636363636364,0.0363636363636364,0.618022807167967,1,1,FALSE,1837
65,75,"Angular_L","Pallidum_L",0.0181818181818182,0.0181818181818182,0,0,1,1,1,FALSE,6036
66,75,"Angular_R","Pallidum_L",0,0,0,0,1,1,1,FALSE,6061
67,75,"Precuneus_L","Pallidum_L",0,0,0,0,1,1,1,FALSE,6088
68,75,"Precuneus_R","Pallidum_L",0,0,0,0,1,1,1,FALSE,6101
69,75,"Paracentral_Lobule_L","Pallidum_L",0.0181818181818182,0.0181818181818182,0,0,1,1,1,FALSE,6114
70,75,"Paracentral_Lobule_R","Pallidum_L",0.0181818181818182,0.0363636363636364,0.0181818181818182,0.0181818181818182,1,1,1,FALSE,3937
71,75,"Caudate_L","Pallidum_L",0.327272727272727,0.454545454545455,0.127272727272727,0.127272727272727,0.240903809631543,1,1,FALSE,515
72,75,"Caudate_R","Pallidum_L",0.0181818181818182,0.0363636363636364,0.0181818181818182,0.0181818181818182,1,1,1,FALSE,3951
73,75,"Putamen_L","Pallidum_L",0.654545454545455,0.890909090909091,0.236363636363636,0.236363636363636,0.00562072392218732,1,1,FALSE,13
74,75,"Putamen_R","Pallidum_L",0.981818181818182,0.963636363636364,-0.0181818181818182,0.0181818181818182,1,1,1,FALSE,2804
1,76,"Precentral_L","Pallidum_R",0,0.0363636363636364,0.0363636363636364,0.0363636363636364,0.495412844036697,1,1,FALSE,1204
2,76,"Precentral_R","Pallidum_R",0,0,0,0,1,1,1,FALSE,4264
3,76,"Frontal_Sup_L","Pallidum_R",0,0.0181818181818182,0.0181818181818182,0.0181818181818182,1,1,1,FALSE,2863
4,76,"Frontal_Sup_R","Pallidum_R",0.0181818181818182,0,-0.0181818181818182,0.0181818181818182,1,1,1,FALSE,2881
5,76,"Frontal_Sup_Orb_L","Pallidum_R",0,0,0,0,1,1,1,FALSE,4346
6,76,"Frontal_Sup_Orb_R","Pallidum_R",0,0,0,0,1,1,1,FALSE,4401
7,76,"Frontal_Mid_L","Pallidum_R",0.0181818181818182,0,-0.0181818181818182,0.0181818181818182,1,1,1,FALSE,2949
8,76,"Frontal_Mid_R","Pallidum_R",0.0181818181818182,0,-0.0181818181818182,0.0181818181818182,1,1,1,FALSE,2967
9,76,"Frontal_Mid_Orb_L","Pallidum_R",0,0,0,0,1,1,1,FALSE,4541
10,76,"Frontal_Mid_Orb_R","Pallidum_R",0,0,0,0,1,1,1,FALSE,4605
11,76,"Frontal_Inf_Oper_L","Pallidum_R",0,0.0181818181818182,0.0181818181818182,0.0181818181818182,1,1,1,FALSE,3031
12,76,"Frontal_Inf_Oper_R","Pallidum_R",0,0,0,0,1,1,1,FALSE,4689
13,76,"Frontal_Inf_Tri_L","Pallidum_R",0,0,0,0,1,1,1,FALSE,4733
14,76,"Frontal_Inf_Tri_R","Pallidum_R",0,0,0,0,1,1,1,FALSE,4769
15,76,"Frontal_Inf_Orb_L","Pallidum_R",0,0,0,0,1,1,1,FALSE,4799
16,76,"Frontal_Inf_Orb_R","Pallidum_R",0,0.0181818181818182,0.0181818181818182,0.0181818181818182,1,1,1,FALSE,3171
17,76,"Rolandic_Oper_L","Pallidum_R",0,0.0181818181818182,0.0181818181818182,0.0181818181818182,1,1,1,FALSE,3186
18,76,"Rolandic_Oper_R","Pallidum_R",0,0.0181818181818182,0.0181818181818182,0.0181818181818182,1,1,1,FALSE,3204
19,76,"Supp_Motor_Area_L","Pallidum_R",0,0,0,0,1,1,1,FALSE,4950
20,76,"Supp_Motor_Area_R","Pallidum_R",0.0363636363636364,0.0545454545454545,0.0181818181818182,0.0181818181818182,1,1,1,FALSE,3238
21,76,"Olfactory_L","Pallidum_R",0,0,0,0,1,1,1,FALSE,5001
22,76,"Olfactory_R","Pallidum_R",0,0,0,0,1,1,1,FALSE,5043
23,76,"Frontal_Sup_Medial_L","Pallidum_R",0,0,0,0,1,1,1,FALSE,5078
24,76,"Frontal_Sup_Medial_R","Pallidum_R",0.0181818181818182,0,-0.0181818181818182,0.0181818181818182,1,1,1,FALSE,3323
25,76,"Frontal_Med_Orb_L","Pallidum_R",0,0,0,0,1,1,1,FALSE,5138
26,76,"Frontal_Med_Orb_R","Pallidum_R",0,0,0,0,1,1,1,FALSE,5171
27,76,"Rectus_L","Pallidum_R",0,0,0,0,1,1,1,FALSE,5201
28,76,"Rectus_R","Pallidum_R",0,0,0,0,1,1,1,FALSE,5242
29,76,"Insula_L","Pallidum_R",0.0181818181818182,0.0545454545454545,0.0363636363636364,0.0363636363636364,0.618022807167967,1,1,FALSE,1775
30,76,"Insula_R","Pallidum_R",0.0545454545454545,0.236363636363636,0.181818181818182,0.181818181818182,0.0129553243570267,1,1,FALSE,34
31,76,"Cingulum_Ant_L","Pallidum_R",0.0545454545454545,0.0363636363636364,-0.0181818181818182,0.0181818181818182,1,1,1,FALSE,3456
32,76,"Cingulum_Ant_R","Pallidum_R",0.0363636363636364,0.0727272727272727,0.0363636363636364,0.0363636363636364,0.678654107617496,1,1,FALSE,1980
33,76,"Cingulum_Mid_L","Pallidum_R",0,0,0,0,1,1,1,FALSE,5378
34,76,"Cingulum_Mid_R","Pallidum_R",0.0909090909090909,0.0545454545454545,-0.0363636363636364,0.0363636363636364,0.716092464011574,1,1,FALSE,2105
35,76,"Cingulum_Post_L","Pallidum_R",0,0,0,0,1,1,1,FALSE,5436
36,76,"Cingulum_Post_R","Pallidum_R",0.0181818181818182,0,-0.0181818181818182,0.0181818181818182,1,1,1,FALSE,3533
37,76,"Hippocampus_L","Pallidum_R",0.0181818181818182,0.0545454545454545,0.0363636363636364,0.0363636363636364,0.618022807167967,1,1,FALSE,1798
38,76,"Hippocampus_R","Pallidum_R",0.0727272727272727,0.127272727272727,0.0545454545454545,0.0545454545454545,0.526914472209385,1,1,FALSE,1532
39,76,"ParaHippocampal_L","Pallidum_R",0,0,0,0,1,1,1,FALSE,5523
40,76,"ParaHippocampal_R","Pallidum_R",0.0181818181818182,0,-0.0181818181818182,0.0181818181818182,1,1,1,FALSE,3596
41,76,"Amygdala_L","Pallidum_R",0.0545454545454545,0.0181818181818182,-0.0363636363636364,0.0363636363636364,0.618022807167967,1,1,FALSE,1804
42,76,"Amygdala_R","Pallidum_R",0.0727272727272727,0.145454545454545,0.0727272727272727,0.0727272727272727,0.359662012889472,1,1,FALSE,872
43,76,"Calcarine_L","Pallidum_R",0,0,0,0,1,1,1,FALSE,5621
44,76,"Calcarine_R","Pallidum_R",0,0,0,0,1,1,1,FALSE,5648
45,76,"Cuneus_L","Pallidum_R",0,0,0,0,1,1,1,FALSE,5669
46,76,"Cuneus_R","Pallidum_R",0,0,0,0,1,1,1,FALSE,5690
47,76,"Lingual_L","Pallidum_R",0,0,0,0,1,1,1,FALSE,5710
48,76,"Lingual_R","Pallidum_R",0.0181818181818182,0,-0.0181818181818182,0.0181818181818182,1,1,1,FALSE,3700
49,76,"Occipital_Sup_L","Pallidum_R",0,0,0,0,1,1,1,FALSE,5742
50,76,"Occipital_Sup_R","Pallidum_R",0,0,0,0,1,1,1,FALSE,5763
51,76,"Occipital_Mid_L","Pallidum_R",0,0,0,0,1,1,1,FALSE,5782
52,76,"Occipital_Mid_R","Pallidum_R",0,0,0,0,1,1,1,FALSE,5797
53,76,"Occipital_Inf_L","Pallidum_R",0,0,0,0,1,1,1,FALSE,5818
54,76,"Occipital_Inf_R","Pallidum_R",0,0.0181818181818182,0.0181818181818182,0.0181818181818182,1,1,1,FALSE,3770
55,76,"Fusiform_L","Pallidum_R",0,0,0,0,1,1,1,FALSE,5850
56,76,"Fusiform_R","Pallidum_R",0,0,0,0,1,1,1,FALSE,5863
57,76,"Postcentral_L","Pallidum_R",0,0,0,0,1,1,1,FALSE,5872
58,76,"Postcentral_R","Pallidum_R",0,0,0,0,1,1,1,FALSE,5889
59,76,"Parietal_Sup_L","Pallidum_R",0,0,0,0,1,1,1,FALSE,5904
60,76,"Parietal_Sup_R","Pallidum_R",0,0,0,0,1,1,1,FALSE,5923
61,76,"Parietal_Inf_L","Pallidum_R",0,0,0,0,1,1,1,FALSE,5940
62,76,"Parietal_Inf_R","Pallidum_R",0,0,0,0,1,1,1,FALSE,5962
63,76,"SupraMarginal_L","Pallidum_R",0,0,0,0,1,1,1,FALSE,5988
64,76,"SupraMarginal_R","Pallidum_R",0,0,0,0,1,1,1,FALSE,6012
65,76,"Angular_L","Pallidum_R",0,0,0,0,1,1,1,FALSE,6037
66,76,"Angular_R","Pallidum_R",0,0,0,0,1,1,1,FALSE,6062
67,76,"Precuneus_L","Pallidum_R",0,0,0,0,1,1,1,FALSE,6089
68,76,"Precuneus_R","Pallidum_R",0,0,0,0,1,1,1,FALSE,6102
69,76,"Paracentral_Lobule_L","Pallidum_R",0,0.0181818181818182,0.0181818181818182,0.0181818181818182,1,1,1,FALSE,3923
70,76,"Paracentral_Lobule_R","Pallidum_R",0,0.0363636363636364,0.0363636363636364,0.0363636363636364,0.495412844036697,1,1,FALSE,1443
71,76,"Caudate_L","Pallidum_R",0.327272727272727,0.381818181818182,0.0545454545454546,0.0545454545454546,0.690446870689589,1,1,FALSE,2037
72,76,"Caudate_R","Pallidum_R",0.327272727272727,0.418181818181818,0.0909090909090909,0.0909090909090909,0.430456970302363,1,1,FALSE,1044
73,76,"Putamen_L","Pallidum_R",0.109090909090909,0.218181818181818,0.109090909090909,0.109090909090909,0.196671123649544,1,1,FALSE,407
74,76,"Putamen_R","Pallidum_R",0.436363636363636,0.545454545454545,0.109090909090909,0.109090909090909,0.340333583083512,1,1,FALSE,844
75,76,"Pallidum_L","Pallidum_R",0.163636363636364,0.2,0.0363636363636364,0.0363636363636364,0.805305180298538,1,1,FALSE,2306
1,77,"Precentral_L","Thalamus_L",0.254545454545455,0.363636363636364,0.109090909090909,0.109090909090909,0.302253330032413,1,1,FALSE,746
2,77,"Precentral_R","Thalamus_L",0.181818181818182,0.163636363636364,-0.0181818181818182,0.0181818181818182,1,1,1,FALSE,2669
3,77,"Frontal_Sup_L","Thalamus_L",0.0181818181818182,0.0181818181818182,0,0,1,1,1,FALSE,4285
4,77,"Frontal_Sup_R","Thalamus_L",0.0181818181818182,0.0363636363636364,0.0181818181818182,0.0181818181818182,1,1,1,FALSE,2882
5,77,"Frontal_Sup_Orb_L","Thalamus_L",0,0,0,0,1,1,1,FALSE,4347
6,77,"Frontal_Sup_Orb_R","Thalamus_L",0.0181818181818182,0,-0.0181818181818182,0.0181818181818182,1,1,1,FALSE,2931
7,77,"Frontal_Mid_L","Thalamus_L",0.0545454545454545,0.0545454545454545,0,0,1,1,1,FALSE,4452
8,77,"Frontal_Mid_R","Thalamus_L",0,0.0181818181818182,0.0181818181818182,0.0181818181818182,1,1,1,FALSE,2968
9,77,"Frontal_Mid_Orb_L","Thalamus_L",0,0,0,0,1,1,1,FALSE,4542
10,77,"Frontal_Mid_Orb_R","Thalamus_L",0,0,0,0,1,1,1,FALSE,4606
11,77,"Frontal_Inf_Oper_L","Thalamus_L",0.0909090909090909,0.109090909090909,0.0181818181818182,0.0181818181818182,1,1,1,FALSE,4144
12,77,"Frontal_Inf_Oper_R","Thalamus_L",0.109090909090909,0.0545454545454545,-0.0545454545454545,0.0545454545454545,0.488966435220834,1,1,FALSE,1162
13,77,"Frontal_Inf_Tri_L","Thalamus_L",0.0363636363636364,0.0545454545454545,0.0181818181818182,0.0181818181818182,1,1,1,FALSE,3085
14,77,"Frontal_Inf_Tri_R","Thalamus_L",0.0545454545454545,0.0181818181818182,-0.0363636363636364,0.0363636363636364,0.618022807167967,1,1,FALSE,1732
15,77,"Frontal_Inf_Orb_L","Thalamus_L",0.0545454545454545,0.0363636363636364,-0.0181818181818182,0.0181818181818182,1,1,1,FALSE,3137
16,77,"Frontal_Inf_Orb_R","Thalamus_L",0.0363636363636364,0,-0.0363636363636364,0.0363636363636364,0.495412844036697,1,1,FALSE,1273
17,77,"Rolandic_Oper_L","Thalamus_L",0.2,0.454545454545455,0.254545454545455,0.254545454545455,0.0077967366894915,1,1,FALSE,20
18,77,"Rolandic_Oper_R","Thalamus_L",0.236363636363636,0.345454545454545,0.109090909090909,0.109090909090909,0.293858798315081,1,1,FALSE,742
19,77,"Supp_Motor_Area_L","Thalamus_L",0.145454545454545,0.218181818181818,0.0727272727272727,0.0727272727272727,0.459010046442181,1,1,FALSE,1141
20,77,"Supp_Motor_Area_R","Thalamus_L",0.436363636363636,0.581818181818182,0.145454545454545,0.145454545454545,0.181615159952024,1,1,FALSE,390
21,77,"Olfactory_L","Thalamus_L",0.0181818181818182,0.0181818181818182,0,0,1,1,1,FALSE,5002
22,77,"Olfactory_R","Thalamus_L",0,0,0,0,1,1,1,FALSE,5044
23,77,"Frontal_Sup_Medial_L","Thalamus_L",0,0.0181818181818182,0.0181818181818182,0.0181818181818182,1,1,1,FALSE,3305
24,77,"Frontal_Sup_Medial_R","Thalamus_L",0,0.0363636363636364,0.0363636363636364,0.0363636363636364,0.495412844036697,1,1,FALSE,1307
25,77,"Frontal_Med_Orb_L","Thalamus_L",0,0,0,0,1,1,1,FALSE,5139
26,77,"Frontal_Med_Orb_R","Thalamus_L",0,0,0,0,1,1,1,FALSE,5172
27,77,"Rectus_L","Thalamus_L",0,0,0,0,1,1,1,FALSE,5202
28,77,"Rectus_R","Thalamus_L",0,0,0,0,1,1,1,FALSE,5243
29,77,"Insula_L","Thalamus_L",0.290909090909091,0.527272727272727,0.236363636363636,0.236363636363636,0.0194900529480027,1,1,FALSE,44
30,77,"Insula_R","Thalamus_L",0.509090909090909,0.636363636363636,0.127272727272727,0.127272727272727,0.247389408509494,1,1,FALSE,641
31,77,"Cingulum_Ant_L","Thalamus_L",0.0545454545454545,0.0363636363636364,-0.0181818181818182,0.0181818181818182,1,1,1,FALSE,3457
32,77,"Cingulum_Ant_R","Thalamus_L",0.0363636363636364,0.0545454545454545,0.0181818181818182,0.0181818181818182,1,1,1,FALSE,3474
33,77,"Cingulum_Mid_L","Thalamus_L",0.236363636363636,0.218181818181818,-0.0181818181818182,0.0181818181818182,1,1,1,FALSE,2733
34,77,"Cingulum_Mid_R","Thalamus_L",0.327272727272727,0.345454545454545,0.0181818181818182,0.0181818181818182,1,1,1,FALSE,2449
35,77,"Cingulum_Post_L","Thalamus_L",0,0,0,0,1,1,1,FALSE,5437
36,77,"Cingulum_Post_R","Thalamus_L",0,0.0181818181818182,0.0181818181818182,0.0181818181818182,1,1,1,FALSE,3534
37,77,"Hippocampus_L","Thalamus_L",0.327272727272727,0.472727272727273,0.145454545454545,0.145454545454545,0.17277783785612,1,1,FALSE,373
38,77,"Hippocampus_R","Thalamus_L",0.363636363636364,0.345454545454545,-0.0181818181818182,0.0181818181818182,1,1,1,FALSE,2586
39,77,"ParaHippocampal_L","Thalamus_L",0,0.0727272727272727,0.0727272727272727,0.0727272727272727,0.118151419017406,1,1,FALSE,259
40,77,"ParaHippocampal_R","Thalamus_L",0,0.0363636363636364,0.0363636363636364,0.0363636363636364,0.495412844036697,1,1,FALSE,1365
41,77,"Amygdala_L","Thalamus_L",0.163636363636364,0.127272727272727,-0.0363636363636364,0.0363636363636364,0.78764473423299,1,1,FALSE,2271
42,77,"Amygdala_R","Thalamus_L",0.0363636363636364,0.2,0.163636363636364,0.163636363636364,0.015332099840614,1,1,FALSE,38
43,77,"Calcarine_L","Thalamus_L",0.0727272727272727,0.0727272727272727,0,0,1,1,1,FALSE,5622
44,77,"Calcarine_R","Thalamus_L",0.0909090909090909,0.109090909090909,0.0181818181818182,0.0181818181818182,1,1,1,FALSE,4164
45,77,"Cuneus_L","Thalamus_L",0.0181818181818182,0,-0.0181818181818182,0.0181818181818182,1,1,1,FALSE,3666
46,77,"Cuneus_R","Thalamus_L",0.0363636363636364,0,-0.0363636363636364,0.0363636363636364,0.495412844036697,1,1,FALSE,1380
47,77,"Lingual_L","Thalamus_L",0.0909090909090909,0.0909090909090909,0,0,1,1,1,FALSE,2648
48,77,"Lingual_R","Thalamus_L",0.109090909090909,0.127272727272727,0.0181818181818182,0.0181818181818182,1,1,1,FALSE,2527
49,77,"Occipital_Sup_L","Thalamus_L",0,0.0363636363636364,0.0363636363636364,0.0363636363636364,0.495412844036697,1,1,FALSE,1389
50,77,"Occipital_Sup_R","Thalamus_L",0.0181818181818182,0,-0.0181818181818182,0.0181818181818182,1,1,1,FALSE,3716
51,77,"Occipital_Mid_L","Thalamus_L",0.0181818181818182,0.0181818181818182,0,0,1,1,1,FALSE,5783
52,77,"Occipital_Mid_R","Thalamus_L",0,0.0363636363636364,0.0363636363636364,0.0363636363636364,0.495412844036697,1,1,FALSE,1401
53,77,"Occipital_Inf_L","Thalamus_L",0,0.0181818181818182,0.0181818181818182,0.0181818181818182,1,1,1,FALSE,3749
54,77,"Occipital_Inf_R","Thalamus_L",0,0,0,0,1,1,1,FALSE,5831
55,77,"Fusiform_L","Thalamus_L",0.0363636363636364,0.0727272727272727,0.0363636363636364,0.0363636363636364,0.678654107617496,1,1,FALSE,2001
56,77,"Fusiform_R","Thalamus_L",0.0727272727272727,0.0727272727272727,0,0,1,1,1,FALSE,5864
57,77,"Postcentral_L","Thalamus_L",0.163636363636364,0.272727272727273,0.109090909090909,0.109090909090909,0.248123182456129,1,1,FALSE,650
58,77,"Postcentral_R","Thalamus_L",0.0727272727272727,0.290909090909091,0.218181818181818,0.218181818181818,0.00553782364315487,1,1,FALSE,12
59,77,"Parietal_Sup_L","Thalamus_L",0,0,0,0,1,1,1,FALSE,5905
60,77,"Parietal_Sup_R","Thalamus_L",0,0.0181818181818182,0.0181818181818182,0.0181818181818182,1,1,1,FALSE,3835
61,77,"Parietal_Inf_L","Thalamus_L",0.0545454545454545,0.0363636363636364,-0.0181818181818182,0.0181818181818182,1,1,1,FALSE,3845
62,77,"Parietal_Inf_R","Thalamus_L",0,0,0,0,1,1,1,FALSE,5963
63,77,"SupraMarginal_L","Thalamus_L",0.0545454545454545,0.109090909090909,0.0545454545454545,0.0545454545454545,0.488966435220834,1,1,FALSE,1185
64,77,"SupraMarginal_R","Thalamus_L",0.0363636363636364,0.181818181818182,0.145454545454545,0.145454545454545,0.0286888203891284,1,1,FALSE,69
65,77,"Angular_L","Thalamus_L",0.0181818181818182,0,-0.0181818181818182,0.0181818181818182,1,1,1,FALSE,3885
66,77,"Angular_R","Thalamus_L",0,0,0,0,1,1,1,FALSE,6063
67,77,"Precuneus_L","Thalamus_L",0.0909090909090909,0.0727272727272727,-0.0181818181818182,0.0181818181818182,1,1,1,FALSE,2795
68,77,"Precuneus_R","Thalamus_L",0.0181818181818182,0,-0.0181818181818182,0.0181818181818182,1,1,1,FALSE,3912
69,77,"Paracentral_Lobule_L","Thalamus_L",0.0545454545454545,0.127272727272727,0.0727272727272727,0.0727272727272727,0.320308493049491,1,1,FALSE,798
70,77,"Paracentral_Lobule_R","Thalamus_L",0.0363636363636364,0.109090909090909,0.0727272727272727,0.0727272727272727,0.270576022922045,1,1,FALSE,708
71,77,"Caudate_L","Thalamus_L",0.436363636363636,0.418181818181818,-0.0181818181818182,0.0181818181818182,1,1,1,FALSE,2802
72,77,"Caudate_R","Thalamus_L",0.0727272727272727,0.109090909090909,0.0363636363636364,0.0363636363636364,0.741953348477847,1,1,FALSE,2183
73,77,"Putamen_L","Thalamus_L",0.672727272727273,0.745454545454545,0.0727272727272728,0.0727272727272728,0.529223317330229,1,1,FALSE,1555
74,77,"Putamen_R","Thalamus_L",0.8,0.872727272727273,0.0727272727272726,0.0727272727272726,0.440163525159517,1,1,FALSE,1104
75,77,"Pallidum_L","Thalamus_L",0.636363636363636,0.763636363636364,0.127272727272727,0.127272727272727,0.211592387485226,1,1,FALSE,467
76,77,"Pallidum_R","Thalamus_L",0.290909090909091,0.327272727272727,0.0363636363636364,0.0363636363636364,0.836749046021449,1,1,FALSE,2380
1,78,"Precentral_L","Thalamus_R",0.0545454545454545,0.163636363636364,0.109090909090909,0.109090909090909,0.123540893849592,1,1,FALSE,292
2,78,"Precentral_R","Thalamus_R",0.109090909090909,0.181818181818182,0.0727272727272727,0.0727272727272727,0.417989271601529,1,1,FALSE,1017
3,78,"Frontal_Sup_L","Thalamus_R",0.0181818181818182,0.0727272727272727,0.0545454545454545,0.0545454545454545,0.363371345279945,1,1,FALSE,893
4,78,"Frontal_Sup_R","Thalamus_R",0.0727272727272727,0.163636363636364,0.0909090909090909,0.0909090909090909,0.236782655021779,1,1,FALSE,496
5,78,"Frontal_Sup_Orb_L","Thalamus_R",0,0,0,0,1,1,1,FALSE,4348
6,78,"Frontal_Sup_Orb_R","Thalamus_R",0,0,0,0,1,1,1,FALSE,4402
7,78,"Frontal_Mid_L","Thalamus_R",0.0727272727272727,0,-0.0727272727272727,0.0727272727272727,0.118151419017406,1,1,FALSE,236
8,78,"Frontal_Mid_R","Thalamus_R",0.0909090909090909,0.0545454545454545,-0.0363636363636364,0.0363636363636364,0.716092464011574,1,1,FALSE,2074
9,78,"Frontal_Mid_Orb_L","Thalamus_R",0,0,0,0,1,1,1,FALSE,4543
10,78,"Frontal_Mid_Orb_R","Thalamus_R",0,0,0,0,1,1,1,FALSE,4607
11,78,"Frontal_Inf_Oper_L","Thalamus_R",0.0181818181818182,0.0363636363636364,0.0181818181818182,0.0181818181818182,1,1,1,FALSE,3032
12,78,"Frontal_Inf_Oper_R","Thalamus_R",0.0909090909090909,0.0727272727272727,-0.0181818181818182,0.0181818181818182,1,1,1,FALSE,2692
13,78,"Frontal_Inf_Tri_L","Thalamus_R",0,0,0,0,1,1,1,FALSE,4734
14,78,"Frontal_Inf_Tri_R","Thalamus_R",0.0363636363636364,0.0545454545454545,0.0181818181818182,0.0181818181818182,1,1,1,FALSE,3110
15,78,"Frontal_Inf_Orb_L","Thalamus_R",0,0,0,0,1,1,1,FALSE,4800
16,78,"Frontal_Inf_Orb_R","Thalamus_R",0,0.0545454545454545,0.0545454545454545,0.0545454545454545,0.243119266055046,1,1,FALSE,544
17,78,"Rolandic_Oper_L","Thalamus_R",0.0727272727272727,0.145454545454545,0.0727272727272727,0.0727272727272727,0.359662012889472,1,1,FALSE,862
18,78,"Rolandic_Oper_R","Thalamus_R",0.0545454545454545,0.145454545454545,0.0909090909090909,0.0909090909090909,0.202247933529552,1,1,FALSE,415
19,78,"Supp_Motor_Area_L","Thalamus_R",0.0181818181818182,0.0363636363636364,0.0181818181818182,0.0181818181818182,1,1,1,FALSE,3225
20,78,"Supp_Motor_Area_R","Thalamus_R",0.345454545454545,0.490909090909091,0.145454545454545,0.145454545454545,0.175748138712102,1,1,FALSE,384
21,78,"Olfactory_L","Thalamus_R",0.0363636363636364,0.0363636363636364,0,0,1,1,1,FALSE,5003
22,78,"Olfactory_R","Thalamus_R",0,0.0181818181818182,0.0181818181818182,0.0181818181818182,1,1,1,FALSE,3283
23,78,"Frontal_Sup_Medial_L","Thalamus_R",0,0.0363636363636364,0.0363636363636364,0.0363636363636364,0.495412844036697,1,1,FALSE,1301
24,78,"Frontal_Sup_Medial_R","Thalamus_R",0.0727272727272727,0.109090909090909,0.0363636363636364,0.0363636363636364,0.741953348477847,1,1,FALSE,2158
25,78,"Frontal_Med_Orb_L","Thalamus_R",0,0.0181818181818182,0.0181818181818182,0.0181818181818182,1,1,1,FALSE,3338
26,78,"Frontal_Med_Orb_R","Thalamus_R",0,0.0181818181818182,0.0181818181818182,0.0181818181818182,1,1,1,FALSE,3353
27,78,"Rectus_L","Thalamus_R",0,0.0181818181818182,0.0181818181818182,0.0181818181818182,1,1,1,FALSE,3380
28,78,"Rectus_R","Thalamus_R",0,0,0,0,1,1,1,FALSE,5244
29,78,"Insula_L","Thalamus_R",0.163636363636364,0.163636363636364,0,0,1,1,1,FALSE,2634
30,78,"Insula_R","Thalamus_R",0.254545454545455,0.381818181818182,0.127272727272727,0.127272727272727,0.219107702459532,1,1,FALSE,478
31,78,"Cingulum_Ant_L","Thalamus_R",0.0545454545454545,0.127272727272727,0.0727272727272727,0.0727272727272727,0.320308493049491,1,1,FALSE,784
32,78,"Cingulum_Ant_R","Thalamus_R",0.236363636363636,0.254545454545455,0.0181818181818182,0.0181818181818182,1,1,1,FALSE,4197
33,78,"Cingulum_Mid_L","Thalamus_R",0.0727272727272727,0.163636363636364,0.0909090909090909,0.0909090909090909,0.236782655021779,1,1,FALSE,506
34,78,"Cingulum_Mid_R","Thalamus_R",0.4,0.581818181818182,0.181818181818182,0.181818181818182,0.08561611370314,1,1,FALSE,187
35,78,"Cingulum_Post_L","Thalamus_R",0.0181818181818182,0.0363636363636364,0.0181818181818182,0.0181818181818182,1,1,1,FALSE,3514
36,78,"Cingulum_Post_R","Thalamus_R",0.0727272727272727,0.0909090909090909,0.0181818181818182,0.0181818181818182,1,1,1,FALSE,2736
37,78,"Hippocampus_L","Thalamus_R",0.145454545454545,0.309090909090909,0.163636363636364,0.163636363636364,0.0674329509390156,1,1,FALSE,159
38,78,"Hippocampus_R","Thalamus_R",0.490909090909091,0.6,0.109090909090909,0.109090909090909,0.338408523062595,1,1,FALSE,841
39,78,"ParaHippocampal_L","Thalamus_R",0.0363636363636364,0.163636363636364,0.127272727272727,0.127272727272727,0.0524018387542443,1,1,FALSE,106
40,78,"ParaHippocampal_R","Thalamus_R",0.0909090909090909,0.109090909090909,0.0181818181818182,0.0181818181818182,1,1,1,FALSE,4162
41,78,"Amygdala_L","Thalamus_R",0.0727272727272727,0.127272727272727,0.0545454545454545,0.0545454545454545,0.526914472209385,1,1,FALSE,1535
42,78,"Amygdala_R","Thalamus_R",0.109090909090909,0.272727272727273,0.163636363636364,0.163636363636364,0.0505499296095926,1,1,FALSE,102
43,78,"Calcarine_L","Thalamus_R",0.0545454545454545,0.0909090909090909,0.0363636363636364,0.0363636363636364,0.716092464011574,1,1,FALSE,2111
44,78,"Calcarine_R","Thalamus_R",0.0909090909090909,0.109090909090909,0.0181818181818182,0.0181818181818182,1,1,1,FALSE,4165
45,78,"Cuneus_L","Thalamus_R",0.0363636363636364,0.0363636363636364,0,0,1,1,1,FALSE,5670
46,78,"Cuneus_R","Thalamus_R",0.0909090909090909,0.0545454545454545,-0.0363636363636364,0.0363636363636364,0.716092464011574,1,1,FALSE,2114
47,78,"Lingual_L","Thalamus_R",0.0545454545454545,0.0363636363636364,-0.0181818181818182,0.0181818181818182,1,1,1,FALSE,3689
48,78,"Lingual_R","Thalamus_R",0.254545454545455,0.345454545454545,0.0909090909090909,0.0909090909090909,0.4055060701556,1,1,FALSE,1011
49,78,"Occipital_Sup_L","Thalamus_R",0,0,0,0,1,1,1,FALSE,5743
50,78,"Occipital_Sup_R","Thalamus_R",0,0,0,0,1,1,1,FALSE,5764
51,78,"Occipital_Mid_L","Thalamus_R",0,0.0181818181818182,0.0181818181818182,0.0181818181818182,1,1,1,FALSE,3726
52,78,"Occipital_Mid_R","Thalamus_R",0.0181818181818182,0.0181818181818182,0,0,1,1,1,FALSE,5798
53,78,"Occipital_Inf_L","Thalamus_R",0,0.0363636363636364,0.0363636363636364,0.0363636363636364,0.495412844036697,1,1,FALSE,1405
54,78,"Occipital_Inf_R","Thalamus_R",0,0,0,0,1,1,1,FALSE,5832
55,78,"Fusiform_L","Thalamus_R",0.0545454545454545,0.0363636363636364,-0.0181818181818182,0.0181818181818182,1,1,1,FALSE,3784
56,78,"Fusiform_R","Thalamus_R",0.0727272727272727,0.0727272727272727,0,0,1,1,1,FALSE,5865
57,78,"Postcentral_L","Thalamus_R",0.0363636363636364,0.127272727272727,0.0909090909090909,0.0909090909090909,0.16138081677265,1,1,FALSE,365
58,78,"Postcentral_R","Thalamus_R",0.0909090909090909,0.2,0.109090909090909,0.109090909090909,0.175072824729425,1,1,FALSE,379
59,78,"Parietal_Sup_L","Thalamus_R",0,0.0363636363636364,0.0363636363636364,0.0363636363636364,0.495412844036697,1,1,FALSE,1422
60,78,"Parietal_Sup_R","Thalamus_R",0.0363636363636364,0,-0.0363636363636364,0.0363636363636364,0.495412844036697,1,1,FALSE,1426
61,78,"Parietal_Inf_L","Thalamus_R",0.0363636363636364,0,-0.0363636363636364,0.0363636363636364,0.495412844036697,1,1,FALSE,1430
62,78,"Parietal_Inf_R","Thalamus_R",0.0181818181818182,0.0363636363636364,0.0181818181818182,0.0181818181818182,1,1,1,FALSE,3857
63,78,"SupraMarginal_L","Thalamus_R",0,0,0,0,1,1,1,FALSE,5989
64,78,"SupraMarginal_R","Thalamus_R",0.0181818181818182,0.0727272727272727,0.0545454545454545,0.0545454545454545,0.363371345279945,1,1,FALSE,959
65,78,"Angular_L","Thalamus_R",0,0.0181818181818182,0.0181818181818182,0.0181818181818182,1,1,1,FALSE,3886
66,78,"Angular_R","Thalamus_R",0.0545454545454545,0.0545454545454545,0,0,1,1,1,FALSE,6064
67,78,"Precuneus_L","Thalamus_R",0.0909090909090909,0.127272727272727,0.0363636363636363,0.0363636363636363,0.761067915257265,1,1,FALSE,2220
68,78,"Precuneus_R","Thalamus_R",0.181818181818182,0.2,0.0181818181818182,0.0181818181818182,1,1,1,FALSE,2601
69,78,"Paracentral_Lobule_L","Thalamus_R",0.0545454545454545,0.0727272727272727,0.0181818181818182,0.0181818181818182,1,1,1,FALSE,3924
70,78,"Paracentral_Lobule_R","Thalamus_R",0.0545454545454545,0.145454545454545,0.0909090909090909,0.0909090909090909,0.202247933529552,1,1,FALSE,428
71,78,"Caudate_L","Thalamus_R",0.345454545454545,0.381818181818182,0.0363636363636364,0.0363636363636364,0.843043483729933,1,1,FALSE,2391
72,78,"Caudate_R","Thalamus_R",0.4,0.454545454545455,0.0545454545454545,0.0545454545454545,0.700094360325682,1,1,FALSE,2052
73,78,"Putamen_L","Thalamus_R",0.181818181818182,0.381818181818182,0.2,0.2,0.0331367336075807,1,1,FALSE,85
74,78,"Putamen_R","Thalamus_R",0.509090909090909,0.636363636363636,0.127272727272727,0.127272727272727,0.247389408509494,1,1,FALSE,642
75,78,"Pallidum_L","Thalamus_R",0.127272727272727,0.290909090909091,0.163636363636364,0.163636363636364,0.0591947944868677,1,1,FALSE,144
76,78,"Pallidum_R","Thalamus_R",0.454545454545455,0.436363636363636,-0.0181818181818182,0.0181818181818182,1,1,1,FALSE,2604
77,78,"Thalamus_L","Thalamus_R",0.890909090909091,0.872727272727273,-0.0181818181818182,0.0181818181818182,1,1,1,FALSE,2503
1,79,"Precentral_L","Heschl_L",0.0181818181818182,0.0545454545454545,0.0363636363636364,0.0363636363636364,0.618022807167967,1,1,FALSE,1705
2,79,"Precentral_R","Heschl_L",0.0545454545454545,0.0363636363636364,-0.0181818181818182,0.0181818181818182,1,1,1,FALSE,2842
3,79,"Frontal_Sup_L","Heschl_L",0,0,0,0,1,1,1,FALSE,4286
4,79,"Frontal_Sup_R","Heschl_L",0,0,0,0,1,1,1,FALSE,4310
5,79,"Frontal_Sup_Orb_L","Heschl_L",0,0,0,0,1,1,1,FALSE,4349
6,79,"Frontal_Sup_Orb_R","Heschl_L",0,0,0,0,1,1,1,FALSE,4403
7,79,"Frontal_Mid_L","Heschl_L",0,0,0,0,1,1,1,FALSE,4453
8,79,"Frontal_Mid_R","Heschl_L",0,0,0,0,1,1,1,FALSE,4495
9,79,"Frontal_Mid_Orb_L","Heschl_L",0,0,0,0,1,1,1,FALSE,4544
10,79,"Frontal_Mid_Orb_R","Heschl_L",0,0,0,0,1,1,1,FALSE,4608
11,79,"Frontal_Inf_Oper_L","Heschl_L",0.0363636363636364,0.0181818181818182,-0.0181818181818182,0.0181818181818182,1,1,1,FALSE,3033
12,79,"Frontal_Inf_Oper_R","Heschl_L",0,0.0181818181818182,0.0181818181818182,0.0181818181818182,1,1,1,FALSE,3065
13,79,"Frontal_Inf_Tri_L","Heschl_L",0.0181818181818182,0,-0.0181818181818182,0.0181818181818182,1,1,1,FALSE,3086
14,79,"Frontal_Inf_Tri_R","Heschl_L",0.0181818181818182,0.0363636363636364,0.0181818181818182,0.0181818181818182,1,1,1,FALSE,3111
15,79,"Frontal_Inf_Orb_L","Heschl_L",0.0181818181818182,0,-0.0181818181818182,0.0181818181818182,1,1,1,FALSE,3138
16,79,"Frontal_Inf_Orb_R","Heschl_L",0,0,0,0,1,1,1,FALSE,4833
17,79,"Rolandic_Oper_L","Heschl_L",0.781818181818182,0.872727272727273,0.0909090909090908,0.0909090909090908,0.313124011328227,1,1,FALSE,767
18,79,"Rolandic_Oper_R","Heschl_L",0.618181818181818,0.636363636363636,0.0181818181818182,0.0181818181818182,1,1,1,FALSE,2704
19,79,"Supp_Motor_Area_L","Heschl_L",0,0.0181818181818182,0.0181818181818182,0.0181818181818182,1,1,1,FALSE,3226
20,79,"Supp_Motor_Area_R","Heschl_L",0.127272727272727,0.181818181818182,0.0545454545454546,0.0545454545454546,0.598884497995648,1,1,FALSE,1682
21,79,"Olfactory_L","Heschl_L",0.0181818181818182,0,-0.0181818181818182,0.0181818181818182,1,1,1,FALSE,3254
22,79,"Olfactory_R","Heschl_L",0.0181818181818182,0.0181818181818182,0,0,1,1,1,FALSE,5045
23,79,"Frontal_Sup_Medial_L","Heschl_L",0,0,0,0,1,1,1,FALSE,5079
24,79,"Frontal_Sup_Medial_R","Heschl_L",0,0.0181818181818182,0.0181818181818182,0.0181818181818182,1,1,1,FALSE,3324
25,79,"Frontal_Med_Orb_L","Heschl_L",0,0,0,0,1,1,1,FALSE,5140
26,79,"Frontal_Med_Orb_R","Heschl_L",0.0181818181818182,0,-0.0181818181818182,0.0181818181818182,1,1,1,FALSE,3354
27,79,"Rectus_L","Heschl_L",0,0,0,0,1,1,1,FALSE,5203
28,79,"Rectus_R","Heschl_L",0,0,0,0,1,1,1,FALSE,5245
29,79,"Insula_L","Heschl_L",0.472727272727273,0.4,-0.0727272727272727,0.0727272727272727,0.564327553285816,1,1,FALSE,1624
30,79,"Insula_R","Heschl_L",0.254545454545455,0.309090909090909,0.0545454545454546,0.0545454545454546,0.672067902061461,1,1,FALSE,1919
31,79,"Cingulum_Ant_L","Heschl_L",0.0181818181818182,0,-0.0181818181818182,0.0181818181818182,1,1,1,FALSE,3458
32,79,"Cingulum_Ant_R","Heschl_L",0.127272727272727,0.0363636363636364,-0.0909090909090909,0.0909090909090909,0.16138081677265,1,1,FALSE,360
33,79,"Cingulum_Mid_L","Heschl_L",0.0545454545454545,0.0727272727272727,0.0181818181818182,0.0181818181818182,1,1,1,FALSE,3484
34,79,"Cingulum_Mid_R","Heschl_L",0.163636363636364,0.145454545454545,-0.0181818181818182,0.0181818181818182,1,1,1,FALSE,2490
35,79,"Cingulum_Post_L","Heschl_L",0,0,0,0,1,1,1,FALSE,5438
36,79,"Cingulum_Post_R","Heschl_L",0,0,0,0,1,1,1,FALSE,5476
37,79,"Hippocampus_L","Heschl_L",0.109090909090909,0.109090909090909,0,0,1,1,1,FALSE,5497
38,79,"Hippocampus_R","Heschl_L",0,0.0363636363636364,0.0363636363636364,0.0363636363636364,0.495412844036697,1,1,FALSE,1356
39,79,"ParaHippocampal_L","Heschl_L",0.0181818181818182,0.0545454545454545,0.0363636363636364,0.0363636363636364,0.618022807167967,1,1,FALSE,1800
40,79,"ParaHippocampal_R","Heschl_L",0.0181818181818182,0.0181818181818182,0,0,1,1,1,FALSE,5545
41,79,"Amygdala_L","Heschl_L",0.0181818181818182,0.0727272727272727,0.0545454545454545,0.0545454545454545,0.363371345279945,1,1,FALSE,942
42,79,"Amygdala_R","Heschl_L",0.0545454545454545,0.0545454545454545,0,0,1,1,1,FALSE,5596
43,79,"Calcarine_L","Heschl_L",0.0545454545454545,0.0181818181818182,-0.0363636363636364,0.0363636363636364,0.618022807167967,1,1,FALSE,1806
44,79,"Calcarine_R","Heschl_L",0.0545454545454545,0,-0.0545454545454545,0.0545454545454545,0.243119266055046,1,1,FALSE,574
45,79,"Cuneus_L","Heschl_L",0.0181818181818182,0,-0.0181818181818182,0.0181818181818182,1,1,1,FALSE,3667
46,79,"Cuneus_R","Heschl_L",0,0,0,0,1,1,1,FALSE,5691
47,79,"Lingual_L","Heschl_L",0.127272727272727,0.0545454545454545,-0.0727272727272727,0.0727272727272727,0.320308493049491,1,1,FALSE,792
48,79,"Lingual_R","Heschl_L",0.0363636363636364,0.0181818181818182,-0.0181818181818182,0.0181818181818182,1,1,1,FALSE,3701
49,79,"Occipital_Sup_L","Heschl_L",0,0,0,0,1,1,1,FALSE,5744
50,79,"Occipital_Sup_R","Heschl_L",0,0,0,0,1,1,1,FALSE,5765
51,79,"Occipital_Mid_L","Heschl_L",0.0363636363636364,0,-0.0363636363636364,0.0363636363636364,0.495412844036697,1,1,FALSE,1400
52,79,"Occipital_Mid_R","Heschl_L",0,0,0,0,1,1,1,FALSE,5799
53,79,"Occipital_Inf_L","Heschl_L",0,0.0181818181818182,0.0181818181818182,0.0181818181818182,1,1,1,FALSE,3750
54,79,"Occipital_Inf_R","Heschl_L",0,0,0,0,1,1,1,FALSE,5833
55,79,"Fusiform_L","Heschl_L",0.0181818181818182,0,-0.0181818181818182,0.0181818181818182,1,1,1,FALSE,3785
56,79,"Fusiform_R","Heschl_L",0.0363636363636364,0.0545454545454545,0.0181818181818182,0.0181818181818182,1,1,1,FALSE,3796
57,79,"Postcentral_L","Heschl_L",0.163636363636364,0.181818181818182,0.0181818181818182,0.0181818181818182,1,1,1,FALSE,2783
58,79,"Postcentral_R","Heschl_L",0.181818181818182,0.2,0.0181818181818182,0.0181818181818182,1,1,1,FALSE,2598
59,79,"Parietal_Sup_L","Heschl_L",0.0181818181818182,0.0181818181818182,0,0,1,1,1,FALSE,5906
60,79,"Parietal_Sup_R","Heschl_L",0.0181818181818182,0.0181818181818182,0,0,1,1,1,FALSE,5924
61,79,"Parietal_Inf_L","Heschl_L",0,0,0,0,1,1,1,FALSE,5941
62,79,"Parietal_Inf_R","Heschl_L",0,0,0,0,1,1,1,FALSE,5964
63,79,"SupraMarginal_L","Heschl_L",0.181818181818182,0.218181818181818,0.0363636363636363,0.0363636363636363,0.812066798143123,1,1,FALSE,2319
64,79,"SupraMarginal_R","Heschl_L",0.218181818181818,0.2,-0.0181818181818182,0.0181818181818182,1,1,1,FALSE,4204
65,79,"Angular_L","Heschl_L",0,0,0,0,1,1,1,FALSE,6038
66,79,"Angular_R","Heschl_L",0,0,0,0,1,1,1,FALSE,6065
67,79,"Precuneus_L","Heschl_L",0.0181818181818182,0,-0.0181818181818182,0.0181818181818182,1,1,1,FALSE,3905
68,79,"Precuneus_R","Heschl_L",0,0.0181818181818182,0.0181818181818182,0.0181818181818182,1,1,1,FALSE,3913
69,79,"Paracentral_Lobule_L","Heschl_L",0.0363636363636364,0.0727272727272727,0.0363636363636364,0.0363636363636364,0.678654107617496,1,1,FALSE,2009
70,79,"Paracentral_Lobule_R","Heschl_L",0.0363636363636364,0.109090909090909,0.0727272727272727,0.0727272727272727,0.270576022922045,1,1,FALSE,709
71,79,"Caudate_L","Heschl_L",0.0181818181818182,0,-0.0181818181818182,0.0181818181818182,1,1,1,FALSE,3942
72,79,"Caudate_R","Heschl_L",0,0,0,0,1,1,1,FALSE,6156
73,79,"Putamen_L","Heschl_L",0.309090909090909,0.327272727272727,0.0181818181818182,0.0181818181818182,1,1,1,FALSE,2502
74,79,"Putamen_R","Heschl_L",0.0181818181818182,0.145454545454545,0.127272727272727,0.127272727272727,0.0315827415384641,1,1,FALSE,78
75,79,"Pallidum_L","Heschl_L",0.0181818181818182,0.145454545454545,0.127272727272727,0.127272727272727,0.0315827415384641,1,1,FALSE,79
76,79,"Pallidum_R","Heschl_L",0,0,0,0,1,1,1,FALSE,6219
77,79,"Thalamus_L","Heschl_L",0.0363636363636364,0.290909090909091,0.254545454545455,0.254545454545455,0.000482104346758955,1,1,FALSE,1
78,79,"Thalamus_R","Heschl_L",0.0363636363636364,0.0727272727272727,0.0363636363636364,0.0363636363636364,0.678654107617496,1,1,FALSE,2014
1,80,"Precentral_L","Heschl_R",0.0909090909090909,0.0545454545454545,-0.0363636363636364,0.0363636363636364,0.716092464011574,1,1,FALSE,2068
2,80,"Precentral_R","Heschl_R",0.0727272727272727,0.127272727272727,0.0545454545454545,0.0545454545454545,0.526914472209385,1,1,FALSE,1512
3,80,"Frontal_Sup_L","Heschl_R",0,0,0,0,1,1,1,FALSE,4287
4,80,"Frontal_Sup_R","Heschl_R",0.0181818181818182,0,-0.0181818181818182,0.0181818181818182,1,1,1,FALSE,2883
5,80,"Frontal_Sup_Orb_L","Heschl_R",0,0,0,0,1,1,1,FALSE,4350
6,80,"Frontal_Sup_Orb_R","Heschl_R",0,0,0,0,1,1,1,FALSE,4404
7,80,"Frontal_Mid_L","Heschl_R",0,0,0,0,1,1,1,FALSE,4454
8,80,"Frontal_Mid_R","Heschl_R",0.0181818181818182,0,-0.0181818181818182,0.0181818181818182,1,1,1,FALSE,2969
9,80,"Frontal_Mid_Orb_L","Heschl_R",0,0,0,0,1,1,1,FALSE,4545
10,80,"Frontal_Mid_Orb_R","Heschl_R",0,0,0,0,1,1,1,FALSE,4609
11,80,"Frontal_Inf_Oper_L","Heschl_R",0.0181818181818182,0.0363636363636364,0.0181818181818182,0.0181818181818182,1,1,1,FALSE,3034
12,80,"Frontal_Inf_Oper_R","Heschl_R",0,0,0,0,1,1,1,FALSE,4690
13,80,"Frontal_Inf_Tri_L","Heschl_R",0,0.0363636363636364,0.0363636363636364,0.0363636363636364,0.495412844036697,1,1,FALSE,1257
14,80,"Frontal_Inf_Tri_R","Heschl_R",0,0.0181818181818182,0.0181818181818182,0.0181818181818182,1,1,1,FALSE,3112
15,80,"Frontal_Inf_Orb_L","Heschl_R",0,0.0181818181818182,0.0181818181818182,0.0181818181818182,1,1,1,FALSE,3139
16,80,"Frontal_Inf_Orb_R","Heschl_R",0,0.0181818181818182,0.0181818181818182,0.0181818181818182,1,1,1,FALSE,3172
17,80,"Rolandic_Oper_L","Heschl_R",0.618181818181818,0.545454545454545,-0.0727272727272728,0.0727272727272728,0.562226712944774,1,1,FALSE,1618
18,80,"Rolandic_Oper_R","Heschl_R",0.854545454545454,0.763636363636364,-0.0909090909090908,0.0909090909090908,0.332035164028184,1,1,FALSE,830
19,80,"Supp_Motor_Area_L","Heschl_R",0,0.0181818181818182,0.0181818181818182,0.0181818181818182,1,1,1,FALSE,3227
20,80,"Supp_Motor_Area_R","Heschl_R",0.236363636363636,0.163636363636364,-0.0727272727272727,0.0727272727272727,0.475179132592278,1,1,FALSE,1154
21,80,"Olfactory_L","Heschl_R",0,0,0,0,1,1,1,FALSE,5004
22,80,"Olfactory_R","Heschl_R",0,0,0,0,1,1,1,FALSE,5046
23,80,"Frontal_Sup_Medial_L","Heschl_R",0,0,0,0,1,1,1,FALSE,5080
24,80,"Frontal_Sup_Medial_R","Heschl_R",0,0,0,0,1,1,1,FALSE,5106
25,80,"Frontal_Med_Orb_L","Heschl_R",0.0181818181818182,0,-0.0181818181818182,0.0181818181818182,1,1,1,FALSE,3339
26,80,"Frontal_Med_Orb_R","Heschl_R",0,0,0,0,1,1,1,FALSE,5173
27,80,"Rectus_L","Heschl_R",0,0,0,0,1,1,1,FALSE,5204
28,80,"Rectus_R","Heschl_R",0,0,0,0,1,1,1,FALSE,5246
29,80,"Insula_L","Heschl_R",0.363636363636364,0.290909090909091,-0.0727272727272728,0.0727272727272728,0.542451809687405,1,1,FALSE,1567
30,80,"Insula_R","Heschl_R",0.436363636363636,0.290909090909091,-0.145454545454545,0.145454545454545,0.164939815076695,1,1,FALSE,367
31,80,"Cingulum_Ant_L","Heschl_R",0.0181818181818182,0,-0.0181818181818182,0.0181818181818182,1,1,1,FALSE,3459
32,80,"Cingulum_Ant_R","Heschl_R",0.0909090909090909,0,-0.0909090909090909,0.0909090909090909,0.0568464374517706,1,1,FALSE,126
33,80,"Cingulum_Mid_L","Heschl_R",0.254545454545455,0.145454545454545,-0.109090909090909,0.109090909090909,0.232935493483811,1,1,FALSE,490
34,80,"Cingulum_Mid_R","Heschl_R",0.309090909090909,0.0545454545454545,-0.254545454545455,0.254545454545455,0.000919618516639372,1,1,FALSE,3
35,80,"Cingulum_Post_L","Heschl_R",0,0,0,0,1,1,1,FALSE,5439
36,80,"Cingulum_Post_R","Heschl_R",0,0,0,0,1,1,1,FALSE,5477
37,80,"Hippocampus_L","Heschl_R",0.109090909090909,0.0909090909090909,-0.0181818181818182,0.0181818181818182,1,1,1,FALSE,4160
38,80,"Hippocampus_R","Heschl_R",0.0363636363636364,0.0727272727272727,0.0363636363636364,0.0363636363636364,0.678654107617496,1,1,FALSE,1988
39,80,"ParaHippocampal_L","Heschl_R",0.0545454545454545,0.0181818181818182,-0.0363636363636364,0.0363636363636364,0.618022807167967,1,1,FALSE,1801
40,80,"ParaHippocampal_R","Heschl_R",0.0545454545454545,0.0181818181818182,-0.0363636363636364,0.0363636363636364,0.618022807167967,1,1,FALSE,1803
41,80,"Amygdala_L","Heschl_R",0.0727272727272727,0.0363636363636364,-0.0363636363636364,0.0363636363636364,0.678654107617496,1,1,FALSE,1990
42,80,"Amygdala_R","Heschl_R",0.0909090909090909,0.0363636363636364,-0.0545454545454545,0.0545454545454545,0.437644688330618,1,1,FALSE,1081
43,80,"Calcarine_L","Heschl_R",0.0363636363636364,0,-0.0363636363636364,0.0363636363636364,0.495412844036697,1,1,FALSE,1375
44,80,"Calcarine_R","Heschl_R",0.0181818181818182,0,-0.0181818181818182,0.0181818181818182,1,1,1,FALSE,3652
45,80,"Cuneus_L","Heschl_R",0,0,0,0,1,1,1,FALSE,5671
46,80,"Cuneus_R","Heschl_R",0,0,0,0,1,1,1,FALSE,5692
47,80,"Lingual_L","Heschl_R",0.109090909090909,0,-0.109090909090909,0.109090909090909,0.0270697321198908,1,1,FALSE,62
48,80,"Lingual_R","Heschl_R",0.0181818181818182,0.0181818181818182,0,0,1,1,1,FALSE,5729
49,80,"Occipital_Sup_L","Heschl_R",0,0,0,0,1,1,1,FALSE,5745
50,80,"Occipital_Sup_R","Heschl_R",0,0,0,0,1,1,1,FALSE,5766
51,80,"Occipital_Mid_L","Heschl_R",0.0181818181818182,0,-0.0181818181818182,0.0181818181818182,1,1,1,FALSE,3727
52,80,"Occipital_Mid_R","Heschl_R",0,0,0,0,1,1,1,FALSE,5800
53,80,"Occipital_Inf_L","Heschl_R",0.0545454545454545,0,-0.0545454545454545,0.0545454545454545,0.243119266055046,1,1,FALSE,590
54,80,"Occipital_Inf_R","Heschl_R",0.0363636363636364,0,-0.0363636363636364,0.0363636363636364,0.495412844036697,1,1,FALSE,1408
55,80,"Fusiform_L","Heschl_R",0.0545454545454545,0,-0.0545454545454545,0.0545454545454545,0.243119266055046,1,1,FALSE,592
56,80,"Fusiform_R","Heschl_R",0.0545454545454545,0.0545454545454545,0,0,1,1,1,FALSE,5866
57,80,"Postcentral_L","Heschl_R",0.363636363636364,0.163636363636364,-0.2,0.2,0.0294583401777855,1,1,FALSE,72
58,80,"Postcentral_R","Heschl_R",0.436363636363636,0.418181818181818,-0.0181818181818182,0.0181818181818182,1,1,1,FALSE,2785
59,80,"Parietal_Sup_L","Heschl_R",0.0181818181818182,0,-0.0181818181818182,0.0181818181818182,1,1,1,FALSE,3828
60,80,"Parietal_Sup_R","Heschl_R",0.0181818181818182,0.0181818181818182,0,0,1,1,1,FALSE,5925
61,80,"Parietal_Inf_L","Heschl_R",0.0181818181818182,0.0181818181818182,0,0,1,1,1,FALSE,5942
62,80,"Parietal_Inf_R","Heschl_R",0,0.0545454545454545,0.0545454545454545,0.0545454545454545,0.243119266055046,1,1,FALSE,599
63,80,"SupraMarginal_L","Heschl_R",0.272727272727273,0.2,-0.0727272727272727,0.0727272727272727,0.50129166376757,1,1,FALSE,1494
64,80,"SupraMarginal_R","Heschl_R",0.381818181818182,0.436363636363636,0.0545454545454545,0.0545454545454545,0.698354095491981,1,1,FALSE,2049
65,80,"Angular_L","Heschl_R",0,0,0,0,1,1,1,FALSE,6039
66,80,"Angular_R","Heschl_R",0.0181818181818182,0.0181818181818182,0,0,1,1,1,FALSE,6066
67,80,"Precuneus_L","Heschl_R",0.0727272727272727,0,-0.0727272727272727,0.0727272727272727,0.118151419017406,1,1,FALSE,273
68,80,"Precuneus_R","Heschl_R",0,0,0,0,1,1,1,FALSE,6103
69,80,"Paracentral_Lobule_L","Heschl_R",0.0545454545454545,0.0363636363636364,-0.0181818181818182,0.0181818181818182,1,1,1,FALSE,3925
70,80,"Paracentral_Lobule_R","Heschl_R",0.127272727272727,0.163636363636364,0.0363636363636364,0.0363636363636364,0.78764473423299,1,1,FALSE,2276
71,80,"Caudate_L","Heschl_R",0,0,0,0,1,1,1,FALSE,6136
72,80,"Caudate_R","Heschl_R",0,0.0181818181818182,0.0181818181818182,0.0181818181818182,1,1,1,FALSE,3952
73,80,"Putamen_L","Heschl_R",0.4,0.272727272727273,-0.127272727272727,0.127272727272727,0.225749365202591,1,1,FALSE,485
74,80,"Putamen_R","Heschl_R",0.2,0.254545454545455,0.0545454545454545,0.0545454545454545,0.649667697687963,1,1,FALSE,1898
75,80,"Pallidum_L","Heschl_R",0.127272727272727,0.2,0.0727272727272728,0.0727272727272728,0.440163525159517,1,1,FALSE,1114
76,80,"Pallidum_R","Heschl_R",0,0.0181818181818182,0.0181818181818182,0.0181818181818182,1,1,1,FALSE,3995
77,80,"Thalamus_L","Heschl_R",0.181818181818182,0.218181818181818,0.0363636363636363,0.0363636363636363,0.812066798143123,1,1,FALSE,2320
78,80,"Thalamus_R","Heschl_R",0.0181818181818182,0.127272727272727,0.109090909090909,0.109090909090909,0.0604267582571721,1,1,FALSE,154
79,80,"Heschl_L","Heschl_R",0.672727272727273,0.581818181818182,-0.0909090909090909,0.0909090909090909,0.430456970302363,1,1,FALSE,1042
1,81,"Precentral_L","Temporal_Sup_L",0.218181818181818,0.236363636363636,0.0181818181818182,0.0181818181818182,1,1,1,FALSE,2665
2,81,"Precentral_R","Temporal_Sup_L",0.290909090909091,0.272727272727273,-0.0181818181818182,0.0181818181818182,1,1,1,FALSE,2443
3,81,"Frontal_Sup_L","Temporal_Sup_L",0.0363636363636364,0,-0.0363636363636364,0.0363636363636364,0.495412844036697,1,1,FALSE,1210
4,81,"Frontal_Sup_R","Temporal_Sup_L",0.0181818181818182,0,-0.0181818181818182,0.0181818181818182,1,1,1,FALSE,2884
5,81,"Frontal_Sup_Orb_L","Temporal_Sup_L",0,0,0,0,1,1,1,FALSE,4351
6,81,"Frontal_Sup_Orb_R","Temporal_Sup_L",0,0,0,0,1,1,1,FALSE,4405
7,81,"Frontal_Mid_L","Temporal_Sup_L",0.0181818181818182,0,-0.0181818181818182,0.0181818181818182,1,1,1,FALSE,2950
8,81,"Frontal_Mid_R","Temporal_Sup_L",0.0181818181818182,0,-0.0181818181818182,0.0181818181818182,1,1,1,FALSE,2970
9,81,"Frontal_Mid_Orb_L","Temporal_Sup_L",0,0,0,0,1,1,1,FALSE,4546
10,81,"Frontal_Mid_Orb_R","Temporal_Sup_L",0,0,0,0,1,1,1,FALSE,4610
11,81,"Frontal_Inf_Oper_L","Temporal_Sup_L",0.109090909090909,0.109090909090909,0,0,1,1,1,FALSE,4654
12,81,"Frontal_Inf_Oper_R","Temporal_Sup_L",0.0727272727272727,0.0909090909090909,0.0181818181818182,0.0181818181818182,1,1,1,FALSE,2693
13,81,"Frontal_Inf_Tri_L","Temporal_Sup_L",0.0181818181818182,0.0363636363636364,0.0181818181818182,0.0181818181818182,1,1,1,FALSE,3087
14,81,"Frontal_Inf_Tri_R","Temporal_Sup_L",0.0545454545454545,0.109090909090909,0.0545454545454545,0.0545454545454545,0.488966435220834,1,1,FALSE,1163
15,81,"Frontal_Inf_Orb_L","Temporal_Sup_L",0.0363636363636364,0.0363636363636364,0,0,1,1,1,FALSE,4801
16,81,"Frontal_Inf_Orb_R","Temporal_Sup_L",0.0181818181818182,0.0545454545454545,0.0363636363636364,0.0363636363636364,0.618022807167967,1,1,FALSE,1737
17,81,"Rolandic_Oper_L","Temporal_Sup_L",0.927272727272727,0.981818181818182,0.0545454545454546,0.0545454545454546,0.363371345279945,1,1,FALSE,888
18,81,"Rolandic_Oper_R","Temporal_Sup_L",0.890909090909091,0.836363636363636,-0.0545454545454546,0.0545454545454546,0.579713536502793,1,1,FALSE,1651
19,81,"Supp_Motor_Area_L","Temporal_Sup_L",0.0363636363636364,0.0545454545454545,0.0181818181818182,0.0181818181818182,1,1,1,FALSE,3228
20,81,"Supp_Motor_Area_R","Temporal_Sup_L",0.527272727272727,0.509090909090909,-0.0181818181818182,0.0181818181818182,1,1,1,FALSE,2480
21,81,"Olfactory_L","Temporal_Sup_L",0.0545454545454545,0,-0.0545454545454545,0.0545454545454545,0.243119266055046,1,1,FALSE,553
22,81,"Olfactory_R","Temporal_Sup_L",0.0727272727272727,0,-0.0727272727272727,0.0727272727272727,0.118151419017406,1,1,FALSE,249
23,81,"Frontal_Sup_Medial_L","Temporal_Sup_L",0.0181818181818182,0,-0.0181818181818182,0.0181818181818182,1,1,1,FALSE,3306
24,81,"Frontal_Sup_Medial_R","Temporal_Sup_L",0.0545454545454545,0,-0.0545454545454545,0.0545454545454545,0.243119266055046,1,1,FALSE,556
25,81,"Frontal_Med_Orb_L","Temporal_Sup_L",0,0.0181818181818182,0.0181818181818182,0.0181818181818182,1,1,1,FALSE,3340
26,81,"Frontal_Med_Orb_R","Temporal_Sup_L",0.0545454545454545,0.0181818181818182,-0.0363636363636364,0.0363636363636364,0.618022807167967,1,1,FALSE,1766
27,81,"Rectus_L","Temporal_Sup_L",0,0,0,0,1,1,1,FALSE,5205
28,81,"Rectus_R","Temporal_Sup_L",0.0181818181818182,0,-0.0181818181818182,0.0181818181818182,1,1,1,FALSE,3399
29,81,"Insula_L","Temporal_Sup_L",0.763636363636364,0.818181818181818,0.0545454545454546,0.0545454545454546,0.639794696440987,1,1,FALSE,1881
30,81,"Insula_R","Temporal_Sup_L",0.618181818181818,0.581818181818182,-0.0363636363636364,0.0363636363636364,0.84582542658479,1,1,FALSE,2409
31,81,"Cingulum_Ant_L","Temporal_Sup_L",0.0545454545454545,0.0181818181818182,-0.0363636363636364,0.0363636363636364,0.618022807167967,1,1,FALSE,1785
32,81,"Cingulum_Ant_R","Temporal_Sup_L",0.163636363636364,0.0545454545454545,-0.109090909090909,0.109090909090909,0.123540893849592,1,1,FALSE,296
33,81,"Cingulum_Mid_L","Temporal_Sup_L",0.4,0.327272727272727,-0.0727272727272728,0.0727272727272728,0.552383268414994,1,1,FALSE,1576
34,81,"Cingulum_Mid_R","Temporal_Sup_L",0.454545454545455,0.236363636363636,-0.218181818181818,0.218181818181818,0.0267657956869872,1,1,FALSE,55
35,81,"Cingulum_Post_L","Temporal_Sup_L",0,0,0,0,1,1,1,FALSE,5440
36,81,"Cingulum_Post_R","Temporal_Sup_L",0,0.0181818181818182,0.0181818181818182,0.0181818181818182,1,1,1,FALSE,3535
37,81,"Hippocampus_L","Temporal_Sup_L",0.363636363636364,0.381818181818182,0.0181818181818182,0.0181818181818182,1,1,1,FALSE,2583
38,81,"Hippocampus_R","Temporal_Sup_L",0.218181818181818,0.163636363636364,-0.0545454545454545,0.0545454545454545,0.628309889660844,1,1,FALSE,1876
39,81,"ParaHippocampal_L","Temporal_Sup_L",0.109090909090909,0.0545454545454545,-0.0545454545454545,0.0545454545454545,0.488966435220834,1,1,FALSE,1176
40,81,"ParaHippocampal_R","Temporal_Sup_L",0.109090909090909,0.0363636363636364,-0.0727272727272727,0.0727272727272727,0.270576022922045,1,1,FALSE,700
41,81,"Amygdala_L","Temporal_Sup_L",0.181818181818182,0.290909090909091,0.109090909090909,0.109090909090909,0.261641887768875,1,1,FALSE,664
42,81,"Amygdala_R","Temporal_Sup_L",0.309090909090909,0.236363636363636,-0.0727272727272727,0.0727272727272727,0.521131413238452,1,1,FALSE,1508
43,81,"Calcarine_L","Temporal_Sup_L",0.0909090909090909,0.0727272727272727,-0.0181818181818182,0.0181818181818182,1,1,1,FALSE,2753
44,81,"Calcarine_R","Temporal_Sup_L",0.127272727272727,0.0545454545454545,-0.0727272727272727,0.0727272727272727,0.320308493049491,1,1,FALSE,791
45,81,"Cuneus_L","Temporal_Sup_L",0.127272727272727,0.0181818181818182,-0.109090909090909,0.109090909090909,0.0604267582571721,1,1,FALSE,151
46,81,"Cuneus_R","Temporal_Sup_L",0.0727272727272727,0.0181818181818182,-0.0545454545454545,0.0545454545454545,0.363371345279945,1,1,FALSE,947
47,81,"Lingual_L","Temporal_Sup_L",0.254545454545455,0.109090909090909,-0.145454545454545,0.145454545454545,0.0818260667672139,1,1,FALSE,172
48,81,"Lingual_R","Temporal_Sup_L",0.2,0.218181818181818,0.0181818181818182,0.0181818181818182,1,1,1,FALSE,4199
49,81,"Occipital_Sup_L","Temporal_Sup_L",0.0545454545454545,0,-0.0545454545454545,0.0545454545454545,0.243119266055046,1,1,FALSE,583
50,81,"Occipital_Sup_R","Temporal_Sup_L",0.109090909090909,0.0181818181818182,-0.0909090909090909,0.0909090909090909,0.11296407442339,1,1,FALSE,222
51,81,"Occipital_Mid_L","Temporal_Sup_L",0.109090909090909,0.0727272727272727,-0.0363636363636364,0.0363636363636364,0.741953348477847,1,1,FALSE,2171
52,81,"Occipital_Mid_R","Temporal_Sup_L",0.0545454545454545,0,-0.0545454545454545,0.0545454545454545,0.243119266055046,1,1,FALSE,586
53,81,"Occipital_Inf_L","Temporal_Sup_L",0.0909090909090909,0.0727272727272727,-0.0181818181818182,0.0181818181818182,1,1,1,FALSE,2774
54,81,"Occipital_Inf_R","Temporal_Sup_L",0.0363636363636364,0.0363636363636364,0,0,1,1,1,FALSE,5834
55,81,"Fusiform_L","Temporal_Sup_L",0.145454545454545,0.0909090909090909,-0.0545454545454545,0.0545454545454545,0.556268985477779,1,1,FALSE,1601
56,81,"Fusiform_R","Temporal_Sup_L",0.309090909090909,0.127272727272727,-0.181818181818182,0.181818181818182,0.0363405540067152,1,1,FALSE,87
57,81,"Postcentral_L","Temporal_Sup_L",0.6,0.472727272727273,-0.127272727272727,0.127272727272727,0.251209766558032,1,1,FALSE,654
58,81,"Postcentral_R","Temporal_Sup_L",0.563636363636364,0.490909090909091,-0.0727272727272727,0.0727272727272727,0.566911675700932,1,1,FALSE,1640
59,81,"Parietal_Sup_L","Temporal_Sup_L",0.109090909090909,0.0363636363636364,-0.0727272727272727,0.0727272727272727,0.270576022922045,1,1,FALSE,706
60,81,"Parietal_Sup_R","Temporal_Sup_L",0.145454545454545,0.0545454545454545,-0.0909090909090909,0.0909090909090909,0.202247933529552,1,1,FALSE,427
61,81,"Parietal_Inf_L","Temporal_Sup_L",0.0545454545454545,0.0545454545454545,0,0,1,1,1,FALSE,5943
62,81,"Parietal_Inf_R","Temporal_Sup_L",0.0181818181818182,0.0363636363636364,0.0181818181818182,0.0181818181818182,1,1,1,FALSE,3858
63,81,"SupraMarginal_L","Temporal_Sup_L",0.654545454545455,0.727272727272727,0.0727272727272728,0.0727272727272728,0.536292874311636,1,1,FALSE,1565
64,81,"SupraMarginal_R","Temporal_Sup_L",0.509090909090909,0.545454545454545,0.0363636363636364,0.0363636363636364,0.848661974684105,1,1,FALSE,2434
65,81,"Angular_L","Temporal_Sup_L",0,0.0181818181818182,0.0181818181818182,0.0181818181818182,1,1,1,FALSE,3887
66,81,"Angular_R","Temporal_Sup_L",0,0,0,0,1,1,1,FALSE,6067
67,81,"Precuneus_L","Temporal_Sup_L",0.163636363636364,0.0545454545454545,-0.109090909090909,0.109090909090909,0.123540893849592,1,1,FALSE,303
68,81,"Precuneus_R","Temporal_Sup_L",0.0363636363636364,0.0181818181818182,-0.0181818181818182,0.0181818181818182,1,1,1,FALSE,3914
69,81,"Paracentral_Lobule_L","Temporal_Sup_L",0.254545454545455,0.163636363636364,-0.0909090909090909,0.0909090909090909,0.34855177578558,1,1,FALSE,850
70,81,"Paracentral_Lobule_R","Temporal_Sup_L",0.290909090909091,0.327272727272727,0.0363636363636364,0.0363636363636364,0.836749046021449,1,1,FALSE,2379
71,81,"Caudate_L","Temporal_Sup_L",0.0181818181818182,0.0181818181818182,0,0,1,1,1,FALSE,6137
72,81,"Caudate_R","Temporal_Sup_L",0,0,0,0,1,1,1,FALSE,6157
73,81,"Putamen_L","Temporal_Sup_L",0.636363636363636,0.672727272727273,0.0363636363636364,0.0363636363636364,0.841254805481841,1,1,FALSE,2388
74,81,"Putamen_R","Temporal_Sup_L",0.218181818181818,0.345454545454545,0.127272727272727,0.127272727272727,0.20314538994466,1,1,FALSE,433
75,81,"Pallidum_L","Temporal_Sup_L",0.181818181818182,0.290909090909091,0.109090909090909,0.109090909090909,0.261641887768875,1,1,FALSE,666
76,81,"Pallidum_R","Temporal_Sup_L",0,0,0,0,1,1,1,FALSE,6220
77,81,"Thalamus_L","Temporal_Sup_L",0.163636363636364,0.345454545454545,0.181818181818182,0.181818181818182,0.0477234661740098,1,1,FALSE,98
78,81,"Thalamus_R","Temporal_Sup_L",0.0545454545454545,0.2,0.145454545454545,0.145454545454545,0.0421832390876274,1,1,FALSE,97
79,81,"Heschl_L","Temporal_Sup_L",0.890909090909091,0.981818181818182,0.0909090909090909,0.0909090909090909,0.11296407442339,1,1,FALSE,213
80,81,"Heschl_R","Temporal_Sup_L",0.709090909090909,0.672727272727273,-0.0363636363636364,0.0363636363636364,0.836749046021449,1,1,FALSE,2373
1,82,"Precentral_L","Temporal_Sup_R",0.218181818181818,0.236363636363636,0.0181818181818182,0.0181818181818182,1,1,1,FALSE,2666
2,82,"Precentral_R","Temporal_Sup_R",0.290909090909091,0.218181818181818,-0.0727272727272727,0.0727272727272727,0.511878601663095,1,1,FALSE,1496
3,82,"Frontal_Sup_L","Temporal_Sup_R",0.0181818181818182,0,-0.0181818181818182,0.0181818181818182,1,1,1,FALSE,2864
4,82,"Frontal_Sup_R","Temporal_Sup_R",0,0,0,0,1,1,1,FALSE,4311
5,82,"Frontal_Sup_Orb_L","Temporal_Sup_R",0.0363636363636364,0,-0.0363636363636364,0.0363636363636364,0.495412844036697,1,1,FALSE,1224
6,82,"Frontal_Sup_Orb_R","Temporal_Sup_R",0,0,0,0,1,1,1,FALSE,4406
7,82,"Frontal_Mid_L","Temporal_Sup_R",0,0,0,0,1,1,1,FALSE,4455
8,82,"Frontal_Mid_R","Temporal_Sup_R",0.0181818181818182,0,-0.0181818181818182,0.0181818181818182,1,1,1,FALSE,2971
9,82,"Frontal_Mid_Orb_L","Temporal_Sup_R",0,0,0,0,1,1,1,FALSE,4547
10,82,"Frontal_Mid_Orb_R","Temporal_Sup_R",0,0,0,0,1,1,1,FALSE,4611
11,82,"Frontal_Inf_Oper_L","Temporal_Sup_R",0.0909090909090909,0.109090909090909,0.0181818181818182,0.0181818181818182,1,1,1,FALSE,4145
12,82,"Frontal_Inf_Oper_R","Temporal_Sup_R",0.0727272727272727,0.109090909090909,0.0363636363636364,0.0363636363636364,0.741953348477847,1,1,FALSE,2148
13,82,"Frontal_Inf_Tri_L","Temporal_Sup_R",0.0363636363636364,0.0545454545454545,0.0181818181818182,0.0181818181818182,1,1,1,FALSE,3088
14,82,"Frontal_Inf_Tri_R","Temporal_Sup_R",0.0909090909090909,0.0909090909090909,0,0,1,1,1,FALSE,2625
15,82,"Frontal_Inf_Orb_L","Temporal_Sup_R",0.0181818181818182,0.0363636363636364,0.0181818181818182,0.0181818181818182,1,1,1,FALSE,3140
16,82,"Frontal_Inf_Orb_R","Temporal_Sup_R",0.0181818181818182,0.0363636363636364,0.0181818181818182,0.0181818181818182,1,1,1,FALSE,3173
17,82,"Rolandic_Oper_L","Temporal_Sup_R",0.909090909090909,0.927272727272727,0.0181818181818182,0.0181818181818182,1,1,1,FALSE,2703
18,82,"Rolandic_Oper_R","Temporal_Sup_R",0.963636363636364,0.963636363636364,0,0,1,1,1,FALSE,4912
19,82,"Supp_Motor_Area_L","Temporal_Sup_R",0.0545454545454545,0.0545454545454545,0,0,1,1,1,FALSE,4951
20,82,"Supp_Motor_Area_R","Temporal_Sup_R",0.545454545454545,0.4,-0.145454545454545,0.145454545454545,0.181032859657516,1,1,FALSE,386
21,82,"Olfactory_L","Temporal_Sup_R",0.0363636363636364,0.0181818181818182,-0.0181818181818182,0.0181818181818182,1,1,1,FALSE,3255
22,82,"Olfactory_R","Temporal_Sup_R",0.0545454545454545,0.0181818181818182,-0.0363636363636364,0.0363636363636364,0.618022807167967,1,1,FALSE,1755
23,82,"Frontal_Sup_Medial_L","Temporal_Sup_R",0,0,0,0,1,1,1,FALSE,5081
24,82,"Frontal_Sup_Medial_R","Temporal_Sup_R",0.0181818181818182,0,-0.0181818181818182,0.0181818181818182,1,1,1,FALSE,3325
25,82,"Frontal_Med_Orb_L","Temporal_Sup_R",0,0,0,0,1,1,1,FALSE,5141
26,82,"Frontal_Med_Orb_R","Temporal_Sup_R",0.0181818181818182,0,-0.0181818181818182,0.0181818181818182,1,1,1,FALSE,3355
27,82,"Rectus_L","Temporal_Sup_R",0.0181818181818182,0.0181818181818182,0,0,1,1,1,FALSE,5206
28,82,"Rectus_R","Temporal_Sup_R",0,0,0,0,1,1,1,FALSE,5247
29,82,"Insula_L","Temporal_Sup_R",0.781818181818182,0.818181818181818,0.0363636363636364,0.0363636363636364,0.812066798143123,1,1,FALSE,2321
30,82,"Insula_R","Temporal_Sup_R",0.672727272727273,0.745454545454545,0.0727272727272728,0.0727272727272728,0.529223317330229,1,1,FALSE,1550
31,82,"Cingulum_Ant_L","Temporal_Sup_R",0.0363636363636364,0.0181818181818182,-0.0181818181818182,0.0181818181818182,1,1,1,FALSE,3460
32,82,"Cingulum_Ant_R","Temporal_Sup_R",0.163636363636364,0.0727272727272727,-0.0909090909090909,0.0909090909090909,0.236782655021779,1,1,FALSE,505
33,82,"Cingulum_Mid_L","Temporal_Sup_R",0.418181818181818,0.272727272727273,-0.145454545454545,0.145454545454545,0.160033601442206,1,1,FALSE,348
34,82,"Cingulum_Mid_R","Temporal_Sup_R",0.4,0.490909090909091,0.0909090909090909,0.0909090909090909,0.44304703086807,1,1,FALSE,1126
35,82,"Cingulum_Post_L","Temporal_Sup_R",0,0,0,0,1,1,1,FALSE,5441
36,82,"Cingulum_Post_R","Temporal_Sup_R",0,0,0,0,1,1,1,FALSE,5478
37,82,"Hippocampus_L","Temporal_Sup_R",0.454545454545455,0.418181818181818,-0.0363636363636364,0.0363636363636364,0.847666976673362,1,1,FALSE,2420
38,82,"Hippocampus_R","Temporal_Sup_R",0.218181818181818,0.218181818181818,0,0,1,1,1,FALSE,5508
39,82,"ParaHippocampal_L","Temporal_Sup_R",0.163636363636364,0.0545454545454545,-0.109090909090909,0.109090909090909,0.123540893849592,1,1,FALSE,297
40,82,"ParaHippocampal_R","Temporal_Sup_R",0.127272727272727,0.0727272727272727,-0.0545454545454545,0.0545454545454545,0.526914472209385,1,1,FALSE,1533
41,82,"Amygdala_L","Temporal_Sup_R",0.236363636363636,0.327272727272727,0.0909090909090909,0.0909090909090909,0.396830775384208,1,1,FALSE,1007
42,82,"Amygdala_R","Temporal_Sup_R",0.436363636363636,0.218181818181818,-0.218181818181818,0.218181818181818,0.0247147089673444,1,1,FALSE,54
43,82,"Calcarine_L","Temporal_Sup_R",0.0727272727272727,0.0545454545454545,-0.0181818181818182,0.0181818181818182,1,1,1,FALSE,3641
44,82,"Calcarine_R","Temporal_Sup_R",0.145454545454545,0.0545454545454545,-0.0909090909090909,0.0909090909090909,0.202247933529552,1,1,FALSE,423
45,82,"Cuneus_L","Temporal_Sup_R",0.109090909090909,0.0363636363636364,-0.0727272727272727,0.0727272727272727,0.270576022922045,1,1,FALSE,702
46,82,"Cuneus_R","Temporal_Sup_R",0.0545454545454545,0.0181818181818182,-0.0363636363636364,0.0363636363636364,0.618022807167967,1,1,FALSE,1811
47,82,"Lingual_L","Temporal_Sup_R",0.327272727272727,0.127272727272727,-0.2,0.2,0.0217088378032797,1,1,FALSE,48
48,82,"Lingual_R","Temporal_Sup_R",0.181818181818182,0.2,0.0181818181818182,0.0181818181818182,1,1,1,FALSE,2593
49,82,"Occipital_Sup_L","Temporal_Sup_R",0.0181818181818182,0,-0.0181818181818182,0.0181818181818182,1,1,1,FALSE,3709
50,82,"Occipital_Sup_R","Temporal_Sup_R",0.0909090909090909,0.0181818181818182,-0.0727272727272727,0.0727272727272727,0.20572996411117,1,1,FALSE,457
51,82,"Occipital_Mid_L","Temporal_Sup_R",0.0909090909090909,0.0181818181818182,-0.0727272727272727,0.0727272727272727,0.20572996411117,1,1,FALSE,458
52,82,"Occipital_Mid_R","Temporal_Sup_R",0.0545454545454545,0,-0.0545454545454545,0.0545454545454545,0.243119266055046,1,1,FALSE,587
53,82,"Occipital_Inf_L","Temporal_Sup_R",0.0909090909090909,0.0363636363636364,-0.0545454545454545,0.0545454545454545,0.437644688330618,1,1,FALSE,1086
54,82,"Occipital_Inf_R","Temporal_Sup_R",0.0909090909090909,0.0363636363636364,-0.0545454545454545,0.0545454545454545,0.437644688330618,1,1,FALSE,1087
55,82,"Fusiform_L","Temporal_Sup_R",0.163636363636364,0.0545454545454545,-0.109090909090909,0.109090909090909,0.123540893849592,1,1,FALSE,301
56,82,"Fusiform_R","Temporal_Sup_R",0.290909090909091,0.163636363636364,-0.127272727272727,0.127272727272727,0.171517185683897,1,1,FALSE,372
57,82,"Postcentral_L","Temporal_Sup_R",0.527272727272727,0.345454545454545,-0.181818181818182,0.181818181818182,0.0830904117548648,1,1,FALSE,182
58,82,"Postcentral_R","Temporal_Sup_R",0.654545454545455,0.527272727272727,-0.127272727272727,0.127272727272727,0.244489387093407,1,1,FALSE,637
59,82,"Parietal_Sup_L","Temporal_Sup_R",0.0909090909090909,0.0363636363636364,-0.0545454545454545,0.0545454545454545,0.437644688330618,1,1,FALSE,1094
60,82,"Parietal_Sup_R","Temporal_Sup_R",0.0727272727272727,0.0363636363636364,-0.0363636363636364,0.0363636363636364,0.678654107617496,1,1,FALSE,2003
61,82,"Parietal_Inf_L","Temporal_Sup_R",0.0545454545454545,0.0727272727272727,0.0181818181818182,0.0181818181818182,1,1,1,FALSE,3846
62,82,"Parietal_Inf_R","Temporal_Sup_R",0,0,0,0,1,1,1,FALSE,5965
63,82,"SupraMarginal_L","Temporal_Sup_R",0.618181818181818,0.545454545454545,-0.0727272727272728,0.0727272727272728,0.562226712944774,1,1,FALSE,1620
64,82,"SupraMarginal_R","Temporal_Sup_R",0.581818181818182,0.581818181818182,0,0,1,1,1,FALSE,6013
65,82,"Angular_L","Temporal_Sup_R",0.0181818181818182,0,-0.0181818181818182,0.0181818181818182,1,1,1,FALSE,3888
66,82,"Angular_R","Temporal_Sup_R",0,0,0,0,1,1,1,FALSE,6068
67,82,"Precuneus_L","Temporal_Sup_R",0.0727272727272727,0.0363636363636364,-0.0363636363636364,0.0363636363636364,0.678654107617496,1,1,FALSE,2008
68,82,"Precuneus_R","Temporal_Sup_R",0,0,0,0,1,1,1,FALSE,6104
69,82,"Paracentral_Lobule_L","Temporal_Sup_R",0.181818181818182,0.163636363636364,-0.0181818181818182,0.0181818181818182,1,1,1,FALSE,2799
70,82,"Paracentral_Lobule_R","Temporal_Sup_R",0.272727272727273,0.2,-0.0727272727272727,0.0727272727272727,0.50129166376757,1,1,FALSE,1495
71,82,"Caudate_L","Temporal_Sup_R",0.0545454545454545,0.0363636363636364,-0.0181818181818182,0.0181818181818182,1,1,1,FALSE,3943
72,82,"Caudate_R","Temporal_Sup_R",0,0.0181818181818182,0.0181818181818182,0.0181818181818182,1,1,1,FALSE,3953
73,82,"Putamen_L","Temporal_Sup_R",0.763636363636364,0.781818181818182,0.0181818181818182,0.0181818181818182,1,1,1,FALSE,2803
74,82,"Putamen_R","Temporal_Sup_R",0.309090909090909,0.418181818181818,0.109090909090909,0.109090909090909,0.321711893607314,1,1,FALSE,809
75,82,"Pallidum_L","Temporal_Sup_R",0.2,0.327272727272727,0.127272727272727,0.127272727272727,0.193700866273564,1,1,FALSE,400
76,82,"Pallidum_R","Temporal_Sup_R",0,0.0181818181818182,0.0181818181818182,0.0181818181818182,1,1,1,FALSE,3996
77,82,"Thalamus_L","Temporal_Sup_R",0.181818181818182,0.345454545454545,0.163636363636364,0.163636363636364,0.0824272055668361,1,1,FALSE,177
78,82,"Thalamus_R","Temporal_Sup_R",0.0727272727272727,0.218181818181818,0.145454545454545,0.145454545454545,0.0558229326285744,1,1,FALSE,115
79,82,"Heschl_L","Temporal_Sup_R",0.836363636363636,0.836363636363636,0,0,1,1,1,FALSE,2463
80,82,"Heschl_R","Temporal_Sup_R",0.872727272727273,0.836363636363636,-0.0363636363636364,0.0363636363636364,0.78764473423299,1,1,FALSE,2278
81,82,"Temporal_Sup_L","Temporal_Sup_R",0.981818181818182,1,0.0181818181818182,0.0181818181818182,1,1,1,FALSE,2809
1,83,"Precentral_L","Temporal_Pole_Sup_L",0.145454545454545,0.127272727272727,-0.0181818181818182,0.0181818181818182,1,1,1,FALSE,2667
2,83,"Precentral_R","Temporal_Pole_Sup_L",0.0727272727272727,0,-0.0727272727272727,0.0727272727272727,0.118151419017406,1,1,FALSE,233
3,83,"Frontal_Sup_L","Temporal_Pole_Sup_L",0.0363636363636364,0.145454545454545,0.109090909090909,0.109090909090909,0.0932689555111464,1,1,FALSE,195
4,83,"Frontal_Sup_R","Temporal_Pole_Sup_L",0.109090909090909,0.0545454545454545,-0.0545454545454545,0.0545454545454545,0.488966435220834,1,1,FALSE,1160
5,83,"Frontal_Sup_Orb_L","Temporal_Pole_Sup_L",0.0181818181818182,0.0181818181818182,0,0,1,1,1,FALSE,4352
6,83,"Frontal_Sup_Orb_R","Temporal_Pole_Sup_L",0,0,0,0,1,1,1,FALSE,4407
7,83,"Frontal_Mid_L","Temporal_Pole_Sup_L",0.0727272727272727,0.0363636363636364,-0.0363636363636364,0.0363636363636364,0.678654107617496,1,1,FALSE,1944
8,83,"Frontal_Mid_R","Temporal_Pole_Sup_L",0,0.0181818181818182,0.0181818181818182,0.0181818181818182,1,1,1,FALSE,2972
9,83,"Frontal_Mid_Orb_L","Temporal_Pole_Sup_L",0.0181818181818182,0,-0.0181818181818182,0.0181818181818182,1,1,1,FALSE,2992
10,83,"Frontal_Mid_Orb_R","Temporal_Pole_Sup_L",0,0,0,0,1,1,1,FALSE,4612
11,83,"Frontal_Inf_Oper_L","Temporal_Pole_Sup_L",0.127272727272727,0.127272727272727,0,0,1,1,1,FALSE,2540
12,83,"Frontal_Inf_Oper_R","Temporal_Pole_Sup_L",0.0181818181818182,0.0181818181818182,0,0,1,1,1,FALSE,4691
13,83,"Frontal_Inf_Tri_L","Temporal_Pole_Sup_L",0.0545454545454545,0.0545454545454545,0,0,1,1,1,FALSE,4735
14,83,"Frontal_Inf_Tri_R","Temporal_Pole_Sup_L",0.0181818181818182,0.0181818181818182,0,0,1,1,1,FALSE,4770
15,83,"Frontal_Inf_Orb_L","Temporal_Pole_Sup_L",0.290909090909091,0.418181818181818,0.127272727272727,0.127272727272727,0.231567948452208,1,1,FALSE,486
16,83,"Frontal_Inf_Orb_R","Temporal_Pole_Sup_L",0.0363636363636364,0.0181818181818182,-0.0181818181818182,0.0181818181818182,1,1,1,FALSE,3174
17,83,"Rolandic_Oper_L","Temporal_Pole_Sup_L",0.0545454545454545,0.0181818181818182,-0.0363636363636364,0.0363636363636364,0.618022807167967,1,1,FALSE,1739
18,83,"Rolandic_Oper_R","Temporal_Pole_Sup_L",0.0363636363636364,0.0545454545454545,0.0181818181818182,0.0181818181818182,1,1,1,FALSE,3205
19,83,"Supp_Motor_Area_L","Temporal_Pole_Sup_L",0.0909090909090909,0.145454545454545,0.0545454545454545,0.0545454545454545,0.556268985477779,1,1,FALSE,1588
20,83,"Supp_Motor_Area_R","Temporal_Pole_Sup_L",0.236363636363636,0.2,-0.0363636363636363,0.0363636363636363,0.817827202797741,1,1,FALSE,2330
21,83,"Olfactory_L","Temporal_Pole_Sup_L",0.0545454545454545,0.0363636363636364,-0.0181818181818182,0.0181818181818182,1,1,1,FALSE,3256
22,83,"Olfactory_R","Temporal_Pole_Sup_L",0.0363636363636364,0.0727272727272727,0.0363636363636364,0.0363636363636364,0.678654107617496,1,1,FALSE,1966
23,83,"Frontal_Sup_Medial_L","Temporal_Pole_Sup_L",0.145454545454545,0.163636363636364,0.0181818181818182,0.0181818181818182,1,1,1,FALSE,2483
24,83,"Frontal_Sup_Medial_R","Temporal_Pole_Sup_L",0.272727272727273,0.145454545454545,-0.127272727272727,0.127272727272727,0.158610740575531,1,1,FALSE,343
25,83,"Frontal_Med_Orb_L","Temporal_Pole_Sup_L",0.145454545454545,0.0545454545454545,-0.0909090909090909,0.0909090909090909,0.202247933529552,1,1,FALSE,416
26,83,"Frontal_Med_Orb_R","Temporal_Pole_Sup_L",0.0727272727272727,0.0727272727272727,0,0,1,1,1,FALSE,5174
27,83,"Rectus_L","Temporal_Pole_Sup_L",0.145454545454545,0.0181818181818182,-0.127272727272727,0.127272727272727,0.0315827415384641,1,1,FALSE,77
28,83,"Rectus_R","Temporal_Pole_Sup_L",0.0727272727272727,0,-0.0727272727272727,0.0727272727272727,0.118151419017406,1,1,FALSE,253
29,83,"Insula_L","Temporal_Pole_Sup_L",0.363636363636364,0.345454545454545,-0.0181818181818182,0.0181818181818182,1,1,1,FALSE,2576
30,83,"Insula_R","Temporal_Pole_Sup_L",0.0545454545454545,0.0727272727272727,0.0181818181818182,0.0181818181818182,1,1,1,FALSE,3435
31,83,"Cingulum_Ant_L","Temporal_Pole_Sup_L",0.0727272727272727,0.0727272727272727,0,0,1,1,1,FALSE,5321
32,83,"Cingulum_Ant_R","Temporal_Pole_Sup_L",0.109090909090909,0.109090909090909,0,0,1,1,1,FALSE,5348
33,83,"Cingulum_Mid_L","Temporal_Pole_Sup_L",0.0545454545454545,0.0545454545454545,0,0,1,1,1,FALSE,5379
34,83,"Cingulum_Mid_R","Temporal_Pole_Sup_L",0.181818181818182,0.145454545454545,-0.0363636363636364,0.0363636363636364,0.797285714040811,1,1,FALSE,2285
35,83,"Cingulum_Post_L","Temporal_Pole_Sup_L",0.0181818181818182,0,-0.0181818181818182,0.0181818181818182,1,1,1,FALSE,3515
36,83,"Cingulum_Post_R","Temporal_Pole_Sup_L",0,0.0545454545454545,0.0545454545454545,0.0545454545454545,0.243119266055046,1,1,FALSE,565
37,83,"Hippocampus_L","Temporal_Pole_Sup_L",0.0727272727272727,0.181818181818182,0.109090909090909,0.109090909090909,0.150781180042215,1,1,FALSE,336
38,83,"Hippocampus_R","Temporal_Pole_Sup_L",0.109090909090909,0.127272727272727,0.0181818181818182,0.0181818181818182,1,1,1,FALSE,2522
39,83,"ParaHippocampal_L","Temporal_Pole_Sup_L",0.145454545454545,0.218181818181818,0.0727272727272727,0.0727272727272727,0.459010046442181,1,1,FALSE,1145
40,83,"ParaHippocampal_R","Temporal_Pole_Sup_L",0.0909090909090909,0.145454545454545,0.0545454545454545,0.0545454545454545,0.556268985477779,1,1,FALSE,1597
41,83,"Amygdala_L","Temporal_Pole_Sup_L",0.145454545454545,0.327272727272727,0.181818181818182,0.181818181818182,0.0421502060286676,1,1,FALSE,93
42,83,"Amygdala_R","Temporal_Pole_Sup_L",0.163636363636364,0.181818181818182,0.0181818181818182,0.0181818181818182,1,1,1,FALSE,2748
43,83,"Calcarine_L","Temporal_Pole_Sup_L",0,0.0545454545454545,0.0545454545454545,0.0545454545454545,0.243119266055046,1,1,FALSE,573
44,83,"Calcarine_R","Temporal_Pole_Sup_L",0,0.0363636363636364,0.0363636363636364,0.0363636363636364,0.495412844036697,1,1,FALSE,1377
45,83,"Cuneus_L","Temporal_Pole_Sup_L",0,0.0181818181818182,0.0181818181818182,0.0181818181818182,1,1,1,FALSE,3668
46,83,"Cuneus_R","Temporal_Pole_Sup_L",0.0363636363636364,0,-0.0363636363636364,0.0363636363636364,0.495412844036697,1,1,FALSE,1381
47,83,"Lingual_L","Temporal_Pole_Sup_L",0.0363636363636364,0.0363636363636364,0,0,1,1,1,FALSE,5711
48,83,"Lingual_R","Temporal_Pole_Sup_L",0.0727272727272727,0.0727272727272727,0,0,1,1,1,FALSE,5730
49,83,"Occipital_Sup_L","Temporal_Pole_Sup_L",0.0363636363636364,0,-0.0363636363636364,0.0363636363636364,0.495412844036697,1,1,FALSE,1390
50,83,"Occipital_Sup_R","Temporal_Pole_Sup_L",0,0,0,0,1,1,1,FALSE,5767
51,83,"Occipital_Mid_L","Temporal_Pole_Sup_L",0.0727272727272727,0.0545454545454545,-0.0181818181818182,0.0181818181818182,1,1,1,FALSE,3728
52,83,"Occipital_Mid_R","Temporal_Pole_Sup_L",0.0363636363636364,0,-0.0363636363636364,0.0363636363636364,0.495412844036697,1,1,FALSE,1402
53,83,"Occipital_Inf_L","Temporal_Pole_Sup_L",0,0.0181818181818182,0.0181818181818182,0.0181818181818182,1,1,1,FALSE,3751
54,83,"Occipital_Inf_R","Temporal_Pole_Sup_L",0.0181818181818182,0,-0.0181818181818182,0.0181818181818182,1,1,1,FALSE,3771
55,83,"Fusiform_L","Temporal_Pole_Sup_L",0.109090909090909,0.163636363636364,0.0545454545454545,0.0545454545454545,0.579713536502793,1,1,FALSE,1666
56,83,"Fusiform_R","Temporal_Pole_Sup_L",0.0909090909090909,0.0909090909090909,0,0,1,1,1,FALSE,2652
57,83,"Postcentral_L","Temporal_Pole_Sup_L",0,0.0181818181818182,0.0181818181818182,0.0181818181818182,1,1,1,FALSE,3807
58,83,"Postcentral_R","Temporal_Pole_Sup_L",0.0545454545454545,0.0545454545454545,0,0,1,1,1,FALSE,5890
59,83,"Parietal_Sup_L","Temporal_Pole_Sup_L",0.0363636363636364,0.0545454545454545,0.0181818181818182,0.0181818181818182,1,1,1,FALSE,3829
60,83,"Parietal_Sup_R","Temporal_Pole_Sup_L",0.0363636363636364,0.0181818181818182,-0.0181818181818182,0.0181818181818182,1,1,1,FALSE,3836
61,83,"Parietal_Inf_L","Temporal_Pole_Sup_L",0,0.0181818181818182,0.0181818181818182,0.0181818181818182,1,1,1,FALSE,3847
62,83,"Parietal_Inf_R","Temporal_Pole_Sup_L",0,0,0,0,1,1,1,FALSE,5966
63,83,"SupraMarginal_L","Temporal_Pole_Sup_L",0.0181818181818182,0.0545454545454545,0.0363636363636364,0.0363636363636364,0.618022807167967,1,1,FALSE,1836
64,83,"SupraMarginal_R","Temporal_Pole_Sup_L",0.0181818181818182,0.0181818181818182,0,0,1,1,1,FALSE,6014
65,83,"Angular_L","Temporal_Pole_Sup_L",0.0727272727272727,0.0909090909090909,0.0181818181818182,0.0181818181818182,1,1,1,FALSE,2793
66,83,"Angular_R","Temporal_Pole_Sup_L",0,0,0,0,1,1,1,FALSE,6069
67,83,"Precuneus_L","Temporal_Pole_Sup_L",0.0727272727272727,0.0181818181818182,-0.0545454545454545,0.0545454545454545,0.363371345279945,1,1,FALSE,960
68,83,"Precuneus_R","Temporal_Pole_Sup_L",0.0545454545454545,0,-0.0545454545454545,0.0545454545454545,0.243119266055046,1,1,FALSE,606
69,83,"Paracentral_Lobule_L","Temporal_Pole_Sup_L",0.0181818181818182,0,-0.0181818181818182,0.0181818181818182,1,1,1,FALSE,3926
70,83,"Paracentral_Lobule_R","Temporal_Pole_Sup_L",0.0363636363636364,0.0181818181818182,-0.0181818181818182,0.0181818181818182,1,1,1,FALSE,3938
71,83,"Caudate_L","Temporal_Pole_Sup_L",0,0,0,0,1,1,1,FALSE,6138
72,83,"Caudate_R","Temporal_Pole_Sup_L",0,0,0,0,1,1,1,FALSE,6158
73,83,"Putamen_L","Temporal_Pole_Sup_L",0.0909090909090909,0.0909090909090909,0,0,1,1,1,FALSE,2657
74,83,"Putamen_R","Temporal_Pole_Sup_L",0.0363636363636364,0.0181818181818182,-0.0181818181818182,0.0181818181818182,1,1,1,FALSE,3978
75,83,"Pallidum_L","Temporal_Pole_Sup_L",0.0363636363636364,0.0363636363636364,0,0,1,1,1,FALSE,6199
76,83,"Pallidum_R","Temporal_Pole_Sup_L",0.0181818181818182,0,-0.0181818181818182,0.0181818181818182,1,1,1,FALSE,3997
77,83,"Thalamus_L","Temporal_Pole_Sup_L",0.0545454545454545,0.109090909090909,0.0545454545454545,0.0545454545454545,0.488966435220834,1,1,FALSE,1186
78,83,"Thalamus_R","Temporal_Pole_Sup_L",0.0363636363636364,0.0727272727272727,0.0363636363636364,0.0363636363636364,0.678654107617496,1,1,FALSE,2015
79,83,"Heschl_L","Temporal_Pole_Sup_L",0.0363636363636364,0.0181818181818182,-0.0181818181818182,0.0181818181818182,1,1,1,FALSE,4014
80,83,"Heschl_R","Temporal_Pole_Sup_L",0.0181818181818182,0,-0.0181818181818182,0.0181818181818182,1,1,1,FALSE,4019
81,83,"Temporal_Sup_L","Temporal_Pole_Sup_L",0.2,0.127272727272727,-0.0727272727272728,0.0727272727272728,0.440163525159517,1,1,FALSE,1115
82,83,"Temporal_Sup_R","Temporal_Pole_Sup_L",0.163636363636364,0.163636363636364,0,0,1,1,1,FALSE,2659
1,84,"Precentral_L","Temporal_Pole_Sup_R",0.127272727272727,0.109090909090909,-0.0181818181818182,0.0181818181818182,1,1,1,FALSE,2507
2,84,"Precentral_R","Temporal_Pole_Sup_R",0.218181818181818,0.163636363636364,-0.0545454545454545,0.0545454545454545,0.628309889660844,1,1,FALSE,1870
3,84,"Frontal_Sup_L","Temporal_Pole_Sup_R",0.0545454545454545,0.0363636363636364,-0.0181818181818182,0.0181818181818182,1,1,1,FALSE,2865
4,84,"Frontal_Sup_R","Temporal_Pole_Sup_R",0.181818181818182,0.0727272727272727,-0.109090909090909,0.109090909090909,0.150781180042215,1,1,FALSE,332
5,84,"Frontal_Sup_Orb_L","Temporal_Pole_Sup_R",0.0545454545454545,0.0363636363636364,-0.0181818181818182,0.0181818181818182,1,1,1,FALSE,2908
6,84,"Frontal_Sup_Orb_R","Temporal_Pole_Sup_R",0.0181818181818182,0,-0.0181818181818182,0.0181818181818182,1,1,1,FALSE,2932
7,84,"Frontal_Mid_L","Temporal_Pole_Sup_R",0.127272727272727,0.0363636363636364,-0.0909090909090909,0.0909090909090909,0.16138081677265,1,1,FALSE,353
8,84,"Frontal_Mid_R","Temporal_Pole_Sup_R",0.109090909090909,0.0727272727272727,-0.0363636363636364,0.0363636363636364,0.741953348477847,1,1,FALSE,2145
9,84,"Frontal_Mid_Orb_L","Temporal_Pole_Sup_R",0.0363636363636364,0.0181818181818182,-0.0181818181818182,0.0181818181818182,1,1,1,FALSE,2993
10,84,"Frontal_Mid_Orb_R","Temporal_Pole_Sup_R",0.0181818181818182,0,-0.0181818181818182,0.0181818181818182,1,1,1,FALSE,3013
11,84,"Frontal_Inf_Oper_L","Temporal_Pole_Sup_R",0.0727272727272727,0.0363636363636364,-0.0363636363636364,0.0363636363636364,0.678654107617496,1,1,FALSE,1950
12,84,"Frontal_Inf_Oper_R","Temporal_Pole_Sup_R",0.272727272727273,0.127272727272727,-0.145454545454545,0.145454545454545,0.0937742539959682,1,1,FALSE,198
13,84,"Frontal_Inf_Tri_L","Temporal_Pole_Sup_R",0.0727272727272727,0.0181818181818182,-0.0545454545454545,0.0545454545454545,0.363371345279945,1,1,FALSE,907
14,84,"Frontal_Inf_Tri_R","Temporal_Pole_Sup_R",0.236363636363636,0.163636363636364,-0.0727272727272727,0.0727272727272727,0.475179132592278,1,1,FALSE,1152
15,84,"Frontal_Inf_Orb_L","Temporal_Pole_Sup_R",0.181818181818182,0.109090909090909,-0.0727272727272727,0.0727272727272727,0.417989271601529,1,1,FALSE,1023
16,84,"Frontal_Inf_Orb_R","Temporal_Pole_Sup_R",0.381818181818182,0.272727272727273,-0.109090909090909,0.109090909090909,0.309644052483336,1,1,FALSE,753
17,84,"Rolandic_Oper_L","Temporal_Pole_Sup_R",0.145454545454545,0.2,0.0545454545454546,0.0545454545454546,0.614842856677542,1,1,FALSE,1692
18,84,"Rolandic_Oper_R","Temporal_Pole_Sup_R",0.272727272727273,0.272727272727273,0,0,1,1,1,FALSE,4913
19,84,"Supp_Motor_Area_L","Temporal_Pole_Sup_R",0.0909090909090909,0.0545454545454545,-0.0363636363636364,0.0363636363636364,0.716092464011574,1,1,FALSE,2087
20,84,"Supp_Motor_Area_R","Temporal_Pole_Sup_R",0.6,0.381818181818182,-0.218181818181818,0.218181818181818,0.0354347940730417,1,1,FALSE,86
21,84,"Olfactory_L","Temporal_Pole_Sup_R",0.0545454545454545,0.0181818181818182,-0.0363636363636364,0.0363636363636364,0.618022807167967,1,1,FALSE,1754
22,84,"Olfactory_R","Temporal_Pole_Sup_R",0.127272727272727,0.145454545454545,0.0181818181818182,0.0181818181818182,1,1,1,FALSE,2710
23,84,"Frontal_Sup_Medial_L","Temporal_Pole_Sup_R",0.0545454545454545,0.0181818181818182,-0.0363636363636364,0.0363636363636364,0.618022807167967,1,1,FALSE,1757
24,84,"Frontal_Sup_Medial_R","Temporal_Pole_Sup_R",0.163636363636364,0.0727272727272727,-0.0909090909090909,0.0909090909090909,0.236782655021779,1,1,FALSE,504
25,84,"Frontal_Med_Orb_L","Temporal_Pole_Sup_R",0.0363636363636364,0,-0.0363636363636364,0.0363636363636364,0.495412844036697,1,1,FALSE,1315
26,84,"Frontal_Med_Orb_R","Temporal_Pole_Sup_R",0,0.0545454545454545,0.0545454545454545,0.0545454545454545,0.243119266055046,1,1,FALSE,559
27,84,"Rectus_L","Temporal_Pole_Sup_R",0.0181818181818182,0.0181818181818182,0,0,1,1,1,FALSE,5207
28,84,"Rectus_R","Temporal_Pole_Sup_R",0,0,0,0,1,1,1,FALSE,5248
29,84,"Insula_L","Temporal_Pole_Sup_R",0.781818181818182,0.636363636363636,-0.145454545454546,0.145454545454546,0.141078321059635,1,1,FALSE,322
30,84,"Insula_R","Temporal_Pole_Sup_R",0.709090909090909,0.545454545454545,-0.163636363636364,0.163636363636364,0.114175522981066,1,1,FALSE,227
31,84,"Cingulum_Ant_L","Temporal_Pole_Sup_R",0.145454545454545,0.0545454545454545,-0.0909090909090909,0.0909090909090909,0.202247933529552,1,1,FALSE,418
32,84,"Cingulum_Ant_R","Temporal_Pole_Sup_R",0.254545454545455,0.4,0.145454545454546,0.145454545454546,0.154438881013957,1,1,FALSE,342
33,84,"Cingulum_Mid_L","Temporal_Pole_Sup_R",0.145454545454545,0.109090909090909,-0.0363636363636364,0.0363636363636364,0.775847219468156,1,1,FALSE,2253
34,84,"Cingulum_Mid_R","Temporal_Pole_Sup_R",0.345454545454545,0.345454545454545,0,0,1,1,1,FALSE,2640
35,84,"Cingulum_Post_L","Temporal_Pole_Sup_R",0,0,0,0,1,1,1,FALSE,5442
36,84,"Cingulum_Post_R","Temporal_Pole_Sup_R",0.0181818181818182,0,-0.0181818181818182,0.0181818181818182,1,1,1,FALSE,3536
37,84,"Hippocampus_L","Temporal_Pole_Sup_R",0.345454545454545,0.236363636363636,-0.109090909090909,0.109090909090909,0.293858798315081,1,1,FALSE,745
38,84,"Hippocampus_R","Temporal_Pole_Sup_R",0.109090909090909,0.145454545454545,0.0363636363636364,0.0363636363636364,0.775847219468156,1,1,FALSE,2256
39,84,"ParaHippocampal_L","Temporal_Pole_Sup_R",0.236363636363636,0.145454545454545,-0.0909090909090909,0.0909090909090909,0.332035164028184,1,1,FALSE,826
40,84,"ParaHippocampal_R","Temporal_Pole_Sup_R",0.109090909090909,0.236363636363636,0.127272727272727,0.127272727272727,0.128740272503646,1,1,FALSE,315
41,84,"Amygdala_L","Temporal_Pole_Sup_R",0.381818181818182,0.327272727272727,-0.0545454545454546,0.0545454545454546,0.690446870689589,1,1,FALSE,2036
42,84,"Amygdala_R","Temporal_Pole_Sup_R",0.563636363636364,0.490909090909091,-0.0727272727272727,0.0727272727272727,0.566911675700932,1,1,FALSE,1639
43,84,"Calcarine_L","Temporal_Pole_Sup_R",0.0181818181818182,0.0363636363636364,0.0181818181818182,0.0181818181818182,1,1,1,FALSE,3642
44,84,"Calcarine_R","Temporal_Pole_Sup_R",0.0363636363636364,0.0363636363636364,0,0,1,1,1,FALSE,5649
45,84,"Cuneus_L","Temporal_Pole_Sup_R",0.0545454545454545,0,-0.0545454545454545,0.0545454545454545,0.243119266055046,1,1,FALSE,576
46,84,"Cuneus_R","Temporal_Pole_Sup_R",0.0363636363636364,0,-0.0363636363636364,0.0363636363636364,0.495412844036697,1,1,FALSE,1382
47,84,"Lingual_L","Temporal_Pole_Sup_R",0.0727272727272727,0.0545454545454545,-0.0181818181818182,0.0181818181818182,1,1,1,FALSE,3690
48,84,"Lingual_R","Temporal_Pole_Sup_R",0.181818181818182,0.163636363636364,-0.0181818181818182,0.0181818181818182,1,1,1,FALSE,2764
49,84,"Occipital_Sup_L","Temporal_Pole_Sup_R",0.0545454545454545,0.0181818181818182,-0.0363636363636364,0.0363636363636364,0.618022807167967,1,1,FALSE,1814
50,84,"Occipital_Sup_R","Temporal_Pole_Sup_R",0.0545454545454545,0,-0.0545454545454545,0.0545454545454545,0.243119266055046,1,1,FALSE,584
51,84,"Occipital_Mid_L","Temporal_Pole_Sup_R",0.0181818181818182,0,-0.0181818181818182,0.0181818181818182,1,1,1,FALSE,3729
52,84,"Occipital_Mid_R","Temporal_Pole_Sup_R",0.0545454545454545,0,-0.0545454545454545,0.0545454545454545,0.243119266055046,1,1,FALSE,588
53,84,"Occipital_Inf_L","Temporal_Pole_Sup_R",0.0909090909090909,0.0727272727272727,-0.0181818181818182,0.0181818181818182,1,1,1,FALSE,2775
54,84,"Occipital_Inf_R","Temporal_Pole_Sup_R",0.0181818181818182,0.0181818181818182,0,0,1,1,1,FALSE,5835
55,84,"Fusiform_L","Temporal_Pole_Sup_R",0.109090909090909,0.0727272727272727,-0.0363636363636364,0.0363636363636364,0.741953348477847,1,1,FALSE,2174
56,84,"Fusiform_R","Temporal_Pole_Sup_R",0.218181818181818,0.181818181818182,-0.0363636363636363,0.0363636363636363,0.812066798143123,1,1,FALSE,2318
57,84,"Postcentral_L","Temporal_Pole_Sup_R",0.0363636363636364,0,-0.0363636363636364,0.0363636363636364,0.495412844036697,1,1,FALSE,1417
58,84,"Postcentral_R","Temporal_Pole_Sup_R",0.0181818181818182,0.0545454545454545,0.0363636363636364,0.0363636363636364,0.618022807167967,1,1,FALSE,1830
59,84,"Parietal_Sup_L","Temporal_Pole_Sup_R",0.0363636363636364,0,-0.0363636363636364,0.0363636363636364,0.495412844036697,1,1,FALSE,1423
60,84,"Parietal_Sup_R","Temporal_Pole_Sup_R",0.0363636363636364,0,-0.0363636363636364,0.0363636363636364,0.495412844036697,1,1,FALSE,1427
61,84,"Parietal_Inf_L","Temporal_Pole_Sup_R",0.0545454545454545,0.0181818181818182,-0.0363636363636364,0.0363636363636364,0.618022807167967,1,1,FALSE,1831
62,84,"Parietal_Inf_R","Temporal_Pole_Sup_R",0.0545454545454545,0,-0.0545454545454545,0.0545454545454545,0.243119266055046,1,1,FALSE,600
63,84,"SupraMarginal_L","Temporal_Pole_Sup_R",0.127272727272727,0.0909090909090909,-0.0363636363636363,0.0363636363636363,0.761067915257265,1,1,FALSE,2219
64,84,"SupraMarginal_R","Temporal_Pole_Sup_R",0.145454545454545,0.0909090909090909,-0.0545454545454545,0.0545454545454545,0.556268985477779,1,1,FALSE,1602
65,84,"Angular_L","Temporal_Pole_Sup_R",0.0181818181818182,0.0363636363636364,0.0181818181818182,0.0181818181818182,1,1,1,FALSE,3889
66,84,"Angular_R","Temporal_Pole_Sup_R",0.0181818181818182,0,-0.0181818181818182,0.0181818181818182,1,1,1,FALSE,3895
67,84,"Precuneus_L","Temporal_Pole_Sup_R",0.0545454545454545,0,-0.0545454545454545,0.0545454545454545,0.243119266055046,1,1,FALSE,605
68,84,"Precuneus_R","Temporal_Pole_Sup_R",0.0363636363636364,0.0181818181818182,-0.0181818181818182,0.0181818181818182,1,1,1,FALSE,3915
69,84,"Paracentral_Lobule_L","Temporal_Pole_Sup_R",0.0181818181818182,0,-0.0181818181818182,0.0181818181818182,1,1,1,FALSE,3927
70,84,"Paracentral_Lobule_R","Temporal_Pole_Sup_R",0.163636363636364,0.0545454545454545,-0.109090909090909,0.109090909090909,0.123540893849592,1,1,FALSE,304
71,84,"Caudate_L","Temporal_Pole_Sup_R",0.0181818181818182,0,-0.0181818181818182,0.0181818181818182,1,1,1,FALSE,3944
72,84,"Caudate_R","Temporal_Pole_Sup_R",0.0181818181818182,0,-0.0181818181818182,0.0181818181818182,1,1,1,FALSE,3954
73,84,"Putamen_L","Temporal_Pole_Sup_R",0.418181818181818,0.381818181818182,-0.0363636363636363,0.0363636363636363,0.84582542658479,1,1,FALSE,2407
74,84,"Putamen_R","Temporal_Pole_Sup_R",0.145454545454545,0.0727272727272727,-0.0727272727272727,0.0727272727272727,0.359662012889472,1,1,FALSE,877
75,84,"Pallidum_L","Temporal_Pole_Sup_R",0.0727272727272727,0.0363636363636364,-0.0363636363636364,0.0363636363636364,0.678654107617496,1,1,FALSE,2013
76,84,"Pallidum_R","Temporal_Pole_Sup_R",0.0181818181818182,0,-0.0181818181818182,0.0181818181818182,1,1,1,FALSE,3998
77,84,"Thalamus_L","Temporal_Pole_Sup_R",0.127272727272727,0.0545454545454545,-0.0727272727272727,0.0727272727272727,0.320308493049491,1,1,FALSE,799
78,84,"Thalamus_R","Temporal_Pole_Sup_R",0.181818181818182,0.109090909090909,-0.0727272727272727,0.0727272727272727,0.417989271601529,1,1,FALSE,1028
79,84,"Heschl_L","Temporal_Pole_Sup_R",0.0545454545454545,0.127272727272727,0.0727272727272727,0.0727272727272727,0.320308493049491,1,1,FALSE,800
80,84,"Heschl_R","Temporal_Pole_Sup_R",0.0727272727272727,0.0727272727272727,0,0,1,1,1,FALSE,6280
81,84,"Temporal_Sup_L","Temporal_Pole_Sup_R",0.436363636363636,0.381818181818182,-0.0545454545454545,0.0545454545454545,0.698354095491981,1,1,FALSE,2050
82,84,"Temporal_Sup_R","Temporal_Pole_Sup_R",0.527272727272727,0.490909090909091,-0.0363636363636363,0.0363636363636363,0.848858645282306,1,1,FALSE,2441
83,84,"Temporal_Pole_Sup_L","Temporal_Pole_Sup_R",0.490909090909091,0.527272727272727,0.0363636363636363,0.0363636363636363,0.848858645282306,1,1,FALSE,2442
1,85,"Precentral_L","Temporal_Mid_L",0.381818181818182,0.181818181818182,-0.2,0.2,0.0331367336075807,1,1,FALSE,84
2,85,"Precentral_R","Temporal_Mid_L",0.0545454545454545,0.127272727272727,0.0727272727272727,0.0727272727272727,0.320308493049491,1,1,FALSE,773
3,85,"Frontal_Sup_L","Temporal_Mid_L",0.327272727272727,0.236363636363636,-0.0909090909090909,0.0909090909090909,0.396830775384208,1,1,FALSE,1002
4,85,"Frontal_Sup_R","Temporal_Mid_L",0.345454545454545,0.2,-0.145454545454545,0.145454545454545,0.133255914778552,1,1,FALSE,319
5,85,"Frontal_Sup_Orb_L","Temporal_Mid_L",0.0727272727272727,0.0363636363636364,-0.0363636363636364,0.0363636363636364,0.678654107617496,1,1,FALSE,1942
6,85,"Frontal_Sup_Orb_R","Temporal_Mid_L",0.0363636363636364,0.0363636363636364,0,0,1,1,1,FALSE,4408
7,85,"Frontal_Mid_L","Temporal_Mid_L",0.272727272727273,0.163636363636364,-0.109090909090909,0.109090909090909,0.248123182456129,1,1,FALSE,645
8,85,"Frontal_Mid_R","Temporal_Mid_L",0.0909090909090909,0,-0.0909090909090909,0.0909090909090909,0.0568464374517706,1,1,FALSE,118
9,85,"Frontal_Mid_Orb_L","Temporal_Mid_L",0.0545454545454545,0.0545454545454545,0,0,1,1,1,FALSE,4548
10,85,"Frontal_Mid_Orb_R","Temporal_Mid_L",0.0181818181818182,0,-0.0181818181818182,0.0181818181818182,1,1,1,FALSE,3014
11,85,"Frontal_Inf_Oper_L","Temporal_Mid_L",0.509090909090909,0.4,-0.109090909090909,0.109090909090909,0.338408523062595,1,1,FALSE,837
12,85,"Frontal_Inf_Oper_R","Temporal_Mid_L",0.109090909090909,0.0363636363636364,-0.0727272727272727,0.0727272727272727,0.270576022922045,1,1,FALSE,687
13,85,"Frontal_Inf_Tri_L","Temporal_Mid_L",0.163636363636364,0.163636363636364,0,0,1,1,1,FALSE,2623
14,85,"Frontal_Inf_Tri_R","Temporal_Mid_L",0.0181818181818182,0.0181818181818182,0,0,1,1,1,FALSE,4771
15,85,"Frontal_Inf_Orb_L","Temporal_Mid_L",0.672727272727273,0.527272727272727,-0.145454545454546,0.145454545454546,0.17277783785612,1,1,FALSE,376
16,85,"Frontal_Inf_Orb_R","Temporal_Mid_L",0.109090909090909,0.109090909090909,0,0,1,1,1,FALSE,4834
17,85,"Rolandic_Oper_L","Temporal_Mid_L",0.145454545454545,0.0727272727272727,-0.0727272727272727,0.0727272727272727,0.359662012889472,1,1,FALSE,863
18,85,"Rolandic_Oper_R","Temporal_Mid_L",0.0363636363636364,0.0363636363636364,0,0,1,1,1,FALSE,4914
19,85,"Supp_Motor_Area_L","Temporal_Mid_L",0.163636363636364,0.163636363636364,0,0,1,1,1,FALSE,2627
20,85,"Supp_Motor_Area_R","Temporal_Mid_L",0.236363636363636,0.327272727272727,0.0909090909090909,0.0909090909090909,0.396830775384208,1,1,FALSE,1005
21,85,"Olfactory_L","Temporal_Mid_L",0.109090909090909,0.109090909090909,0,0,1,1,1,FALSE,5005
22,85,"Olfactory_R","Temporal_Mid_L",0.0181818181818182,0.0181818181818182,0,0,1,1,1,FALSE,5047
23,85,"Frontal_Sup_Medial_L","Temporal_Mid_L",0.672727272727273,0.545454545454545,-0.127272727272727,0.127272727272727,0.240903809631543,1,1,FALSE,517
24,85,"Frontal_Sup_Medial_R","Temporal_Mid_L",0.745454545454545,0.527272727272727,-0.218181818181818,0.218181818181818,0.0286311825573545,1,1,FALSE,65
25,85,"Frontal_Med_Orb_L","Temporal_Mid_L",0.272727272727273,0.181818181818182,-0.0909090909090909,0.0909090909090909,0.363032177614477,1,1,FALSE,885
26,85,"Frontal_Med_Orb_R","Temporal_Mid_L",0.181818181818182,0.236363636363636,0.0545454545454545,0.0545454545454545,0.639794696440987,1,1,FALSE,1884
27,85,"Rectus_L","Temporal_Mid_L",0.290909090909091,0.2,-0.0909090909090909,0.0909090909090909,0.375760828720635,1,1,FALSE,973
28,85,"Rectus_R","Temporal_Mid_L",0.2,0.109090909090909,-0.0909090909090909,0.0909090909090909,0.291362613125644,1,1,FALSE,733
29,85,"Insula_L","Temporal_Mid_L",0.218181818181818,0.0545454545454545,-0.163636363636364,0.163636363636364,0.0236722264249136,1,1,FALSE,51
30,85,"Insula_R","Temporal_Mid_L",0.0727272727272727,0.0181818181818182,-0.0545454545454545,0.0545454545454545,0.363371345279945,1,1,FALSE,929
31,85,"Cingulum_Ant_L","Temporal_Mid_L",0.181818181818182,0.163636363636364,-0.0181818181818182,0.0181818181818182,1,1,1,FALSE,2729
32,85,"Cingulum_Ant_R","Temporal_Mid_L",0.272727272727273,0.145454545454545,-0.127272727272727,0.127272727272727,0.158610740575531,1,1,FALSE,344
33,85,"Cingulum_Mid_L","Temporal_Mid_L",0.0363636363636364,0.0363636363636364,0,0,1,1,1,FALSE,5380
34,85,"Cingulum_Mid_R","Temporal_Mid_L",0.218181818181818,0.145454545454545,-0.0727272727272727,0.0727272727272727,0.459010046442181,1,1,FALSE,1144
35,85,"Cingulum_Post_L","Temporal_Mid_L",0,0.0909090909090909,0.0909090909090909,0.0909090909090909,0.0568464374517706,1,1,FALSE,128
36,85,"Cingulum_Post_R","Temporal_Mid_L",0.0181818181818182,0.0181818181818182,0,0,1,1,1,FALSE,5479
37,85,"Hippocampus_L","Temporal_Mid_L",0.127272727272727,0.2,0.0727272727272728,0.0727272727272728,0.440163525159517,1,1,FALSE,1109
38,85,"Hippocampus_R","Temporal_Mid_L",0.127272727272727,0.127272727272727,0,0,1,1,1,FALSE,2544
39,85,"ParaHippocampal_L","Temporal_Mid_L",0.0909090909090909,0.0909090909090909,0,0,1,1,1,FALSE,2646
40,85,"ParaHippocampal_R","Temporal_Mid_L",0,0.0181818181818182,0.0181818181818182,0.0181818181818182,1,1,1,FALSE,3597
41,85,"Amygdala_L","Temporal_Mid_L",0.0181818181818182,0.0363636363636364,0.0181818181818182,0.0181818181818182,1,1,1,FALSE,3613
42,85,"Amygdala_R","Temporal_Mid_L",0.0545454545454545,0.0545454545454545,0,0,1,1,1,FALSE,5597
43,85,"Calcarine_L","Temporal_Mid_L",0.0545454545454545,0.0727272727272727,0.0181818181818182,0.0181818181818182,1,1,1,FALSE,3643
44,85,"Calcarine_R","Temporal_Mid_L",0.0727272727272727,0.0727272727272727,0,0,1,1,1,FALSE,5650
45,85,"Cuneus_L","Temporal_Mid_L",0.0545454545454545,0.0363636363636364,-0.0181818181818182,0.0181818181818182,1,1,1,FALSE,3669
46,85,"Cuneus_R","Temporal_Mid_L",0.181818181818182,0.0545454545454545,-0.127272727272727,0.127272727272727,0.0732112222175095,1,1,FALSE,165
47,85,"Lingual_L","Temporal_Mid_L",0.0909090909090909,0.0545454545454545,-0.0363636363636364,0.0363636363636364,0.716092464011574,1,1,FALSE,2115
48,85,"Lingual_R","Temporal_Mid_L",0.145454545454545,0.0727272727272727,-0.0727272727272727,0.0727272727272727,0.359662012889472,1,1,FALSE,875
49,85,"Occipital_Sup_L","Temporal_Mid_L",0.0909090909090909,0,-0.0909090909090909,0.0909090909090909,0.0568464374517706,1,1,FALSE,131
50,85,"Occipital_Sup_R","Temporal_Mid_L",0.0909090909090909,0,-0.0909090909090909,0.0909090909090909,0.0568464374517706,1,1,FALSE,132
51,85,"Occipital_Mid_L","Temporal_Mid_L",0.490909090909091,0.381818181818182,-0.109090909090909,0.109090909090909,0.336467177834293,1,1,FALSE,836
52,85,"Occipital_Mid_R","Temporal_Mid_L",0.109090909090909,0,-0.109090909090909,0.109090909090909,0.0270697321198908,1,1,FALSE,63
53,85,"Occipital_Inf_L","Temporal_Mid_L",0.0545454545454545,0.0727272727272727,0.0181818181818182,0.0181818181818182,1,1,1,FALSE,3752
54,85,"Occipital_Inf_R","Temporal_Mid_L",0.0363636363636364,0.0545454545454545,0.0181818181818182,0.0181818181818182,1,1,1,FALSE,3772
55,85,"Fusiform_L","Temporal_Mid_L",0.254545454545455,0.218181818181818,-0.0363636363636363,0.0363636363636363,0.822773070595087,1,1,FALSE,2343
56,85,"Fusiform_R","Temporal_Mid_L",0.109090909090909,0.0727272727272727,-0.0363636363636364,0.0363636363636364,0.741953348477847,1,1,FALSE,2177
57,85,"Postcentral_L","Temporal_Mid_L",0.145454545454545,0.127272727272727,-0.0181818181818182,0.0181818181818182,1,1,1,FALSE,2784
58,85,"Postcentral_R","Temporal_Mid_L",0.145454545454545,0.2,0.0545454545454546,0.0545454545454546,0.614842856677542,1,1,FALSE,1696
59,85,"Parietal_Sup_L","Temporal_Mid_L",0.127272727272727,0,-0.127272727272727,0.127272727272727,0.0127540084026408,1,1,FALSE,32
60,85,"Parietal_Sup_R","Temporal_Mid_L",0.0363636363636364,0,-0.0363636363636364,0.0363636363636364,0.495412844036697,1,1,FALSE,1428
61,85,"Parietal_Inf_L","Temporal_Mid_L",0.0363636363636364,0.0181818181818182,-0.0181818181818182,0.0181818181818182,1,1,1,FALSE,3848
62,85,"Parietal_Inf_R","Temporal_Mid_L",0,0,0,0,1,1,1,FALSE,5967
63,85,"SupraMarginal_L","Temporal_Mid_L",0.0727272727272727,0.0181818181818182,-0.0545454545454545,0.0545454545454545,0.363371345279945,1,1,FALSE,958
64,85,"SupraMarginal_R","Temporal_Mid_L",0.0727272727272727,0.0363636363636364,-0.0363636363636364,0.0363636363636364,0.678654107617496,1,1,FALSE,2005
65,85,"Angular_L","Temporal_Mid_L",0.709090909090909,0.6,-0.109090909090909,0.109090909090909,0.31610854037312,1,1,FALSE,771
66,85,"Angular_R","Temporal_Mid_L",0.163636363636364,0.109090909090909,-0.0545454545454545,0.0545454545454545,0.579713536502793,1,1,FALSE,1668
67,85,"Precuneus_L","Temporal_Mid_L",0.236363636363636,0.218181818181818,-0.0181818181818182,0.0181818181818182,1,1,1,FALSE,2796
68,85,"Precuneus_R","Temporal_Mid_L",0.309090909090909,0.363636363636364,0.0545454545454546,0.0545454545454546,0.686800021626334,1,1,FALSE,2033
69,85,"Paracentral_Lobule_L","Temporal_Mid_L",0.0181818181818182,0.0363636363636364,0.0181818181818182,0.0181818181818182,1,1,1,FALSE,3928
70,85,"Paracentral_Lobule_R","Temporal_Mid_L",0.145454545454545,0.181818181818182,0.0363636363636364,0.0363636363636364,0.797285714040811,1,1,FALSE,2290
71,85,"Caudate_L","Temporal_Mid_L",0.0181818181818182,0.0363636363636364,0.0181818181818182,0.0181818181818182,1,1,1,FALSE,3945
72,85,"Caudate_R","Temporal_Mid_L",0,0,0,0,1,1,1,FALSE,6159
73,85,"Putamen_L","Temporal_Mid_L",0.0363636363636364,0,-0.0363636363636364,0.0363636363636364,0.495412844036697,1,1,FALSE,1449
74,85,"Putamen_R","Temporal_Mid_L",0.0545454545454545,0.0727272727272727,0.0181818181818182,0.0181818181818182,1,1,1,FALSE,3979
75,85,"Pallidum_L","Temporal_Mid_L",0.0181818181818182,0.0545454545454545,0.0363636363636364,0.0363636363636364,0.618022807167967,1,1,FALSE,1848
76,85,"Pallidum_R","Temporal_Mid_L",0,0.0181818181818182,0.0181818181818182,0.0181818181818182,1,1,1,FALSE,3999
77,85,"Thalamus_L","Temporal_Mid_L",0.0909090909090909,0.0727272727272727,-0.0181818181818182,0.0181818181818182,1,1,1,FALSE,2805
78,85,"Thalamus_R","Temporal_Mid_L",0.0181818181818182,0.0545454545454545,0.0363636363636364,0.0363636363636364,0.618022807167967,1,1,FALSE,1854
79,85,"Heschl_L","Temporal_Mid_L",0.109090909090909,0.0545454545454545,-0.0545454545454545,0.0545454545454545,0.488966435220834,1,1,FALSE,1188
80,85,"Heschl_R","Temporal_Mid_L",0.0545454545454545,0.0727272727272727,0.0181818181818182,0.0181818181818182,1,1,1,FALSE,4020
81,85,"Temporal_Sup_L","Temporal_Mid_L",0.4,0.454545454545455,0.0545454545454545,0.0545454545454545,0.700094360325682,1,1,FALSE,2053
82,85,"Temporal_Sup_R","Temporal_Mid_L",0.254545454545455,0.254545454545455,0,0,1,1,1,FALSE,2555
83,85,"Temporal_Pole_Sup_L","Temporal_Mid_L",0.563636363636364,0.490909090909091,-0.0727272727272727,0.0727272727272727,0.566911675700932,1,1,FALSE,1641
84,85,"Temporal_Pole_Sup_R","Temporal_Mid_L",0.181818181818182,0.0909090909090909,-0.0909090909090909,0.0909090909090909,0.266166492306464,1,1,FALSE,681
1,86,"Precentral_L","Temporal_Mid_R",0.163636363636364,0.0545454545454545,-0.109090909090909,0.109090909090909,0.123540893849592,1,1,FALSE,293
2,86,"Precentral_R","Temporal_Mid_R",0.236363636363636,0.236363636363636,0,0,1,1,1,FALSE,4265
3,86,"Frontal_Sup_L","Temporal_Mid_R",0.145454545454545,0.0909090909090909,-0.0545454545454545,0.0545454545454545,0.556268985477779,1,1,FALSE,1583
4,86,"Frontal_Sup_R","Temporal_Mid_R",0.527272727272727,0.672727272727273,0.145454545454546,0.145454545454546,0.17277783785612,1,1,FALSE,375
5,86,"Frontal_Sup_Orb_L","Temporal_Mid_R",0.0545454545454545,0,-0.0545454545454545,0.0545454545454545,0.243119266055046,1,1,FALSE,527
6,86,"Frontal_Sup_Orb_R","Temporal_Mid_R",0.0727272727272727,0.0727272727272727,0,0,1,1,1,FALSE,4409
7,86,"Frontal_Mid_L","Temporal_Mid_R",0.0363636363636364,0,-0.0363636363636364,0.0363636363636364,0.495412844036697,1,1,FALSE,1233
8,86,"Frontal_Mid_R","Temporal_Mid_R",0.236363636363636,0.145454545454545,-0.0909090909090909,0.0909090909090909,0.332035164028184,1,1,FALSE,823
9,86,"Frontal_Mid_Orb_L","Temporal_Mid_R",0.0363636363636364,0,-0.0363636363636364,0.0363636363636364,0.495412844036697,1,1,FALSE,1241
10,86,"Frontal_Mid_Orb_R","Temporal_Mid_R",0.0181818181818182,0,-0.0181818181818182,0.0181818181818182,1,1,1,FALSE,3015
11,86,"Frontal_Inf_Oper_L","Temporal_Mid_R",0.145454545454545,0.0545454545454545,-0.0909090909090909,0.0909090909090909,0.202247933529552,1,1,FALSE,413
12,86,"Frontal_Inf_Oper_R","Temporal_Mid_R",0.163636363636364,0.236363636363636,0.0727272727272727,0.0727272727272727,0.475179132592278,1,1,FALSE,1151
13,86,"Frontal_Inf_Tri_L","Temporal_Mid_R",0.0727272727272727,0.0545454545454545,-0.0181818181818182,0.0181818181818182,1,1,1,FALSE,3089
14,86,"Frontal_Inf_Tri_R","Temporal_Mid_R",0.163636363636364,0.109090909090909,-0.0545454545454545,0.0545454545454545,0.579713536502793,1,1,FALSE,1654
15,86,"Frontal_Inf_Orb_L","Temporal_Mid_R",0.127272727272727,0.0727272727272727,-0.0545454545454545,0.0545454545454545,0.526914472209385,1,1,FALSE,1520
16,86,"Frontal_Inf_Orb_R","Temporal_Mid_R",0.236363636363636,0.163636363636364,-0.0727272727272727,0.0727272727272727,0.475179132592278,1,1,FALSE,1153
17,86,"Rolandic_Oper_L","Temporal_Mid_R",0.0909090909090909,0.0545454545454545,-0.0363636363636364,0.0363636363636364,0.716092464011574,1,1,FALSE,2085
18,86,"Rolandic_Oper_R","Temporal_Mid_R",0.0727272727272727,0.0727272727272727,0,0,1,1,1,FALSE,4915
19,86,"Supp_Motor_Area_L","Temporal_Mid_R",0.0181818181818182,0.0545454545454545,0.0363636363636364,0.0363636363636364,0.618022807167967,1,1,FALSE,1746
20,86,"Supp_Motor_Area_R","Temporal_Mid_R",0.236363636363636,0.236363636363636,0,0,1,1,1,FALSE,4975
21,86,"Olfactory_L","Temporal_Mid_R",0.0727272727272727,0,-0.0727272727272727,0.0727272727272727,0.118151419017406,1,1,FALSE,248
22,86,"Olfactory_R","Temporal_Mid_R",0.109090909090909,0.0909090909090909,-0.0181818181818182,0.0181818181818182,1,1,1,FALSE,4153
23,86,"Frontal_Sup_Medial_L","Temporal_Mid_R",0.181818181818182,0.181818181818182,0,0,1,1,1,FALSE,5082
24,86,"Frontal_Sup_Medial_R","Temporal_Mid_R",0.690909090909091,0.581818181818182,-0.109090909090909,0.109090909090909,0.321711893607314,1,1,FALSE,804
25,86,"Frontal_Med_Orb_L","Temporal_Mid_R",0.2,0.0909090909090909,-0.109090909090909,0.109090909090909,0.175072824729425,1,1,FALSE,378
26,86,"Frontal_Med_Orb_R","Temporal_Mid_R",0.254545454545455,0.236363636363636,-0.0181818181818182,0.0181818181818182,1,1,1,FALSE,4196
27,86,"Rectus_L","Temporal_Mid_R",0.163636363636364,0.0363636363636364,-0.127272727272727,0.127272727272727,0.0524018387542443,1,1,FALSE,105
28,86,"Rectus_R","Temporal_Mid_R",0.218181818181818,0.127272727272727,-0.0909090909090909,0.0909090909090909,0.313124011328227,1,1,FALSE,760
29,86,"Insula_L","Temporal_Mid_R",0.2,0.0363636363636364,-0.163636363636364,0.163636363636364,0.015332099840614,1,1,FALSE,37
30,86,"Insula_R","Temporal_Mid_R",0.145454545454545,0.127272727272727,-0.0181818181818182,0.0181818181818182,1,1,1,FALSE,2726
31,86,"Cingulum_Ant_L","Temporal_Mid_R",0.181818181818182,0.0909090909090909,-0.0909090909090909,0.0909090909090909,0.266166492306464,1,1,FALSE,674
32,86,"Cingulum_Ant_R","Temporal_Mid_R",0.236363636363636,0.145454545454545,-0.0909090909090909,0.0909090909090909,0.332035164028184,1,1,FALSE,825
33,86,"Cingulum_Mid_L","Temporal_Mid_R",0.0727272727272727,0.0181818181818182,-0.0545454545454545,0.0545454545454545,0.363371345279945,1,1,FALSE,933
34,86,"Cingulum_Mid_R","Temporal_Mid_R",0.218181818181818,0.109090909090909,-0.109090909090909,0.109090909090909,0.196671123649544,1,1,FALSE,405
35,86,"Cingulum_Post_L","Temporal_Mid_R",0,0.0363636363636364,0.0363636363636364,0.0363636363636364,0.495412844036697,1,1,FALSE,1345
36,86,"Cingulum_Post_R","Temporal_Mid_R",0.0363636363636364,0.0363636363636364,0,0,1,1,1,FALSE,5480
37,86,"Hippocampus_L","Temporal_Mid_R",0.181818181818182,0.236363636363636,0.0545454545454545,0.0545454545454545,0.639794696440987,1,1,FALSE,1886
38,86,"Hippocampus_R","Temporal_Mid_R",0.127272727272727,0.4,0.272727272727273,0.272727272727273,0.00211640966243828,1,1,FALSE,5
39,86,"ParaHippocampal_L","Temporal_Mid_R",0.145454545454545,0.0909090909090909,-0.0545454545454545,0.0545454545454545,0.556268985477779,1,1,FALSE,1596
40,86,"ParaHippocampal_R","Temporal_Mid_R",0.0181818181818182,0.0909090909090909,0.0727272727272727,0.0727272727272727,0.20572996411117,1,1,FALSE,451
41,86,"Amygdala_L","Temporal_Mid_R",0.0545454545454545,0.0909090909090909,0.0363636363636364,0.0363636363636364,0.716092464011574,1,1,FALSE,2108
42,86,"Amygdala_R","Temporal_Mid_R",0.109090909090909,0.163636363636364,0.0545454545454545,0.0545454545454545,0.579713536502793,1,1,FALSE,1663
43,86,"Calcarine_L","Temporal_Mid_R",0.0909090909090909,0.109090909090909,0.0181818181818182,0.0181818181818182,1,1,1,FALSE,4163
44,86,"Calcarine_R","Temporal_Mid_R",0.145454545454545,0.181818181818182,0.0363636363636364,0.0363636363636364,0.797285714040811,1,1,FALSE,2288
45,86,"Cuneus_L","Temporal_Mid_R",0.163636363636364,0.0181818181818182,-0.145454545454545,0.145454545454545,0.0161611880452935,1,1,FALSE,42
46,86,"Cuneus_R","Temporal_Mid_R",0.236363636363636,0.127272727272727,-0.109090909090909,0.109090909090909,0.215866654585591,1,1,FALSE,474
47,86,"Lingual_L","Temporal_Mid_R",0.181818181818182,0.0909090909090909,-0.0909090909090909,0.0909090909090909,0.266166492306464,1,1,FALSE,678
48,86,"Lingual_R","Temporal_Mid_R",0.163636363636364,0.181818181818182,0.0181818181818182,0.0181818181818182,1,1,1,FALSE,2765
49,86,"Occipital_Sup_L","Temporal_Mid_R",0.163636363636364,0.0181818181818182,-0.145454545454545,0.145454545454545,0.0161611880452935,1,1,FALSE,43
50,86,"Occipital_Sup_R","Temporal_Mid_R",0.181818181818182,0.0181818181818182,-0.163636363636364,0.163636363636364,0.00810771010997107,1,1,FALSE,23
51,86,"Occipital_Mid_L","Temporal_Mid_R",0.436363636363636,0.272727272727273,-0.163636363636364,0.163636363636364,0.110270577435248,1,1,FALSE,207
52,86,"Occipital_Mid_R","Temporal_Mid_R",0.163636363636364,0.0727272727272727,-0.0909090909090909,0.0909090909090909,0.236782655021779,1,1,FALSE,510
53,86,"Occipital_Inf_L","Temporal_Mid_R",0.0727272727272727,0.0909090909090909,0.0181818181818182,0.0181818181818182,1,1,1,FALSE,2776
54,86,"Occipital_Inf_R","Temporal_Mid_R",0.0909090909090909,0.0727272727272727,-0.0181818181818182,0.0181818181818182,1,1,1,FALSE,2777
55,86,"Fusiform_L","Temporal_Mid_R",0.254545454545455,0.236363636363636,-0.0181818181818182,0.0181818181818182,1,1,1,FALSE,4200
56,86,"Fusiform_R","Temporal_Mid_R",0.254545454545455,0.181818181818182,-0.0727272727272727,0.0727272727272727,0.489151806446811,1,1,FALSE,1196
57,86,"Postcentral_L","Temporal_Mid_R",0.109090909090909,0.127272727272727,0.0181818181818182,0.0181818181818182,1,1,1,FALSE,2529
58,86,"Postcentral_R","Temporal_Mid_R",0.127272727272727,0.145454545454545,0.0181818181818182,0.0181818181818182,1,1,1,FALSE,2786
59,86,"Parietal_Sup_L","Temporal_Mid_R",0.181818181818182,0,-0.181818181818182,0.181818181818182,0.00124734001691863,1,1,FALSE,4
60,86,"Parietal_Sup_R","Temporal_Mid_R",0.181818181818182,0.0181818181818182,-0.163636363636364,0.163636363636364,0.00810771010997107,1,1,FALSE,24
61,86,"Parietal_Inf_L","Temporal_Mid_R",0.0363636363636364,0,-0.0363636363636364,0.0363636363636364,0.495412844036697,1,1,FALSE,1431
62,86,"Parietal_Inf_R","Temporal_Mid_R",0.0545454545454545,0.0181818181818182,-0.0363636363636364,0.0363636363636364,0.618022807167967,1,1,FALSE,1834
63,86,"SupraMarginal_L","Temporal_Mid_R",0.0545454545454545,0.0363636363636364,-0.0181818181818182,0.0181818181818182,1,1,1,FALSE,3867
64,86,"SupraMarginal_R","Temporal_Mid_R",0.0727272727272727,0.0363636363636364,-0.0363636363636364,0.0363636363636364,0.678654107617496,1,1,FALSE,2006
65,86,"Angular_L","Temporal_Mid_R",0.272727272727273,0.236363636363636,-0.0363636363636363,0.0363636363636363,0.827043599014482,1,1,FALSE,2361
66,86,"Angular_R","Temporal_Mid_R",0.290909090909091,0.290909090909091,0,0,1,1,1,FALSE,2654
67,86,"Precuneus_L","Temporal_Mid_R",0.4,0.145454545454545,-0.254545454545455,0.254545454545455,0.00489306927271845,1,1,FALSE,10
68,86,"Precuneus_R","Temporal_Mid_R",0.527272727272727,0.490909090909091,-0.0363636363636363,0.0363636363636363,0.848858645282306,1,1,FALSE,2440
69,86,"Paracentral_Lobule_L","Temporal_Mid_R",0.0545454545454545,0.0727272727272727,0.0181818181818182,0.0181818181818182,1,1,1,FALSE,3929
70,86,"Paracentral_Lobule_R","Temporal_Mid_R",0.181818181818182,0.2,0.0181818181818182,0.0181818181818182,1,1,1,FALSE,2603
71,86,"Caudate_L","Temporal_Mid_R",0,0.0363636363636364,0.0363636363636364,0.0363636363636364,0.495412844036697,1,1,FALSE,1445
72,86,"Caudate_R","Temporal_Mid_R",0,0,0,0,1,1,1,FALSE,6160
73,86,"Putamen_L","Temporal_Mid_R",0.0545454545454545,0.0181818181818182,-0.0363636363636364,0.0363636363636364,0.618022807167967,1,1,FALSE,1845
74,86,"Putamen_R","Temporal_Mid_R",0.0181818181818182,0,-0.0181818181818182,0.0181818181818182,1,1,1,FALSE,3980
75,86,"Pallidum_L","Temporal_Mid_R",0,0.0545454545454545,0.0545454545454545,0.0545454545454545,0.243119266055046,1,1,FALSE,614
76,86,"Pallidum_R","Temporal_Mid_R",0,0,0,0,1,1,1,FALSE,6221
77,86,"Thalamus_L","Temporal_Mid_R",0.0181818181818182,0.0545454545454545,0.0363636363636364,0.0363636363636364,0.618022807167967,1,1,FALSE,1852
78,86,"Thalamus_R","Temporal_Mid_R",0.0545454545454545,0.145454545454545,0.0909090909090909,0.0909090909090909,0.202247933529552,1,1,FALSE,429
79,86,"Heschl_L","Temporal_Mid_R",0.0909090909090909,0.109090909090909,0.0181818181818182,0.0181818181818182,1,1,1,FALSE,4180
80,86,"Heschl_R","Temporal_Mid_R",0.0545454545454545,0.0545454545454545,0,0,1,1,1,FALSE,6281
81,86,"Temporal_Sup_L","Temporal_Mid_R",0.254545454545455,0.236363636363636,-0.0181818181818182,0.0181818181818182,1,1,1,FALSE,4207
82,86,"Temporal_Sup_R","Temporal_Mid_R",0.345454545454545,0.381818181818182,0.0363636363636364,0.0363636363636364,0.843043483729933,1,1,FALSE,2392
83,86,"Temporal_Pole_Sup_L","Temporal_Mid_R",0.254545454545455,0.236363636363636,-0.0181818181818182,0.0181818181818182,1,1,1,FALSE,4208
84,86,"Temporal_Pole_Sup_R","Temporal_Mid_R",0.381818181818182,0.345454545454545,-0.0363636363636364,0.0363636363636364,0.843043483729933,1,1,FALSE,2393
85,86,"Temporal_Mid_L","Temporal_Mid_R",0.909090909090909,0.854545454545454,-0.0545454545454546,0.0545454545454546,0.556268985477779,1,1,FALSE,1581
1,87,"Precentral_L","Temporal_Pole_Mid_R",0.0545454545454545,0,-0.0545454545454545,0.0545454545454545,0.243119266055046,1,1,FALSE,521
2,87,"Precentral_R","Temporal_Pole_Mid_R",0,0,0,0,1,1,1,FALSE,4266
3,87,"Frontal_Sup_L","Temporal_Pole_Mid_R",0,0,0,0,1,1,1,FALSE,4288
4,87,"Frontal_Sup_R","Temporal_Pole_Mid_R",0.127272727272727,0.127272727272727,0,0,1,1,1,FALSE,2537
5,87,"Frontal_Sup_Orb_L","Temporal_Pole_Mid_R",0,0.0181818181818182,0.0181818181818182,0.0181818181818182,1,1,1,FALSE,2909
6,87,"Frontal_Sup_Orb_R","Temporal_Pole_Mid_R",0,0,0,0,1,1,1,FALSE,4410
7,87,"Frontal_Mid_L","Temporal_Pole_Mid_R",0,0,0,0,1,1,1,FALSE,4456
8,87,"Frontal_Mid_R","Temporal_Pole_Mid_R",0,0,0,0,1,1,1,FALSE,4496
9,87,"Frontal_Mid_Orb_L","Temporal_Pole_Mid_R",0,0,0,0,1,1,1,FALSE,4549
10,87,"Frontal_Mid_Orb_R","Temporal_Pole_Mid_R",0,0,0,0,1,1,1,FALSE,4613
11,87,"Frontal_Inf_Oper_L","Temporal_Pole_Mid_R",0.0181818181818182,0,-0.0181818181818182,0.0181818181818182,1,1,1,FALSE,3035
12,87,"Frontal_Inf_Oper_R","Temporal_Pole_Mid_R",0,0,0,0,1,1,1,FALSE,4692
13,87,"Frontal_Inf_Tri_L","Temporal_Pole_Mid_R",0,0,0,0,1,1,1,FALSE,4736
14,87,"Frontal_Inf_Tri_R","Temporal_Pole_Mid_R",0.0181818181818182,0,-0.0181818181818182,0.0181818181818182,1,1,1,FALSE,3113
15,87,"Frontal_Inf_Orb_L","Temporal_Pole_Mid_R",0.109090909090909,0.109090909090909,0,0,1,1,1,FALSE,4802
16,87,"Frontal_Inf_Orb_R","Temporal_Pole_Mid_R",0.0727272727272727,0.0181818181818182,-0.0545454545454545,0.0545454545454545,0.363371345279945,1,1,FALSE,915
17,87,"Rolandic_Oper_L","Temporal_Pole_Mid_R",0,0,0,0,1,1,1,FALSE,4874
18,87,"Rolandic_Oper_R","Temporal_Pole_Mid_R",0,0,0,0,1,1,1,FALSE,4916
19,87,"Supp_Motor_Area_L","Temporal_Pole_Mid_R",0,0,0,0,1,1,1,FALSE,4952
20,87,"Supp_Motor_Area_R","Temporal_Pole_Mid_R",0.0727272727272727,0,-0.0727272727272727,0.0727272727272727,0.118151419017406,1,1,FALSE,247
21,87,"Olfactory_L","Temporal_Pole_Mid_R",0.0727272727272727,0.0363636363636364,-0.0363636363636364,0.0363636363636364,0.678654107617496,1,1,FALSE,1965
22,87,"Olfactory_R","Temporal_Pole_Mid_R",0.0727272727272727,0.0545454545454545,-0.0181818181818182,0.0181818181818182,1,1,1,FALSE,3284
23,87,"Frontal_Sup_Medial_L","Temporal_Pole_Mid_R",0.163636363636364,0.109090909090909,-0.0545454545454545,0.0545454545454545,0.579713536502793,1,1,FALSE,1658
24,87,"Frontal_Sup_Medial_R","Temporal_Pole_Mid_R",0.4,0.181818181818182,-0.218181818181818,0.218181818181818,0.0201459517479242,1,1,FALSE,45
25,87,"Frontal_Med_Orb_L","Temporal_Pole_Mid_R",0.0909090909090909,0.0545454545454545,-0.0363636363636364,0.0363636363636364,0.716092464011574,1,1,FALSE,2096
26,87,"Frontal_Med_Orb_R","Temporal_Pole_Mid_R",0.290909090909091,0.181818181818182,-0.109090909090909,0.109090909090909,0.261641887768875,1,1,FALSE,662
27,87,"Rectus_L","Temporal_Pole_Mid_R",0.2,0.109090909090909,-0.0909090909090909,0.0909090909090909,0.291362613125644,1,1,FALSE,732
28,87,"Rectus_R","Temporal_Pole_Mid_R",0.236363636363636,0.145454545454545,-0.0909090909090909,0.0909090909090909,0.332035164028184,1,1,FALSE,824
29,87,"Insula_L","Temporal_Pole_Mid_R",0.0363636363636364,0.0181818181818182,-0.0181818181818182,0.0181818181818182,1,1,1,FALSE,3418
30,87,"Insula_R","Temporal_Pole_Mid_R",0.0181818181818182,0.0363636363636364,0.0181818181818182,0.0181818181818182,1,1,1,FALSE,3436
31,87,"Cingulum_Ant_L","Temporal_Pole_Mid_R",0.0363636363636364,0.0545454545454545,0.0181818181818182,0.0181818181818182,1,1,1,FALSE,3461
32,87,"Cingulum_Ant_R","Temporal_Pole_Mid_R",0.0909090909090909,0.0181818181818182,-0.0727272727272727,0.0727272727272727,0.20572996411117,1,1,FALSE,446
33,87,"Cingulum_Mid_L","Temporal_Pole_Mid_R",0.0181818181818182,0,-0.0181818181818182,0.0181818181818182,1,1,1,FALSE,3485
34,87,"Cingulum_Mid_R","Temporal_Pole_Mid_R",0,0,0,0,1,1,1,FALSE,5397
35,87,"Cingulum_Post_L","Temporal_Pole_Mid_R",0.0181818181818182,0,-0.0181818181818182,0.0181818181818182,1,1,1,FALSE,3516
36,87,"Cingulum_Post_R","Temporal_Pole_Mid_R",0.0181818181818182,0,-0.0181818181818182,0.0181818181818182,1,1,1,FALSE,3537
37,87,"Hippocampus_L","Temporal_Pole_Mid_R",0.0727272727272727,0.0909090909090909,0.0181818181818182,0.0181818181818182,1,1,1,FALSE,2740
38,87,"Hippocampus_R","Temporal_Pole_Mid_R",0.236363636363636,0.254545454545455,0.0181818181818182,0.0181818181818182,1,1,1,FALSE,4198
39,87,"ParaHippocampal_L","Temporal_Pole_Mid_R",0.2,0.163636363636364,-0.0363636363636364,0.0363636363636364,0.805305180298538,1,1,FALSE,2303
40,87,"ParaHippocampal_R","Temporal_Pole_Mid_R",0.127272727272727,0.0727272727272727,-0.0545454545454545,0.0545454545454545,0.526914472209385,1,1,FALSE,1534
41,87,"Amygdala_L","Temporal_Pole_Mid_R",0.0545454545454545,0.0909090909090909,0.0363636363636364,0.0363636363636364,0.716092464011574,1,1,FALSE,2109
42,87,"Amygdala_R","Temporal_Pole_Mid_R",0.0909090909090909,0.0727272727272727,-0.0181818181818182,0.0181818181818182,1,1,1,FALSE,2749
43,87,"Calcarine_L","Temporal_Pole_Mid_R",0.0363636363636364,0.0363636363636364,0,0,1,1,1,FALSE,5623
44,87,"Calcarine_R","Temporal_Pole_Mid_R",0.0363636363636364,0.0545454545454545,0.0181818181818182,0.0181818181818182,1,1,1,FALSE,3653
45,87,"Cuneus_L","Temporal_Pole_Mid_R",0,0,0,0,1,1,1,FALSE,5672
46,87,"Cuneus_R","Temporal_Pole_Mid_R",0.0545454545454545,0.0181818181818182,-0.0363636363636364,0.0363636363636364,0.618022807167967,1,1,FALSE,1812
47,87,"Lingual_L","Temporal_Pole_Mid_R",0.0363636363636364,0.0181818181818182,-0.0181818181818182,0.0181818181818182,1,1,1,FALSE,3691
48,87,"Lingual_R","Temporal_Pole_Mid_R",0.0909090909090909,0.0363636363636364,-0.0545454545454545,0.0545454545454545,0.437644688330618,1,1,FALSE,1083
49,87,"Occipital_Sup_L","Temporal_Pole_Mid_R",0,0,0,0,1,1,1,FALSE,5746
50,87,"Occipital_Sup_R","Temporal_Pole_Mid_R",0.0363636363636364,0,-0.0363636363636364,0.0363636363636364,0.495412844036697,1,1,FALSE,1395
51,87,"Occipital_Mid_L","Temporal_Pole_Mid_R",0.127272727272727,0.0181818181818182,-0.109090909090909,0.109090909090909,0.0604267582571721,1,1,FALSE,152
52,87,"Occipital_Mid_R","Temporal_Pole_Mid_R",0.0363636363636364,0,-0.0363636363636364,0.0363636363636364,0.495412844036697,1,1,FALSE,1403
53,87,"Occipital_Inf_L","Temporal_Pole_Mid_R",0,0.0181818181818182,0.0181818181818182,0.0181818181818182,1,1,1,FALSE,3753
54,87,"Occipital_Inf_R","Temporal_Pole_Mid_R",0.0181818181818182,0,-0.0181818181818182,0.0181818181818182,1,1,1,FALSE,3773
55,87,"Fusiform_L","Temporal_Pole_Mid_R",0.254545454545455,0.109090909090909,-0.145454545454545,0.145454545454545,0.0818260667672139,1,1,FALSE,173
56,87,"Fusiform_R","Temporal_Pole_Mid_R",0.127272727272727,0.0545454545454545,-0.0727272727272727,0.0727272727272727,0.320308493049491,1,1,FALSE,796
57,87,"Postcentral_L","Temporal_Pole_Mid_R",0,0,0,0,1,1,1,FALSE,5873
58,87,"Postcentral_R","Temporal_Pole_Mid_R",0,0.0363636363636364,0.0363636363636364,0.0363636363636364,0.495412844036697,1,1,FALSE,1418
59,87,"Parietal_Sup_L","Temporal_Pole_Mid_R",0.0545454545454545,0,-0.0545454545454545,0.0545454545454545,0.243119266055046,1,1,FALSE,596
60,87,"Parietal_Sup_R","Temporal_Pole_Mid_R",0.0545454545454545,0,-0.0545454545454545,0.0545454545454545,0.243119266055046,1,1,FALSE,597
61,87,"Parietal_Inf_L","Temporal_Pole_Mid_R",0,0,0,0,1,1,1,FALSE,5944
62,87,"Parietal_Inf_R","Temporal_Pole_Mid_R",0,0,0,0,1,1,1,FALSE,5968
63,87,"SupraMarginal_L","Temporal_Pole_Mid_R",0,0,0,0,1,1,1,FALSE,5990
64,87,"SupraMarginal_R","Temporal_Pole_Mid_R",0,0,0,0,1,1,1,FALSE,6015
65,87,"Angular_L","Temporal_Pole_Mid_R",0.0909090909090909,0.0363636363636364,-0.0545454545454545,0.0545454545454545,0.437644688330618,1,1,FALSE,1095
66,87,"Angular_R","Temporal_Pole_Mid_R",0.0545454545454545,0.0181818181818182,-0.0363636363636364,0.0363636363636364,0.618022807167967,1,1,FALSE,1838
67,87,"Precuneus_L","Temporal_Pole_Mid_R",0.0909090909090909,0.0181818181818182,-0.0727272727272727,0.0727272727272727,0.20572996411117,1,1,FALSE,462
68,87,"Precuneus_R","Temporal_Pole_Mid_R",0.145454545454545,0.0727272727272727,-0.0727272727272727,0.0727272727272727,0.359662012889472,1,1,FALSE,876
69,87,"Paracentral_Lobule_L","Temporal_Pole_Mid_R",0,0,0,0,1,1,1,FALSE,6115
70,87,"Paracentral_Lobule_R","Temporal_Pole_Mid_R",0.0909090909090909,0.0181818181818182,-0.0727272727272727,0.0727272727272727,0.20572996411117,1,1,FALSE,463
71,87,"Caudate_L","Temporal_Pole_Mid_R",0,0,0,0,1,1,1,FALSE,6139
72,87,"Caudate_R","Temporal_Pole_Mid_R",0,0,0,0,1,1,1,FALSE,6161
73,87,"Putamen_L","Temporal_Pole_Mid_R",0,0.0181818181818182,0.0181818181818182,0.0181818181818182,1,1,1,FALSE,3965
74,87,"Putamen_R","Temporal_Pole_Mid_R",0,0.0545454545454545,0.0545454545454545,0.0545454545454545,0.243119266055046,1,1,FALSE,611
75,87,"Pallidum_L","Temporal_Pole_Mid_R",0,0,0,0,1,1,1,FALSE,6200
76,87,"Pallidum_R","Temporal_Pole_Mid_R",0,0,0,0,1,1,1,FALSE,6222
77,87,"Thalamus_L","Temporal_Pole_Mid_R",0,0.0181818181818182,0.0181818181818182,0.0181818181818182,1,1,1,FALSE,4007
78,87,"Thalamus_R","Temporal_Pole_Mid_R",0,0.0545454545454545,0.0545454545454545,0.0545454545454545,0.243119266055046,1,1,FALSE,617
79,87,"Heschl_L","Temporal_Pole_Mid_R",0,0,0,0,1,1,1,FALSE,6259
80,87,"Heschl_R","Temporal_Pole_Mid_R",0,0,0,0,1,1,1,FALSE,6282
81,87,"Temporal_Sup_L","Temporal_Pole_Mid_R",0.0909090909090909,0,-0.0909090909090909,0.0909090909090909,0.0568464374517706,1,1,FALSE,136
82,87,"Temporal_Sup_R","Temporal_Pole_Mid_R",0.0727272727272727,0,-0.0727272727272727,0.0727272727272727,0.118151419017406,1,1,FALSE,276
83,87,"Temporal_Pole_Sup_L","Temporal_Pole_Mid_R",0.327272727272727,0.309090909090909,-0.0181818181818182,0.0181818181818182,1,1,1,FALSE,2504
84,87,"Temporal_Pole_Sup_R","Temporal_Pole_Mid_R",0.236363636363636,0.236363636363636,0,0,1,1,1,FALSE,6340
85,87,"Temporal_Mid_L","Temporal_Pole_Mid_R",0.472727272727273,0.327272727272727,-0.145454545454545,0.145454545454545,0.17277783785612,1,1,FALSE,374
86,87,"Temporal_Mid_R","Temporal_Pole_Mid_R",0.618181818181818,0.436363636363636,-0.181818181818182,0.181818181818182,0.0851953059913573,1,1,FALSE,185
1,88,"Precentral_L","Temporal_Inf_L",0.327272727272727,0.309090909090909,-0.0181818181818182,0.0181818181818182,1,1,1,FALSE,2464
2,88,"Precentral_R","Temporal_Inf_L",0.0909090909090909,0.0909090909090909,0,0,1,1,1,FALSE,2612
3,88,"Frontal_Sup_L","Temporal_Inf_L",0.454545454545455,0.381818181818182,-0.0727272727272727,0.0727272727272727,0.562226712944774,1,1,FALSE,1621
4,88,"Frontal_Sup_R","Temporal_Inf_L",0.254545454545455,0.127272727272727,-0.127272727272727,0.127272727272727,0.144378341082457,1,1,FALSE,326
5,88,"Frontal_Sup_Orb_L","Temporal_Inf_L",0.0545454545454545,0.0727272727272727,0.0181818181818182,0.0181818181818182,1,1,1,FALSE,2910
6,88,"Frontal_Sup_Orb_R","Temporal_Inf_L",0.0363636363636364,0,-0.0363636363636364,0.0363636363636364,0.495412844036697,1,1,FALSE,1229
7,88,"Frontal_Mid_L","Temporal_Inf_L",0.309090909090909,0.145454545454545,-0.163636363636364,0.163636363636364,0.0674329509390156,1,1,FALSE,157
8,88,"Frontal_Mid_R","Temporal_Inf_L",0.127272727272727,0,-0.127272727272727,0.127272727272727,0.0127540084026408,1,1,FALSE,31
9,88,"Frontal_Mid_Orb_L","Temporal_Inf_L",0.218181818181818,0.0727272727272727,-0.145454545454545,0.145454545454545,0.0558229326285744,1,1,FALSE,114
10,88,"Frontal_Mid_Orb_R","Temporal_Inf_L",0.0727272727272727,0,-0.0727272727272727,0.0727272727272727,0.118151419017406,1,1,FALSE,240
11,88,"Frontal_Inf_Oper_L","Temporal_Inf_L",0.2,0.109090909090909,-0.0909090909090909,0.0909090909090909,0.291362613125644,1,1,FALSE,731
12,88,"Frontal_Inf_Oper_R","Temporal_Inf_L",0.0545454545454545,0,-0.0545454545454545,0.0545454545454545,0.243119266055046,1,1,FALSE,539
13,88,"Frontal_Inf_Tri_L","Temporal_Inf_L",0.218181818181818,0.254545454545455,0.0363636363636363,0.0363636363636363,0.822773070595087,1,1,FALSE,2340
14,88,"Frontal_Inf_Tri_R","Temporal_Inf_L",0.0727272727272727,0.0181818181818182,-0.0545454545454545,0.0545454545454545,0.363371345279945,1,1,FALSE,911
15,88,"Frontal_Inf_Orb_L","Temporal_Inf_L",0.581818181818182,0.581818181818182,0,0,1,1,1,FALSE,4803
16,88,"Frontal_Inf_Orb_R","Temporal_Inf_L",0.218181818181818,0.109090909090909,-0.109090909090909,0.109090909090909,0.196671123649544,1,1,FALSE,401
17,88,"Rolandic_Oper_L","Temporal_Inf_L",0.0181818181818182,0,-0.0181818181818182,0.0181818181818182,1,1,1,FALSE,3187
18,88,"Rolandic_Oper_R","Temporal_Inf_L",0,0.0181818181818182,0.0181818181818182,0.0181818181818182,1,1,1,FALSE,3206
19,88,"Supp_Motor_Area_L","Temporal_Inf_L",0.127272727272727,0.0909090909090909,-0.0363636363636363,0.0363636363636363,0.761067915257265,1,1,FALSE,2201
20,88,"Supp_Motor_Area_R","Temporal_Inf_L",0.0727272727272727,0.127272727272727,0.0545454545454545,0.0545454545454545,0.526914472209385,1,1,FALSE,1522
21,88,"Olfactory_L","Temporal_Inf_L",0.0181818181818182,0.0727272727272727,0.0545454545454545,0.0545454545454545,0.363371345279945,1,1,FALSE,920
22,88,"Olfactory_R","Temporal_Inf_L",0,0.0363636363636364,0.0363636363636364,0.0363636363636364,0.495412844036697,1,1,FALSE,1296
23,88,"Frontal_Sup_Medial_L","Temporal_Inf_L",0.509090909090909,0.545454545454545,0.0363636363636364,0.0363636363636364,0.848661974684105,1,1,FALSE,2432
24,88,"Frontal_Sup_Medial_R","Temporal_Inf_L",0.509090909090909,0.345454545454545,-0.163636363636364,0.163636363636364,0.122680531454775,1,1,FALSE,290
25,88,"Frontal_Med_Orb_L","Temporal_Inf_L",0.109090909090909,0.163636363636364,0.0545454545454545,0.0545454545454545,0.579713536502793,1,1,FALSE,1659
26,88,"Frontal_Med_Orb_R","Temporal_Inf_L",0.109090909090909,0.218181818181818,0.109090909090909,0.109090909090909,0.196671123649544,1,1,FALSE,403
27,88,"Rectus_L","Temporal_Inf_L",0.236363636363636,0.2,-0.0363636363636363,0.0363636363636363,0.817827202797741,1,1,FALSE,2331
28,88,"Rectus_R","Temporal_Inf_L",0.163636363636364,0.163636363636364,0,0,1,1,1,FALSE,2632
29,88,"Insula_L","Temporal_Inf_L",0.0363636363636364,0.0181818181818182,-0.0181818181818182,0.0181818181818182,1,1,1,FALSE,3419
30,88,"Insula_R","Temporal_Inf_L",0.0181818181818182,0.0181818181818182,0,0,1,1,1,FALSE,5293
31,88,"Cingulum_Ant_L","Temporal_Inf_L",0.0181818181818182,0.0545454545454545,0.0363636363636364,0.0363636363636364,0.618022807167967,1,1,FALSE,1786
32,88,"Cingulum_Ant_R","Temporal_Inf_L",0.0545454545454545,0,-0.0545454545454545,0.0545454545454545,0.243119266055046,1,1,FALSE,564
33,88,"Cingulum_Mid_L","Temporal_Inf_L",0,0.0181818181818182,0.0181818181818182,0.0181818181818182,1,1,1,FALSE,3486
34,88,"Cingulum_Mid_R","Temporal_Inf_L",0.0363636363636364,0.0363636363636364,0,0,1,1,1,FALSE,5398
35,88,"Cingulum_Post_L","Temporal_Inf_L",0.0181818181818182,0.0181818181818182,0,0,1,1,1,FALSE,5443
36,88,"Cingulum_Post_R","Temporal_Inf_L",0.0909090909090909,0.0727272727272727,-0.0181818181818182,0.0181818181818182,1,1,1,FALSE,2737
37,88,"Hippocampus_L","Temporal_Inf_L",0.0909090909090909,0.145454545454545,0.0545454545454545,0.0545454545454545,0.556268985477779,1,1,FALSE,1595
38,88,"Hippocampus_R","Temporal_Inf_L",0.109090909090909,0.163636363636364,0.0545454545454545,0.0545454545454545,0.579713536502793,1,1,FALSE,1662
39,88,"ParaHippocampal_L","Temporal_Inf_L",0.163636363636364,0.290909090909091,0.127272727272727,0.127272727272727,0.171517185683897,1,1,FALSE,371
40,88,"ParaHippocampal_R","Temporal_Inf_L",0,0.0727272727272727,0.0727272727272727,0.0727272727272727,0.118151419017406,1,1,FALSE,262
41,88,"Amygdala_L","Temporal_Inf_L",0,0.0181818181818182,0.0181818181818182,0.0181818181818182,1,1,1,FALSE,3614
42,88,"Amygdala_R","Temporal_Inf_L",0,0.0181818181818182,0.0181818181818182,0.0181818181818182,1,1,1,FALSE,3629
43,88,"Calcarine_L","Temporal_Inf_L",0.0181818181818182,0.0181818181818182,0,0,1,1,1,FALSE,5624
44,88,"Calcarine_R","Temporal_Inf_L",0.0181818181818182,0.0181818181818182,0,0,1,1,1,FALSE,5651
45,88,"Cuneus_L","Temporal_Inf_L",0,0,0,0,1,1,1,FALSE,5673
46,88,"Cuneus_R","Temporal_Inf_L",0.0181818181818182,0,-0.0181818181818182,0.0181818181818182,1,1,1,FALSE,3681
47,88,"Lingual_L","Temporal_Inf_L",0.0727272727272727,0.0181818181818182,-0.0545454545454545,0.0545454545454545,0.363371345279945,1,1,FALSE,949
48,88,"Lingual_R","Temporal_Inf_L",0.0727272727272727,0.0181818181818182,-0.0545454545454545,0.0545454545454545,0.363371345279945,1,1,FALSE,951
49,88,"Occipital_Sup_L","Temporal_Inf_L",0.0909090909090909,0.0727272727272727,-0.0181818181818182,0.0181818181818182,1,1,1,FALSE,2767
50,88,"Occipital_Sup_R","Temporal_Inf_L",0.0363636363636364,0,-0.0363636363636364,0.0363636363636364,0.495412844036697,1,1,FALSE,1396
51,88,"Occipital_Mid_L","Temporal_Inf_L",0.272727272727273,0.418181818181818,0.145454545454545,0.145454545454545,0.160033601442206,1,1,FALSE,349
52,88,"Occipital_Mid_R","Temporal_Inf_L",0.0545454545454545,0,-0.0545454545454545,0.0545454545454545,0.243119266055046,1,1,FALSE,589
53,88,"Occipital_Inf_L","Temporal_Inf_L",0.0909090909090909,0.109090909090909,0.0181818181818182,0.0181818181818182,1,1,1,FALSE,4172
54,88,"Occipital_Inf_R","Temporal_Inf_L",0.0363636363636364,0.0181818181818182,-0.0181818181818182,0.0181818181818182,1,1,1,FALSE,3774
55,88,"Fusiform_L","Temporal_Inf_L",0.363636363636364,0.563636363636364,0.2,0.2,0.055381587373491,1,1,FALSE,113
56,88,"Fusiform_R","Temporal_Inf_L",0.0909090909090909,0.0545454545454545,-0.0363636363636364,0.0363636363636364,0.716092464011574,1,1,FALSE,2119
57,88,"Postcentral_L","Temporal_Inf_L",0.0181818181818182,0.0181818181818182,0,0,1,1,1,FALSE,5874
58,88,"Postcentral_R","Temporal_Inf_L",0.0545454545454545,0.0545454545454545,0,0,1,1,1,FALSE,5891
59,88,"Parietal_Sup_L","Temporal_Inf_L",0.236363636363636,0.127272727272727,-0.109090909090909,0.109090909090909,0.215866654585591,1,1,FALSE,477
60,88,"Parietal_Sup_R","Temporal_Inf_L",0.0545454545454545,0.0363636363636364,-0.0181818181818182,0.0181818181818182,1,1,1,FALSE,3837
61,88,"Parietal_Inf_L","Temporal_Inf_L",0.218181818181818,0.0909090909090909,-0.127272727272727,0.127272727272727,0.11164203105876,1,1,FALSE,210
62,88,"Parietal_Inf_R","Temporal_Inf_L",0.0363636363636364,0,-0.0363636363636364,0.0363636363636364,0.495412844036697,1,1,FALSE,1434
63,88,"SupraMarginal_L","Temporal_Inf_L",0.0363636363636364,0.0181818181818182,-0.0181818181818182,0.0181818181818182,1,1,1,FALSE,3868
64,88,"SupraMarginal_R","Temporal_Inf_L",0.0181818181818182,0.0181818181818182,0,0,1,1,1,FALSE,6016
65,88,"Angular_L","Temporal_Inf_L",0.381818181818182,0.272727272727273,-0.109090909090909,0.109090909090909,0.309644052483336,1,1,FALSE,756
66,88,"Angular_R","Temporal_Inf_L",0.181818181818182,0.0909090909090909,-0.0909090909090909,0.0909090909090909,0.266166492306464,1,1,FALSE,680
67,88,"Precuneus_L","Temporal_Inf_L",0.163636363636364,0.109090909090909,-0.0545454545454545,0.0545454545454545,0.579713536502793,1,1,FALSE,1669
68,88,"Precuneus_R","Temporal_Inf_L",0.218181818181818,0.2,-0.0181818181818182,0.0181818181818182,1,1,1,FALSE,4205
69,88,"Paracentral_Lobule_L","Temporal_Inf_L",0.0545454545454545,0.0181818181818182,-0.0363636363636364,0.0363636363636364,0.618022807167967,1,1,FALSE,1842
70,88,"Paracentral_Lobule_R","Temporal_Inf_L",0.0909090909090909,0.127272727272727,0.0363636363636363,0.0363636363636363,0.761067915257265,1,1,FALSE,2221
71,88,"Caudate_L","Temporal_Inf_L",0.0181818181818182,0,-0.0181818181818182,0.0181818181818182,1,1,1,FALSE,3946
72,88,"Caudate_R","Temporal_Inf_L",0,0,0,0,1,1,1,FALSE,6162
73,88,"Putamen_L","Temporal_Inf_L",0,0,0,0,1,1,1,FALSE,6177
74,88,"Putamen_R","Temporal_Inf_L",0.0181818181818182,0.0181818181818182,0,0,1,1,1,FALSE,6188
75,88,"Pallidum_L","Temporal_Inf_L",0.0181818181818182,0,-0.0181818181818182,0.0181818181818182,1,1,1,FALSE,3989
76,88,"Pallidum_R","Temporal_Inf_L",0,0.0181818181818182,0.0181818181818182,0.0181818181818182,1,1,1,FALSE,4000
77,88,"Thalamus_L","Temporal_Inf_L",0,0.0363636363636364,0.0363636363636364,0.0363636363636364,0.495412844036697,1,1,FALSE,1453
78,88,"Thalamus_R","Temporal_Inf_L",0.0181818181818182,0,-0.0181818181818182,0.0181818181818182,1,1,1,FALSE,4011
79,88,"Heschl_L","Temporal_Inf_L",0,0,0,0,1,1,1,FALSE,6260
80,88,"Heschl_R","Temporal_Inf_L",0,0.0181818181818182,0.0181818181818182,0.0181818181818182,1,1,1,FALSE,4021
81,88,"Temporal_Sup_L","Temporal_Inf_L",0.0545454545454545,0.0727272727272727,0.0181818181818182,0.0181818181818182,1,1,1,FALSE,4029
82,88,"Temporal_Sup_R","Temporal_Inf_L",0.0363636363636364,0.0363636363636364,0,0,1,1,1,FALSE,6315
83,88,"Temporal_Pole_Sup_L","Temporal_Inf_L",0.236363636363636,0.254545454545455,0.0181818181818182,0.0181818181818182,1,1,1,FALSE,4209
84,88,"Temporal_Pole_Sup_R","Temporal_Inf_L",0.0545454545454545,0.0545454545454545,0,0,1,1,1,FALSE,6341
85,88,"Temporal_Mid_L","Temporal_Inf_L",0.781818181818182,0.781818181818182,0,0,1,1,1,FALSE,6349
86,88,"Temporal_Mid_R","Temporal_Inf_L",0.218181818181818,0.254545454545455,0.0363636363636363,0.0363636363636363,0.822773070595087,1,1,FALSE,2348
87,88,"Temporal_Pole_Mid_R","Temporal_Inf_L",0.163636363636364,0.218181818181818,0.0545454545454545,0.0545454545454545,0.628309889660844,1,1,FALSE,1879
1,89,"Precentral_L","Temporal_Inf_R",0.236363636363636,0.2,-0.0363636363636363,0.0363636363636363,0.817827202797741,1,1,FALSE,2326
2,89,"Precentral_R","Temporal_Inf_R",0.6,0.363636363636364,-0.236363636363636,0.236363636363636,0.0216048661139842,1,1,FALSE,46
3,89,"Frontal_Sup_L","Temporal_Inf_R",0.109090909090909,0.0909090909090909,-0.0181818181818182,0.0181818181818182,1,1,1,FALSE,4141
4,89,"Frontal_Sup_R","Temporal_Inf_R",0.418181818181818,0.272727272727273,-0.145454545454545,0.145454545454545,0.160033601442206,1,1,FALSE,346
5,89,"Frontal_Sup_Orb_L","Temporal_Inf_R",0.0181818181818182,0,-0.0181818181818182,0.0181818181818182,1,1,1,FALSE,2911
6,89,"Frontal_Sup_Orb_R","Temporal_Inf_R",0.0909090909090909,0.0181818181818182,-0.0727272727272727,0.0727272727272727,0.20572996411117,1,1,FALSE,435
7,89,"Frontal_Mid_L","Temporal_Inf_R",0.0363636363636364,0.0363636363636364,0,0,1,1,1,FALSE,4457
8,89,"Frontal_Mid_R","Temporal_Inf_R",0.2,0.127272727272727,-0.0727272727272728,0.0727272727272728,0.440163525159517,1,1,FALSE,1107
9,89,"Frontal_Mid_Orb_L","Temporal_Inf_R",0.0363636363636364,0.0363636363636364,0,0,1,1,1,FALSE,4550
10,89,"Frontal_Mid_Orb_R","Temporal_Inf_R",0.127272727272727,0.0545454545454545,-0.0727272727272727,0.0727272727272727,0.320308493049491,1,1,FALSE,776
11,89,"Frontal_Inf_Oper_L","Temporal_Inf_R",0.0363636363636364,0.0545454545454545,0.0181818181818182,0.0181818181818182,1,1,1,FALSE,3036
12,89,"Frontal_Inf_Oper_R","Temporal_Inf_R",0.0909090909090909,0.127272727272727,0.0363636363636363,0.0363636363636363,0.761067915257265,1,1,FALSE,2198
13,89,"Frontal_Inf_Tri_L","Temporal_Inf_R",0.0363636363636364,0.0545454545454545,0.0181818181818182,0.0181818181818182,1,1,1,FALSE,3090
14,89,"Frontal_Inf_Tri_R","Temporal_Inf_R",0.163636363636364,0.272727272727273,0.109090909090909,0.109090909090909,0.248123182456129,1,1,FALSE,646
15,89,"Frontal_Inf_Orb_L","Temporal_Inf_R",0.0727272727272727,0.0727272727272727,0,0,1,1,1,FALSE,4804
16,89,"Frontal_Inf_Orb_R","Temporal_Inf_R",0.163636363636364,0.2,0.0363636363636364,0.0363636363636364,0.805305180298538,1,1,FALSE,2298
17,89,"Rolandic_Oper_L","Temporal_Inf_R",0.0545454545454545,0.0181818181818182,-0.0363636363636364,0.0363636363636364,0.618022807167967,1,1,FALSE,1740
18,89,"Rolandic_Oper_R","Temporal_Inf_R",0.0363636363636364,0.0545454545454545,0.0181818181818182,0.0181818181818182,1,1,1,FALSE,3207
19,89,"Supp_Motor_Area_L","Temporal_Inf_R",0,0.0363636363636364,0.0363636363636364,0.0363636363636364,0.495412844036697,1,1,FALSE,1285
20,89,"Supp_Motor_Area_R","Temporal_Inf_R",0.218181818181818,0.236363636363636,0.0181818181818182,0.0181818181818182,1,1,1,FALSE,2708
21,89,"Olfactory_L","Temporal_Inf_R",0,0.0181818181818182,0.0181818181818182,0.0181818181818182,1,1,1,FALSE,3257
22,89,"Olfactory_R","Temporal_Inf_R",0,0.0181818181818182,0.0181818181818182,0.0181818181818182,1,1,1,FALSE,3285
23,89,"Frontal_Sup_Medial_L","Temporal_Inf_R",0.0909090909090909,0.109090909090909,0.0181818181818182,0.0181818181818182,1,1,1,FALSE,4154
24,89,"Frontal_Sup_Medial_R","Temporal_Inf_R",0.272727272727273,0.163636363636364,-0.109090909090909,0.109090909090909,0.248123182456129,1,1,FALSE,647
25,89,"Frontal_Med_Orb_L","Temporal_Inf_R",0.0909090909090909,0.0363636363636364,-0.0545454545454545,0.0545454545454545,0.437644688330618,1,1,FALSE,1070
26,89,"Frontal_Med_Orb_R","Temporal_Inf_R",0.109090909090909,0.127272727272727,0.0181818181818182,0.0181818181818182,1,1,1,FALSE,2514
27,89,"Rectus_L","Temporal_Inf_R",0.145454545454545,0.0909090909090909,-0.0545454545454545,0.0545454545454545,0.556268985477779,1,1,FALSE,1592
28,89,"Rectus_R","Temporal_Inf_R",0.181818181818182,0.0727272727272727,-0.109090909090909,0.109090909090909,0.150781180042215,1,1,FALSE,335
29,89,"Insula_L","Temporal_Inf_R",0.0181818181818182,0.0363636363636364,0.0181818181818182,0.0181818181818182,1,1,1,FALSE,3420
30,89,"Insula_R","Temporal_Inf_R",0.0363636363636364,0.109090909090909,0.0727272727272727,0.0727272727272727,0.270576022922045,1,1,FALSE,697
31,89,"Cingulum_Ant_L","Temporal_Inf_R",0.0727272727272727,0,-0.0727272727272727,0.0727272727272727,0.118151419017406,1,1,FALSE,254
32,89,"Cingulum_Ant_R","Temporal_Inf_R",0.0727272727272727,0,-0.0727272727272727,0.0727272727272727,0.118151419017406,1,1,FALSE,255
33,89,"Cingulum_Mid_L","Temporal_Inf_R",0.0181818181818182,0.0363636363636364,0.0181818181818182,0.0181818181818182,1,1,1,FALSE,3487
34,89,"Cingulum_Mid_R","Temporal_Inf_R",0.0727272727272727,0.0545454545454545,-0.0181818181818182,0.0181818181818182,1,1,1,FALSE,3501
35,89,"Cingulum_Post_L","Temporal_Inf_R",0,0.0181818181818182,0.0181818181818182,0.0181818181818182,1,1,1,FALSE,3517
36,89,"Cingulum_Post_R","Temporal_Inf_R",0.0181818181818182,0.0181818181818182,0,0,1,1,1,FALSE,5481
37,89,"Hippocampus_L","Temporal_Inf_R",0.163636363636364,0.181818181818182,0.0181818181818182,0.0181818181818182,1,1,1,FALSE,2741
38,89,"Hippocampus_R","Temporal_Inf_R",0.309090909090909,0.527272727272727,0.218181818181818,0.218181818181818,0.0329596218875829,1,1,FALSE,83
39,89,"ParaHippocampal_L","Temporal_Inf_R",0.163636363636364,0.254545454545455,0.0909090909090909,0.0909090909090909,0.34855177578558,1,1,FALSE,847
40,89,"ParaHippocampal_R","Temporal_Inf_R",0.0545454545454545,0.127272727272727,0.0727272727272727,0.0727272727272727,0.320308493049491,1,1,FALSE,789
41,89,"Amygdala_L","Temporal_Inf_R",0.0363636363636364,0.0909090909090909,0.0545454545454545,0.0545454545454545,0.437644688330618,1,1,FALSE,1080
42,89,"Amygdala_R","Temporal_Inf_R",0.0909090909090909,0.127272727272727,0.0363636363636363,0.0363636363636363,0.761067915257265,1,1,FALSE,2216
43,89,"Calcarine_L","Temporal_Inf_R",0.0909090909090909,0.0363636363636364,-0.0545454545454545,0.0545454545454545,0.437644688330618,1,1,FALSE,1082
44,89,"Calcarine_R","Temporal_Inf_R",0.145454545454545,0.109090909090909,-0.0363636363636364,0.0363636363636364,0.775847219468156,1,1,FALSE,2258
45,89,"Cuneus_L","Temporal_Inf_R",0.0909090909090909,0,-0.0909090909090909,0.0909090909090909,0.0568464374517706,1,1,FALSE,130
46,89,"Cuneus_R","Temporal_Inf_R",0.145454545454545,0.0727272727272727,-0.0727272727272727,0.0727272727272727,0.359662012889472,1,1,FALSE,873
47,89,"Lingual_L","Temporal_Inf_R",0.163636363636364,0.163636363636364,0,0,1,1,1,FALSE,2649
48,89,"Lingual_R","Temporal_Inf_R",0.381818181818182,0.290909090909091,-0.0909090909090909,0.0909090909090909,0.419755829539315,1,1,FALSE,1034
49,89,"Occipital_Sup_L","Temporal_Inf_R",0.418181818181818,0.218181818181818,-0.2,0.2,0.0398703924662542,1,1,FALSE,89
50,89,"Occipital_Sup_R","Temporal_Inf_R",0.236363636363636,0.0727272727272727,-0.163636363636364,0.163636363636364,0.0325649749493304,1,1,FALSE,81
51,89,"Occipital_Mid_L","Temporal_Inf_R",0.636363636363636,0.6,-0.0363636363636364,0.0363636363636364,0.844559971809837,1,1,FALSE,2404
52,89,"Occipital_Mid_R","Temporal_Inf_R",0.581818181818182,0.454545454545455,-0.127272727272727,0.127272727272727,0.252156681343796,1,1,FALSE,657
53,89,"Occipital_Inf_L","Temporal_Inf_R",0.690909090909091,0.6,-0.0909090909090909,0.0909090909090909,0.42551401227077,1,1,FALSE,1040
54,89,"Occipital_Inf_R","Temporal_Inf_R",0.345454545454545,0.272727272727273,-0.0727272727272728,0.0727272727272728,0.536292874311636,1,1,FALSE,1564
55,89,"Fusiform_L","Temporal_Inf_R",0.8,0.763636363636364,-0.0363636363636364,0.0363636363636364,0.817827202797741,1,1,FALSE,2325
56,89,"Fusiform_R","Temporal_Inf_R",0.654545454545455,0.527272727272727,-0.127272727272727,0.127272727272727,0.244489387093407,1,1,FALSE,636
57,89,"Postcentral_L","Temporal_Inf_R",0.0909090909090909,0.127272727272727,0.0363636363636363,0.0363636363636363,0.761067915257265,1,1,FALSE,2218
58,89,"Postcentral_R","Temporal_Inf_R",0.145454545454545,0.2,0.0545454545454546,0.0545454545454546,0.614842856677542,1,1,FALSE,1697
59,89,"Parietal_Sup_L","Temporal_Inf_R",0.509090909090909,0.236363636363636,-0.272727272727273,0.272727272727273,0.00545516386491214,1,1,FALSE,11
60,89,"Parietal_Sup_R","Temporal_Inf_R",0.563636363636364,0.272727272727273,-0.290909090909091,0.290909090909091,0.00352267888705999,1,1,FALSE,7
61,89,"Parietal_Inf_L","Temporal_Inf_R",0.218181818181818,0.0909090909090909,-0.127272727272727,0.127272727272727,0.11164203105876,1,1,FALSE,211
62,89,"Parietal_Inf_R","Temporal_Inf_R",0.254545454545455,0.109090909090909,-0.145454545454545,0.145454545454545,0.0818260667672139,1,1,FALSE,174
63,89,"SupraMarginal_L","Temporal_Inf_R",0.0181818181818182,0.0363636363636364,0.0181818181818182,0.0181818181818182,1,1,1,FALSE,3869
64,89,"SupraMarginal_R","Temporal_Inf_R",0.0363636363636364,0.0181818181818182,-0.0181818181818182,0.0181818181818182,1,1,1,FALSE,3876
65,89,"Angular_L","Temporal_Inf_R",0.0363636363636364,0.0181818181818182,-0.0181818181818182,0.0181818181818182,1,1,1,FALSE,3890
66,89,"Angular_R","Temporal_Inf_R",0.290909090909091,0.290909090909091,0,0,1,1,1,FALSE,2655
67,89,"Precuneus_L","Temporal_Inf_R",0.254545454545455,0.0909090909090909,-0.163636363636364,0.163636363636364,0.0416138904217009,1,1,FALSE,90
68,89,"Precuneus_R","Temporal_Inf_R",0.327272727272727,0.2,-0.127272727272727,0.127272727272727,0.193700866273564,1,1,FALSE,399
69,89,"Paracentral_Lobule_L","Temporal_Inf_R",0.0181818181818182,0.0545454545454545,0.0363636363636364,0.0363636363636364,0.618022807167967,1,1,FALSE,1843
70,89,"Paracentral_Lobule_R","Temporal_Inf_R",0.254545454545455,0.218181818181818,-0.0363636363636363,0.0363636363636363,0.822773070595087,1,1,FALSE,2347
71,89,"Caudate_L","Temporal_Inf_R",0,0.0363636363636364,0.0363636363636364,0.0363636363636364,0.495412844036697,1,1,FALSE,1446
72,89,"Caudate_R","Temporal_Inf_R",0,0.0181818181818182,0.0181818181818182,0.0181818181818182,1,1,1,FALSE,3955
73,89,"Putamen_L","Temporal_Inf_R",0.0181818181818182,0,-0.0181818181818182,0.0181818181818182,1,1,1,FALSE,3966
74,89,"Putamen_R","Temporal_Inf_R",0.0545454545454545,0.0727272727272727,0.0181818181818182,0.0181818181818182,1,1,1,FALSE,3981
75,89,"Pallidum_L","Temporal_Inf_R",0.0181818181818182,0.0545454545454545,0.0363636363636364,0.0363636363636364,0.618022807167967,1,1,FALSE,1849
76,89,"Pallidum_R","Temporal_Inf_R",0,0,0,0,1,1,1,FALSE,6223
77,89,"Thalamus_L","Temporal_Inf_R",0.0181818181818182,0.0545454545454545,0.0363636363636364,0.0363636363636364,0.618022807167967,1,1,FALSE,1853
78,89,"Thalamus_R","Temporal_Inf_R",0.0545454545454545,0.109090909090909,0.0545454545454545,0.0545454545454545,0.488966435220834,1,1,FALSE,1187
79,89,"Heschl_L","Temporal_Inf_R",0,0,0,0,1,1,1,FALSE,6261
80,89,"Heschl_R","Temporal_Inf_R",0.0363636363636364,0.0545454545454545,0.0181818181818182,0.0181818181818182,1,1,1,FALSE,4022
81,89,"Temporal_Sup_L","Temporal_Inf_R",0.163636363636364,0.109090909090909,-0.0545454545454545,0.0545454545454545,0.579713536502793,1,1,FALSE,1672
82,89,"Temporal_Sup_R","Temporal_Inf_R",0.109090909090909,0.0727272727272727,-0.0363636363636364,0.0363636363636364,0.741953348477847,1,1,FALSE,2185
83,89,"Temporal_Pole_Sup_L","Temporal_Inf_R",0.127272727272727,0.0909090909090909,-0.0363636363636363,0.0363636363636363,0.761067915257265,1,1,FALSE,2224
84,89,"Temporal_Pole_Sup_R","Temporal_Inf_R",0.2,0.109090909090909,-0.0909090909090909,0.0909090909090909,0.291362613125644,1,1,FALSE,738
85,89,"Temporal_Mid_L","Temporal_Inf_R",0.363636363636364,0.254545454545455,-0.109090909090909,0.109090909090909,0.302253330032413,1,1,FALSE,750
86,89,"Temporal_Mid_R","Temporal_Inf_R",0.6,0.654545454545455,0.0545454545454546,0.0545454545454546,0.69356108728225,1,1,FALSE,2041
87,89,"Temporal_Pole_Mid_R","Temporal_Inf_R",0.4,0.236363636363636,-0.163636363636364,0.163636363636364,0.100811077863969,1,1,FALSE,201
88,89,"Temporal_Inf_L","Temporal_Inf_R",0.618181818181818,0.636363636363636,0.0181818181818182,0.0181818181818182,1,1,1,FALSE,2812
1,90,"Precentral_L","Cerebelum_Crus1_L",0.163636363636364,0.236363636363636,0.0727272727272727,0.0727272727272727,0.475179132592278,1,1,FALSE,1149
2,90,"Precentral_R","Cerebelum_Crus1_L",0.363636363636364,0.381818181818182,0.0181818181818182,0.0181818181818182,1,1,1,FALSE,2563
3,90,"Frontal_Sup_L","Cerebelum_Crus1_L",0.254545454545455,0.272727272727273,0.0181818181818182,0.0181818181818182,1,1,1,FALSE,2674
4,90,"Frontal_Sup_R","Cerebelum_Crus1_L",0.4,0.272727272727273,-0.127272727272727,0.127272727272727,0.225749365202591,1,1,FALSE,484
5,90,"Frontal_Sup_Orb_L","Cerebelum_Crus1_L",0.0909090909090909,0.0909090909090909,0,0,1,1,1,FALSE,2619
6,90,"Frontal_Sup_Orb_R","Cerebelum_Crus1_L",0.0909090909090909,0.0363636363636364,-0.0545454545454545,0.0545454545454545,0.437644688330618,1,1,FALSE,1054
7,90,"Frontal_Mid_L","Cerebelum_Crus1_L",0.218181818181818,0.290909090909091,0.0727272727272727,0.0727272727272727,0.511878601663095,1,1,FALSE,1498
8,90,"Frontal_Mid_R","Cerebelum_Crus1_L",0.490909090909091,0.381818181818182,-0.109090909090909,0.109090909090909,0.336467177834293,1,1,FALSE,835
9,90,"Frontal_Mid_Orb_L","Cerebelum_Crus1_L",0.0545454545454545,0.0545454545454545,0,0,1,1,1,FALSE,4551
10,90,"Frontal_Mid_Orb_R","Cerebelum_Crus1_L",0.290909090909091,0.109090909090909,-0.181818181818182,0.181818181818182,0.0303785782292841,1,1,FALSE,74
11,90,"Frontal_Inf_Oper_L","Cerebelum_Crus1_L",0.0545454545454545,0,-0.0545454545454545,0.0545454545454545,0.243119266055046,1,1,FALSE,537
12,90,"Frontal_Inf_Oper_R","Cerebelum_Crus1_L",0.109090909090909,0.109090909090909,0,0,1,1,1,FALSE,4693
13,90,"Frontal_Inf_Tri_L","Cerebelum_Crus1_L",0.0363636363636364,0,-0.0363636363636364,0.0363636363636364,0.495412844036697,1,1,FALSE,1258
14,90,"Frontal_Inf_Tri_R","Cerebelum_Crus1_L",0.218181818181818,0.236363636363636,0.0181818181818182,0.0181818181818182,1,1,1,FALSE,2696
15,90,"Frontal_Inf_Orb_L","Cerebelum_Crus1_L",0.0909090909090909,0.0363636363636364,-0.0545454545454545,0.0545454545454545,0.437644688330618,1,1,FALSE,1063
16,90,"Frontal_Inf_Orb_R","Cerebelum_Crus1_L",0.163636363636364,0.145454545454545,-0.0181818181818182,0.0181818181818182,1,1,1,FALSE,2475
17,90,"Rolandic_Oper_L","Cerebelum_Crus1_L",0,0,0,0,1,1,1,FALSE,4875
18,90,"Rolandic_Oper_R","Cerebelum_Crus1_L",0,0,0,0,1,1,1,FALSE,4917
19,90,"Supp_Motor_Area_L","Cerebelum_Crus1_L",0.0727272727272727,0.0545454545454545,-0.0181818181818182,0.0181818181818182,1,1,1,FALSE,3229
20,90,"Supp_Motor_Area_R","Cerebelum_Crus1_L",0.490909090909091,0.672727272727273,0.181818181818182,0.181818181818182,0.0814057258101877,1,1,FALSE,170
21,90,"Olfactory_L","Cerebelum_Crus1_L",0,0.0181818181818182,0.0181818181818182,0.0181818181818182,1,1,1,FALSE,3258
22,90,"Olfactory_R","Cerebelum_Crus1_L",0.0181818181818182,0.0181818181818182,0,0,1,1,1,FALSE,5048
23,90,"Frontal_Sup_Medial_L","Cerebelum_Crus1_L",0.0545454545454545,0.0909090909090909,0.0363636363636364,0.0363636363636364,0.716092464011574,1,1,FALSE,2094
24,90,"Frontal_Sup_Medial_R","Cerebelum_Crus1_L",0.2,0.345454545454545,0.145454545454545,0.145454545454545,0.133255914778552,1,1,FALSE,320
25,90,"Frontal_Med_Orb_L","Cerebelum_Crus1_L",0,0.0363636363636364,0.0363636363636364,0.0363636363636364,0.495412844036697,1,1,FALSE,1316
26,90,"Frontal_Med_Orb_R","Cerebelum_Crus1_L",0.0363636363636364,0.0181818181818182,-0.0181818181818182,0.0181818181818182,1,1,1,FALSE,3356
27,90,"Rectus_L","Cerebelum_Crus1_L",0.0181818181818182,0.0545454545454545,0.0363636363636364,0.0363636363636364,0.618022807167967,1,1,FALSE,1769
28,90,"Rectus_R","Cerebelum_Crus1_L",0.0363636363636364,0.0181818181818182,-0.0181818181818182,0.0181818181818182,1,1,1,FALSE,3400
29,90,"Insula_L","Cerebelum_Crus1_L",0,0.0545454545454545,0.0545454545454545,0.0545454545454545,0.243119266055046,1,1,FALSE,561
30,90,"Insula_R","Cerebelum_Crus1_L",0.0727272727272727,0.0363636363636364,-0.0363636363636364,0.0363636363636364,0.678654107617496,1,1,FALSE,1975
31,90,"Cingulum_Ant_L","Cerebelum_Crus1_L",0,0.0545454545454545,0.0545454545454545,0.0545454545454545,0.243119266055046,1,1,FALSE,563
32,90,"Cingulum_Ant_R","Cerebelum_Crus1_L",0.0545454545454545,0.0909090909090909,0.0363636363636364,0.0363636363636364,0.716092464011574,1,1,FALSE,2103
33,90,"Cingulum_Mid_L","Cerebelum_Crus1_L",0.0363636363636364,0.0545454545454545,0.0181818181818182,0.0181818181818182,1,1,1,FALSE,3488
34,90,"Cingulum_Mid_R","Cerebelum_Crus1_L",0.2,0.327272727272727,0.127272727272727,0.127272727272727,0.193700866273564,1,1,FALSE,397
35,90,"Cingulum_Post_L","Cerebelum_Crus1_L",0,0.0181818181818182,0.0181818181818182,0.0181818181818182,1,1,1,FALSE,3518
36,90,"Cingulum_Post_R","Cerebelum_Crus1_L",0.0909090909090909,0.0727272727272727,-0.0181818181818182,0.0181818181818182,1,1,1,FALSE,2738
37,90,"Hippocampus_L","Cerebelum_Crus1_L",0.0545454545454545,0.127272727272727,0.0727272727272727,0.0727272727272727,0.320308493049491,1,1,FALSE,787
38,90,"Hippocampus_R","Cerebelum_Crus1_L",0.163636363636364,0.163636363636364,0,0,1,1,1,FALSE,2642
39,90,"ParaHippocampal_L","Cerebelum_Crus1_L",0.0727272727272727,0.0909090909090909,0.0181818181818182,0.0181818181818182,1,1,1,FALSE,2744
40,90,"ParaHippocampal_R","Cerebelum_Crus1_L",0.0727272727272727,0.0545454545454545,-0.0181818181818182,0.0181818181818182,1,1,1,FALSE,3598
41,90,"Amygdala_L","Cerebelum_Crus1_L",0.0363636363636364,0,-0.0363636363636364,0.0363636363636364,0.495412844036697,1,1,FALSE,1370
42,90,"Amygdala_R","Cerebelum_Crus1_L",0.0363636363636364,0.0545454545454545,0.0181818181818182,0.0181818181818182,1,1,1,FALSE,3630
43,90,"Calcarine_L","Cerebelum_Crus1_L",0.454545454545455,0.472727272727273,0.0181818181818182,0.0181818181818182,1,1,1,FALSE,2589
44,90,"Calcarine_R","Cerebelum_Crus1_L",0.254545454545455,0.381818181818182,0.127272727272727,0.127272727272727,0.219107702459532,1,1,FALSE,480
45,90,"Cuneus_L","Cerebelum_Crus1_L",0.163636363636364,0.127272727272727,-0.0363636363636364,0.0363636363636364,0.78764473423299,1,1,FALSE,2272
46,90,"Cuneus_R","Cerebelum_Crus1_L",0.272727272727273,0.218181818181818,-0.0545454545454545,0.0545454545454545,0.658205207576239,1,1,FALSE,1910
47,90,"Lingual_L","Cerebelum_Crus1_L",0.563636363636364,0.690909090909091,0.127272727272727,0.127272727272727,0.236607050976407,1,1,FALSE,493
48,90,"Lingual_R","Cerebelum_Crus1_L",0.818181818181818,0.836363636363636,0.0181818181818181,0.0181818181818181,1,1,1,FALSE,4218
49,90,"Occipital_Sup_L","Cerebelum_Crus1_L",0.454545454545455,0.490909090909091,0.0363636363636364,0.0363636363636364,0.848661974684105,1,1,FALSE,2430
50,90,"Occipital_Sup_R","Cerebelum_Crus1_L",0.454545454545455,0.345454545454545,-0.109090909090909,0.109090909090909,0.330543246178152,1,1,FALSE,817
51,90,"Occipital_Mid_L","Cerebelum_Crus1_L",0.545454545454545,0.618181818181818,0.0727272727272728,0.0727272727272728,0.562226712944774,1,1,FALSE,1619
52,90,"Occipital_Mid_R","Cerebelum_Crus1_L",0.6,0.509090909090909,-0.0909090909090909,0.0909090909090909,0.44304703086807,1,1,FALSE,1122
53,90,"Occipital_Inf_L","Cerebelum_Crus1_L",0.636363636363636,0.654545454545455,0.0181818181818182,0.0181818181818182,1,1,1,FALSE,2493
54,90,"Occipital_Inf_R","Cerebelum_Crus1_L",0.509090909090909,0.454545454545455,-0.0545454545454545,0.0545454545454545,0.702929061416947,1,1,FALSE,2065
55,90,"Fusiform_L","Cerebelum_Crus1_L",0.290909090909091,0.418181818181818,0.127272727272727,0.127272727272727,0.231567948452208,1,1,FALSE,489
56,90,"Fusiform_R","Cerebelum_Crus1_L",0.472727272727273,0.418181818181818,-0.0545454545454546,0.0545454545454546,0.70142727427979,1,1,FALSE,2060
57,90,"Postcentral_L","Cerebelum_Crus1_L",0.0181818181818182,0.0545454545454545,0.0363636363636364,0.0363636363636364,0.618022807167967,1,1,FALSE,1828
58,90,"Postcentral_R","Cerebelum_Crus1_L",0.0727272727272727,0.127272727272727,0.0545454545454545,0.0545454545454545,0.526914472209385,1,1,FALSE,1539
59,90,"Parietal_Sup_L","Cerebelum_Crus1_L",0.2,0.290909090909091,0.0909090909090909,0.0909090909090909,0.375760828720635,1,1,FALSE,975
60,90,"Parietal_Sup_R","Cerebelum_Crus1_L",0.363636363636364,0.309090909090909,-0.0545454545454546,0.0545454545454546,0.686800021626334,1,1,FALSE,2032
61,90,"Parietal_Inf_L","Cerebelum_Crus1_L",0.109090909090909,0.0909090909090909,-0.0181818181818182,0.0181818181818182,1,1,1,FALSE,4176
62,90,"Parietal_Inf_R","Cerebelum_Crus1_L",0.181818181818182,0.0909090909090909,-0.0909090909090909,0.0909090909090909,0.266166492306464,1,1,FALSE,679
63,90,"SupraMarginal_L","Cerebelum_Crus1_L",0.0181818181818182,0,-0.0181818181818182,0.0181818181818182,1,1,1,FALSE,3870
64,90,"SupraMarginal_R","Cerebelum_Crus1_L",0.0363636363636364,0.0363636363636364,0,0,1,1,1,FALSE,6017
65,90,"Angular_L","Cerebelum_Crus1_L",0.0363636363636364,0.0363636363636364,0,0,1,1,1,FALSE,6040
66,90,"Angular_R","Cerebelum_Crus1_L",0.127272727272727,0.0545454545454545,-0.0727272727272727,0.0727272727272727,0.320308493049491,1,1,FALSE,797
67,90,"Precuneus_L","Cerebelum_Crus1_L",0.254545454545455,0.181818181818182,-0.0727272727272727,0.0727272727272727,0.489151806446811,1,1,FALSE,1197
68,90,"Precuneus_R","Cerebelum_Crus1_L",0.363636363636364,0.381818181818182,0.0181818181818182,0.0181818181818182,1,1,1,FALSE,2602
69,90,"Paracentral_Lobule_L","Cerebelum_Crus1_L",0.0181818181818182,0.0363636363636364,0.0181818181818182,0.0181818181818182,1,1,1,FALSE,3930
70,90,"Paracentral_Lobule_R","Cerebelum_Crus1_L",0.236363636363636,0.254545454545455,0.0181818181818182,0.0181818181818182,1,1,1,FALSE,4206
71,90,"Caudate_L","Cerebelum_Crus1_L",0.0545454545454545,0.0181818181818182,-0.0363636363636364,0.0363636363636364,0.618022807167967,1,1,FALSE,1844
72,90,"Caudate_R","Cerebelum_Crus1_L",0.0363636363636364,0,-0.0363636363636364,0.0363636363636364,0.495412844036697,1,1,FALSE,1448
73,90,"Putamen_L","Cerebelum_Crus1_L",0.0181818181818182,0.0181818181818182,0,0,1,1,1,FALSE,6178
74,90,"Putamen_R","Cerebelum_Crus1_L",0.0363636363636364,0.0727272727272727,0.0363636363636364,0.0363636363636364,0.678654107617496,1,1,FALSE,2012
75,90,"Pallidum_L","Cerebelum_Crus1_L",0.0181818181818182,0.0181818181818182,0,0,1,1,1,FALSE,6201
76,90,"Pallidum_R","Cerebelum_Crus1_L",0,0.0181818181818182,0.0181818181818182,0.0181818181818182,1,1,1,FALSE,4001
77,90,"Thalamus_L","Cerebelum_Crus1_L",0.0363636363636364,0.127272727272727,0.0909090909090909,0.0909090909090909,0.16138081677265,1,1,FALSE,366
78,90,"Thalamus_R","Cerebelum_Crus1_L",0.145454545454545,0.236363636363636,0.0909090909090909,0.0909090909090909,0.332035164028184,1,1,FALSE,827
79,90,"Heschl_L","Cerebelum_Crus1_L",0,0.0181818181818182,0.0181818181818182,0.0181818181818182,1,1,1,FALSE,4015
80,90,"Heschl_R","Cerebelum_Crus1_L",0,0,0,0,1,1,1,FALSE,6283
81,90,"Temporal_Sup_L","Cerebelum_Crus1_L",0.0909090909090909,0.0545454545454545,-0.0363636363636364,0.0363636363636364,0.716092464011574,1,1,FALSE,2124
82,90,"Temporal_Sup_R","Cerebelum_Crus1_L",0.0363636363636364,0.0363636363636364,0,0,1,1,1,FALSE,6316
83,90,"Temporal_Pole_Sup_L","Cerebelum_Crus1_L",0.0545454545454545,0.0909090909090909,0.0363636363636364,0.0363636363636364,0.716092464011574,1,1,FALSE,2125
84,90,"Temporal_Pole_Sup_R","Cerebelum_Crus1_L",0.2,0.109090909090909,-0.0909090909090909,0.0909090909090909,0.291362613125644,1,1,FALSE,739
85,90,"Temporal_Mid_L","Cerebelum_Crus1_L",0.0545454545454545,0.109090909090909,0.0545454545454545,0.0545454545454545,0.488966435220834,1,1,FALSE,1189
86,90,"Temporal_Mid_R","Cerebelum_Crus1_L",0.127272727272727,0.127272727272727,0,0,1,1,1,FALSE,2556
87,90,"Temporal_Pole_Mid_R","Cerebelum_Crus1_L",0.0181818181818182,0.0181818181818182,0,0,1,1,1,FALSE,6371
88,90,"Temporal_Inf_L","Cerebelum_Crus1_L",0.127272727272727,0.163636363636364,0.0363636363636364,0.0363636363636364,0.78764473423299,1,1,FALSE,2277
89,90,"Temporal_Inf_R","Cerebelum_Crus1_L",0.618181818181818,0.436363636363636,-0.181818181818182,0.181818181818182,0.0851953059913573,1,1,FALSE,186
1,91,"Precentral_L","Cerebelum_Crus1_R",0.254545454545455,0.327272727272727,0.0727272727272728,0.0727272727272728,0.529223317330229,1,1,FALSE,1548
2,91,"Precentral_R","Cerebelum_Crus1_R",0.163636363636364,0.127272727272727,-0.0363636363636364,0.0363636363636364,0.78764473423299,1,1,FALSE,2265
3,91,"Frontal_Sup_L","Cerebelum_Crus1_R",0.6,0.490909090909091,-0.109090909090909,0.109090909090909,0.338408523062595,1,1,FALSE,840
4,91,"Frontal_Sup_R","Cerebelum_Crus1_R",0.163636363636364,0.127272727272727,-0.0363636363636364,0.0363636363636364,0.78764473423299,1,1,FALSE,2266
5,91,"Frontal_Sup_Orb_L","Cerebelum_Crus1_R",0.163636363636364,0.2,0.0363636363636364,0.0363636363636364,0.805305180298538,1,1,FALSE,2297
6,91,"Frontal_Sup_Orb_R","Cerebelum_Crus1_R",0.0363636363636364,0.0363636363636364,0,0,1,1,1,FALSE,4411
7,91,"Frontal_Mid_L","Cerebelum_Crus1_R",0.509090909090909,0.490909090909091,-0.0181818181818181,0.0181818181818181,1,1,1,FALSE,4213
8,91,"Frontal_Mid_R","Cerebelum_Crus1_R",0.272727272727273,0.109090909090909,-0.163636363636364,0.163636363636364,0.0505499296095926,1,1,FALSE,101
9,91,"Frontal_Mid_Orb_L","Cerebelum_Crus1_R",0.0909090909090909,0.127272727272727,0.0363636363636363,0.0363636363636363,0.761067915257265,1,1,FALSE,2196
10,91,"Frontal_Mid_Orb_R","Cerebelum_Crus1_R",0.0909090909090909,0.0181818181818182,-0.0727272727272727,0.0727272727272727,0.20572996411117,1,1,FALSE,436
11,91,"Frontal_Inf_Oper_L","Cerebelum_Crus1_R",0.109090909090909,0.145454545454545,0.0363636363636364,0.0363636363636364,0.775847219468156,1,1,FALSE,2248
12,91,"Frontal_Inf_Oper_R","Cerebelum_Crus1_R",0.0363636363636364,0.0181818181818182,-0.0181818181818182,0.0181818181818182,1,1,1,FALSE,3066
13,91,"Frontal_Inf_Tri_L","Cerebelum_Crus1_R",0.109090909090909,0.127272727272727,0.0181818181818182,0.0181818181818182,1,1,1,FALSE,2511
14,91,"Frontal_Inf_Tri_R","Cerebelum_Crus1_R",0.0181818181818182,0.0181818181818182,0,0,1,1,1,FALSE,4772
15,91,"Frontal_Inf_Orb_L","Cerebelum_Crus1_R",0.218181818181818,0.272727272727273,0.0545454545454545,0.0545454545454545,0.658205207576239,1,1,FALSE,1905
16,91,"Frontal_Inf_Orb_R","Cerebelum_Crus1_R",0.0909090909090909,0.0545454545454545,-0.0363636363636364,0.0363636363636364,0.716092464011574,1,1,FALSE,2083
17,91,"Rolandic_Oper_L","Cerebelum_Crus1_R",0,0.0181818181818182,0.0181818181818182,0.0181818181818182,1,1,1,FALSE,3188
18,91,"Rolandic_Oper_R","Cerebelum_Crus1_R",0,0.0181818181818182,0.0181818181818182,0.0181818181818182,1,1,1,FALSE,3208
19,91,"Supp_Motor_Area_L","Cerebelum_Crus1_R",0.2,0.254545454545455,0.0545454545454545,0.0545454545454545,0.649667697687963,1,1,FALSE,1896
20,91,"Supp_Motor_Area_R","Cerebelum_Crus1_R",0.454545454545455,0.527272727272727,0.0727272727272727,0.0727272727272727,0.567423019256256,1,1,FALSE,1646
21,91,"Olfactory_L","Cerebelum_Crus1_R",0,0,0,0,1,1,1,FALSE,5006
22,91,"Olfactory_R","Cerebelum_Crus1_R",0,0,0,0,1,1,1,FALSE,5049
23,91,"Frontal_Sup_Medial_L","Cerebelum_Crus1_R",0.163636363636364,0.254545454545455,0.0909090909090909,0.0909090909090909,0.34855177578558,1,1,FALSE,845
24,91,"Frontal_Sup_Medial_R","Cerebelum_Crus1_R",0.236363636363636,0.345454545454545,0.109090909090909,0.109090909090909,0.293858798315081,1,1,FALSE,744
25,91,"Frontal_Med_Orb_L","Cerebelum_Crus1_R",0.0545454545454545,0.0909090909090909,0.0363636363636364,0.0363636363636364,0.716092464011574,1,1,FALSE,2097
26,91,"Frontal_Med_Orb_R","Cerebelum_Crus1_R",0.0181818181818182,0.0181818181818182,0,0,1,1,1,FALSE,5175
27,91,"Rectus_L","Cerebelum_Crus1_R",0.0545454545454545,0.0909090909090909,0.0363636363636364,0.0363636363636364,0.716092464011574,1,1,FALSE,2099
28,91,"Rectus_R","Cerebelum_Crus1_R",0.0545454545454545,0.0545454545454545,0,0,1,1,1,FALSE,5249
29,91,"Insula_L","Cerebelum_Crus1_R",0.0181818181818182,0.0909090909090909,0.0727272727272727,0.0727272727272727,0.20572996411117,1,1,FALSE,444
30,91,"Insula_R","Cerebelum_Crus1_R",0,0.0181818181818182,0.0181818181818182,0.0181818181818182,1,1,1,FALSE,3437
31,91,"Cingulum_Ant_L","Cerebelum_Crus1_R",0,0.0909090909090909,0.0909090909090909,0.0909090909090909,0.0568464374517706,1,1,FALSE,125
32,91,"Cingulum_Ant_R","Cerebelum_Crus1_R",0.0181818181818182,0.0727272727272727,0.0545454545454545,0.0545454545454545,0.363371345279945,1,1,FALSE,932
33,91,"Cingulum_Mid_L","Cerebelum_Crus1_R",0.0363636363636364,0.0181818181818182,-0.0181818181818182,0.0181818181818182,1,1,1,FALSE,3489
34,91,"Cingulum_Mid_R","Cerebelum_Crus1_R",0.145454545454545,0.181818181818182,0.0363636363636364,0.0363636363636364,0.797285714040811,1,1,FALSE,2286
35,91,"Cingulum_Post_L","Cerebelum_Crus1_R",0,0.0363636363636364,0.0363636363636364,0.0363636363636364,0.495412844036697,1,1,FALSE,1346
36,91,"Cingulum_Post_R","Cerebelum_Crus1_R",0.0545454545454545,0.109090909090909,0.0545454545454545,0.0545454545454545,0.488966435220834,1,1,FALSE,1172
37,91,"Hippocampus_L","Cerebelum_Crus1_R",0.145454545454545,0.163636363636364,0.0181818181818182,0.0181818181818182,1,1,1,FALSE,2491
38,91,"Hippocampus_R","Cerebelum_Crus1_R",0.2,0.109090909090909,-0.0909090909090909,0.0909090909090909,0.291362613125644,1,1,FALSE,736
39,91,"ParaHippocampal_L","Cerebelum_Crus1_R",0.0363636363636364,0.0545454545454545,0.0181818181818182,0.0181818181818182,1,1,1,FALSE,3579
40,91,"ParaHippocampal_R","Cerebelum_Crus1_R",0.0363636363636364,0.0545454545454545,0.0181818181818182,0.0181818181818182,1,1,1,FALSE,3599
41,91,"Amygdala_L","Cerebelum_Crus1_R",0,0.0363636363636364,0.0363636363636364,0.0363636363636364,0.495412844036697,1,1,FALSE,1371
42,91,"Amygdala_R","Cerebelum_Crus1_R",0.0181818181818182,0.0363636363636364,0.0181818181818182,0.0181818181818182,1,1,1,FALSE,3631
43,91,"Calcarine_L","Cerebelum_Crus1_R",0.218181818181818,0.236363636363636,0.0181818181818182,0.0181818181818182,1,1,1,FALSE,2754
44,91,"Calcarine_R","Cerebelum_Crus1_R",0.181818181818182,0.290909090909091,0.109090909090909,0.109090909090909,0.261641887768875,1,1,FALSE,665
45,91,"Cuneus_L","Cerebelum_Crus1_R",0.0727272727272727,0.127272727272727,0.0545454545454545,0.0545454545454545,0.526914472209385,1,1,FALSE,1537
46,91,"Cuneus_R","Cerebelum_Crus1_R",0.0909090909090909,0.109090909090909,0.0181818181818182,0.0181818181818182,1,1,1,FALSE,4166
47,91,"Lingual_L","Cerebelum_Crus1_R",0.272727272727273,0.345454545454545,0.0727272727272728,0.0727272727272728,0.536292874311636,1,1,FALSE,1562
48,91,"Lingual_R","Cerebelum_Crus1_R",0.618181818181818,0.690909090909091,0.0727272727272728,0.0727272727272728,0.547790716156379,1,1,FALSE,1574
49,91,"Occipital_Sup_L","Cerebelum_Crus1_R",0.345454545454545,0.327272727272727,-0.0181818181818182,0.0181818181818182,1,1,1,FALSE,2453
50,91,"Occipital_Sup_R","Cerebelum_Crus1_R",0.2,0.145454545454545,-0.0545454545454546,0.0545454545454546,0.614842856677542,1,1,FALSE,1695
51,91,"Occipital_Mid_L","Cerebelum_Crus1_R",0.545454545454545,0.454545454545455,-0.0909090909090909,0.0909090909090909,0.445767964163715,1,1,FALSE,1135
52,91,"Occipital_Mid_R","Cerebelum_Crus1_R",0.218181818181818,0.363636363636364,0.145454545454545,0.145454545454545,0.141078321059635,1,1,FALSE,324
53,91,"Occipital_Inf_L","Cerebelum_Crus1_R",0.254545454545455,0.381818181818182,0.127272727272727,0.127272727272727,0.219107702459532,1,1,FALSE,481
54,91,"Occipital_Inf_R","Cerebelum_Crus1_R",0.181818181818182,0.418181818181818,0.236363636363636,0.236363636363636,0.0119093721073029,1,1,FALSE,27
55,91,"Fusiform_L","Cerebelum_Crus1_R",0.181818181818182,0.309090909090909,0.127272727272727,0.127272727272727,0.183185115864541,1,1,FALSE,394
56,91,"Fusiform_R","Cerebelum_Crus1_R",0.2,0.381818181818182,0.181818181818182,0.181818181818182,0.0579373171578338,1,1,FALSE,141
57,91,"Postcentral_L","Cerebelum_Crus1_R",0.0181818181818182,0.0363636363636364,0.0181818181818182,0.0181818181818182,1,1,1,FALSE,3808
58,91,"Postcentral_R","Cerebelum_Crus1_R",0.0363636363636364,0.0909090909090909,0.0545454545454545,0.0545454545454545,0.437644688330618,1,1,FALSE,1092
59,91,"Parietal_Sup_L","Cerebelum_Crus1_R",0.254545454545455,0.236363636363636,-0.0181818181818182,0.0181818181818182,1,1,1,FALSE,4203
60,91,"Parietal_Sup_R","Cerebelum_Crus1_R",0.181818181818182,0.109090909090909,-0.0727272727272727,0.0727272727272727,0.417989271601529,1,1,FALSE,1026
61,91,"Parietal_Inf_L","Cerebelum_Crus1_R",0.109090909090909,0.0727272727272727,-0.0363636363636364,0.0363636363636364,0.741953348477847,1,1,FALSE,2179
62,91,"Parietal_Inf_R","Cerebelum_Crus1_R",0.0727272727272727,0,-0.0727272727272727,0.0727272727272727,0.118151419017406,1,1,FALSE,270
63,91,"SupraMarginal_L","Cerebelum_Crus1_R",0.0181818181818182,0,-0.0181818181818182,0.0181818181818182,1,1,1,FALSE,3871
64,91,"SupraMarginal_R","Cerebelum_Crus1_R",0.0181818181818182,0,-0.0181818181818182,0.0181818181818182,1,1,1,FALSE,3877
65,91,"Angular_L","Cerebelum_Crus1_R",0.0363636363636364,0.218181818181818,0.181818181818182,0.181818181818182,0.00800906186415586,1,1,FALSE,21
66,91,"Angular_R","Cerebelum_Crus1_R",0.0363636363636364,0.0363636363636364,0,0,1,1,1,FALSE,6070
67,91,"Precuneus_L","Cerebelum_Crus1_R",0.181818181818182,0.2,0.0181818181818182,0.0181818181818182,1,1,1,FALSE,2600
68,91,"Precuneus_R","Cerebelum_Crus1_R",0.309090909090909,0.236363636363636,-0.0727272727272727,0.0727272727272727,0.521131413238452,1,1,FALSE,1509
69,91,"Paracentral_Lobule_L","Cerebelum_Crus1_R",0,0.0545454545454545,0.0545454545454545,0.0545454545454545,0.243119266055046,1,1,FALSE,608
70,91,"Paracentral_Lobule_R","Cerebelum_Crus1_R",0.218181818181818,0.236363636363636,0.0181818181818182,0.0181818181818182,1,1,1,FALSE,2801
71,91,"Caudate_L","Cerebelum_Crus1_R",0.0909090909090909,0.109090909090909,0.0181818181818182,0.0181818181818182,1,1,1,FALSE,4179
72,91,"Caudate_R","Cerebelum_Crus1_R",0,0.0181818181818182,0.0181818181818182,0.0181818181818182,1,1,1,FALSE,3956
73,91,"Putamen_L","Cerebelum_Crus1_R",0,0.0363636363636364,0.0363636363636364,0.0363636363636364,0.495412844036697,1,1,FALSE,1450
74,91,"Putamen_R","Cerebelum_Crus1_R",0.0181818181818182,0.0363636363636364,0.0181818181818182,0.0181818181818182,1,1,1,FALSE,3982
75,91,"Pallidum_L","Cerebelum_Crus1_R",0.0181818181818182,0.0363636363636364,0.0181818181818182,0.0181818181818182,1,1,1,FALSE,3990
76,91,"Pallidum_R","Cerebelum_Crus1_R",0.0181818181818182,0.0181818181818182,0,0,1,1,1,FALSE,6224
77,91,"Thalamus_L","Cerebelum_Crus1_R",0.109090909090909,0.145454545454545,0.0363636363636364,0.0363636363636364,0.775847219468156,1,1,FALSE,2263
78,91,"Thalamus_R","Cerebelum_Crus1_R",0.145454545454545,0.127272727272727,-0.0181818181818182,0.0181818181818182,1,1,1,FALSE,2806
79,91,"Heschl_L","Cerebelum_Crus1_R",0,0,0,0,1,1,1,FALSE,6262
80,91,"Heschl_R","Cerebelum_Crus1_R",0,0,0,0,1,1,1,FALSE,6284
81,91,"Temporal_Sup_L","Cerebelum_Crus1_R",0.0363636363636364,0.0363636363636364,0,0,1,1,1,FALSE,6300
82,91,"Temporal_Sup_R","Cerebelum_Crus1_R",0,0.0363636363636364,0.0363636363636364,0.0363636363636364,0.495412844036697,1,1,FALSE,1458
83,91,"Temporal_Pole_Sup_L","Cerebelum_Crus1_R",0.109090909090909,0.163636363636364,0.0545454545454545,0.0545454545454545,0.579713536502793,1,1,FALSE,1674
84,91,"Temporal_Pole_Sup_R","Cerebelum_Crus1_R",0.0545454545454545,0.0727272727272727,0.0181818181818182,0.0181818181818182,1,1,1,FALSE,4040
85,91,"Temporal_Mid_L","Cerebelum_Crus1_R",0.127272727272727,0.272727272727273,0.145454545454545,0.145454545454545,0.0937742539959682,1,1,FALSE,200
86,91,"Temporal_Mid_R","Cerebelum_Crus1_R",0.109090909090909,0.127272727272727,0.0181818181818182,0.0181818181818182,1,1,1,FALSE,2532
87,91,"Temporal_Pole_Mid_R","Cerebelum_Crus1_R",0.0181818181818182,0.0545454545454545,0.0363636363636364,0.0363636363636364,0.618022807167967,1,1,FALSE,1859
88,91,"Temporal_Inf_L","Cerebelum_Crus1_R",0.254545454545455,0.218181818181818,-0.0363636363636363,0.0363636363636363,0.822773070595087,1,1,FALSE,2349
89,91,"Temporal_Inf_R","Cerebelum_Crus1_R",0.327272727272727,0.272727272727273,-0.0545454545454546,0.0545454545454546,0.677684013939783,1,1,FALSE,1924
90,91,"Cerebelum_Crus1_L","Cerebelum_Crus1_R",0.981818181818182,0.963636363636364,-0.0181818181818182,0.0181818181818182,1,1,1,FALSE,2813
1,92,"Precentral_L","Cerebelum_Crus2_L",0.0181818181818182,0.0181818181818182,0,0,1,1,1,FALSE,4235
2,92,"Precentral_R","Cerebelum_Crus2_L",0.0363636363636364,0.0727272727272727,0.0363636363636364,0.0363636363636364,0.678654107617496,1,1,FALSE,1935
3,92,"Frontal_Sup_L","Cerebelum_Crus2_L",0.145454545454545,0.163636363636364,0.0181818181818182,0.0181818181818182,1,1,1,FALSE,2468
4,92,"Frontal_Sup_R","Cerebelum_Crus2_L",0.509090909090909,0.6,0.0909090909090909,0.0909090909090909,0.44304703086807,1,1,FALSE,1120
5,92,"Frontal_Sup_Orb_L","Cerebelum_Crus2_L",0.0363636363636364,0.0727272727272727,0.0363636363636364,0.0363636363636364,0.678654107617496,1,1,FALSE,1943
6,92,"Frontal_Sup_Orb_R","Cerebelum_Crus2_L",0.163636363636364,0.181818181818182,0.0181818181818182,0.0181818181818182,1,1,1,FALSE,2683
7,92,"Frontal_Mid_L","Cerebelum_Crus2_L",0.145454545454545,0.163636363636364,0.0181818181818182,0.0181818181818182,1,1,1,FALSE,2470
8,92,"Frontal_Mid_R","Cerebelum_Crus2_L",0.618181818181818,0.527272727272727,-0.0909090909090909,0.0909090909090909,0.440903183249574,1,1,FALSE,1117
9,92,"Frontal_Mid_Orb_L","Cerebelum_Crus2_L",0,0.0727272727272727,0.0727272727272727,0.0727272727272727,0.118151419017406,1,1,FALSE,239
10,92,"Frontal_Mid_Orb_R","Cerebelum_Crus2_L",0.290909090909091,0.272727272727273,-0.0181818181818182,0.0181818181818182,1,1,1,FALSE,2445
11,92,"Frontal_Inf_Oper_L","Cerebelum_Crus2_L",0.0181818181818182,0.0181818181818182,0,0,1,1,1,FALSE,4655
12,92,"Frontal_Inf_Oper_R","Cerebelum_Crus2_L",0.0545454545454545,0.0363636363636364,-0.0181818181818182,0.0181818181818182,1,1,1,FALSE,3067
13,92,"Frontal_Inf_Tri_L","Cerebelum_Crus2_L",0.0181818181818182,0.0181818181818182,0,0,1,1,1,FALSE,4737
14,92,"Frontal_Inf_Tri_R","Cerebelum_Crus2_L",0.127272727272727,0.181818181818182,0.0545454545454546,0.0545454545454546,0.598884497995648,1,1,FALSE,1679
15,92,"Frontal_Inf_Orb_L","Cerebelum_Crus2_L",0.0545454545454545,0.0909090909090909,0.0363636363636364,0.0363636363636364,0.716092464011574,1,1,FALSE,2079
16,92,"Frontal_Inf_Orb_R","Cerebelum_Crus2_L",0.218181818181818,0.345454545454545,0.127272727272727,0.127272727272727,0.20314538994466,1,1,FALSE,432
17,92,"Rolandic_Oper_L","Cerebelum_Crus2_L",0,0.0181818181818182,0.0181818181818182,0.0181818181818182,1,1,1,FALSE,3189
18,92,"Rolandic_Oper_R","Cerebelum_Crus2_L",0,0.0181818181818182,0.0181818181818182,0.0181818181818182,1,1,1,FALSE,3209
19,92,"Supp_Motor_Area_L","Cerebelum_Crus2_L",0,0.0363636363636364,0.0363636363636364,0.0363636363636364,0.495412844036697,1,1,FALSE,1286
20,92,"Supp_Motor_Area_R","Cerebelum_Crus2_L",0.0909090909090909,0.163636363636364,0.0727272727272727,0.0727272727272727,0.391585309984995,1,1,FALSE,990
21,92,"Olfactory_L","Cerebelum_Crus2_L",0.0181818181818182,0.0363636363636364,0.0181818181818182,0.0181818181818182,1,1,1,FALSE,3259
22,92,"Olfactory_R","Cerebelum_Crus2_L",0.0181818181818182,0.0181818181818182,0,0,1,1,1,FALSE,5050
23,92,"Frontal_Sup_Medial_L","Cerebelum_Crus2_L",0.0545454545454545,0.109090909090909,0.0545454545454545,0.0545454545454545,0.488966435220834,1,1,FALSE,1169
24,92,"Frontal_Sup_Medial_R","Cerebelum_Crus2_L",0.254545454545455,0.545454545454545,0.290909090909091,0.290909090909091,0.00328872468836487,1,1,FALSE,6
25,92,"Frontal_Med_Orb_L","Cerebelum_Crus2_L",0,0.0727272727272727,0.0727272727272727,0.0727272727272727,0.118151419017406,1,1,FALSE,252
26,92,"Frontal_Med_Orb_R","Cerebelum_Crus2_L",0,0.109090909090909,0.109090909090909,0.109090909090909,0.0270697321198908,1,1,FALSE,59
27,92,"Rectus_L","Cerebelum_Crus2_L",0.0181818181818182,0.0545454545454545,0.0363636363636364,0.0363636363636364,0.618022807167967,1,1,FALSE,1770
28,92,"Rectus_R","Cerebelum_Crus2_L",0.0363636363636364,0.0545454545454545,0.0181818181818182,0.0181818181818182,1,1,1,FALSE,3401
29,92,"Insula_L","Cerebelum_Crus2_L",0,0,0,0,1,1,1,FALSE,5277
30,92,"Insula_R","Cerebelum_Crus2_L",0,0.0181818181818182,0.0181818181818182,0.0181818181818182,1,1,1,FALSE,3438
31,92,"Cingulum_Ant_L","Cerebelum_Crus2_L",0.0181818181818182,0.0363636363636364,0.0181818181818182,0.0181818181818182,1,1,1,FALSE,3462
32,92,"Cingulum_Ant_R","Cerebelum_Crus2_L",0.0727272727272727,0.0545454545454545,-0.0181818181818182,0.0181818181818182,1,1,1,FALSE,3475
33,92,"Cingulum_Mid_L","Cerebelum_Crus2_L",0,0,0,0,1,1,1,FALSE,5381
34,92,"Cingulum_Mid_R","Cerebelum_Crus2_L",0.0545454545454545,0.0363636363636364,-0.0181818181818182,0.0181818181818182,1,1,1,FALSE,3502
35,92,"Cingulum_Post_L","Cerebelum_Crus2_L",0.0181818181818182,0,-0.0181818181818182,0.0181818181818182,1,1,1,FALSE,3519
36,92,"Cingulum_Post_R","Cerebelum_Crus2_L",0.0363636363636364,0.127272727272727,0.0909090909090909,0.0909090909090909,0.16138081677265,1,1,FALSE,363
37,92,"Hippocampus_L","Cerebelum_Crus2_L",0.0181818181818182,0.0181818181818182,0,0,1,1,1,FALSE,5498
38,92,"Hippocampus_R","Cerebelum_Crus2_L",0.0909090909090909,0.0909090909090909,0,0,1,1,1,FALSE,2643
39,92,"ParaHippocampal_L","Cerebelum_Crus2_L",0,0.0545454545454545,0.0545454545454545,0.0545454545454545,0.243119266055046,1,1,FALSE,569
40,92,"ParaHippocampal_R","Cerebelum_Crus2_L",0,0.0363636363636364,0.0363636363636364,0.0363636363636364,0.495412844036697,1,1,FALSE,1366
41,92,"Amygdala_L","Cerebelum_Crus2_L",0,0,0,0,1,1,1,FALSE,5572
42,92,"Amygdala_R","Cerebelum_Crus2_L",0,0,0,0,1,1,1,FALSE,5598
43,92,"Calcarine_L","Cerebelum_Crus2_L",0,0.0181818181818182,0.0181818181818182,0.0181818181818182,1,1,1,FALSE,3644
44,92,"Calcarine_R","Cerebelum_Crus2_L",0.0181818181818182,0.0545454545454545,0.0363636363636364,0.0363636363636364,0.618022807167967,1,1,FALSE,1808
45,92,"Cuneus_L","Cerebelum_Crus2_L",0,0.0181818181818182,0.0181818181818182,0.0181818181818182,1,1,1,FALSE,3670
46,92,"Cuneus_R","Cerebelum_Crus2_L",0.0363636363636364,0.0545454545454545,0.0181818181818182,0.0181818181818182,1,1,1,FALSE,3682
47,92,"Lingual_L","Cerebelum_Crus2_L",0,0.0181818181818182,0.0181818181818182,0.0181818181818182,1,1,1,FALSE,3692
48,92,"Lingual_R","Cerebelum_Crus2_L",0.145454545454545,0.109090909090909,-0.0363636363636364,0.0363636363636364,0.775847219468156,1,1,FALSE,2259
49,92,"Occipital_Sup_L","Cerebelum_Crus2_L",0.0363636363636364,0.0181818181818182,-0.0181818181818182,0.0181818181818182,1,1,1,FALSE,3710
50,92,"Occipital_Sup_R","Cerebelum_Crus2_L",0.0181818181818182,0.0181818181818182,0,0,1,1,1,FALSE,5768
51,92,"Occipital_Mid_L","Cerebelum_Crus2_L",0.127272727272727,0.0545454545454545,-0.0727272727272727,0.0727272727272727,0.320308493049491,1,1,FALSE,795
52,92,"Occipital_Mid_R","Cerebelum_Crus2_L",0.0181818181818182,0.0545454545454545,0.0363636363636364,0.0363636363636364,0.618022807167967,1,1,FALSE,1818
53,92,"Occipital_Inf_L","Cerebelum_Crus2_L",0,0.109090909090909,0.109090909090909,0.109090909090909,0.0270697321198908,1,1,FALSE,64
54,92,"Occipital_Inf_R","Cerebelum_Crus2_L",0.0545454545454545,0.0363636363636364,-0.0181818181818182,0.0181818181818182,1,1,1,FALSE,3775
55,92,"Fusiform_L","Cerebelum_Crus2_L",0.0181818181818182,0.0545454545454545,0.0363636363636364,0.0363636363636364,0.618022807167967,1,1,FALSE,1823
56,92,"Fusiform_R","Cerebelum_Crus2_L",0,0.0727272727272727,0.0727272727272727,0.0727272727272727,0.118151419017406,1,1,FALSE,266
57,92,"Postcentral_L","Cerebelum_Crus2_L",0,0,0,0,1,1,1,FALSE,5875
58,92,"Postcentral_R","Cerebelum_Crus2_L",0,0,0,0,1,1,1,FALSE,5892
59,92,"Parietal_Sup_L","Cerebelum_Crus2_L",0,0.0363636363636364,0.0363636363636364,0.0363636363636364,0.495412844036697,1,1,FALSE,1424
60,92,"Parietal_Sup_R","Cerebelum_Crus2_L",0,0,0,0,1,1,1,FALSE,5926
61,92,"Parietal_Inf_L","Cerebelum_Crus2_L",0,0,0,0,1,1,1,FALSE,5945
62,92,"Parietal_Inf_R","Cerebelum_Crus2_L",0.0363636363636364,0.0181818181818182,-0.0181818181818182,0.0181818181818182,1,1,1,FALSE,3859
63,92,"SupraMarginal_L","Cerebelum_Crus2_L",0,0,0,0,1,1,1,FALSE,5991
64,92,"SupraMarginal_R","Cerebelum_Crus2_L",0,0.0181818181818182,0.0181818181818182,0.0181818181818182,1,1,1,FALSE,3878
65,92,"Angular_L","Cerebelum_Crus2_L",0.109090909090909,0.0909090909090909,-0.0181818181818182,0.0181818181818182,1,1,1,FALSE,4178
66,92,"Angular_R","Cerebelum_Crus2_L",0.254545454545455,0.345454545454545,0.0909090909090909,0.0909090909090909,0.4055060701556,1,1,FALSE,1012
67,92,"Precuneus_L","Cerebelum_Crus2_L",0.0545454545454545,0.0181818181818182,-0.0363636363636364,0.0363636363636364,0.618022807167967,1,1,FALSE,1839
68,92,"Precuneus_R","Cerebelum_Crus2_L",0.290909090909091,0.254545454545455,-0.0363636363636364,0.0363636363636364,0.830744723644625,1,1,FALSE,2366
69,92,"Paracentral_Lobule_L","Cerebelum_Crus2_L",0,0,0,0,1,1,1,FALSE,6116
70,92,"Paracentral_Lobule_R","Cerebelum_Crus2_L",0.0363636363636364,0.109090909090909,0.0727272727272727,0.0727272727272727,0.270576022922045,1,1,FALSE,710
71,92,"Caudate_L","Cerebelum_Crus2_L",0,0,0,0,1,1,1,FALSE,6140
72,92,"Caudate_R","Cerebelum_Crus2_L",0.0181818181818182,0.0181818181818182,0,0,1,1,1,FALSE,6163
73,92,"Putamen_L","Cerebelum_Crus2_L",0,0.0181818181818182,0.0181818181818182,0.0181818181818182,1,1,1,FALSE,3967
74,92,"Putamen_R","Cerebelum_Crus2_L",0,0.0181818181818182,0.0181818181818182,0.0181818181818182,1,1,1,FALSE,3983
75,92,"Pallidum_L","Cerebelum_Crus2_L",0,0,0,0,1,1,1,FALSE,6202
76,92,"Pallidum_R","Cerebelum_Crus2_L",0,0,0,0,1,1,1,FALSE,6225
77,92,"Thalamus_L","Cerebelum_Crus2_L",0.0363636363636364,0.0363636363636364,0,0,1,1,1,FALSE,6242
78,92,"Thalamus_R","Cerebelum_Crus2_L",0.0363636363636364,0.0909090909090909,0.0545454545454545,0.0545454545454545,0.437644688330618,1,1,FALSE,1098
79,92,"Heschl_L","Cerebelum_Crus2_L",0,0,0,0,1,1,1,FALSE,6263
80,92,"Heschl_R","Cerebelum_Crus2_L",0,0,0,0,1,1,1,FALSE,6285
81,92,"Temporal_Sup_L","Cerebelum_Crus2_L",0,0,0,0,1,1,1,FALSE,6301
82,92,"Temporal_Sup_R","Cerebelum_Crus2_L",0,0,0,0,1,1,1,FALSE,6317
83,92,"Temporal_Pole_Sup_L","Cerebelum_Crus2_L",0,0.0363636363636364,0.0363636363636364,0.0363636363636364,0.495412844036697,1,1,FALSE,1459
84,92,"Temporal_Pole_Sup_R","Cerebelum_Crus2_L",0.0363636363636364,0.0727272727272727,0.0363636363636364,0.0363636363636364,0.678654107617496,1,1,FALSE,2018
85,92,"Temporal_Mid_L","Cerebelum_Crus2_L",0.0727272727272727,0.109090909090909,0.0363636363636364,0.0363636363636364,0.741953348477847,1,1,FALSE,2187
86,92,"Temporal_Mid_R","Cerebelum_Crus2_L",0.109090909090909,0.218181818181818,0.109090909090909,0.109090909090909,0.196671123649544,1,1,FALSE,409
87,92,"Temporal_Pole_Mid_R","Cerebelum_Crus2_L",0,0.0363636363636364,0.0363636363636364,0.0363636363636364,0.495412844036697,1,1,FALSE,1465
88,92,"Temporal_Inf_L","Cerebelum_Crus2_L",0.0909090909090909,0.127272727272727,0.0363636363636363,0.0363636363636363,0.761067915257265,1,1,FALSE,2226
89,92,"Temporal_Inf_R","Cerebelum_Crus2_L",0.163636363636364,0.2,0.0363636363636364,0.0363636363636364,0.805305180298538,1,1,FALSE,2308
90,92,"Cerebelum_Crus1_L","Cerebelum_Crus2_L",0.890909090909091,0.836363636363636,-0.0545454545454546,0.0545454545454546,0.579713536502793,1,1,FALSE,1652
91,92,"Cerebelum_Crus1_R","Cerebelum_Crus2_L",0.763636363636364,0.636363636363636,-0.127272727272727,0.127272727272727,0.211592387485226,1,1,FALSE,468
1,93,"Precentral_L","Cerebelum_Crus2_R",0.163636363636364,0.145454545454545,-0.0181818181818182,0.0181818181818182,1,1,1,FALSE,2465
2,93,"Precentral_R","Cerebelum_Crus2_R",0,0.0363636363636364,0.0363636363636364,0.0363636363636364,0.495412844036697,1,1,FALSE,1206
3,93,"Frontal_Sup_L","Cerebelum_Crus2_R",0.545454545454545,0.509090909090909,-0.0363636363636364,0.0363636363636364,0.848661974684105,1,1,FALSE,2431
4,93,"Frontal_Sup_R","Cerebelum_Crus2_R",0.127272727272727,0.0727272727272727,-0.0545454545454545,0.0545454545454545,0.526914472209385,1,1,FALSE,1515
5,93,"Frontal_Sup_Orb_L","Cerebelum_Crus2_R",0.0727272727272727,0.181818181818182,0.109090909090909,0.109090909090909,0.150781180042215,1,1,FALSE,333
6,93,"Frontal_Sup_Orb_R","Cerebelum_Crus2_R",0,0.0363636363636364,0.0363636363636364,0.0363636363636364,0.495412844036697,1,1,FALSE,1230
7,93,"Frontal_Mid_L","Cerebelum_Crus2_R",0.345454545454545,0.454545454545455,0.109090909090909,0.109090909090909,0.330543246178152,1,1,FALSE,815
8,93,"Frontal_Mid_R","Cerebelum_Crus2_R",0.181818181818182,0.109090909090909,-0.0727272727272727,0.0727272727272727,0.417989271601529,1,1,FALSE,1022
9,93,"Frontal_Mid_Orb_L","Cerebelum_Crus2_R",0.0545454545454545,0.2,0.145454545454545,0.145454545454545,0.0421832390876274,1,1,FALSE,94
10,93,"Frontal_Mid_Orb_R","Cerebelum_Crus2_R",0.0545454545454545,0.0181818181818182,-0.0363636363636364,0.0363636363636364,0.618022807167967,1,1,FALSE,1721
11,93,"Frontal_Inf_Oper_L","Cerebelum_Crus2_R",0.0909090909090909,0.0909090909090909,0,0,1,1,1,FALSE,2621
12,93,"Frontal_Inf_Oper_R","Cerebelum_Crus2_R",0,0,0,0,1,1,1,FALSE,4694
13,93,"Frontal_Inf_Tri_L","Cerebelum_Crus2_R",0.127272727272727,0.163636363636364,0.0363636363636364,0.0363636363636364,0.78764473423299,1,1,FALSE,2269
14,93,"Frontal_Inf_Tri_R","Cerebelum_Crus2_R",0,0,0,0,1,1,1,FALSE,4773
15,93,"Frontal_Inf_Orb_L","Cerebelum_Crus2_R",0.181818181818182,0.363636363636364,0.181818181818182,0.181818181818182,0.0530000581284747,1,1,FALSE,109
16,93,"Frontal_Inf_Orb_R","Cerebelum_Crus2_R",0.0363636363636364,0.0727272727272727,0.0363636363636364,0.0363636363636364,0.678654107617496,1,1,FALSE,1960
17,93,"Rolandic_Oper_L","Cerebelum_Crus2_R",0,0,0,0,1,1,1,FALSE,4876
18,93,"Rolandic_Oper_R","Cerebelum_Crus2_R",0,0,0,0,1,1,1,FALSE,4918
19,93,"Supp_Motor_Area_L","Cerebelum_Crus2_R",0.0727272727272727,0.145454545454545,0.0727272727272727,0.0727272727272727,0.359662012889472,1,1,FALSE,865
20,93,"Supp_Motor_Area_R","Cerebelum_Crus2_R",0.145454545454545,0.218181818181818,0.0727272727272727,0.0727272727272727,0.459010046442181,1,1,FALSE,1142
21,93,"Olfactory_L","Cerebelum_Crus2_R",0.0181818181818182,0,-0.0181818181818182,0.0181818181818182,1,1,1,FALSE,3260
22,93,"Olfactory_R","Cerebelum_Crus2_R",0.0181818181818182,0,-0.0181818181818182,0.0181818181818182,1,1,1,FALSE,3286
23,93,"Frontal_Sup_Medial_L","Cerebelum_Crus2_R",0.181818181818182,0.309090909090909,0.127272727272727,0.127272727272727,0.183185115864541,1,1,FALSE,393
24,93,"Frontal_Sup_Medial_R","Cerebelum_Crus2_R",0.236363636363636,0.290909090909091,0.0545454545454545,0.0545454545454545,0.665617624761333,1,1,FALSE,1913
25,93,"Frontal_Med_Orb_L","Cerebelum_Crus2_R",0.0545454545454545,0.109090909090909,0.0545454545454545,0.0545454545454545,0.488966435220834,1,1,FALSE,1170
26,93,"Frontal_Med_Orb_R","Cerebelum_Crus2_R",0.0181818181818182,0.0363636363636364,0.0181818181818182,0.0181818181818182,1,1,1,FALSE,3357
27,93,"Rectus_L","Cerebelum_Crus2_R",0.0545454545454545,0.145454545454545,0.0909090909090909,0.0909090909090909,0.202247933529552,1,1,FALSE,417
28,93,"Rectus_R","Cerebelum_Crus2_R",0.0181818181818182,0.0181818181818182,0,0,1,1,1,FALSE,5250
29,93,"Insula_L","Cerebelum_Crus2_R",0,0.0545454545454545,0.0545454545454545,0.0545454545454545,0.243119266055046,1,1,FALSE,562
30,93,"Insula_R","Cerebelum_Crus2_R",0,0,0,0,1,1,1,FALSE,5294
31,93,"Cingulum_Ant_L","Cerebelum_Crus2_R",0.0181818181818182,0.0545454545454545,0.0363636363636364,0.0363636363636364,0.618022807167967,1,1,FALSE,1787
32,93,"Cingulum_Ant_R","Cerebelum_Crus2_R",0,0.0363636363636364,0.0363636363636364,0.0363636363636364,0.495412844036697,1,1,FALSE,1340
33,93,"Cingulum_Mid_L","Cerebelum_Crus2_R",0,0,0,0,1,1,1,FALSE,5382
34,93,"Cingulum_Mid_R","Cerebelum_Crus2_R",0.0363636363636364,0.0727272727272727,0.0363636363636364,0.0363636363636364,0.678654107617496,1,1,FALSE,1981
35,93,"Cingulum_Post_L","Cerebelum_Crus2_R",0,0.0363636363636364,0.0363636363636364,0.0363636363636364,0.495412844036697,1,1,FALSE,1347
36,93,"Cingulum_Post_R","Cerebelum_Crus2_R",0.0363636363636364,0.0909090909090909,0.0545454545454545,0.0545454545454545,0.437644688330618,1,1,FALSE,1075
37,93,"Hippocampus_L","Cerebelum_Crus2_R",0.0181818181818182,0.0909090909090909,0.0727272727272727,0.0727272727272727,0.20572996411117,1,1,FALSE,448
38,93,"Hippocampus_R","Cerebelum_Crus2_R",0,0.0727272727272727,0.0727272727272727,0.0727272727272727,0.118151419017406,1,1,FALSE,258
39,93,"ParaHippocampal_L","Cerebelum_Crus2_R",0,0.0727272727272727,0.0727272727272727,0.0727272727272727,0.118151419017406,1,1,FALSE,260
40,93,"ParaHippocampal_R","Cerebelum_Crus2_R",0.0181818181818182,0,-0.0181818181818182,0.0181818181818182,1,1,1,FALSE,3600
41,93,"Amygdala_L","Cerebelum_Crus2_R",0,0,0,0,1,1,1,FALSE,5573
42,93,"Amygdala_R","Cerebelum_Crus2_R",0,0.0545454545454545,0.0545454545454545,0.0545454545454545,0.243119266055046,1,1,FALSE,572
43,93,"Calcarine_L","Cerebelum_Crus2_R",0.0181818181818182,0.0545454545454545,0.0363636363636364,0.0363636363636364,0.618022807167967,1,1,FALSE,1807
44,93,"Calcarine_R","Cerebelum_Crus2_R",0,0.145454545454545,0.145454545454545,0.145454545454545,0.00594361556627922,1,1,FALSE,15
45,93,"Cuneus_L","Cerebelum_Crus2_R",0,0.0545454545454545,0.0545454545454545,0.0545454545454545,0.243119266055046,1,1,FALSE,577
46,93,"Cuneus_R","Cerebelum_Crus2_R",0.0181818181818182,0.0545454545454545,0.0363636363636364,0.0363636363636364,0.618022807167967,1,1,FALSE,1813
47,93,"Lingual_L","Cerebelum_Crus2_R",0.0363636363636364,0.0545454545454545,0.0181818181818182,0.0181818181818182,1,1,1,FALSE,3693
48,93,"Lingual_R","Cerebelum_Crus2_R",0.127272727272727,0.236363636363636,0.109090909090909,0.109090909090909,0.215866654585591,1,1,FALSE,475
49,93,"Occipital_Sup_L","Cerebelum_Crus2_R",0.0909090909090909,0.0727272727272727,-0.0181818181818182,0.0181818181818182,1,1,1,FALSE,2768
50,93,"Occipital_Sup_R","Cerebelum_Crus2_R",0.0181818181818182,0.0363636363636364,0.0181818181818182,0.0181818181818182,1,1,1,FALSE,3717
51,93,"Occipital_Mid_L","Cerebelum_Crus2_R",0.236363636363636,0.290909090909091,0.0545454545454545,0.0545454545454545,0.665617624761333,1,1,FALSE,1917
52,93,"Occipital_Mid_R","Cerebelum_Crus2_R",0.0181818181818182,0.0363636363636364,0.0181818181818182,0.0181818181818182,1,1,1,FALSE,3740
53,93,"Occipital_Inf_L","Cerebelum_Crus2_R",0.0727272727272727,0.0727272727272727,0,0,1,1,1,FALSE,5819
54,93,"Occipital_Inf_R","Cerebelum_Crus2_R",0,0.0727272727272727,0.0727272727272727,0.0727272727272727,0.118151419017406,1,1,FALSE,265
55,93,"Fusiform_L","Cerebelum_Crus2_R",0.0363636363636364,0.0909090909090909,0.0545454545454545,0.0545454545454545,0.437644688330618,1,1,FALSE,1089
56,93,"Fusiform_R","Cerebelum_Crus2_R",0.0363636363636364,0.0909090909090909,0.0545454545454545,0.0545454545454545,0.437644688330618,1,1,FALSE,1090
57,93,"Postcentral_L","Cerebelum_Crus2_R",0,0.0181818181818182,0.0181818181818182,0.0181818181818182,1,1,1,FALSE,3809
58,93,"Postcentral_R","Cerebelum_Crus2_R",0,0.0181818181818182,0.0181818181818182,0.0181818181818182,1,1,1,FALSE,3820
59,93,"Parietal_Sup_L","Cerebelum_Crus2_R",0.0727272727272727,0.127272727272727,0.0545454545454545,0.0545454545454545,0.526914472209385,1,1,FALSE,1540
60,93,"Parietal_Sup_R","Cerebelum_Crus2_R",0,0.0181818181818182,0.0181818181818182,0.0181818181818182,1,1,1,FALSE,3838
61,93,"Parietal_Inf_L","Cerebelum_Crus2_R",0.0545454545454545,0.0181818181818182,-0.0363636363636364,0.0363636363636364,0.618022807167967,1,1,FALSE,1832
62,93,"Parietal_Inf_R","Cerebelum_Crus2_R",0,0,0,0,1,1,1,FALSE,5969
63,93,"SupraMarginal_L","Cerebelum_Crus2_R",0,0,0,0,1,1,1,FALSE,5992
64,93,"SupraMarginal_R","Cerebelum_Crus2_R",0,0,0,0,1,1,1,FALSE,6018
65,93,"Angular_L","Cerebelum_Crus2_R",0.0545454545454545,0.236363636363636,0.181818181818182,0.181818181818182,0.0129553243570267,1,1,FALSE,35
66,93,"Angular_R","Cerebelum_Crus2_R",0,0.0363636363636364,0.0363636363636364,0.0363636363636364,0.495412844036697,1,1,FALSE,1438
67,93,"Precuneus_L","Cerebelum_Crus2_R",0.0909090909090909,0.145454545454545,0.0545454545454545,0.0545454545454545,0.556268985477779,1,1,FALSE,1603
68,93,"Precuneus_R","Cerebelum_Crus2_R",0.2,0.236363636363636,0.0363636363636363,0.0363636363636363,0.817827202797741,1,1,FALSE,2333
69,93,"Paracentral_Lobule_L","Cerebelum_Crus2_R",0,0,0,0,1,1,1,FALSE,6117
70,93,"Paracentral_Lobule_R","Cerebelum_Crus2_R",0.0909090909090909,0.163636363636364,0.0727272727272727,0.0727272727272727,0.391585309984995,1,1,FALSE,997
71,93,"Caudate_L","Cerebelum_Crus2_R",0,0.0545454545454545,0.0545454545454545,0.0545454545454545,0.243119266055046,1,1,FALSE,609
72,93,"Caudate_R","Cerebelum_Crus2_R",0,0,0,0,1,1,1,FALSE,6164
73,93,"Putamen_L","Cerebelum_Crus2_R",0,0,0,0,1,1,1,FALSE,6179
74,93,"Putamen_R","Cerebelum_Crus2_R",0,0.0363636363636364,0.0363636363636364,0.0363636363636364,0.495412844036697,1,1,FALSE,1451
75,93,"Pallidum_L","Cerebelum_Crus2_R",0,0,0,0,1,1,1,FALSE,6203
76,93,"Pallidum_R","Cerebelum_Crus2_R",0,0.0181818181818182,0.0181818181818182,0.0181818181818182,1,1,1,FALSE,4002
77,93,"Thalamus_L","Cerebelum_Crus2_R",0.0181818181818182,0.0727272727272727,0.0545454545454545,0.0545454545454545,0.363371345279945,1,1,FALSE,964
78,93,"Thalamus_R","Cerebelum_Crus2_R",0,0.0909090909090909,0.0909090909090909,0.0909090909090909,0.0568464374517706,1,1,FALSE,135
79,93,"Heschl_L","Cerebelum_Crus2_R",0,0,0,0,1,1,1,FALSE,6264
80,93,"Heschl_R","Cerebelum_Crus2_R",0,0,0,0,1,1,1,FALSE,6286
81,93,"Temporal_Sup_L","Cerebelum_Crus2_R",0.0181818181818182,0.0181818181818182,0,0,1,1,1,FALSE,6302
82,93,"Temporal_Sup_R","Cerebelum_Crus2_R",0,0,0,0,1,1,1,FALSE,6318
83,93,"Temporal_Pole_Sup_L","Cerebelum_Crus2_R",0.0727272727272727,0.0545454545454545,-0.0181818181818182,0.0181818181818182,1,1,1,FALSE,4033
84,93,"Temporal_Pole_Sup_R","Cerebelum_Crus2_R",0.0181818181818182,0.0181818181818182,0,0,1,1,1,FALSE,6342
85,93,"Temporal_Mid_L","Cerebelum_Crus2_R",0.109090909090909,0.218181818181818,0.109090909090909,0.109090909090909,0.196671123649544,1,1,FALSE,408
86,93,"Temporal_Mid_R","Cerebelum_Crus2_R",0,0.0727272727272727,0.0727272727272727,0.0727272727272727,0.118151419017406,1,1,FALSE,277
87,93,"Temporal_Pole_Mid_R","Cerebelum_Crus2_R",0.0181818181818182,0.0545454545454545,0.0363636363636364,0.0363636363636364,0.618022807167967,1,1,FALSE,1860
88,93,"Temporal_Inf_L","Cerebelum_Crus2_R",0.345454545454545,0.345454545454545,0,0,1,1,1,FALSE,2661
89,93,"Temporal_Inf_R","Cerebelum_Crus2_R",0.109090909090909,0.0363636363636364,-0.0727272727272727,0.0727272727272727,0.270576022922045,1,1,FALSE,713
90,93,"Cerebelum_Crus1_L","Cerebelum_Crus2_R",0.6,0.672727272727273,0.0727272727272728,0.0727272727272728,0.552383268414994,1,1,FALSE,1579
91,93,"Cerebelum_Crus1_R","Cerebelum_Crus2_R",0.927272727272727,0.963636363636364,0.0363636363636364,0.0363636363636364,0.678654107617496,1,1,FALSE,1928
92,93,"Cerebelum_Crus2_L","Cerebelum_Crus2_R",0.818181818181818,0.781818181818182,-0.0363636363636364,0.0363636363636364,0.812066798143123,1,1,FALSE,2323
1,94,"Precentral_L","Cerebelum_3_L",0,0,0,0,1,1,1,FALSE,4236
2,94,"Precentral_R","Cerebelum_3_L",0,0.0181818181818182,0.0181818181818182,0.0181818181818182,1,1,1,FALSE,2843
3,94,"Frontal_Sup_L","Cerebelum_3_L",0,0,0,0,1,1,1,FALSE,4289
4,94,"Frontal_Sup_R","Cerebelum_3_L",0,0.0181818181818182,0.0181818181818182,0.0181818181818182,1,1,1,FALSE,2885
5,94,"Frontal_Sup_Orb_L","Cerebelum_3_L",0,0,0,0,1,1,1,FALSE,4353
6,94,"Frontal_Sup_Orb_R","Cerebelum_3_L",0,0,0,0,1,1,1,FALSE,4412
7,94,"Frontal_Mid_L","Cerebelum_3_L",0,0,0,0,1,1,1,FALSE,4458
8,94,"Frontal_Mid_R","Cerebelum_3_L",0,0,0,0,1,1,1,FALSE,4497
9,94,"Frontal_Mid_Orb_L","Cerebelum_3_L",0,0,0,0,1,1,1,FALSE,4552
10,94,"Frontal_Mid_Orb_R","Cerebelum_3_L",0,0,0,0,1,1,1,FALSE,4614
11,94,"Frontal_Inf_Oper_L","Cerebelum_3_L",0,0,0,0,1,1,1,FALSE,4656
12,94,"Frontal_Inf_Oper_R","Cerebelum_3_L",0,0.0181818181818182,0.0181818181818182,0.0181818181818182,1,1,1,FALSE,3068
13,94,"Frontal_Inf_Tri_L","Cerebelum_3_L",0,0,0,0,1,1,1,FALSE,4738
14,94,"Frontal_Inf_Tri_R","Cerebelum_3_L",0,0,0,0,1,1,1,FALSE,4774
15,94,"Frontal_Inf_Orb_L","Cerebelum_3_L",0,0.0181818181818182,0.0181818181818182,0.0181818181818182,1,1,1,FALSE,3141
16,94,"Frontal_Inf_Orb_R","Cerebelum_3_L",0,0,0,0,1,1,1,FALSE,4835
17,94,"Rolandic_Oper_L","Cerebelum_3_L",0,0.0181818181818182,0.0181818181818182,0.0181818181818182,1,1,1,FALSE,3190
18,94,"Rolandic_Oper_R","Cerebelum_3_L",0,0,0,0,1,1,1,FALSE,4919
19,94,"Supp_Motor_Area_L","Cerebelum_3_L",0,0,0,0,1,1,1,FALSE,4953
20,94,"Supp_Motor_Area_R","Cerebelum_3_L",0,0.0363636363636364,0.0363636363636364,0.0363636363636364,0.495412844036697,1,1,FALSE,1289
21,94,"Olfactory_L","Cerebelum_3_L",0,0,0,0,1,1,1,FALSE,5007
22,94,"Olfactory_R","Cerebelum_3_L",0.0363636363636364,0.0545454545454545,0.0181818181818182,0.0181818181818182,1,1,1,FALSE,3287
23,94,"Frontal_Sup_Medial_L","Cerebelum_3_L",0,0,0,0,1,1,1,FALSE,5083
24,94,"Frontal_Sup_Medial_R","Cerebelum_3_L",0,0.0363636363636364,0.0363636363636364,0.0363636363636364,0.495412844036697,1,1,FALSE,1308
25,94,"Frontal_Med_Orb_L","Cerebelum_3_L",0,0,0,0,1,1,1,FALSE,5142
26,94,"Frontal_Med_Orb_R","Cerebelum_3_L",0,0.0363636363636364,0.0363636363636364,0.0363636363636364,0.495412844036697,1,1,FALSE,1322
27,94,"Rectus_L","Cerebelum_3_L",0,0,0,0,1,1,1,FALSE,5208
28,94,"Rectus_R","Cerebelum_3_L",0,0,0,0,1,1,1,FALSE,5251
29,94,"Insula_L","Cerebelum_3_L",0.0181818181818182,0.0181818181818182,0,0,1,1,1,FALSE,5278
30,94,"Insula_R","Cerebelum_3_L",0,0,0,0,1,1,1,FALSE,5295
31,94,"Cingulum_Ant_L","Cerebelum_3_L",0,0,0,0,1,1,1,FALSE,5322
32,94,"Cingulum_Ant_R","Cerebelum_3_L",0,0.0181818181818182,0.0181818181818182,0.0181818181818182,1,1,1,FALSE,3476
33,94,"Cingulum_Mid_L","Cerebelum_3_L",0.0181818181818182,0,-0.0181818181818182,0.0181818181818182,1,1,1,FALSE,3490
34,94,"Cingulum_Mid_R","Cerebelum_3_L",0,0,0,0,1,1,1,FALSE,5399
35,94,"Cingulum_Post_L","Cerebelum_3_L",0,0,0,0,1,1,1,FALSE,5444
36,94,"Cingulum_Post_R","Cerebelum_3_L",0,0,0,0,1,1,1,FALSE,5482
37,94,"Hippocampus_L","Cerebelum_3_L",0.0363636363636364,0.0727272727272727,0.0363636363636364,0.0363636363636364,0.678654107617496,1,1,FALSE,1984
38,94,"Hippocampus_R","Cerebelum_3_L",0.0181818181818182,0.0363636363636364,0.0181818181818182,0.0181818181818182,1,1,1,FALSE,3560
39,94,"ParaHippocampal_L","Cerebelum_3_L",0.0181818181818182,0.0545454545454545,0.0363636363636364,0.0363636363636364,0.618022807167967,1,1,FALSE,1802
40,94,"ParaHippocampal_R","Cerebelum_3_L",0.181818181818182,0.254545454545455,0.0727272727272727,0.0727272727272727,0.489151806446811,1,1,FALSE,1194
41,94,"Amygdala_L","Cerebelum_3_L",0.0363636363636364,0.0181818181818182,-0.0181818181818182,0.0181818181818182,1,1,1,FALSE,3615
42,94,"Amygdala_R","Cerebelum_3_L",0.0545454545454545,0.0363636363636364,-0.0181818181818182,0.0181818181818182,1,1,1,FALSE,3632
43,94,"Calcarine_L","Cerebelum_3_L",0,0,0,0,1,1,1,FALSE,5625
44,94,"Calcarine_R","Cerebelum_3_L",0,0,0,0,1,1,1,FALSE,5652
45,94,"Cuneus_L","Cerebelum_3_L",0,0,0,0,1,1,1,FALSE,5674
46,94,"Cuneus_R","Cerebelum_3_L",0,0,0,0,1,1,1,FALSE,5693
47,94,"Lingual_L","Cerebelum_3_L",0,0,0,0,1,1,1,FALSE,5712
48,94,"Lingual_R","Cerebelum_3_L",0.0363636363636364,0.0181818181818182,-0.0181818181818182,0.0181818181818182,1,1,1,FALSE,3702
49,94,"Occipital_Sup_L","Cerebelum_3_L",0,0,0,0,1,1,1,FALSE,5747
50,94,"Occipital_Sup_R","Cerebelum_3_L",0,0,0,0,1,1,1,FALSE,5769
51,94,"Occipital_Mid_L","Cerebelum_3_L",0,0,0,0,1,1,1,FALSE,5784
52,94,"Occipital_Mid_R","Cerebelum_3_L",0,0,0,0,1,1,1,FALSE,5801
53,94,"Occipital_Inf_L","Cerebelum_3_L",0,0,0,0,1,1,1,FALSE,5820
54,94,"Occipital_Inf_R","Cerebelum_3_L",0,0,0,0,1,1,1,FALSE,5836
55,94,"Fusiform_L","Cerebelum_3_L",0,0.0181818181818182,0.0181818181818182,0.0181818181818182,1,1,1,FALSE,3786
56,94,"Fusiform_R","Cerebelum_3_L",0.0181818181818182,0.0545454545454545,0.0363636363636364,0.0363636363636364,0.618022807167967,1,1,FALSE,1826
57,94,"Postcentral_L","Cerebelum_3_L",0,0,0,0,1,1,1,FALSE,5876
58,94,"Postcentral_R","Cerebelum_3_L",0,0.0363636363636364,0.0363636363636364,0.0363636363636364,0.495412844036697,1,1,FALSE,1419
59,94,"Parietal_Sup_L","Cerebelum_3_L",0,0,0,0,1,1,1,FALSE,5907
60,94,"Parietal_Sup_R","Cerebelum_3_L",0,0,0,0,1,1,1,FALSE,5927
61,94,"Parietal_Inf_L","Cerebelum_3_L",0,0,0,0,1,1,1,FALSE,5946
62,94,"Parietal_Inf_R","Cerebelum_3_L",0,0,0,0,1,1,1,FALSE,5970
63,94,"SupraMarginal_L","Cerebelum_3_L",0,0,0,0,1,1,1,FALSE,5993
64,94,"SupraMarginal_R","Cerebelum_3_L",0,0,0,0,1,1,1,FALSE,6019
65,94,"Angular_L","Cerebelum_3_L",0,0,0,0,1,1,1,FALSE,6041
66,94,"Angular_R","Cerebelum_3_L",0,0,0,0,1,1,1,FALSE,6071
67,94,"Precuneus_L","Cerebelum_3_L",0,0,0,0,1,1,1,FALSE,6090
68,94,"Precuneus_R","Cerebelum_3_L",0,0,0,0,1,1,1,FALSE,6105
69,94,"Paracentral_Lobule_L","Cerebelum_3_L",0.0181818181818182,0,-0.0181818181818182,0.0181818181818182,1,1,1,FALSE,3931
70,94,"Paracentral_Lobule_R","Cerebelum_3_L",0.0181818181818182,0.0727272727272727,0.0545454545454545,0.0545454545454545,0.363371345279945,1,1,FALSE,963
71,94,"Caudate_L","Cerebelum_3_L",0,0,0,0,1,1,1,FALSE,6141
72,94,"Caudate_R","Cerebelum_3_L",0,0,0,0,1,1,1,FALSE,6165
73,94,"Putamen_L","Cerebelum_3_L",0,0,0,0,1,1,1,FALSE,6180
74,94,"Putamen_R","Cerebelum_3_L",0,0,0,0,1,1,1,FALSE,6189
75,94,"Pallidum_L","Cerebelum_3_L",0,0,0,0,1,1,1,FALSE,6204
76,94,"Pallidum_R","Cerebelum_3_L",0,0,0,0,1,1,1,FALSE,6226
77,94,"Thalamus_L","Cerebelum_3_L",0,0,0,0,1,1,1,FALSE,6243
78,94,"Thalamus_R","Cerebelum_3_L",0,0,0,0,1,1,1,FALSE,6252
79,94,"Heschl_L","Cerebelum_3_L",0,0.0181818181818182,0.0181818181818182,0.0181818181818182,1,1,1,FALSE,4016
80,94,"Heschl_R","Cerebelum_3_L",0,0.0181818181818182,0.0181818181818182,0.0181818181818182,1,1,1,FALSE,4023
81,94,"Temporal_Sup_L","Cerebelum_3_L",0,0.0363636363636364,0.0363636363636364,0.0363636363636364,0.495412844036697,1,1,FALSE,1457
82,94,"Temporal_Sup_R","Cerebelum_3_L",0,0.0545454545454545,0.0545454545454545,0.0545454545454545,0.243119266055046,1,1,FALSE,620
83,94,"Temporal_Pole_Sup_L","Cerebelum_3_L",0,0.0545454545454545,0.0545454545454545,0.0545454545454545,0.243119266055046,1,1,FALSE,621
84,94,"Temporal_Pole_Sup_R","Cerebelum_3_L",0.0181818181818182,0.0363636363636364,0.0181818181818182,0.0181818181818182,1,1,1,FALSE,4041
85,94,"Temporal_Mid_L","Cerebelum_3_L",0,0,0,0,1,1,1,FALSE,6350
86,94,"Temporal_Mid_R","Cerebelum_3_L",0,0,0,0,1,1,1,FALSE,6361
87,94,"Temporal_Pole_Mid_R","Cerebelum_3_L",0,0,0,0,1,1,1,FALSE,6372
88,94,"Temporal_Inf_L","Cerebelum_3_L",0,0.0181818181818182,0.0181818181818182,0.0181818181818182,1,1,1,FALSE,4056
89,94,"Temporal_Inf_R","Cerebelum_3_L",0,0.0181818181818182,0.0181818181818182,0.0181818181818182,1,1,1,FALSE,4063
90,94,"Cerebelum_Crus1_L","Cerebelum_3_L",0,0.0909090909090909,0.0909090909090909,0.0909090909090909,0.0568464374517706,1,1,FALSE,137
91,94,"Cerebelum_Crus1_R","Cerebelum_3_L",0.0363636363636364,0.0545454545454545,0.0181818181818182,0.0181818181818182,1,1,1,FALSE,4070
92,94,"Cerebelum_Crus2_L","Cerebelum_3_L",0,0.0181818181818182,0.0181818181818182,0.0181818181818182,1,1,1,FALSE,4074
93,94,"Cerebelum_Crus2_R","Cerebelum_3_L",0,0.0363636363636364,0.0363636363636364,0.0363636363636364,0.495412844036697,1,1,FALSE,1470
1,95,"Precentral_L","Cerebelum_3_R",0,0,0,0,1,1,1,FALSE,4237
2,95,"Precentral_R","Cerebelum_3_R",0,0.0181818181818182,0.0181818181818182,0.0181818181818182,1,1,1,FALSE,2844
3,95,"Frontal_Sup_L","Cerebelum_3_R",0,0,0,0,1,1,1,FALSE,4290
4,95,"Frontal_Sup_R","Cerebelum_3_R",0,0,0,0,1,1,1,FALSE,4312
5,95,"Frontal_Sup_Orb_L","Cerebelum_3_R",0,0,0,0,1,1,1,FALSE,4354
6,95,"Frontal_Sup_Orb_R","Cerebelum_3_R",0,0,0,0,1,1,1,FALSE,4413
7,95,"Frontal_Mid_L","Cerebelum_3_R",0,0,0,0,1,1,1,FALSE,4459
8,95,"Frontal_Mid_R","Cerebelum_3_R",0,0,0,0,1,1,1,FALSE,4498
9,95,"Frontal_Mid_Orb_L","Cerebelum_3_R",0,0,0,0,1,1,1,FALSE,4553
10,95,"Frontal_Mid_Orb_R","Cerebelum_3_R",0,0,0,0,1,1,1,FALSE,4615
11,95,"Frontal_Inf_Oper_L","Cerebelum_3_R",0,0,0,0,1,1,1,FALSE,4657
12,95,"Frontal_Inf_Oper_R","Cerebelum_3_R",0,0,0,0,1,1,1,FALSE,4695
13,95,"Frontal_Inf_Tri_L","Cerebelum_3_R",0,0,0,0,1,1,1,FALSE,4739
14,95,"Frontal_Inf_Tri_R","Cerebelum_3_R",0,0,0,0,1,1,1,FALSE,4775
15,95,"Frontal_Inf_Orb_L","Cerebelum_3_R",0,0,0,0,1,1,1,FALSE,4805
16,95,"Frontal_Inf_Orb_R","Cerebelum_3_R",0,0,0,0,1,1,1,FALSE,4836
17,95,"Rolandic_Oper_L","Cerebelum_3_R",0,0,0,0,1,1,1,FALSE,4877
18,95,"Rolandic_Oper_R","Cerebelum_3_R",0,0.0181818181818182,0.0181818181818182,0.0181818181818182,1,1,1,FALSE,3210
19,95,"Supp_Motor_Area_L","Cerebelum_3_R",0,0,0,0,1,1,1,FALSE,4954
20,95,"Supp_Motor_Area_R","Cerebelum_3_R",0,0.0363636363636364,0.0363636363636364,0.0363636363636364,0.495412844036697,1,1,FALSE,1290
21,95,"Olfactory_L","Cerebelum_3_R",0.0181818181818182,0,-0.0181818181818182,0.0181818181818182,1,1,1,FALSE,3261
22,95,"Olfactory_R","Cerebelum_3_R",0,0.0181818181818182,0.0181818181818182,0.0181818181818182,1,1,1,FALSE,3288
23,95,"Frontal_Sup_Medial_L","Cerebelum_3_R",0,0,0,0,1,1,1,FALSE,5084
24,95,"Frontal_Sup_Medial_R","Cerebelum_3_R",0,0,0,0,1,1,1,FALSE,5107
25,95,"Frontal_Med_Orb_L","Cerebelum_3_R",0,0,0,0,1,1,1,FALSE,5143
26,95,"Frontal_Med_Orb_R","Cerebelum_3_R",0,0,0,0,1,1,1,FALSE,5176
27,95,"Rectus_L","Cerebelum_3_R",0,0,0,0,1,1,1,FALSE,5209
28,95,"Rectus_R","Cerebelum_3_R",0,0,0,0,1,1,1,FALSE,5252
29,95,"Insula_L","Cerebelum_3_R",0,0.0181818181818182,0.0181818181818182,0.0181818181818182,1,1,1,FALSE,3421
30,95,"Insula_R","Cerebelum_3_R",0.0181818181818182,0,-0.0181818181818182,0.0181818181818182,1,1,1,FALSE,3439
31,95,"Cingulum_Ant_L","Cerebelum_3_R",0,0,0,0,1,1,1,FALSE,5323
32,95,"Cingulum_Ant_R","Cerebelum_3_R",0,0,0,0,1,1,1,FALSE,5349
33,95,"Cingulum_Mid_L","Cerebelum_3_R",0,0,0,0,1,1,1,FALSE,5383
34,95,"Cingulum_Mid_R","Cerebelum_3_R",0.0181818181818182,0.0181818181818182,0,0,1,1,1,FALSE,5400
35,95,"Cingulum_Post_L","Cerebelum_3_R",0,0,0,0,1,1,1,FALSE,5445
36,95,"Cingulum_Post_R","Cerebelum_3_R",0,0,0,0,1,1,1,FALSE,5483
37,95,"Hippocampus_L","Cerebelum_3_R",0,0.0363636363636364,0.0363636363636364,0.0363636363636364,0.495412844036697,1,1,FALSE,1354
38,95,"Hippocampus_R","Cerebelum_3_R",0.0181818181818182,0.0909090909090909,0.0727272727272727,0.0727272727272727,0.20572996411117,1,1,FALSE,450
39,95,"ParaHippocampal_L","Cerebelum_3_R",0,0.0181818181818182,0.0181818181818182,0.0181818181818182,1,1,1,FALSE,3580
40,95,"ParaHippocampal_R","Cerebelum_3_R",0.0727272727272727,0.0727272727272727,0,0,1,1,1,FALSE,5546
41,95,"Amygdala_L","Cerebelum_3_R",0.0181818181818182,0.0181818181818182,0,0,1,1,1,FALSE,5574
42,95,"Amygdala_R","Cerebelum_3_R",0,0.0181818181818182,0.0181818181818182,0.0181818181818182,1,1,1,FALSE,3633
43,95,"Calcarine_L","Cerebelum_3_R",0,0,0,0,1,1,1,FALSE,5626
44,95,"Calcarine_R","Cerebelum_3_R",0,0,0,0,1,1,1,FALSE,5653
45,95,"Cuneus_L","Cerebelum_3_R",0,0,0,0,1,1,1,FALSE,5675
46,95,"Cuneus_R","Cerebelum_3_R",0,0,0,0,1,1,1,FALSE,5694
47,95,"Lingual_L","Cerebelum_3_R",0,0,0,0,1,1,1,FALSE,5713
48,95,"Lingual_R","Cerebelum_3_R",0.0181818181818182,0.0727272727272727,0.0545454545454545,0.0545454545454545,0.363371345279945,1,1,FALSE,952
49,95,"Occipital_Sup_L","Cerebelum_3_R",0,0,0,0,1,1,1,FALSE,5748
50,95,"Occipital_Sup_R","Cerebelum_3_R",0,0,0,0,1,1,1,FALSE,5770
51,95,"Occipital_Mid_L","Cerebelum_3_R",0,0.0181818181818182,0.0181818181818182,0.0181818181818182,1,1,1,FALSE,3730
52,95,"Occipital_Mid_R","Cerebelum_3_R",0,0,0,0,1,1,1,FALSE,5802
53,95,"Occipital_Inf_L","Cerebelum_3_R",0,0,0,0,1,1,1,FALSE,5821
54,95,"Occipital_Inf_R","Cerebelum_3_R",0,0,0,0,1,1,1,FALSE,5837
55,95,"Fusiform_L","Cerebelum_3_R",0,0,0,0,1,1,1,FALSE,5851
56,95,"Fusiform_R","Cerebelum_3_R",0.0181818181818182,0.0545454545454545,0.0363636363636364,0.0363636363636364,0.618022807167967,1,1,FALSE,1827
57,95,"Postcentral_L","Cerebelum_3_R",0,0,0,0,1,1,1,FALSE,5877
58,95,"Postcentral_R","Cerebelum_3_R",0,0.0181818181818182,0.0181818181818182,0.0181818181818182,1,1,1,FALSE,3821
59,95,"Parietal_Sup_L","Cerebelum_3_R",0,0,0,0,1,1,1,FALSE,5908
60,95,"Parietal_Sup_R","Cerebelum_3_R",0,0,0,0,1,1,1,FALSE,5928
61,95,"Parietal_Inf_L","Cerebelum_3_R",0,0,0,0,1,1,1,FALSE,5947
62,95,"Parietal_Inf_R","Cerebelum_3_R",0,0,0,0,1,1,1,FALSE,5971
63,95,"SupraMarginal_L","Cerebelum_3_R",0,0,0,0,1,1,1,FALSE,5994
64,95,"SupraMarginal_R","Cerebelum_3_R",0,0,0,0,1,1,1,FALSE,6020
65,95,"Angular_L","Cerebelum_3_R",0,0,0,0,1,1,1,FALSE,6042
66,95,"Angular_R","Cerebelum_3_R",0,0,0,0,1,1,1,FALSE,6072
67,95,"Precuneus_L","Cerebelum_3_R",0,0,0,0,1,1,1,FALSE,6091
68,95,"Precuneus_R","Cerebelum_3_R",0,0,0,0,1,1,1,FALSE,6106
69,95,"Paracentral_Lobule_L","Cerebelum_3_R",0,0,0,0,1,1,1,FALSE,6118
70,95,"Paracentral_Lobule_R","Cerebelum_3_R",0.0181818181818182,0.0181818181818182,0,0,1,1,1,FALSE,6129
71,95,"Caudate_L","Cerebelum_3_R",0.0181818181818182,0,-0.0181818181818182,0.0181818181818182,1,1,1,FALSE,3947
72,95,"Caudate_R","Cerebelum_3_R",0,0,0,0,1,1,1,FALSE,6166
73,95,"Putamen_L","Cerebelum_3_R",0,0.0181818181818182,0.0181818181818182,0.0181818181818182,1,1,1,FALSE,3968
74,95,"Putamen_R","Cerebelum_3_R",0.0181818181818182,0,-0.0181818181818182,0.0181818181818182,1,1,1,FALSE,3984
75,95,"Pallidum_L","Cerebelum_3_R",0,0,0,0,1,1,1,FALSE,6205
76,95,"Pallidum_R","Cerebelum_3_R",0,0,0,0,1,1,1,FALSE,6227
77,95,"Thalamus_L","Cerebelum_3_R",0,0.0545454545454545,0.0545454545454545,0.0545454545454545,0.243119266055046,1,1,FALSE,616
78,95,"Thalamus_R","Cerebelum_3_R",0.0181818181818182,0.0909090909090909,0.0727272727272727,0.0727272727272727,0.20572996411117,1,1,FALSE,464
79,95,"Heschl_L","Cerebelum_3_R",0,0.0181818181818182,0.0181818181818182,0.0181818181818182,1,1,1,FALSE,4017
80,95,"Heschl_R","Cerebelum_3_R",0,0,0,0,1,1,1,FALSE,6287
81,95,"Temporal_Sup_L","Cerebelum_3_R",0,0,0,0,1,1,1,FALSE,6303
82,95,"Temporal_Sup_R","Cerebelum_3_R",0,0,0,0,1,1,1,FALSE,6319
83,95,"Temporal_Pole_Sup_L","Cerebelum_3_R",0.0181818181818182,0,-0.0181818181818182,0.0181818181818182,1,1,1,FALSE,4034
84,95,"Temporal_Pole_Sup_R","Cerebelum_3_R",0,0.0181818181818182,0.0181818181818182,0.0181818181818182,1,1,1,FALSE,4042
85,95,"Temporal_Mid_L","Cerebelum_3_R",0,0,0,0,1,1,1,FALSE,6351
86,95,"Temporal_Mid_R","Cerebelum_3_R",0,0,0,0,1,1,1,FALSE,6362
87,95,"Temporal_Pole_Mid_R","Cerebelum_3_R",0,0,0,0,1,1,1,FALSE,6373
88,95,"Temporal_Inf_L","Cerebelum_3_R",0,0,0,0,1,1,1,FALSE,6389
89,95,"Temporal_Inf_R","Cerebelum_3_R",0,0,0,0,1,1,1,FALSE,6397
90,95,"Cerebelum_Crus1_L","Cerebelum_3_R",0.0181818181818182,0.0181818181818182,0,0,1,1,1,FALSE,6406
91,95,"Cerebelum_Crus1_R","Cerebelum_3_R",0.0363636363636364,0.0181818181818182,-0.0181818181818182,0.0181818181818182,1,1,1,FALSE,4071
92,95,"Cerebelum_Crus2_L","Cerebelum_3_R",0.0181818181818182,0,-0.0181818181818182,0.0181818181818182,1,1,1,FALSE,4075
93,95,"Cerebelum_Crus2_R","Cerebelum_3_R",0.0181818181818182,0.0181818181818182,0,0,1,1,1,FALSE,6417
94,95,"Cerebelum_3_L","Cerebelum_3_R",0.0363636363636364,0.0545454545454545,0.0181818181818182,0.0181818181818182,1,1,1,FALSE,4082
1,96,"Precentral_L","Cerebelum_4_5_L",0.0727272727272727,0.0363636363636364,-0.0363636363636364,0.0363636363636364,0.678654107617496,1,1,FALSE,1932
2,96,"Precentral_R","Cerebelum_4_5_L",0.0909090909090909,0.0909090909090909,0,0,1,1,1,FALSE,2613
3,96,"Frontal_Sup_L","Cerebelum_4_5_L",0.0363636363636364,0.0545454545454545,0.0181818181818182,0.0181818181818182,1,1,1,FALSE,2866
4,96,"Frontal_Sup_R","Cerebelum_4_5_L",0.0363636363636364,0.0181818181818182,-0.0181818181818182,0.0181818181818182,1,1,1,FALSE,2886
5,96,"Frontal_Sup_Orb_L","Cerebelum_4_5_L",0,0,0,0,1,1,1,FALSE,4355
6,96,"Frontal_Sup_Orb_R","Cerebelum_4_5_L",0.0363636363636364,0.0181818181818182,-0.0181818181818182,0.0181818181818182,1,1,1,FALSE,2933
7,96,"Frontal_Mid_L","Cerebelum_4_5_L",0.0181818181818182,0,-0.0181818181818182,0.0181818181818182,1,1,1,FALSE,2951
8,96,"Frontal_Mid_R","Cerebelum_4_5_L",0.0181818181818182,0,-0.0181818181818182,0.0181818181818182,1,1,1,FALSE,2973
9,96,"Frontal_Mid_Orb_L","Cerebelum_4_5_L",0,0,0,0,1,1,1,FALSE,4554
10,96,"Frontal_Mid_Orb_R","Cerebelum_4_5_L",0,0,0,0,1,1,1,FALSE,4616
11,96,"Frontal_Inf_Oper_L","Cerebelum_4_5_L",0,0,0,0,1,1,1,FALSE,4658
12,96,"Frontal_Inf_Oper_R","Cerebelum_4_5_L",0,0,0,0,1,1,1,FALSE,4696
13,96,"Frontal_Inf_Tri_L","Cerebelum_4_5_L",0,0,0,0,1,1,1,FALSE,4740
14,96,"Frontal_Inf_Tri_R","Cerebelum_4_5_L",0,0.0181818181818182,0.0181818181818182,0.0181818181818182,1,1,1,FALSE,3114
15,96,"Frontal_Inf_Orb_L","Cerebelum_4_5_L",0.0181818181818182,0.0363636363636364,0.0181818181818182,0.0181818181818182,1,1,1,FALSE,3142
16,96,"Frontal_Inf_Orb_R","Cerebelum_4_5_L",0.0181818181818182,0.0181818181818182,0,0,1,1,1,FALSE,4837
17,96,"Rolandic_Oper_L","Cerebelum_4_5_L",0.0181818181818182,0,-0.0181818181818182,0.0181818181818182,1,1,1,FALSE,3191
18,96,"Rolandic_Oper_R","Cerebelum_4_5_L",0.0181818181818182,0,-0.0181818181818182,0.0181818181818182,1,1,1,FALSE,3211
19,96,"Supp_Motor_Area_L","Cerebelum_4_5_L",0.0181818181818182,0.0181818181818182,0,0,1,1,1,FALSE,4955
20,96,"Supp_Motor_Area_R","Cerebelum_4_5_L",0.0909090909090909,0.109090909090909,0.0181818181818182,0.0181818181818182,1,1,1,FALSE,4150
21,96,"Olfactory_L","Cerebelum_4_5_L",0.0363636363636364,0,-0.0363636363636364,0.0363636363636364,0.495412844036697,1,1,FALSE,1294
22,96,"Olfactory_R","Cerebelum_4_5_L",0.2,0.2,0,0,1,1,1,FALSE,2542
23,96,"Frontal_Sup_Medial_L","Cerebelum_4_5_L",0.0909090909090909,0.0363636363636364,-0.0545454545454545,0.0545454545454545,0.437644688330618,1,1,FALSE,1068
24,96,"Frontal_Sup_Medial_R","Cerebelum_4_5_L",0.0727272727272727,0.0727272727272727,0,0,1,1,1,FALSE,5108
25,96,"Frontal_Med_Orb_L","Cerebelum_4_5_L",0.0909090909090909,0.127272727272727,0.0363636363636363,0.0363636363636363,0.761067915257265,1,1,FALSE,2204
26,96,"Frontal_Med_Orb_R","Cerebelum_4_5_L",0.327272727272727,0.290909090909091,-0.0363636363636364,0.0363636363636364,0.836749046021449,1,1,FALSE,2375
27,96,"Rectus_L","Cerebelum_4_5_L",0.0909090909090909,0.0727272727272727,-0.0181818181818182,0.0181818181818182,1,1,1,FALSE,2719
28,96,"Rectus_R","Cerebelum_4_5_L",0.163636363636364,0.0545454545454545,-0.109090909090909,0.109090909090909,0.123540893849592,1,1,FALSE,295
29,96,"Insula_L","Cerebelum_4_5_L",0.109090909090909,0.163636363636364,0.0545454545454545,0.0545454545454545,0.579713536502793,1,1,FALSE,1660
30,96,"Insula_R","Cerebelum_4_5_L",0.0545454545454545,0.0181818181818182,-0.0363636363636364,0.0363636363636364,0.618022807167967,1,1,FALSE,1783
31,96,"Cingulum_Ant_L","Cerebelum_4_5_L",0.0363636363636364,0.0363636363636364,0,0,1,1,1,FALSE,5324
32,96,"Cingulum_Ant_R","Cerebelum_4_5_L",0.127272727272727,0.145454545454545,0.0181818181818182,0.0181818181818182,1,1,1,FALSE,2732
33,96,"Cingulum_Mid_L","Cerebelum_4_5_L",0.0363636363636364,0.0363636363636364,0,0,1,1,1,FALSE,5384
34,96,"Cingulum_Mid_R","Cerebelum_4_5_L",0.0727272727272727,0.163636363636364,0.0909090909090909,0.0909090909090909,0.236782655021779,1,1,FALSE,507
35,96,"Cingulum_Post_L","Cerebelum_4_5_L",0,0,0,0,1,1,1,FALSE,5446
36,96,"Cingulum_Post_R","Cerebelum_4_5_L",0.0181818181818182,0.0545454545454545,0.0363636363636364,0.0363636363636364,0.618022807167967,1,1,FALSE,1796
37,96,"Hippocampus_L","Cerebelum_4_5_L",0.4,0.436363636363636,0.0363636363636363,0.0363636363636363,0.846856694634391,1,1,FALSE,2414
38,96,"Hippocampus_R","Cerebelum_4_5_L",0.563636363636364,0.672727272727273,0.109090909090909,0.109090909090909,0.32650846283772,1,1,FALSE,812
39,96,"ParaHippocampal_L","Cerebelum_4_5_L",0.6,0.563636363636364,-0.0363636363636364,0.0363636363636364,0.846856694634391,1,1,FALSE,2411
40,96,"ParaHippocampal_R","Cerebelum_4_5_L",0.509090909090909,0.436363636363636,-0.0727272727272727,0.0727272727272727,0.566911675700932,1,1,FALSE,1637
41,96,"Amygdala_L","Cerebelum_4_5_L",0.127272727272727,0.127272727272727,0,0,1,1,1,FALSE,2545
42,96,"Amygdala_R","Cerebelum_4_5_L",0.272727272727273,0.163636363636364,-0.109090909090909,0.109090909090909,0.248123182456129,1,1,FALSE,649
43,96,"Calcarine_L","Cerebelum_4_5_L",0.581818181818182,0.581818181818182,0,0,1,1,1,FALSE,5627
44,96,"Calcarine_R","Cerebelum_4_5_L",0.618181818181818,0.690909090909091,0.0727272727272728,0.0727272727272728,0.547790716156379,1,1,FALSE,1573
45,96,"Cuneus_L","Cerebelum_4_5_L",0.345454545454545,0.345454545454545,0,0,1,1,1,FALSE,2647
46,96,"Cuneus_R","Cerebelum_4_5_L",0.363636363636364,0.4,0.0363636363636364,0.0363636363636364,0.844559971809837,1,1,FALSE,2401
47,96,"Lingual_L","Cerebelum_4_5_L",0.763636363636364,0.854545454545454,0.0909090909090908,0.0909090909090908,0.332035164028184,1,1,FALSE,831
48,96,"Lingual_R","Cerebelum_4_5_L",0.945454545454545,0.927272727272727,-0.0181818181818182,0.0181818181818182,1,1,1,FALSE,2766
49,96,"Occipital_Sup_L","Cerebelum_4_5_L",0.418181818181818,0.309090909090909,-0.109090909090909,0.109090909090909,0.321711893607314,1,1,FALSE,808
50,96,"Occipital_Sup_R","Cerebelum_4_5_L",0.345454545454545,0.4,0.0545454545454546,0.0545454545454546,0.69356108728225,1,1,FALSE,2039
51,96,"Occipital_Mid_L","Cerebelum_4_5_L",0.454545454545455,0.472727272727273,0.0181818181818182,0.0181818181818182,1,1,1,FALSE,2595
52,96,"Occipital_Mid_R","Cerebelum_4_5_L",0.309090909090909,0.290909090909091,-0.0181818181818182,0.0181818181818182,1,1,1,FALSE,2773
53,96,"Occipital_Inf_L","Cerebelum_4_5_L",0.127272727272727,0.254545454545455,0.127272727272727,0.127272727272727,0.144378341082457,1,1,FALSE,327
54,96,"Occipital_Inf_R","Cerebelum_4_5_L",0.0727272727272727,0.127272727272727,0.0545454545454545,0.0545454545454545,0.526914472209385,1,1,FALSE,1538
55,96,"Fusiform_L","Cerebelum_4_5_L",0.727272727272727,0.781818181818182,0.0545454545454546,0.0545454545454546,0.658205207576239,1,1,FALSE,1902
56,96,"Fusiform_R","Cerebelum_4_5_L",0.909090909090909,0.927272727272727,0.0181818181818182,0.0181818181818182,1,1,1,FALSE,2779
57,96,"Postcentral_L","Cerebelum_4_5_L",0.0181818181818182,0.0363636363636364,0.0181818181818182,0.0181818181818182,1,1,1,FALSE,3810
58,96,"Postcentral_R","Cerebelum_4_5_L",0.0363636363636364,0.0909090909090909,0.0545454545454545,0.0545454545454545,0.437644688330618,1,1,FALSE,1093
59,96,"Parietal_Sup_L","Cerebelum_4_5_L",0.127272727272727,0.0727272727272727,-0.0545454545454545,0.0545454545454545,0.526914472209385,1,1,FALSE,1541
60,96,"Parietal_Sup_R","Cerebelum_4_5_L",0.181818181818182,0.109090909090909,-0.0727272727272727,0.0727272727272727,0.417989271601529,1,1,FALSE,1027
61,96,"Parietal_Inf_L","Cerebelum_4_5_L",0.0181818181818182,0,-0.0181818181818182,0.0181818181818182,1,1,1,FALSE,3849
62,96,"Parietal_Inf_R","Cerebelum_4_5_L",0,0.0181818181818182,0.0181818181818182,0.0181818181818182,1,1,1,FALSE,3860
63,96,"SupraMarginal_L","Cerebelum_4_5_L",0,0,0,0,1,1,1,FALSE,5995
64,96,"SupraMarginal_R","Cerebelum_4_5_L",0,0,0,0,1,1,1,FALSE,6021
65,96,"Angular_L","Cerebelum_4_5_L",0,0,0,0,1,1,1,FALSE,6043
66,96,"Angular_R","Cerebelum_4_5_L",0.0181818181818182,0,-0.0181818181818182,0.0181818181818182,1,1,1,FALSE,3896
67,96,"Precuneus_L","Cerebelum_4_5_L",0.272727272727273,0.181818181818182,-0.0909090909090909,0.0909090909090909,0.363032177614477,1,1,FALSE,886
68,96,"Precuneus_R","Cerebelum_4_5_L",0.4,0.290909090909091,-0.109090909090909,0.109090909090909,0.31610854037312,1,1,FALSE,768
69,96,"Paracentral_Lobule_L","Cerebelum_4_5_L",0,0.0181818181818182,0.0181818181818182,0.0181818181818182,1,1,1,FALSE,3932
70,96,"Paracentral_Lobule_R","Cerebelum_4_5_L",0.163636363636364,0.0909090909090909,-0.0727272727272727,0.0727272727272727,0.391585309984995,1,1,FALSE,998
71,96,"Caudate_L","Cerebelum_4_5_L",0,0.0181818181818182,0.0181818181818182,0.0181818181818182,1,1,1,FALSE,3948
72,96,"Caudate_R","Cerebelum_4_5_L",0,0.0181818181818182,0.0181818181818182,0.0181818181818182,1,1,1,FALSE,3957
73,96,"Putamen_L","Cerebelum_4_5_L",0.0363636363636364,0.0545454545454545,0.0181818181818182,0.0181818181818182,1,1,1,FALSE,3969
74,96,"Putamen_R","Cerebelum_4_5_L",0.0363636363636364,0.0181818181818182,-0.0181818181818182,0.0181818181818182,1,1,1,FALSE,3985
75,96,"Pallidum_L","Cerebelum_4_5_L",0.0181818181818182,0,-0.0181818181818182,0.0181818181818182,1,1,1,FALSE,3991
76,96,"Pallidum_R","Cerebelum_4_5_L",0,0,0,0,1,1,1,FALSE,6228
77,96,"Thalamus_L","Cerebelum_4_5_L",0.0909090909090909,0.0909090909090909,0,0,1,1,1,FALSE,2658
78,96,"Thalamus_R","Cerebelum_4_5_L",0.181818181818182,0.163636363636364,-0.0181818181818182,0.0181818181818182,1,1,1,FALSE,2807
79,96,"Heschl_L","Cerebelum_4_5_L",0.0909090909090909,0.0181818181818182,-0.0727272727272727,0.0727272727272727,0.20572996411117,1,1,FALSE,465
80,96,"Heschl_R","Cerebelum_4_5_L",0.109090909090909,0.0181818181818182,-0.0909090909090909,0.0909090909090909,0.11296407442339,1,1,FALSE,225
81,96,"Temporal_Sup_L","Cerebelum_4_5_L",0.236363636363636,0.181818181818182,-0.0545454545454545,0.0545454545454545,0.639794696440987,1,1,FALSE,1888
82,96,"Temporal_Sup_R","Cerebelum_4_5_L",0.254545454545455,0.181818181818182,-0.0727272727272727,0.0727272727272727,0.489151806446811,1,1,FALSE,1198
83,96,"Temporal_Pole_Sup_L","Cerebelum_4_5_L",0.127272727272727,0.0909090909090909,-0.0363636363636363,0.0363636363636363,0.761067915257265,1,1,FALSE,2225
84,96,"Temporal_Pole_Sup_R","Cerebelum_4_5_L",0.181818181818182,0.163636363636364,-0.0181818181818182,0.0181818181818182,1,1,1,FALSE,2810
85,96,"Temporal_Mid_L","Cerebelum_4_5_L",0.0545454545454545,0.0545454545454545,0,0,1,1,1,FALSE,6352
86,96,"Temporal_Mid_R","Cerebelum_4_5_L",0.163636363636364,0.2,0.0363636363636364,0.0363636363636364,0.805305180298538,1,1,FALSE,2307
87,96,"Temporal_Pole_Mid_R","Cerebelum_4_5_L",0.0727272727272727,0.0545454545454545,-0.0181818181818182,0.0181818181818182,1,1,1,FALSE,4053
88,96,"Temporal_Inf_L","Cerebelum_4_5_L",0.0545454545454545,0.109090909090909,0.0545454545454545,0.0545454545454545,0.488966435220834,1,1,FALSE,1190
89,96,"Temporal_Inf_R","Cerebelum_4_5_L",0.218181818181818,0.327272727272727,0.109090909090909,0.109090909090909,0.284368293516084,1,1,FALSE,723
90,96,"Cerebelum_Crus1_L","Cerebelum_4_5_L",0.327272727272727,0.4,0.0727272727272728,0.0727272727272728,0.552383268414994,1,1,FALSE,1580
91,96,"Cerebelum_Crus1_R","Cerebelum_4_5_L",0.2,0.381818181818182,0.181818181818182,0.181818181818182,0.0579373171578338,1,1,FALSE,142
92,96,"Cerebelum_Crus2_L","Cerebelum_4_5_L",0.0363636363636364,0.0545454545454545,0.0181818181818182,0.0181818181818182,1,1,1,FALSE,4076
93,96,"Cerebelum_Crus2_R","Cerebelum_4_5_L",0.0727272727272727,0.0909090909090909,0.0181818181818182,0.0181818181818182,1,1,1,FALSE,2815
94,96,"Cerebelum_3_L","Cerebelum_4_5_L",0.254545454545455,0.272727272727273,0.0181818181818182,0.0181818181818182,1,1,1,FALSE,2817
95,96,"Cerebelum_3_R","Cerebelum_4_5_L",0,0.0909090909090909,0.0909090909090909,0.0909090909090909,0.0568464374517706,1,1,FALSE,138
1,97,"Precentral_L","Cerebelum_4_5_R",0.0181818181818182,0,-0.0181818181818182,0.0181818181818182,1,1,1,FALSE,2833
2,97,"Precentral_R","Cerebelum_4_5_R",0.0545454545454545,0.0363636363636364,-0.0181818181818182,0.0181818181818182,1,1,1,FALSE,2845
3,97,"Frontal_Sup_L","Cerebelum_4_5_R",0.0181818181818182,0,-0.0181818181818182,0.0181818181818182,1,1,1,FALSE,2867
4,97,"Frontal_Sup_R","Cerebelum_4_5_R",0,0.0181818181818182,0.0181818181818182,0.0181818181818182,1,1,1,FALSE,2887
5,97,"Frontal_Sup_Orb_L","Cerebelum_4_5_R",0,0,0,0,1,1,1,FALSE,4356
6,97,"Frontal_Sup_Orb_R","Cerebelum_4_5_R",0.0181818181818182,0,-0.0181818181818182,0.0181818181818182,1,1,1,FALSE,2934
7,97,"Frontal_Mid_L","Cerebelum_4_5_R",0.0181818181818182,0,-0.0181818181818182,0.0181818181818182,1,1,1,FALSE,2952
8,97,"Frontal_Mid_R","Cerebelum_4_5_R",0,0,0,0,1,1,1,FALSE,4499
9,97,"Frontal_Mid_Orb_L","Cerebelum_4_5_R",0,0,0,0,1,1,1,FALSE,4555
10,97,"Frontal_Mid_Orb_R","Cerebelum_4_5_R",0,0,0,0,1,1,1,FALSE,4617
11,97,"Frontal_Inf_Oper_L","Cerebelum_4_5_R",0,0,0,0,1,1,1,FALSE,4659
12,97,"Frontal_Inf_Oper_R","Cerebelum_4_5_R",0,0,0,0,1,1,1,FALSE,4697
13,97,"Frontal_Inf_Tri_L","Cerebelum_4_5_R",0,0,0,0,1,1,1,FALSE,4741
14,97,"Frontal_Inf_Tri_R","Cerebelum_4_5_R",0,0,0,0,1,1,1,FALSE,4776
15,97,"Frontal_Inf_Orb_L","Cerebelum_4_5_R",0,0,0,0,1,1,1,FALSE,4806
16,97,"Frontal_Inf_Orb_R","Cerebelum_4_5_R",0,0,0,0,1,1,1,FALSE,4838
17,97,"Rolandic_Oper_L","Cerebelum_4_5_R",0,0,0,0,1,1,1,FALSE,4878
18,97,"Rolandic_Oper_R","Cerebelum_4_5_R",0,0,0,0,1,1,1,FALSE,4920
19,97,"Supp_Motor_Area_L","Cerebelum_4_5_R",0,0,0,0,1,1,1,FALSE,4956
20,97,"Supp_Motor_Area_R","Cerebelum_4_5_R",0.0545454545454545,0.109090909090909,0.0545454545454545,0.0545454545454545,0.488966435220834,1,1,FALSE,1166
21,97,"Olfactory_L","Cerebelum_4_5_R",0.0545454545454545,0.0363636363636364,-0.0181818181818182,0.0181818181818182,1,1,1,FALSE,3262
22,97,"Olfactory_R","Cerebelum_4_5_R",0.0727272727272727,0.0181818181818182,-0.0545454545454545,0.0545454545454545,0.363371345279945,1,1,FALSE,921
23,97,"Frontal_Sup_Medial_L","Cerebelum_4_5_R",0,0.0181818181818182,0.0181818181818182,0.0181818181818182,1,1,1,FALSE,3307
24,97,"Frontal_Sup_Medial_R","Cerebelum_4_5_R",0,0.0545454545454545,0.0545454545454545,0.0545454545454545,0.243119266055046,1,1,FALSE,557
25,97,"Frontal_Med_Orb_L","Cerebelum_4_5_R",0.0181818181818182,0.0181818181818182,0,0,1,1,1,FALSE,5144
26,97,"Frontal_Med_Orb_R","Cerebelum_4_5_R",0.0363636363636364,0.0181818181818182,-0.0181818181818182,0.0181818181818182,1,1,1,FALSE,3358
27,97,"Rectus_L","Cerebelum_4_5_R",0,0,0,0,1,1,1,FALSE,5210
28,97,"Rectus_R","Cerebelum_4_5_R",0,0.0181818181818182,0.0181818181818182,0.0181818181818182,1,1,1,FALSE,3402
29,97,"Insula_L","Cerebelum_4_5_R",0.0727272727272727,0.0363636363636364,-0.0363636363636364,0.0363636363636364,0.678654107617496,1,1,FALSE,1973
30,97,"Insula_R","Cerebelum_4_5_R",0,0.0181818181818182,0.0181818181818182,0.0181818181818182,1,1,1,FALSE,3440
31,97,"Cingulum_Ant_L","Cerebelum_4_5_R",0,0,0,0,1,1,1,FALSE,5325
32,97,"Cingulum_Ant_R","Cerebelum_4_5_R",0.0363636363636364,0.0363636363636364,0,0,1,1,1,FALSE,5350
33,97,"Cingulum_Mid_L","Cerebelum_4_5_R",0.0363636363636364,0.0181818181818182,-0.0181818181818182,0.0181818181818182,1,1,1,FALSE,3491
34,97,"Cingulum_Mid_R","Cerebelum_4_5_R",0.0363636363636364,0.0545454545454545,0.0181818181818182,0.0181818181818182,1,1,1,FALSE,3503
35,97,"Cingulum_Post_L","Cerebelum_4_5_R",0,0,0,0,1,1,1,FALSE,5447
36,97,"Cingulum_Post_R","Cerebelum_4_5_R",0,0.0181818181818182,0.0181818181818182,0.0181818181818182,1,1,1,FALSE,3538
37,97,"Hippocampus_L","Cerebelum_4_5_R",0.0545454545454545,0.145454545454545,0.0909090909090909,0.0909090909090909,0.202247933529552,1,1,FALSE,420
38,97,"Hippocampus_R","Cerebelum_4_5_R",0.163636363636364,0.218181818181818,0.0545454545454545,0.0545454545454545,0.628309889660844,1,1,FALSE,1877
39,97,"ParaHippocampal_L","Cerebelum_4_5_R",0.0545454545454545,0.163636363636364,0.109090909090909,0.109090909090909,0.123540893849592,1,1,FALSE,298
40,97,"ParaHippocampal_R","Cerebelum_4_5_R",0.254545454545455,0.309090909090909,0.0545454545454546,0.0545454545454546,0.672067902061461,1,1,FALSE,1921
41,97,"Amygdala_L","Cerebelum_4_5_R",0.0363636363636364,0.0727272727272727,0.0363636363636364,0.0363636363636364,0.678654107617496,1,1,FALSE,1991
42,97,"Amygdala_R","Cerebelum_4_5_R",0.109090909090909,0.0545454545454545,-0.0545454545454545,0.0545454545454545,0.488966435220834,1,1,FALSE,1178
43,97,"Calcarine_L","Cerebelum_4_5_R",0.0363636363636364,0.0363636363636364,0,0,1,1,1,FALSE,5628
44,97,"Calcarine_R","Cerebelum_4_5_R",0.0727272727272727,0.0545454545454545,-0.0181818181818182,0.0181818181818182,1,1,1,FALSE,3654
45,97,"Cuneus_L","Cerebelum_4_5_R",0,0.0181818181818182,0.0181818181818182,0.0181818181818182,1,1,1,FALSE,3671
46,97,"Cuneus_R","Cerebelum_4_5_R",0,0.0363636363636364,0.0363636363636364,0.0363636363636364,0.495412844036697,1,1,FALSE,1383
47,97,"Lingual_L","Cerebelum_4_5_R",0.0363636363636364,0.0545454545454545,0.0181818181818182,0.0181818181818182,1,1,1,FALSE,3694
48,97,"Lingual_R","Cerebelum_4_5_R",0.181818181818182,0.2,0.0181818181818182,0.0181818181818182,1,1,1,FALSE,2594
49,97,"Occipital_Sup_L","Cerebelum_4_5_R",0,0.0363636363636364,0.0363636363636364,0.0363636363636364,0.495412844036697,1,1,FALSE,1391
50,97,"Occipital_Sup_R","Cerebelum_4_5_R",0,0.0181818181818182,0.0181818181818182,0.0181818181818182,1,1,1,FALSE,3718
51,97,"Occipital_Mid_L","Cerebelum_4_5_R",0.0181818181818182,0.0545454545454545,0.0363636363636364,0.0363636363636364,0.618022807167967,1,1,FALSE,1817
52,97,"Occipital_Mid_R","Cerebelum_4_5_R",0,0,0,0,1,1,1,FALSE,5803
53,97,"Occipital_Inf_L","Cerebelum_4_5_R",0.0181818181818182,0,-0.0181818181818182,0.0181818181818182,1,1,1,FALSE,3754
54,97,"Occipital_Inf_R","Cerebelum_4_5_R",0.0363636363636364,0.0363636363636364,0,0,1,1,1,FALSE,5838
55,97,"Fusiform_L","Cerebelum_4_5_R",0.0181818181818182,0.0545454545454545,0.0363636363636364,0.0363636363636364,0.618022807167967,1,1,FALSE,1824
56,97,"Fusiform_R","Cerebelum_4_5_R",0.127272727272727,0.2,0.0727272727272728,0.0727272727272728,0.440163525159517,1,1,FALSE,1112
57,97,"Postcentral_L","Cerebelum_4_5_R",0.0181818181818182,0.0181818181818182,0,0,1,1,1,FALSE,5878
58,97,"Postcentral_R","Cerebelum_4_5_R",0,0.0363636363636364,0.0363636363636364,0.0363636363636364,0.495412844036697,1,1,FALSE,1420
59,97,"Parietal_Sup_L","Cerebelum_4_5_R",0.0181818181818182,0,-0.0181818181818182,0.0181818181818182,1,1,1,FALSE,3830
60,97,"Parietal_Sup_R","Cerebelum_4_5_R",0,0,0,0,1,1,1,FALSE,5929
61,97,"Parietal_Inf_L","Cerebelum_4_5_R",0.0363636363636364,0,-0.0363636363636364,0.0363636363636364,0.495412844036697,1,1,FALSE,1432
62,97,"Parietal_Inf_R","Cerebelum_4_5_R",0,0,0,0,1,1,1,FALSE,5972
63,97,"SupraMarginal_L","Cerebelum_4_5_R",0,0,0,0,1,1,1,FALSE,5996
64,97,"SupraMarginal_R","Cerebelum_4_5_R",0,0,0,0,1,1,1,FALSE,6022
65,97,"Angular_L","Cerebelum_4_5_R",0,0,0,0,1,1,1,FALSE,6044
66,97,"Angular_R","Cerebelum_4_5_R",0,0,0,0,1,1,1,FALSE,6073
67,97,"Precuneus_L","Cerebelum_4_5_R",0.0363636363636364,0.0909090909090909,0.0545454545454545,0.0545454545454545,0.437644688330618,1,1,FALSE,1096
68,97,"Precuneus_R","Cerebelum_4_5_R",0.0363636363636364,0.0909090909090909,0.0545454545454545,0.0545454545454545,0.437644688330618,1,1,FALSE,1097
69,97,"Paracentral_Lobule_L","Cerebelum_4_5_R",0.0909090909090909,0.0727272727272727,-0.0181818181818182,0.0181818181818182,1,1,1,FALSE,2800
70,97,"Paracentral_Lobule_R","Cerebelum_4_5_R",0.2,0.236363636363636,0.0363636363636363,0.0363636363636363,0.817827202797741,1,1,FALSE,2334
71,97,"Caudate_L","Cerebelum_4_5_R",0,0,0,0,1,1,1,FALSE,6142
72,97,"Caudate_R","Cerebelum_4_5_R",0.0181818181818182,0,-0.0181818181818182,0.0181818181818182,1,1,1,FALSE,3958
73,97,"Putamen_L","Cerebelum_4_5_R",0.0181818181818182,0,-0.0181818181818182,0.0181818181818182,1,1,1,FALSE,3970
74,97,"Putamen_R","Cerebelum_4_5_R",0,0.0181818181818182,0.0181818181818182,0.0181818181818182,1,1,1,FALSE,3986
75,97,"Pallidum_L","Cerebelum_4_5_R",0.0181818181818182,0,-0.0181818181818182,0.0181818181818182,1,1,1,FALSE,3992
76,97,"Pallidum_R","Cerebelum_4_5_R",0,0,0,0,1,1,1,FALSE,6229
77,97,"Thalamus_L","Cerebelum_4_5_R",0.0363636363636364,0.0181818181818182,-0.0181818181818182,0.0181818181818182,1,1,1,FALSE,4008
78,97,"Thalamus_R","Cerebelum_4_5_R",0.0727272727272727,0.181818181818182,0.109090909090909,0.109090909090909,0.150781180042215,1,1,FALSE,340
79,97,"Heschl_L","Cerebelum_4_5_R",0,0,0,0,1,1,1,FALSE,6265
80,97,"Heschl_R","Cerebelum_4_5_R",0,0,0,0,1,1,1,FALSE,6288
81,97,"Temporal_Sup_L","Cerebelum_4_5_R",0.0727272727272727,0.0363636363636364,-0.0363636363636364,0.0363636363636364,0.678654107617496,1,1,FALSE,2016
82,97,"Temporal_Sup_R","Cerebelum_4_5_R",0.109090909090909,0.0363636363636364,-0.0727272727272727,0.0727272727272727,0.270576022922045,1,1,FALSE,711
83,97,"Temporal_Pole_Sup_L","Cerebelum_4_5_R",0.0181818181818182,0.0181818181818182,0,0,1,1,1,FALSE,6331
84,97,"Temporal_Pole_Sup_R","Cerebelum_4_5_R",0.0363636363636364,0.181818181818182,0.145454545454545,0.145454545454545,0.0286888203891284,1,1,FALSE,71
85,97,"Temporal_Mid_L","Cerebelum_4_5_R",0,0.0363636363636364,0.0363636363636364,0.0363636363636364,0.495412844036697,1,1,FALSE,1461
86,97,"Temporal_Mid_R","Cerebelum_4_5_R",0,0.0727272727272727,0.0727272727272727,0.0727272727272727,0.118151419017406,1,1,FALSE,278
87,97,"Temporal_Pole_Mid_R","Cerebelum_4_5_R",0,0,0,0,1,1,1,FALSE,6374
88,97,"Temporal_Inf_L","Cerebelum_4_5_R",0,0.0363636363636364,0.0363636363636364,0.0363636363636364,0.495412844036697,1,1,FALSE,1466
89,97,"Temporal_Inf_R","Cerebelum_4_5_R",0.0363636363636364,0.0545454545454545,0.0181818181818182,0.0181818181818182,1,1,1,FALSE,4064
90,97,"Cerebelum_Crus1_L","Cerebelum_4_5_R",0.0909090909090909,0.163636363636364,0.0727272727272727,0.0727272727272727,0.391585309984995,1,1,FALSE,999
91,97,"Cerebelum_Crus1_R","Cerebelum_4_5_R",0.218181818181818,0.272727272727273,0.0545454545454545,0.0545454545454545,0.658205207576239,1,1,FALSE,1911
92,97,"Cerebelum_Crus2_L","Cerebelum_4_5_R",0.0545454545454545,0.0727272727272727,0.0181818181818182,0.0181818181818182,1,1,1,FALSE,4077
93,97,"Cerebelum_Crus2_R","Cerebelum_4_5_R",0.0909090909090909,0.127272727272727,0.0363636363636363,0.0363636363636363,0.761067915257265,1,1,FALSE,2227
94,97,"Cerebelum_3_L","Cerebelum_4_5_R",0.436363636363636,0.418181818181818,-0.0181818181818182,0.0181818181818182,1,1,1,FALSE,2818
95,97,"Cerebelum_3_R","Cerebelum_4_5_R",0.127272727272727,0.218181818181818,0.0909090909090909,0.0909090909090909,0.313124011328227,1,1,FALSE,766
96,97,"Cerebelum_4_5_L","Cerebelum_4_5_R",0.381818181818182,0.436363636363636,0.0545454545454545,0.0545454545454545,0.698354095491981,1,1,FALSE,2051
1,98,"Precentral_L","Cerebelum_6_L",0.2,0.272727272727273,0.0727272727272727,0.0727272727272727,0.50129166376757,1,1,FALSE,1488
2,98,"Precentral_R","Cerebelum_6_L",0.418181818181818,0.309090909090909,-0.109090909090909,0.109090909090909,0.321711893607314,1,1,FALSE,806
3,98,"Frontal_Sup_L","Cerebelum_6_L",0.0181818181818182,0.109090909090909,0.0909090909090909,0.0909090909090909,0.11296407442339,1,1,FALSE,214
4,98,"Frontal_Sup_R","Cerebelum_6_L",0.0727272727272727,0.0181818181818182,-0.0545454545454545,0.0545454545454545,0.363371345279945,1,1,FALSE,898
5,98,"Frontal_Sup_Orb_L","Cerebelum_6_L",0.0363636363636364,0.0181818181818182,-0.0181818181818182,0.0181818181818182,1,1,1,FALSE,2912
6,98,"Frontal_Sup_Orb_R","Cerebelum_6_L",0,0,0,0,1,1,1,FALSE,4414
7,98,"Frontal_Mid_L","Cerebelum_6_L",0.0181818181818182,0.0727272727272727,0.0545454545454545,0.0545454545454545,0.363371345279945,1,1,FALSE,904
8,98,"Frontal_Mid_R","Cerebelum_6_L",0.0545454545454545,0.0363636363636364,-0.0181818181818182,0.0181818181818182,1,1,1,FALSE,2974
9,98,"Frontal_Mid_Orb_L","Cerebelum_6_L",0,0,0,0,1,1,1,FALSE,4556
10,98,"Frontal_Mid_Orb_R","Cerebelum_6_L",0,0.0181818181818182,0.0181818181818182,0.0181818181818182,1,1,1,FALSE,3016
11,98,"Frontal_Inf_Oper_L","Cerebelum_6_L",0.0363636363636364,0.0181818181818182,-0.0181818181818182,0.0181818181818182,1,1,1,FALSE,3037
12,98,"Frontal_Inf_Oper_R","Cerebelum_6_L",0.0181818181818182,0.0727272727272727,0.0545454545454545,0.0545454545454545,0.363371345279945,1,1,FALSE,906
13,98,"Frontal_Inf_Tri_L","Cerebelum_6_L",0.0181818181818182,0.0363636363636364,0.0181818181818182,0.0181818181818182,1,1,1,FALSE,3091
14,98,"Frontal_Inf_Tri_R","Cerebelum_6_L",0.0545454545454545,0.0727272727272727,0.0181818181818182,0.0181818181818182,1,1,1,FALSE,3115
15,98,"Frontal_Inf_Orb_L","Cerebelum_6_L",0.0363636363636364,0.0181818181818182,-0.0181818181818182,0.0181818181818182,1,1,1,FALSE,3143
16,98,"Frontal_Inf_Orb_R","Cerebelum_6_L",0.0363636363636364,0,-0.0363636363636364,0.0363636363636364,0.495412844036697,1,1,FALSE,1274
17,98,"Rolandic_Oper_L","Cerebelum_6_L",0.0727272727272727,0.109090909090909,0.0363636363636364,0.0363636363636364,0.741953348477847,1,1,FALSE,2151
18,98,"Rolandic_Oper_R","Cerebelum_6_L",0.0909090909090909,0.0727272727272727,-0.0181818181818182,0.0181818181818182,1,1,1,FALSE,2705
19,98,"Supp_Motor_Area_L","Cerebelum_6_L",0.0363636363636364,0.0727272727272727,0.0363636363636364,0.0363636363636364,0.678654107617496,1,1,FALSE,1963
20,98,"Supp_Motor_Area_R","Cerebelum_6_L",0.436363636363636,0.454545454545455,0.0181818181818182,0.0181818181818182,1,1,1,FALSE,2570
21,98,"Olfactory_L","Cerebelum_6_L",0,0,0,0,1,1,1,FALSE,5008
22,98,"Olfactory_R","Cerebelum_6_L",0.0181818181818182,0.0181818181818182,0,0,1,1,1,FALSE,5051
23,98,"Frontal_Sup_Medial_L","Cerebelum_6_L",0.0181818181818182,0.0545454545454545,0.0363636363636364,0.0363636363636364,0.618022807167967,1,1,FALSE,1758
24,98,"Frontal_Sup_Medial_R","Cerebelum_6_L",0.0545454545454545,0.127272727272727,0.0727272727272727,0.0727272727272727,0.320308493049491,1,1,FALSE,783
25,98,"Frontal_Med_Orb_L","Cerebelum_6_L",0,0.0363636363636364,0.0363636363636364,0.0363636363636364,0.495412844036697,1,1,FALSE,1317
26,98,"Frontal_Med_Orb_R","Cerebelum_6_L",0.0545454545454545,0.0363636363636364,-0.0181818181818182,0.0181818181818182,1,1,1,FALSE,3359
27,98,"Rectus_L","Cerebelum_6_L",0.0181818181818182,0.0181818181818182,0,0,1,1,1,FALSE,5211
28,98,"Rectus_R","Cerebelum_6_L",0.0363636363636364,0.0181818181818182,-0.0181818181818182,0.0181818181818182,1,1,1,FALSE,3403
29,98,"Insula_L","Cerebelum_6_L",0.0727272727272727,0.127272727272727,0.0545454545454545,0.0545454545454545,0.526914472209385,1,1,FALSE,1523
30,98,"Insula_R","Cerebelum_6_L",0.127272727272727,0.181818181818182,0.0545454545454546,0.0545454545454546,0.598884497995648,1,1,FALSE,1683
31,98,"Cingulum_Ant_L","Cerebelum_6_L",0.0181818181818182,0,-0.0181818181818182,0.0181818181818182,1,1,1,FALSE,3463
32,98,"Cingulum_Ant_R","Cerebelum_6_L",0.0363636363636364,0.0181818181818182,-0.0181818181818182,0.0181818181818182,1,1,1,FALSE,3477
33,98,"Cingulum_Mid_L","Cerebelum_6_L",0.0727272727272727,0.145454545454545,0.0727272727272727,0.0727272727272727,0.359662012889472,1,1,FALSE,870
34,98,"Cingulum_Mid_R","Cerebelum_6_L",0.272727272727273,0.272727272727273,0,0,1,1,1,FALSE,5401
35,98,"Cingulum_Post_L","Cerebelum_6_L",0,0,0,0,1,1,1,FALSE,5448
36,98,"Cingulum_Post_R","Cerebelum_6_L",0,0.0363636363636364,0.0363636363636364,0.0363636363636364,0.495412844036697,1,1,FALSE,1349
37,98,"Hippocampus_L","Cerebelum_6_L",0.327272727272727,0.254545454545455,-0.0727272727272728,0.0727272727272728,0.529223317330229,1,1,FALSE,1551
38,98,"Hippocampus_R","Cerebelum_6_L",0.327272727272727,0.363636363636364,0.0363636363636364,0.0363636363636364,0.841254805481841,1,1,FALSE,2385
39,98,"ParaHippocampal_L","Cerebelum_6_L",0.0909090909090909,0.127272727272727,0.0363636363636363,0.0363636363636363,0.761067915257265,1,1,FALSE,2214
40,98,"ParaHippocampal_R","Cerebelum_6_L",0.0363636363636364,0.0363636363636364,0,0,1,1,1,FALSE,5547
41,98,"Amygdala_L","Cerebelum_6_L",0.0727272727272727,0.0727272727272727,0,0,1,1,1,FALSE,5575
42,98,"Amygdala_R","Cerebelum_6_L",0.163636363636364,0.0545454545454545,-0.109090909090909,0.109090909090909,0.123540893849592,1,1,FALSE,299
43,98,"Calcarine_L","Cerebelum_6_L",0.836363636363636,0.836363636363636,0,0,1,1,1,FALSE,2461
44,98,"Calcarine_R","Cerebelum_6_L",0.727272727272727,0.8,0.0727272727272728,0.0727272727272728,0.50129166376757,1,1,FALSE,1487
45,98,"Cuneus_L","Cerebelum_6_L",0.690909090909091,0.6,-0.0909090909090909,0.0909090909090909,0.42551401227077,1,1,FALSE,1037
46,98,"Cuneus_R","Cerebelum_6_L",0.527272727272727,0.545454545454545,0.0181818181818182,0.0181818181818182,1,1,1,FALSE,2591
47,98,"Lingual_L","Cerebelum_6_L",0.963636363636364,1,0.0363636363636364,0.0363636363636364,0.495412844036697,1,1,FALSE,1202
48,98,"Lingual_R","Cerebelum_6_L",0.963636363636364,1,0.0363636363636364,0.0363636363636364,0.495412844036697,1,1,FALSE,1203
49,98,"Occipital_Sup_L","Cerebelum_6_L",0.654545454545455,0.618181818181818,-0.0363636363636364,0.0363636363636364,0.843043483729933,1,1,FALSE,2395
50,98,"Occipital_Sup_R","Cerebelum_6_L",0.836363636363636,0.727272727272727,-0.109090909090909,0.109090909090909,0.248123182456129,1,1,FALSE,643
51,98,"Occipital_Mid_L","Cerebelum_6_L",0.727272727272727,0.654545454545455,-0.0727272727272728,0.0727272727272728,0.536292874311636,1,1,FALSE,1563
52,98,"Occipital_Mid_R","Cerebelum_6_L",0.672727272727273,0.636363636363636,-0.0363636363636364,0.0363636363636364,0.841254805481841,1,1,FALSE,2387
53,98,"Occipital_Inf_L","Cerebelum_6_L",0.581818181818182,0.6,0.0181818181818182,0.0181818181818182,1,1,1,FALSE,2456
54,98,"Occipital_Inf_R","Cerebelum_6_L",0.563636363636364,0.6,0.0363636363636364,0.0363636363636364,0.846856694634391,1,1,FALSE,2412
55,98,"Fusiform_L","Cerebelum_6_L",0.672727272727273,0.709090909090909,0.0363636363636364,0.0363636363636364,0.836749046021449,1,1,FALSE,2372
56,98,"Fusiform_R","Cerebelum_6_L",0.927272727272727,0.945454545454545,0.0181818181818182,0.0181818181818182,1,1,1,FALSE,2780
57,98,"Postcentral_L","Cerebelum_6_L",0.2,0.109090909090909,-0.0909090909090909,0.0909090909090909,0.291362613125644,1,1,FALSE,737
58,98,"Postcentral_R","Cerebelum_6_L",0.218181818181818,0.2,-0.0181818181818182,0.0181818181818182,1,1,1,FALSE,4202
59,98,"Parietal_Sup_L","Cerebelum_6_L",0.290909090909091,0.272727272727273,-0.0181818181818182,0.0181818181818182,1,1,1,FALSE,2458
60,98,"Parietal_Sup_R","Cerebelum_6_L",0.472727272727273,0.272727272727273,-0.2,0.2,0.0479997124646099,1,1,FALSE,99
61,98,"Parietal_Inf_L","Cerebelum_6_L",0.0545454545454545,0.0181818181818182,-0.0363636363636364,0.0363636363636364,0.618022807167967,1,1,FALSE,1833
62,98,"Parietal_Inf_R","Cerebelum_6_L",0.0545454545454545,0.0363636363636364,-0.0181818181818182,0.0181818181818182,1,1,1,FALSE,3861
63,98,"SupraMarginal_L","Cerebelum_6_L",0,0.0727272727272727,0.0727272727272727,0.0727272727272727,0.118151419017406,1,1,FALSE,271
64,98,"SupraMarginal_R","Cerebelum_6_L",0.109090909090909,0.0727272727272727,-0.0363636363636364,0.0363636363636364,0.741953348477847,1,1,FALSE,2181
65,98,"Angular_L","Cerebelum_6_L",0,0.0181818181818182,0.0181818181818182,0.0181818181818182,1,1,1,FALSE,3891
66,98,"Angular_R","Cerebelum_6_L",0,0,0,0,1,1,1,FALSE,6074
67,98,"Precuneus_L","Cerebelum_6_L",0.218181818181818,0.254545454545455,0.0363636363636363,0.0363636363636363,0.822773070595087,1,1,FALSE,2346
68,98,"Precuneus_R","Cerebelum_6_L",0.163636363636364,0.163636363636364,0,0,1,1,1,FALSE,2656
69,98,"Paracentral_Lobule_L","Cerebelum_6_L",0.0181818181818182,0.0727272727272727,0.0545454545454545,0.0545454545454545,0.363371345279945,1,1,FALSE,961
70,98,"Paracentral_Lobule_R","Cerebelum_6_L",0.236363636363636,0.181818181818182,-0.0545454545454545,0.0545454545454545,0.639794696440987,1,1,FALSE,1887
71,98,"Caudate_L","Cerebelum_6_L",0,0.0181818181818182,0.0181818181818182,0.0181818181818182,1,1,1,FALSE,3949
72,98,"Caudate_R","Cerebelum_6_L",0,0,0,0,1,1,1,FALSE,6167
73,98,"Putamen_L","Cerebelum_6_L",0.127272727272727,0.127272727272727,0,0,1,1,1,FALSE,2553
74,98,"Putamen_R","Cerebelum_6_L",0.0727272727272727,0.109090909090909,0.0363636363636364,0.0363636363636364,0.741953348477847,1,1,FALSE,2184
75,98,"Pallidum_L","Cerebelum_6_L",0.0181818181818182,0.0545454545454545,0.0363636363636364,0.0363636363636364,0.618022807167967,1,1,FALSE,1850
76,98,"Pallidum_R","Cerebelum_6_L",0,0,0,0,1,1,1,FALSE,6230
77,98,"Thalamus_L","Cerebelum_6_L",0.163636363636364,0.254545454545455,0.0909090909090909,0.0909090909090909,0.34855177578558,1,1,FALSE,851
78,98,"Thalamus_R","Cerebelum_6_L",0.145454545454545,0.218181818181818,0.0727272727272727,0.0727272727272727,0.459010046442181,1,1,FALSE,1147
79,98,"Heschl_L","Cerebelum_6_L",0,0.0545454545454545,0.0545454545454545,0.0545454545454545,0.243119266055046,1,1,FALSE,618
80,98,"Heschl_R","Cerebelum_6_L",0.0545454545454545,0.0545454545454545,0,0,1,1,1,FALSE,6289
81,98,"Temporal_Sup_L","Cerebelum_6_L",0.309090909090909,0.181818181818182,-0.127272727272727,0.127272727272727,0.183185115864541,1,1,FALSE,395
82,98,"Temporal_Sup_R","Cerebelum_6_L",0.254545454545455,0.2,-0.0545454545454545,0.0545454545454545,0.649667697687963,1,1,FALSE,1899
83,98,"Temporal_Pole_Sup_L","Cerebelum_6_L",0.0909090909090909,0.109090909090909,0.0181818181818182,0.0181818181818182,1,1,1,FALSE,4181
84,98,"Temporal_Pole_Sup_R","Cerebelum_6_L",0.2,0.0909090909090909,-0.109090909090909,0.109090909090909,0.175072824729425,1,1,FALSE,380
85,98,"Temporal_Mid_L","Cerebelum_6_L",0.0545454545454545,0.127272727272727,0.0727272727272727,0.0727272727272727,0.320308493049491,1,1,FALSE,801
86,98,"Temporal_Mid_R","Cerebelum_6_L",0.181818181818182,0.181818181818182,0,0,1,1,1,FALSE,6363
87,98,"Temporal_Pole_Mid_R","Cerebelum_6_L",0.0727272727272727,0.0363636363636364,-0.0363636363636364,0.0363636363636364,0.678654107617496,1,1,FALSE,2019
88,98,"Temporal_Inf_L","Cerebelum_6_L",0.0545454545454545,0.0909090909090909,0.0363636363636364,0.0363636363636364,0.716092464011574,1,1,FALSE,2128
89,98,"Temporal_Inf_R","Cerebelum_6_L",0.454545454545455,0.4,-0.0545454545454545,0.0545454545454545,0.700094360325682,1,1,FALSE,2054
90,98,"Cerebelum_Crus1_L","Cerebelum_6_L",0.890909090909091,0.945454545454545,0.0545454545454546,0.0545454545454546,0.488966435220834,1,1,FALSE,1191
91,98,"Cerebelum_Crus1_R","Cerebelum_6_L",0.781818181818182,0.8,0.0181818181818182,0.0181818181818182,1,1,1,FALSE,2505
92,98,"Cerebelum_Crus2_L","Cerebelum_6_L",0.181818181818182,0.145454545454545,-0.0363636363636364,0.0363636363636364,0.797285714040811,1,1,FALSE,2291
93,98,"Cerebelum_Crus2_R","Cerebelum_6_L",0.145454545454545,0.236363636363636,0.0909090909090909,0.0909090909090909,0.332035164028184,1,1,FALSE,828
94,98,"Cerebelum_3_L","Cerebelum_6_L",0,0.0363636363636364,0.0363636363636364,0.0363636363636364,0.495412844036697,1,1,FALSE,1472
95,98,"Cerebelum_3_R","Cerebelum_6_L",0.0181818181818182,0.0727272727272727,0.0545454545454545,0.0545454545454545,0.363371345279945,1,1,FALSE,966
96,98,"Cerebelum_4_5_L","Cerebelum_6_L",0.854545454545454,0.890909090909091,0.0363636363636364,0.0363636363636364,0.775847219468156,1,1,FALSE,2239
97,98,"Cerebelum_4_5_R","Cerebelum_6_L",0.145454545454545,0.145454545454545,0,0,1,1,1,FALSE,6425
1,99,"Precentral_L","Cerebelum_6_R",0.218181818181818,0.363636363636364,0.145454545454545,0.145454545454545,0.141078321059635,1,1,FALSE,323
2,99,"Precentral_R","Cerebelum_6_R",0.236363636363636,0.272727272727273,0.0363636363636363,0.0363636363636363,0.827043599014482,1,1,FALSE,2352
3,99,"Frontal_Sup_L","Cerebelum_6_R",0.0363636363636364,0.0545454545454545,0.0181818181818182,0.0181818181818182,1,1,1,FALSE,2868
4,99,"Frontal_Sup_R","Cerebelum_6_R",0.0727272727272727,0,-0.0727272727272727,0.0727272727272727,0.118151419017406,1,1,FALSE,234
5,99,"Frontal_Sup_Orb_L","Cerebelum_6_R",0,0,0,0,1,1,1,FALSE,4357
6,99,"Frontal_Sup_Orb_R","Cerebelum_6_R",0,0,0,0,1,1,1,FALSE,4415
7,99,"Frontal_Mid_L","Cerebelum_6_R",0.0181818181818182,0.0181818181818182,0,0,1,1,1,FALSE,4460
8,99,"Frontal_Mid_R","Cerebelum_6_R",0.0181818181818182,0,-0.0181818181818182,0.0181818181818182,1,1,1,FALSE,2975
9,99,"Frontal_Mid_Orb_L","Cerebelum_6_R",0,0,0,0,1,1,1,FALSE,4557
10,99,"Frontal_Mid_Orb_R","Cerebelum_6_R",0.0181818181818182,0,-0.0181818181818182,0.0181818181818182,1,1,1,FALSE,3017
11,99,"Frontal_Inf_Oper_L","Cerebelum_6_R",0.0181818181818182,0.0363636363636364,0.0181818181818182,0.0181818181818182,1,1,1,FALSE,3038
12,99,"Frontal_Inf_Oper_R","Cerebelum_6_R",0,0,0,0,1,1,1,FALSE,4698
13,99,"Frontal_Inf_Tri_L","Cerebelum_6_R",0.0363636363636364,0.0181818181818182,-0.0181818181818182,0.0181818181818182,1,1,1,FALSE,3092
14,99,"Frontal_Inf_Tri_R","Cerebelum_6_R",0.0181818181818182,0.0363636363636364,0.0181818181818182,0.0181818181818182,1,1,1,FALSE,3116
15,99,"Frontal_Inf_Orb_L","Cerebelum_6_R",0,0.0727272727272727,0.0727272727272727,0.0727272727272727,0.118151419017406,1,1,FALSE,242
16,99,"Frontal_Inf_Orb_R","Cerebelum_6_R",0.0181818181818182,0.0181818181818182,0,0,1,1,1,FALSE,4839
17,99,"Rolandic_Oper_L","Cerebelum_6_R",0.0727272727272727,0.109090909090909,0.0363636363636364,0.0363636363636364,0.741953348477847,1,1,FALSE,2152
18,99,"Rolandic_Oper_R","Cerebelum_6_R",0.0727272727272727,0.0545454545454545,-0.0181818181818182,0.0181818181818182,1,1,1,FALSE,3212
19,99,"Supp_Motor_Area_L","Cerebelum_6_R",0.0181818181818182,0.0363636363636364,0.0181818181818182,0.0181818181818182,1,1,1,FALSE,3230
20,99,"Supp_Motor_Area_R","Cerebelum_6_R",0.472727272727273,0.490909090909091,0.0181818181818182,0.0181818181818182,1,1,1,FALSE,2571
21,99,"Olfactory_L","Cerebelum_6_R",0.0181818181818182,0,-0.0181818181818182,0.0181818181818182,1,1,1,FALSE,3263
22,99,"Olfactory_R","Cerebelum_6_R",0.0181818181818182,0,-0.0181818181818182,0.0181818181818182,1,1,1,FALSE,3289
23,99,"Frontal_Sup_Medial_L","Cerebelum_6_R",0.0545454545454545,0.0545454545454545,0,0,1,1,1,FALSE,5085
24,99,"Frontal_Sup_Medial_R","Cerebelum_6_R",0.0545454545454545,0.0545454545454545,0,0,1,1,1,FALSE,5109
25,99,"Frontal_Med_Orb_L","Cerebelum_6_R",0,0,0,0,1,1,1,FALSE,5145
26,99,"Frontal_Med_Orb_R","Cerebelum_6_R",0,0,0,0,1,1,1,FALSE,5177
27,99,"Rectus_L","Cerebelum_6_R",0,0,0,0,1,1,1,FALSE,5212
28,99,"Rectus_R","Cerebelum_6_R",0,0,0,0,1,1,1,FALSE,5253
29,99,"Insula_L","Cerebelum_6_R",0.0363636363636364,0.0909090909090909,0.0545454545454545,0.0545454545454545,0.437644688330618,1,1,FALSE,1071
30,99,"Insula_R","Cerebelum_6_R",0.0909090909090909,0.109090909090909,0.0181818181818182,0.0181818181818182,1,1,1,FALSE,4157
31,99,"Cingulum_Ant_L","Cerebelum_6_R",0.0181818181818182,0.0363636363636364,0.0181818181818182,0.0181818181818182,1,1,1,FALSE,3464
32,99,"Cingulum_Ant_R","Cerebelum_6_R",0.0181818181818182,0.0545454545454545,0.0363636363636364,0.0363636363636364,0.618022807167967,1,1,FALSE,1791
33,99,"Cingulum_Mid_L","Cerebelum_6_R",0.0909090909090909,0.181818181818182,0.0909090909090909,0.0909090909090909,0.266166492306464,1,1,FALSE,676
34,99,"Cingulum_Mid_R","Cerebelum_6_R",0.181818181818182,0.181818181818182,0,0,1,1,1,FALSE,5402
35,99,"Cingulum_Post_L","Cerebelum_6_R",0,0,0,0,1,1,1,FALSE,5449
36,99,"Cingulum_Post_R","Cerebelum_6_R",0,0.0181818181818182,0.0181818181818182,0.0181818181818182,1,1,1,FALSE,3539
37,99,"Hippocampus_L","Cerebelum_6_R",0.181818181818182,0.218181818181818,0.0363636363636363,0.0363636363636363,0.812066798143123,1,1,FALSE,2316
38,99,"Hippocampus_R","Cerebelum_6_R",0.381818181818182,0.327272727272727,-0.0545454545454546,0.0545454545454546,0.690446870689589,1,1,FALSE,2035
39,99,"ParaHippocampal_L","Cerebelum_6_R",0.0545454545454545,0.0363636363636364,-0.0181818181818182,0.0181818181818182,1,1,1,FALSE,3581
40,99,"ParaHippocampal_R","Cerebelum_6_R",0.0545454545454545,0.0545454545454545,0,0,1,1,1,FALSE,5548
41,99,"Amygdala_L","Cerebelum_6_R",0.0727272727272727,0.0545454545454545,-0.0181818181818182,0.0181818181818182,1,1,1,FALSE,3616
42,99,"Amygdala_R","Cerebelum_6_R",0.0727272727272727,0.0727272727272727,0,0,1,1,1,FALSE,5599
43,99,"Calcarine_L","Cerebelum_6_R",0.381818181818182,0.436363636363636,0.0545454545454545,0.0545454545454545,0.698354095491981,1,1,FALSE,2046
44,99,"Calcarine_R","Cerebelum_6_R",0.418181818181818,0.381818181818182,-0.0363636363636363,0.0363636363636363,0.84582542658479,1,1,FALSE,2405
45,99,"Cuneus_L","Cerebelum_6_R",0.181818181818182,0.218181818181818,0.0363636363636363,0.0363636363636363,0.812066798143123,1,1,FALSE,2317
46,99,"Cuneus_R","Cerebelum_6_R",0.127272727272727,0.218181818181818,0.0909090909090909,0.0909090909090909,0.313124011328227,1,1,FALSE,764
47,99,"Lingual_L","Cerebelum_6_R",0.509090909090909,0.581818181818182,0.0727272727272728,0.0727272727272728,0.565883540031019,1,1,FALSE,1632
48,99,"Lingual_R","Cerebelum_6_R",0.8,0.854545454545454,0.0545454545454545,0.0545454545454545,0.614842856677542,1,1,FALSE,1700
49,99,"Occipital_Sup_L","Cerebelum_6_R",0.218181818181818,0.236363636363636,0.0181818181818182,0.0181818181818182,1,1,1,FALSE,2769
50,99,"Occipital_Sup_R","Cerebelum_6_R",0.290909090909091,0.272727272727273,-0.0181818181818182,0.0181818181818182,1,1,1,FALSE,2454
51,99,"Occipital_Mid_L","Cerebelum_6_R",0.254545454545455,0.309090909090909,0.0545454545454546,0.0545454545454546,0.672067902061461,1,1,FALSE,1923
52,99,"Occipital_Mid_R","Cerebelum_6_R",0.2,0.272727272727273,0.0727272727272727,0.0727272727272727,0.50129166376757,1,1,FALSE,1492
53,99,"Occipital_Inf_L","Cerebelum_6_R",0.0909090909090909,0.236363636363636,0.145454545454545,0.145454545454545,0.0691274847633676,1,1,FALSE,162
54,99,"Occipital_Inf_R","Cerebelum_6_R",0.181818181818182,0.2,0.0181818181818182,0.0181818181818182,1,1,1,FALSE,2596
55,99,"Fusiform_L","Cerebelum_6_R",0.272727272727273,0.236363636363636,-0.0363636363636363,0.0363636363636363,0.827043599014482,1,1,FALSE,2360
56,99,"Fusiform_R","Cerebelum_6_R",0.6,0.672727272727273,0.0727272727272728,0.0727272727272728,0.552383268414994,1,1,FALSE,1577
57,99,"Postcentral_L","Cerebelum_6_R",0.218181818181818,0.309090909090909,0.0909090909090909,0.0909090909090909,0.386965645395776,1,1,FALSE,981
58,99,"Postcentral_R","Cerebelum_6_R",0.163636363636364,0.254545454545455,0.0909090909090909,0.0909090909090909,0.34855177578558,1,1,FALSE,849
59,99,"Parietal_Sup_L","Cerebelum_6_R",0.145454545454545,0.163636363636364,0.0181818181818182,0.0181818181818182,1,1,1,FALSE,2499
60,99,"Parietal_Sup_R","Cerebelum_6_R",0.109090909090909,0.145454545454545,0.0363636363636364,0.0363636363636364,0.775847219468156,1,1,FALSE,2262
61,99,"Parietal_Inf_L","Cerebelum_6_R",0.0363636363636364,0.0181818181818182,-0.0181818181818182,0.0181818181818182,1,1,1,FALSE,3850
62,99,"Parietal_Inf_R","Cerebelum_6_R",0.0181818181818182,0.0181818181818182,0,0,1,1,1,FALSE,5973
63,99,"SupraMarginal_L","Cerebelum_6_R",0,0.0363636363636364,0.0363636363636364,0.0363636363636364,0.495412844036697,1,1,FALSE,1435
64,99,"SupraMarginal_R","Cerebelum_6_R",0.0181818181818182,0.109090909090909,0.0909090909090909,0.0909090909090909,0.11296407442339,1,1,FALSE,224
65,99,"Angular_L","Cerebelum_6_R",0,0,0,0,1,1,1,FALSE,6045
66,99,"Angular_R","Cerebelum_6_R",0,0.0181818181818182,0.0181818181818182,0.0181818181818182,1,1,1,FALSE,3897
67,99,"Precuneus_L","Cerebelum_6_R",0.145454545454545,0.127272727272727,-0.0181818181818182,0.0181818181818182,1,1,1,FALSE,2797
68,99,"Precuneus_R","Cerebelum_6_R",0.0727272727272727,0.127272727272727,0.0545454545454545,0.0545454545454545,0.526914472209385,1,1,FALSE,1543
69,99,"Paracentral_Lobule_L","Cerebelum_6_R",0.0363636363636364,0.0727272727272727,0.0363636363636364,0.0363636363636364,0.678654107617496,1,1,FALSE,2010
70,99,"Paracentral_Lobule_R","Cerebelum_6_R",0.218181818181818,0.309090909090909,0.0909090909090909,0.0909090909090909,0.386965645395776,1,1,FALSE,982
71,99,"Caudate_L","Cerebelum_6_R",0,0.0363636363636364,0.0363636363636364,0.0363636363636364,0.495412844036697,1,1,FALSE,1447
72,99,"Caudate_R","Cerebelum_6_R",0,0,0,0,1,1,1,FALSE,6168
73,99,"Putamen_L","Cerebelum_6_R",0.0727272727272727,0.163636363636364,0.0909090909090909,0.0909090909090909,0.236782655021779,1,1,FALSE,512
74,99,"Putamen_R","Cerebelum_6_R",0.0363636363636364,0.181818181818182,0.145454545454545,0.145454545454545,0.0286888203891284,1,1,FALSE,70
75,99,"Pallidum_L","Cerebelum_6_R",0.0181818181818182,0.0545454545454545,0.0363636363636364,0.0363636363636364,0.618022807167967,1,1,FALSE,1851
76,99,"Pallidum_R","Cerebelum_6_R",0,0.0181818181818182,0.0181818181818182,0.0181818181818182,1,1,1,FALSE,4003
77,99,"Thalamus_L","Cerebelum_6_R",0.2,0.418181818181818,0.218181818181818,0.218181818181818,0.0224992602166731,1,1,FALSE,49
78,99,"Thalamus_R","Cerebelum_6_R",0.181818181818182,0.345454545454545,0.163636363636364,0.163636363636364,0.0824272055668361,1,1,FALSE,178
79,99,"Heschl_L","Cerebelum_6_R",0.0181818181818182,0.0363636363636364,0.0181818181818182,0.0181818181818182,1,1,1,FALSE,4018
80,99,"Heschl_R","Cerebelum_6_R",0.0181818181818182,0.0181818181818182,0,0,1,1,1,FALSE,6290
81,99,"Temporal_Sup_L","Cerebelum_6_R",0.145454545454545,0.254545454545455,0.109090909090909,0.109090909090909,0.232935493483811,1,1,FALSE,492
82,99,"Temporal_Sup_R","Cerebelum_6_R",0.181818181818182,0.2,0.0181818181818182,0.0181818181818182,1,1,1,FALSE,2605
83,99,"Temporal_Pole_Sup_L","Cerebelum_6_R",0.0545454545454545,0.0181818181818182,-0.0363636363636364,0.0363636363636364,0.618022807167967,1,1,FALSE,1856
84,99,"Temporal_Pole_Sup_R","Cerebelum_6_R",0.0727272727272727,0.145454545454545,0.0727272727272727,0.0727272727272727,0.359662012889472,1,1,FALSE,878
85,99,"Temporal_Mid_L","Cerebelum_6_R",0.0545454545454545,0.0909090909090909,0.0363636363636364,0.0363636363636364,0.716092464011574,1,1,FALSE,2127
86,99,"Temporal_Mid_R","Cerebelum_6_R",0.0727272727272727,0.109090909090909,0.0363636363636364,0.0363636363636364,0.741953348477847,1,1,FALSE,2188
87,99,"Temporal_Pole_Mid_R","Cerebelum_6_R",0.0181818181818182,0.0363636363636364,0.0181818181818182,0.0181818181818182,1,1,1,FALSE,4054
88,99,"Temporal_Inf_L","Cerebelum_6_R",0.0909090909090909,0.0545454545454545,-0.0363636363636364,0.0363636363636364,0.716092464011574,1,1,FALSE,2129
89,99,"Temporal_Inf_R","Cerebelum_6_R",0.2,0.218181818181818,0.0181818181818182,0.0181818181818182,1,1,1,FALSE,4210
90,99,"Cerebelum_Crus1_L","Cerebelum_6_R",0.818181818181818,0.836363636363636,0.0181818181818181,0.0181818181818181,1,1,1,FALSE,4220
91,99,"Cerebelum_Crus1_R","Cerebelum_6_R",0.927272727272727,0.854545454545454,-0.0727272727272728,0.0727272727272728,0.359662012889472,1,1,FALSE,856
92,99,"Cerebelum_Crus2_L","Cerebelum_6_R",0.145454545454545,0.127272727272727,-0.0181818181818182,0.0181818181818182,1,1,1,FALSE,2814
93,99,"Cerebelum_Crus2_R","Cerebelum_6_R",0.345454545454545,0.363636363636364,0.0181818181818182,0.0181818181818182,1,1,1,FALSE,2606
94,99,"Cerebelum_3_L","Cerebelum_6_R",0.0363636363636364,0.0727272727272727,0.0363636363636364,0.0363636363636364,0.678654107617496,1,1,FALSE,2023
95,99,"Cerebelum_3_R","Cerebelum_6_R",0.0545454545454545,0.127272727272727,0.0727272727272727,0.0727272727272727,0.320308493049491,1,1,FALSE,802
96,99,"Cerebelum_4_5_L","Cerebelum_6_R",0.527272727272727,0.618181818181818,0.0909090909090909,0.0909090909090909,0.440903183249574,1,1,FALSE,1118
97,99,"Cerebelum_4_5_R","Cerebelum_6_R",0.345454545454545,0.454545454545455,0.109090909090909,0.109090909090909,0.330543246178152,1,1,FALSE,818
98,99,"Cerebelum_6_L","Cerebelum_6_R",0.927272727272727,0.981818181818182,0.0545454545454546,0.0545454545454546,0.363371345279945,1,1,FALSE,889
1,100,"Precentral_L","Cerebelum_7b_L",0.0181818181818182,0.0181818181818182,0,0,1,1,1,FALSE,4238
2,100,"Precentral_R","Cerebelum_7b_L",0.127272727272727,0.109090909090909,-0.0181818181818182,0.0181818181818182,1,1,1,FALSE,2508
3,100,"Frontal_Sup_L","Cerebelum_7b_L",0,0,0,0,1,1,1,FALSE,4291
4,100,"Frontal_Sup_R","Cerebelum_7b_L",0.0181818181818182,0.0363636363636364,0.0181818181818182,0.0181818181818182,1,1,1,FALSE,2888
5,100,"Frontal_Sup_Orb_L","Cerebelum_7b_L",0,0,0,0,1,1,1,FALSE,4358
6,100,"Frontal_Sup_Orb_R","Cerebelum_7b_L",0.0363636363636364,0,-0.0363636363636364,0.0363636363636364,0.495412844036697,1,1,FALSE,1231
7,100,"Frontal_Mid_L","Cerebelum_7b_L",0,0,0,0,1,1,1,FALSE,4461
8,100,"Frontal_Mid_R","Cerebelum_7b_L",0.0909090909090909,0.0727272727272727,-0.0181818181818182,0.0181818181818182,1,1,1,FALSE,2687
9,100,"Frontal_Mid_Orb_L","Cerebelum_7b_L",0.0181818181818182,0,-0.0181818181818182,0.0181818181818182,1,1,1,FALSE,2994
10,100,"Frontal_Mid_Orb_R","Cerebelum_7b_L",0.0363636363636364,0.0363636363636364,0,0,1,1,1,FALSE,4618
11,100,"Frontal_Inf_Oper_L","Cerebelum_7b_L",0,0.0181818181818182,0.0181818181818182,0.0181818181818182,1,1,1,FALSE,3039
12,100,"Frontal_Inf_Oper_R","Cerebelum_7b_L",0.0727272727272727,0.0363636363636364,-0.0363636363636364,0.0363636363636364,0.678654107617496,1,1,FALSE,1952
13,100,"Frontal_Inf_Tri_L","Cerebelum_7b_L",0,0.0181818181818182,0.0181818181818182,0.0181818181818182,1,1,1,FALSE,3093
14,100,"Frontal_Inf_Tri_R","Cerebelum_7b_L",0.0909090909090909,0.0727272727272727,-0.0181818181818182,0.0181818181818182,1,1,1,FALSE,2697
15,100,"Frontal_Inf_Orb_L","Cerebelum_7b_L",0,0,0,0,1,1,1,FALSE,4807
16,100,"Frontal_Inf_Orb_R","Cerebelum_7b_L",0,0,0,0,1,1,1,FALSE,4840
17,100,"Rolandic_Oper_L","Cerebelum_7b_L",0,0,0,0,1,1,1,FALSE,4879
18,100,"Rolandic_Oper_R","Cerebelum_7b_L",0,0,0,0,1,1,1,FALSE,4921
19,100,"Supp_Motor_Area_L","Cerebelum_7b_L",0,0,0,0,1,1,1,FALSE,4957
20,100,"Supp_Motor_Area_R","Cerebelum_7b_L",0.0363636363636364,0,-0.0363636363636364,0.0363636363636364,0.495412844036697,1,1,FALSE,1291
21,100,"Olfactory_L","Cerebelum_7b_L",0,0,0,0,1,1,1,FALSE,5009
22,100,"Olfactory_R","Cerebelum_7b_L",0,0,0,0,1,1,1,FALSE,5052
23,100,"Frontal_Sup_Medial_L","Cerebelum_7b_L",0,0.0181818181818182,0.0181818181818182,0.0181818181818182,1,1,1,FALSE,3308
24,100,"Frontal_Sup_Medial_R","Cerebelum_7b_L",0,0,0,0,1,1,1,FALSE,5110
25,100,"Frontal_Med_Orb_L","Cerebelum_7b_L",0,0.0181818181818182,0.0181818181818182,0.0181818181818182,1,1,1,FALSE,3341
26,100,"Frontal_Med_Orb_R","Cerebelum_7b_L",0,0,0,0,1,1,1,FALSE,5178
27,100,"Rectus_L","Cerebelum_7b_L",0,0,0,0,1,1,1,FALSE,5213
28,100,"Rectus_R","Cerebelum_7b_L",0,0,0,0,1,1,1,FALSE,5254
29,100,"Insula_L","Cerebelum_7b_L",0.0181818181818182,0,-0.0181818181818182,0.0181818181818182,1,1,1,FALSE,3422
30,100,"Insula_R","Cerebelum_7b_L",0.0181818181818182,0.0181818181818182,0,0,1,1,1,FALSE,5296
31,100,"Cingulum_Ant_L","Cerebelum_7b_L",0,0,0,0,1,1,1,FALSE,5326
32,100,"Cingulum_Ant_R","Cerebelum_7b_L",0,0,0,0,1,1,1,FALSE,5351
33,100,"Cingulum_Mid_L","Cerebelum_7b_L",0,0,0,0,1,1,1,FALSE,5385
34,100,"Cingulum_Mid_R","Cerebelum_7b_L",0.0181818181818182,0.0181818181818182,0,0,1,1,1,FALSE,5403
35,100,"Cingulum_Post_L","Cerebelum_7b_L",0,0,0,0,1,1,1,FALSE,5450
36,100,"Cingulum_Post_R","Cerebelum_7b_L",0,0.0181818181818182,0.0181818181818182,0.0181818181818182,1,1,1,FALSE,3540
37,100,"Hippocampus_L","Cerebelum_7b_L",0.0181818181818182,0,-0.0181818181818182,0.0181818181818182,1,1,1,FALSE,3550
38,100,"Hippocampus_R","Cerebelum_7b_L",0.0181818181818182,0,-0.0181818181818182,0.0181818181818182,1,1,1,FALSE,3561
39,100,"ParaHippocampal_L","Cerebelum_7b_L",0,0,0,0,1,1,1,FALSE,5524
40,100,"ParaHippocampal_R","Cerebelum_7b_L",0,0,0,0,1,1,1,FALSE,5549
41,100,"Amygdala_L","Cerebelum_7b_L",0,0,0,0,1,1,1,FALSE,5576
42,100,"Amygdala_R","Cerebelum_7b_L",0,0,0,0,1,1,1,FALSE,5600
43,100,"Calcarine_L","Cerebelum_7b_L",0.0181818181818182,0.0181818181818182,0,0,1,1,1,FALSE,5629
44,100,"Calcarine_R","Cerebelum_7b_L",0,0.0181818181818182,0.0181818181818182,0.0181818181818182,1,1,1,FALSE,3655
45,100,"Cuneus_L","Cerebelum_7b_L",0,0,0,0,1,1,1,FALSE,5676
46,100,"Cuneus_R","Cerebelum_7b_L",0,0,0,0,1,1,1,FALSE,5695
47,100,"Lingual_L","Cerebelum_7b_L",0.0181818181818182,0.0181818181818182,0,0,1,1,1,FALSE,5714
48,100,"Lingual_R","Cerebelum_7b_L",0.0181818181818182,0.0181818181818182,0,0,1,1,1,FALSE,5731
49,100,"Occipital_Sup_L","Cerebelum_7b_L",0,0.0181818181818182,0.0181818181818182,0.0181818181818182,1,1,1,FALSE,3711
50,100,"Occipital_Sup_R","Cerebelum_7b_L",0.0363636363636364,0,-0.0363636363636364,0.0363636363636364,0.495412844036697,1,1,FALSE,1397
51,100,"Occipital_Mid_L","Cerebelum_7b_L",0.0181818181818182,0.0363636363636364,0.0181818181818182,0.0181818181818182,1,1,1,FALSE,3731
52,100,"Occipital_Mid_R","Cerebelum_7b_L",0.0545454545454545,0.0181818181818182,-0.0363636363636364,0.0363636363636364,0.618022807167967,1,1,FALSE,1819
53,100,"Occipital_Inf_L","Cerebelum_7b_L",0.0545454545454545,0.0363636363636364,-0.0181818181818182,0.0181818181818182,1,1,1,FALSE,3755
54,100,"Occipital_Inf_R","Cerebelum_7b_L",0.0363636363636364,0,-0.0363636363636364,0.0363636363636364,0.495412844036697,1,1,FALSE,1409
55,100,"Fusiform_L","Cerebelum_7b_L",0,0.0363636363636364,0.0363636363636364,0.0363636363636364,0.495412844036697,1,1,FALSE,1413
56,100,"Fusiform_R","Cerebelum_7b_L",0,0.0181818181818182,0.0181818181818182,0.0181818181818182,1,1,1,FALSE,3797
57,100,"Postcentral_L","Cerebelum_7b_L",0,0.0181818181818182,0.0181818181818182,0.0181818181818182,1,1,1,FALSE,3811
58,100,"Postcentral_R","Cerebelum_7b_L",0,0.0181818181818182,0.0181818181818182,0.0181818181818182,1,1,1,FALSE,3822
59,100,"Parietal_Sup_L","Cerebelum_7b_L",0.0363636363636364,0.0727272727272727,0.0363636363636364,0.0363636363636364,0.678654107617496,1,1,FALSE,2002
60,100,"Parietal_Sup_R","Cerebelum_7b_L",0.0545454545454545,0.109090909090909,0.0545454545454545,0.0545454545454545,0.488966435220834,1,1,FALSE,1183
61,100,"Parietal_Inf_L","Cerebelum_7b_L",0.0363636363636364,0.0181818181818182,-0.0181818181818182,0.0181818181818182,1,1,1,FALSE,3851
62,100,"Parietal_Inf_R","Cerebelum_7b_L",0.0727272727272727,0.0727272727272727,0,0,1,1,1,FALSE,5974
63,100,"SupraMarginal_L","Cerebelum_7b_L",0,0,0,0,1,1,1,FALSE,5997
64,100,"SupraMarginal_R","Cerebelum_7b_L",0.0181818181818182,0.0363636363636364,0.0181818181818182,0.0181818181818182,1,1,1,FALSE,3879
65,100,"Angular_L","Cerebelum_7b_L",0,0,0,0,1,1,1,FALSE,6046
66,100,"Angular_R","Cerebelum_7b_L",0.0363636363636364,0.0363636363636364,0,0,1,1,1,FALSE,6075
67,100,"Precuneus_L","Cerebelum_7b_L",0,0,0,0,1,1,1,FALSE,6092
68,100,"Precuneus_R","Cerebelum_7b_L",0,0.0181818181818182,0.0181818181818182,0.0181818181818182,1,1,1,FALSE,3916
69,100,"Paracentral_Lobule_L","Cerebelum_7b_L",0,0,0,0,1,1,1,FALSE,6119
70,100,"Paracentral_Lobule_R","Cerebelum_7b_L",0,0,0,0,1,1,1,FALSE,6130
71,100,"Caudate_L","Cerebelum_7b_L",0,0,0,0,1,1,1,FALSE,6143
72,100,"Caudate_R","Cerebelum_7b_L",0,0,0,0,1,1,1,FALSE,6169
73,100,"Putamen_L","Cerebelum_7b_L",0.0181818181818182,0,-0.0181818181818182,0.0181818181818182,1,1,1,FALSE,3971
74,100,"Putamen_R","Cerebelum_7b_L",0.0545454545454545,0,-0.0545454545454545,0.0545454545454545,0.243119266055046,1,1,FALSE,612
75,100,"Pallidum_L","Cerebelum_7b_L",0,0,0,0,1,1,1,FALSE,6206
76,100,"Pallidum_R","Cerebelum_7b_L",0,0,0,0,1,1,1,FALSE,6231
77,100,"Thalamus_L","Cerebelum_7b_L",0,0,0,0,1,1,1,FALSE,6244
78,100,"Thalamus_R","Cerebelum_7b_L",0,0,0,0,1,1,1,FALSE,6253
79,100,"Heschl_L","Cerebelum_7b_L",0,0,0,0,1,1,1,FALSE,6266
80,100,"Heschl_R","Cerebelum_7b_L",0,0,0,0,1,1,1,FALSE,6291
81,100,"Temporal_Sup_L","Cerebelum_7b_L",0,0,0,0,1,1,1,FALSE,6304
82,100,"Temporal_Sup_R","Cerebelum_7b_L",0,0,0,0,1,1,1,FALSE,6320
83,100,"Temporal_Pole_Sup_L","Cerebelum_7b_L",0,0,0,0,1,1,1,FALSE,6332
84,100,"Temporal_Pole_Sup_R","Cerebelum_7b_L",0.0363636363636364,0,-0.0363636363636364,0.0363636363636364,0.495412844036697,1,1,FALSE,1460
85,100,"Temporal_Mid_L","Cerebelum_7b_L",0,0,0,0,1,1,1,FALSE,6353
86,100,"Temporal_Mid_R","Cerebelum_7b_L",0.0181818181818182,0,-0.0181818181818182,0.0181818181818182,1,1,1,FALSE,4048
87,100,"Temporal_Pole_Mid_R","Cerebelum_7b_L",0,0,0,0,1,1,1,FALSE,6375
88,100,"Temporal_Inf_L","Cerebelum_7b_L",0,0,0,0,1,1,1,FALSE,6390
89,100,"Temporal_Inf_R","Cerebelum_7b_L",0.0727272727272727,0.0545454545454545,-0.0181818181818182,0.0181818181818182,1,1,1,FALSE,4065
90,100,"Cerebelum_Crus1_L","Cerebelum_7b_L",0.363636363636364,0.272727272727273,-0.0909090909090909,0.0909090909090909,0.413114166796256,1,1,FALSE,1016
91,100,"Cerebelum_Crus1_R","Cerebelum_7b_L",0.145454545454545,0.0727272727272727,-0.0727272727272727,0.0727272727272727,0.359662012889472,1,1,FALSE,879
92,100,"Cerebelum_Crus2_L","Cerebelum_7b_L",0.381818181818182,0.290909090909091,-0.0909090909090909,0.0909090909090909,0.419755829539315,1,1,FALSE,1035
93,100,"Cerebelum_Crus2_R","Cerebelum_7b_L",0.145454545454545,0.127272727272727,-0.0181818181818182,0.0181818181818182,1,1,1,FALSE,2816
94,100,"Cerebelum_3_L","Cerebelum_7b_L",0,0,0,0,1,1,1,FALSE,6420
95,100,"Cerebelum_3_R","Cerebelum_7b_L",0,0,0,0,1,1,1,FALSE,6423
96,100,"Cerebelum_4_5_L","Cerebelum_7b_L",0,0.0181818181818182,0.0181818181818182,0.0181818181818182,1,1,1,FALSE,4096
97,100,"Cerebelum_4_5_R","Cerebelum_7b_L",0.0363636363636364,0.0181818181818182,-0.0181818181818182,0.0181818181818182,1,1,1,FALSE,4101
98,100,"Cerebelum_6_L","Cerebelum_7b_L",0.127272727272727,0.0909090909090909,-0.0363636363636363,0.0363636363636363,0.761067915257265,1,1,FALSE,2231
99,100,"Cerebelum_6_R","Cerebelum_7b_L",0.0909090909090909,0.109090909090909,0.0181818181818182,0.0181818181818182,1,1,1,FALSE,4184
1,101,"Precentral_L","Cerebelum_7b_R",0.0727272727272727,0.145454545454545,0.0727272727272727,0.0727272727272727,0.359662012889472,1,1,FALSE,858
2,101,"Precentral_R","Cerebelum_7b_R",0.0545454545454545,0.0545454545454545,0,0,1,1,1,FALSE,4267
3,101,"Frontal_Sup_L","Cerebelum_7b_R",0.0545454545454545,0.145454545454545,0.0909090909090909,0.0909090909090909,0.202247933529552,1,1,FALSE,411
4,101,"Frontal_Sup_R","Cerebelum_7b_R",0,0,0,0,1,1,1,FALSE,4313
5,101,"Frontal_Sup_Orb_L","Cerebelum_7b_R",0,0.0545454545454545,0.0545454545454545,0.0545454545454545,0.243119266055046,1,1,FALSE,528
6,101,"Frontal_Sup_Orb_R","Cerebelum_7b_R",0,0,0,0,1,1,1,FALSE,4416
7,101,"Frontal_Mid_L","Cerebelum_7b_R",0.0909090909090909,0.127272727272727,0.0363636363636363,0.0363636363636363,0.761067915257265,1,1,FALSE,2194
8,101,"Frontal_Mid_R","Cerebelum_7b_R",0.0181818181818182,0.0181818181818182,0,0,1,1,1,FALSE,4500
9,101,"Frontal_Mid_Orb_L","Cerebelum_7b_R",0.0181818181818182,0.0181818181818182,0,0,1,1,1,FALSE,4558
10,101,"Frontal_Mid_Orb_R","Cerebelum_7b_R",0.0181818181818182,0,-0.0181818181818182,0.0181818181818182,1,1,1,FALSE,3018
11,101,"Frontal_Inf_Oper_L","Cerebelum_7b_R",0.0363636363636364,0.0181818181818182,-0.0181818181818182,0.0181818181818182,1,1,1,FALSE,3040
12,101,"Frontal_Inf_Oper_R","Cerebelum_7b_R",0,0,0,0,1,1,1,FALSE,4699
13,101,"Frontal_Inf_Tri_L","Cerebelum_7b_R",0.0363636363636364,0.0363636363636364,0,0,1,1,1,FALSE,4742
14,101,"Frontal_Inf_Tri_R","Cerebelum_7b_R",0.0181818181818182,0.0181818181818182,0,0,1,1,1,FALSE,4777
15,101,"Frontal_Inf_Orb_L","Cerebelum_7b_R",0,0,0,0,1,1,1,FALSE,4808
16,101,"Frontal_Inf_Orb_R","Cerebelum_7b_R",0,0,0,0,1,1,1,FALSE,4841
17,101,"Rolandic_Oper_L","Cerebelum_7b_R",0.0181818181818182,0,-0.0181818181818182,0.0181818181818182,1,1,1,FALSE,3192
18,101,"Rolandic_Oper_R","Cerebelum_7b_R",0.0363636363636364,0,-0.0363636363636364,0.0363636363636364,0.495412844036697,1,1,FALSE,1281
19,101,"Supp_Motor_Area_L","Cerebelum_7b_R",0,0.0727272727272727,0.0727272727272727,0.0727272727272727,0.118151419017406,1,1,FALSE,246
20,101,"Supp_Motor_Area_R","Cerebelum_7b_R",0.0727272727272727,0.0909090909090909,0.0181818181818182,0.0181818181818182,1,1,1,FALSE,2709
21,101,"Olfactory_L","Cerebelum_7b_R",0,0,0,0,1,1,1,FALSE,5010
22,101,"Olfactory_R","Cerebelum_7b_R",0,0,0,0,1,1,1,FALSE,5053
23,101,"Frontal_Sup_Medial_L","Cerebelum_7b_R",0,0.0363636363636364,0.0363636363636364,0.0363636363636364,0.495412844036697,1,1,FALSE,1302
24,101,"Frontal_Sup_Medial_R","Cerebelum_7b_R",0.0181818181818182,0.0181818181818182,0,0,1,1,1,FALSE,5111
25,101,"Frontal_Med_Orb_L","Cerebelum_7b_R",0,0.0181818181818182,0.0181818181818182,0.0181818181818182,1,1,1,FALSE,3342
26,101,"Frontal_Med_Orb_R","Cerebelum_7b_R",0,0,0,0,1,1,1,FALSE,5179
27,101,"Rectus_L","Cerebelum_7b_R",0,0.0181818181818182,0.0181818181818182,0.0181818181818182,1,1,1,FALSE,3381
28,101,"Rectus_R","Cerebelum_7b_R",0,0,0,0,1,1,1,FALSE,5255
29,101,"Insula_L","Cerebelum_7b_R",0.0181818181818182,0.0181818181818182,0,0,1,1,1,FALSE,5279
30,101,"Insula_R","Cerebelum_7b_R",0,0,0,0,1,1,1,FALSE,5297
31,101,"Cingulum_Ant_L","Cerebelum_7b_R",0,0.0363636363636364,0.0363636363636364,0.0363636363636364,0.495412844036697,1,1,FALSE,1338
32,101,"Cingulum_Ant_R","Cerebelum_7b_R",0,0.0363636363636364,0.0363636363636364,0.0363636363636364,0.495412844036697,1,1,FALSE,1341
33,101,"Cingulum_Mid_L","Cerebelum_7b_R",0,0,0,0,1,1,1,FALSE,5386
34,101,"Cingulum_Mid_R","Cerebelum_7b_R",0.0181818181818182,0.0545454545454545,0.0363636363636364,0.0363636363636364,0.618022807167967,1,1,FALSE,1794
35,101,"Cingulum_Post_L","Cerebelum_7b_R",0,0,0,0,1,1,1,FALSE,5451
36,101,"Cingulum_Post_R","Cerebelum_7b_R",0,0.0545454545454545,0.0545454545454545,0.0545454545454545,0.243119266055046,1,1,FALSE,566
37,101,"Hippocampus_L","Cerebelum_7b_R",0.0181818181818182,0,-0.0181818181818182,0.0181818181818182,1,1,1,FALSE,3551
38,101,"Hippocampus_R","Cerebelum_7b_R",0.0181818181818182,0.0181818181818182,0,0,1,1,1,FALSE,5509
39,101,"ParaHippocampal_L","Cerebelum_7b_R",0,0,0,0,1,1,1,FALSE,5525
40,101,"ParaHippocampal_R","Cerebelum_7b_R",0.0181818181818182,0,-0.0181818181818182,0.0181818181818182,1,1,1,FALSE,3601
41,101,"Amygdala_L","Cerebelum_7b_R",0.0181818181818182,0.0181818181818182,0,0,1,1,1,FALSE,5577
42,101,"Amygdala_R","Cerebelum_7b_R",0.0181818181818182,0.0181818181818182,0,0,1,1,1,FALSE,5601
43,101,"Calcarine_L","Cerebelum_7b_R",0,0,0,0,1,1,1,FALSE,5630
44,101,"Calcarine_R","Cerebelum_7b_R",0,0,0,0,1,1,1,FALSE,5654
45,101,"Cuneus_L","Cerebelum_7b_R",0,0,0,0,1,1,1,FALSE,5677
46,101,"Cuneus_R","Cerebelum_7b_R",0,0,0,0,1,1,1,FALSE,5696
47,101,"Lingual_L","Cerebelum_7b_R",0,0,0,0,1,1,1,FALSE,5715
48,101,"Lingual_R","Cerebelum_7b_R",0,0.0545454545454545,0.0545454545454545,0.0545454545454545,0.243119266055046,1,1,FALSE,580
49,101,"Occipital_Sup_L","Cerebelum_7b_R",0.0181818181818182,0.0181818181818182,0,0,1,1,1,FALSE,5749
50,101,"Occipital_Sup_R","Cerebelum_7b_R",0,0.0181818181818182,0.0181818181818182,0.0181818181818182,1,1,1,FALSE,3719
51,101,"Occipital_Mid_L","Cerebelum_7b_R",0.0727272727272727,0.0727272727272727,0,0,1,1,1,FALSE,5785
52,101,"Occipital_Mid_R","Cerebelum_7b_R",0.0363636363636364,0.0181818181818182,-0.0181818181818182,0.0181818181818182,1,1,1,FALSE,3741
53,101,"Occipital_Inf_L","Cerebelum_7b_R",0.0727272727272727,0,-0.0727272727272727,0.0727272727272727,0.118151419017406,1,1,FALSE,263
54,101,"Occipital_Inf_R","Cerebelum_7b_R",0.0181818181818182,0.0181818181818182,0,0,1,1,1,FALSE,5839
55,101,"Fusiform_L","Cerebelum_7b_R",0.0363636363636364,0,-0.0363636363636364,0.0363636363636364,0.495412844036697,1,1,FALSE,1414
56,101,"Fusiform_R","Cerebelum_7b_R",0,0.0181818181818182,0.0181818181818182,0.0181818181818182,1,1,1,FALSE,3798
57,101,"Postcentral_L","Cerebelum_7b_R",0.0181818181818182,0.0363636363636364,0.0181818181818182,0.0181818181818182,1,1,1,FALSE,3812
58,101,"Postcentral_R","Cerebelum_7b_R",0.0181818181818182,0.0363636363636364,0.0181818181818182,0.0181818181818182,1,1,1,FALSE,3823
59,101,"Parietal_Sup_L","Cerebelum_7b_R",0.127272727272727,0.127272727272727,0,0,1,1,1,FALSE,2552
60,101,"Parietal_Sup_R","Cerebelum_7b_R",0.0727272727272727,0.0909090909090909,0.0181818181818182,0.0181818181818182,1,1,1,FALSE,2789
61,101,"Parietal_Inf_L","Cerebelum_7b_R",0.109090909090909,0.127272727272727,0.0181818181818182,0.0181818181818182,1,1,1,FALSE,2531
62,101,"Parietal_Inf_R","Cerebelum_7b_R",0.0181818181818182,0.0181818181818182,0,0,1,1,1,FALSE,5975
63,101,"SupraMarginal_L","Cerebelum_7b_R",0.0181818181818182,0.0181818181818182,0,0,1,1,1,FALSE,5998
64,101,"SupraMarginal_R","Cerebelum_7b_R",0,0.0181818181818182,0.0181818181818182,0.0181818181818182,1,1,1,FALSE,3880
65,101,"Angular_L","Cerebelum_7b_R",0,0.0363636363636364,0.0363636363636364,0.0363636363636364,0.495412844036697,1,1,FALSE,1437
66,101,"Angular_R","Cerebelum_7b_R",0,0,0,0,1,1,1,FALSE,6076
67,101,"Precuneus_L","Cerebelum_7b_R",0.0545454545454545,0.0727272727272727,0.0181818181818182,0.0181818181818182,1,1,1,FALSE,3906
68,101,"Precuneus_R","Cerebelum_7b_R",0.0181818181818182,0.0545454545454545,0.0363636363636364,0.0363636363636364,0.618022807167967,1,1,FALSE,1841
69,101,"Paracentral_Lobule_L","Cerebelum_7b_R",0,0.0363636363636364,0.0363636363636364,0.0363636363636364,0.495412844036697,1,1,FALSE,1440
70,101,"Paracentral_Lobule_R","Cerebelum_7b_R",0.0727272727272727,0,-0.0727272727272727,0.0727272727272727,0.118151419017406,1,1,FALSE,274
71,101,"Caudate_L","Cerebelum_7b_R",0.0181818181818182,0.0181818181818182,0,0,1,1,1,FALSE,6144
72,101,"Caudate_R","Cerebelum_7b_R",0,0,0,0,1,1,1,FALSE,6170
73,101,"Putamen_L","Cerebelum_7b_R",0.0181818181818182,0.0363636363636364,0.0181818181818182,0.0181818181818182,1,1,1,FALSE,3972
74,101,"Putamen_R","Cerebelum_7b_R",0.0181818181818182,0.0181818181818182,0,0,1,1,1,FALSE,6190
75,101,"Pallidum_L","Cerebelum_7b_R",0,0,0,0,1,1,1,FALSE,6207
76,101,"Pallidum_R","Cerebelum_7b_R",0,0.0181818181818182,0.0181818181818182,0.0181818181818182,1,1,1,FALSE,4004
77,101,"Thalamus_L","Cerebelum_7b_R",0,0.0363636363636364,0.0363636363636364,0.0363636363636364,0.495412844036697,1,1,FALSE,1454
78,101,"Thalamus_R","Cerebelum_7b_R",0,0.0727272727272727,0.0727272727272727,0.0727272727272727,0.118151419017406,1,1,FALSE,275
79,101,"Heschl_L","Cerebelum_7b_R",0,0,0,0,1,1,1,FALSE,6267
80,101,"Heschl_R","Cerebelum_7b_R",0,0,0,0,1,1,1,FALSE,6292
81,101,"Temporal_Sup_L","Cerebelum_7b_R",0.0181818181818182,0.0181818181818182,0,0,1,1,1,FALSE,6305
82,101,"Temporal_Sup_R","Cerebelum_7b_R",0.0181818181818182,0.0181818181818182,0,0,1,1,1,FALSE,6321
83,101,"Temporal_Pole_Sup_L","Cerebelum_7b_R",0,0.0545454545454545,0.0545454545454545,0.0545454545454545,0.243119266055046,1,1,FALSE,622
84,101,"Temporal_Pole_Sup_R","Cerebelum_7b_R",0,0.0545454545454545,0.0545454545454545,0.0545454545454545,0.243119266055046,1,1,FALSE,623
85,101,"Temporal_Mid_L","Cerebelum_7b_R",0,0.0545454545454545,0.0545454545454545,0.0545454545454545,0.243119266055046,1,1,FALSE,624
86,101,"Temporal_Mid_R","Cerebelum_7b_R",0.0181818181818182,0,-0.0181818181818182,0.0181818181818182,1,1,1,FALSE,4049
87,101,"Temporal_Pole_Mid_R","Cerebelum_7b_R",0,0,0,0,1,1,1,FALSE,6376
88,101,"Temporal_Inf_L","Cerebelum_7b_R",0.0181818181818182,0.0181818181818182,0,0,1,1,1,FALSE,6391
89,101,"Temporal_Inf_R","Cerebelum_7b_R",0.0181818181818182,0.0181818181818182,0,0,1,1,1,FALSE,6398
90,101,"Cerebelum_Crus1_L","Cerebelum_7b_R",0.290909090909091,0.327272727272727,0.0363636363636364,0.0363636363636364,0.836749046021449,1,1,FALSE,2381
91,101,"Cerebelum_Crus1_R","Cerebelum_7b_R",0.418181818181818,0.454545454545455,0.0363636363636364,0.0363636363636364,0.847666976673362,1,1,FALSE,2423
92,101,"Cerebelum_Crus2_L","Cerebelum_7b_R",0.127272727272727,0.0727272727272727,-0.0545454545454545,0.0545454545454545,0.526914472209385,1,1,FALSE,1545
93,101,"Cerebelum_Crus2_R","Cerebelum_7b_R",0.509090909090909,0.545454545454545,0.0363636363636364,0.0363636363636364,0.848661974684105,1,1,FALSE,2435
94,101,"Cerebelum_3_L","Cerebelum_7b_R",0,0,0,0,1,1,1,FALSE,6421
95,101,"Cerebelum_3_R","Cerebelum_7b_R",0.0181818181818182,0,-0.0181818181818182,0.0181818181818182,1,1,1,FALSE,4088
96,101,"Cerebelum_4_5_L","Cerebelum_7b_R",0,0.0181818181818182,0.0181818181818182,0.0181818181818182,1,1,1,FALSE,4097
97,101,"Cerebelum_4_5_R","Cerebelum_7b_R",0.0727272727272727,0.0181818181818182,-0.0545454545454545,0.0545454545454545,0.363371345279945,1,1,FALSE,968
98,101,"Cerebelum_6_L","Cerebelum_7b_R",0.109090909090909,0.163636363636364,0.0545454545454545,0.0545454545454545,0.579713536502793,1,1,FALSE,1675
99,101,"Cerebelum_6_R","Cerebelum_7b_R",0.290909090909091,0.236363636363636,-0.0545454545454545,0.0545454545454545,0.665617624761333,1,1,FALSE,1918
100,101,"Cerebelum_7b_L","Cerebelum_7b_R",0.181818181818182,0.145454545454545,-0.0363636363636364,0.0363636363636364,0.797285714040811,1,1,FALSE,2293
1,102,"Precentral_L","Cerebelum_8_L",0.0545454545454545,0.0545454545454545,0,0,1,1,1,FALSE,4239
2,102,"Precentral_R","Cerebelum_8_L",0.109090909090909,0.181818181818182,0.0727272727272727,0.0727272727272727,0.417989271601529,1,1,FALSE,1018
3,102,"Frontal_Sup_L","Cerebelum_8_L",0.0727272727272727,0.0181818181818182,-0.0545454545454545,0.0545454545454545,0.363371345279945,1,1,FALSE,894
4,102,"Frontal_Sup_R","Cerebelum_8_L",0.0363636363636364,0.0181818181818182,-0.0181818181818182,0.0181818181818182,1,1,1,FALSE,2889
5,102,"Frontal_Sup_Orb_L","Cerebelum_8_L",0,0,0,0,1,1,1,FALSE,4359
6,102,"Frontal_Sup_Orb_R","Cerebelum_8_L",0,0,0,0,1,1,1,FALSE,4417
7,102,"Frontal_Mid_L","Cerebelum_8_L",0.0727272727272727,0,-0.0727272727272727,0.0727272727272727,0.118151419017406,1,1,FALSE,237
8,102,"Frontal_Mid_R","Cerebelum_8_L",0.0545454545454545,0.0727272727272727,0.0181818181818182,0.0181818181818182,1,1,1,FALSE,2976
9,102,"Frontal_Mid_Orb_L","Cerebelum_8_L",0,0,0,0,1,1,1,FALSE,4559
10,102,"Frontal_Mid_Orb_R","Cerebelum_8_L",0,0,0,0,1,1,1,FALSE,4619
11,102,"Frontal_Inf_Oper_L","Cerebelum_8_L",0.0181818181818182,0.0181818181818182,0,0,1,1,1,FALSE,4660
12,102,"Frontal_Inf_Oper_R","Cerebelum_8_L",0,0,0,0,1,1,1,FALSE,4700
13,102,"Frontal_Inf_Tri_L","Cerebelum_8_L",0,0,0,0,1,1,1,FALSE,4743
14,102,"Frontal_Inf_Tri_R","Cerebelum_8_L",0.0363636363636364,0.0363636363636364,0,0,1,1,1,FALSE,4778
15,102,"Frontal_Inf_Orb_L","Cerebelum_8_L",0.0181818181818182,0,-0.0181818181818182,0.0181818181818182,1,1,1,FALSE,3144
16,102,"Frontal_Inf_Orb_R","Cerebelum_8_L",0,0.0181818181818182,0.0181818181818182,0.0181818181818182,1,1,1,FALSE,3175
17,102,"Rolandic_Oper_L","Cerebelum_8_L",0,0.0363636363636364,0.0363636363636364,0.0363636363636364,0.495412844036697,1,1,FALSE,1278
18,102,"Rolandic_Oper_R","Cerebelum_8_L",0.0727272727272727,0.0363636363636364,-0.0363636363636364,0.0363636363636364,0.678654107617496,1,1,FALSE,1961
19,102,"Supp_Motor_Area_L","Cerebelum_8_L",0,0.0363636363636364,0.0363636363636364,0.0363636363636364,0.495412844036697,1,1,FALSE,1287
20,102,"Supp_Motor_Area_R","Cerebelum_8_L",0.181818181818182,0.272727272727273,0.0909090909090909,0.0909090909090909,0.363032177614477,1,1,FALSE,884
21,102,"Olfactory_L","Cerebelum_8_L",0,0,0,0,1,1,1,FALSE,5011
22,102,"Olfactory_R","Cerebelum_8_L",0,0.0181818181818182,0.0181818181818182,0.0181818181818182,1,1,1,FALSE,3290
23,102,"Frontal_Sup_Medial_L","Cerebelum_8_L",0,0,0,0,1,1,1,FALSE,5086
24,102,"Frontal_Sup_Medial_R","Cerebelum_8_L",0,0,0,0,1,1,1,FALSE,5112
25,102,"Frontal_Med_Orb_L","Cerebelum_8_L",0,0,0,0,1,1,1,FALSE,5146
26,102,"Frontal_Med_Orb_R","Cerebelum_8_L",0,0.0181818181818182,0.0181818181818182,0.0181818181818182,1,1,1,FALSE,3360
27,102,"Rectus_L","Cerebelum_8_L",0,0,0,0,1,1,1,FALSE,5214
28,102,"Rectus_R","Cerebelum_8_L",0,0,0,0,1,1,1,FALSE,5256
29,102,"Insula_L","Cerebelum_8_L",0.0545454545454545,0.0181818181818182,-0.0363636363636364,0.0363636363636364,0.618022807167967,1,1,FALSE,1776
30,102,"Insula_R","Cerebelum_8_L",0.0727272727272727,0.0363636363636364,-0.0363636363636364,0.0363636363636364,0.678654107617496,1,1,FALSE,1976
31,102,"Cingulum_Ant_L","Cerebelum_8_L",0,0,0,0,1,1,1,FALSE,5327
32,102,"Cingulum_Ant_R","Cerebelum_8_L",0,0,0,0,1,1,1,FALSE,5352
33,102,"Cingulum_Mid_L","Cerebelum_8_L",0.0181818181818182,0.0363636363636364,0.0181818181818182,0.0181818181818182,1,1,1,FALSE,3492
34,102,"Cingulum_Mid_R","Cerebelum_8_L",0.127272727272727,0.0727272727272727,-0.0545454545454545,0.0545454545454545,0.526914472209385,1,1,FALSE,1530
35,102,"Cingulum_Post_L","Cerebelum_8_L",0,0,0,0,1,1,1,FALSE,5452
36,102,"Cingulum_Post_R","Cerebelum_8_L",0,0.0181818181818182,0.0181818181818182,0.0181818181818182,1,1,1,FALSE,3541
37,102,"Hippocampus_L","Cerebelum_8_L",0.0727272727272727,0.0363636363636364,-0.0363636363636364,0.0363636363636364,0.678654107617496,1,1,FALSE,1985
38,102,"Hippocampus_R","Cerebelum_8_L",0.109090909090909,0.0545454545454545,-0.0545454545454545,0.0545454545454545,0.488966435220834,1,1,FALSE,1175
39,102,"ParaHippocampal_L","Cerebelum_8_L",0.0181818181818182,0.0363636363636364,0.0181818181818182,0.0181818181818182,1,1,1,FALSE,3582
40,102,"ParaHippocampal_R","Cerebelum_8_L",0,0,0,0,1,1,1,FALSE,5550
41,102,"Amygdala_L","Cerebelum_8_L",0.0181818181818182,0.0181818181818182,0,0,1,1,1,FALSE,5578
42,102,"Amygdala_R","Cerebelum_8_L",0.0363636363636364,0.0181818181818182,-0.0181818181818182,0.0181818181818182,1,1,1,FALSE,3634
43,102,"Calcarine_L","Cerebelum_8_L",0.0363636363636364,0.0363636363636364,0,0,1,1,1,FALSE,5631
44,102,"Calcarine_R","Cerebelum_8_L",0,0.0181818181818182,0.0181818181818182,0.0181818181818182,1,1,1,FALSE,3656
45,102,"Cuneus_L","Cerebelum_8_L",0.0181818181818182,0,-0.0181818181818182,0.0181818181818182,1,1,1,FALSE,3672
46,102,"Cuneus_R","Cerebelum_8_L",0,0.0363636363636364,0.0363636363636364,0.0363636363636364,0.495412844036697,1,1,FALSE,1384
47,102,"Lingual_L","Cerebelum_8_L",0.0363636363636364,0.0363636363636364,0,0,1,1,1,FALSE,5716
48,102,"Lingual_R","Cerebelum_8_L",0.127272727272727,0.163636363636364,0.0363636363636364,0.0363636363636364,0.78764473423299,1,1,FALSE,2273
49,102,"Occipital_Sup_L","Cerebelum_8_L",0,0,0,0,1,1,1,FALSE,5750
50,102,"Occipital_Sup_R","Cerebelum_8_L",0.0545454545454545,0.0363636363636364,-0.0181818181818182,0.0181818181818182,1,1,1,FALSE,3720
51,102,"Occipital_Mid_L","Cerebelum_8_L",0.0545454545454545,0.0545454545454545,0,0,1,1,1,FALSE,5786
52,102,"Occipital_Mid_R","Cerebelum_8_L",0,0.0363636363636364,0.0363636363636364,0.0363636363636364,0.495412844036697,1,1,FALSE,1404
53,102,"Occipital_Inf_L","Cerebelum_8_L",0.0363636363636364,0.0181818181818182,-0.0181818181818182,0.0181818181818182,1,1,1,FALSE,3756
54,102,"Occipital_Inf_R","Cerebelum_8_L",0.0363636363636364,0.0181818181818182,-0.0181818181818182,0.0181818181818182,1,1,1,FALSE,3776
55,102,"Fusiform_L","Cerebelum_8_L",0.0545454545454545,0.0545454545454545,0,0,1,1,1,FALSE,5852
56,102,"Fusiform_R","Cerebelum_8_L",0.0363636363636364,0.0363636363636364,0,0,1,1,1,FALSE,5867
57,102,"Postcentral_L","Cerebelum_8_L",0.0363636363636364,0.0363636363636364,0,0,1,1,1,FALSE,5879
58,102,"Postcentral_R","Cerebelum_8_L",0.0181818181818182,0.0727272727272727,0.0545454545454545,0.0545454545454545,0.363371345279945,1,1,FALSE,956
59,102,"Parietal_Sup_L","Cerebelum_8_L",0.0727272727272727,0.0727272727272727,0,0,1,1,1,FALSE,5909
60,102,"Parietal_Sup_R","Cerebelum_8_L",0.236363636363636,0.218181818181818,-0.0181818181818182,0.0181818181818182,1,1,1,FALSE,2790
61,102,"Parietal_Inf_L","Cerebelum_8_L",0.0363636363636364,0,-0.0363636363636364,0.0363636363636364,0.495412844036697,1,1,FALSE,1433
62,102,"Parietal_Inf_R","Cerebelum_8_L",0,0.0545454545454545,0.0545454545454545,0.0545454545454545,0.243119266055046,1,1,FALSE,601
63,102,"SupraMarginal_L","Cerebelum_8_L",0,0.0545454545454545,0.0545454545454545,0.0545454545454545,0.243119266055046,1,1,FALSE,602
64,102,"SupraMarginal_R","Cerebelum_8_L",0.0181818181818182,0.0909090909090909,0.0727272727272727,0.0727272727272727,0.20572996411117,1,1,FALSE,461
65,102,"Angular_L","Cerebelum_8_L",0,0,0,0,1,1,1,FALSE,6047
66,102,"Angular_R","Cerebelum_8_L",0,0,0,0,1,1,1,FALSE,6077
67,102,"Precuneus_L","Cerebelum_8_L",0.0909090909090909,0.0545454545454545,-0.0363636363636364,0.0363636363636364,0.716092464011574,1,1,FALSE,2121
68,102,"Precuneus_R","Cerebelum_8_L",0.0363636363636364,0.0545454545454545,0.0181818181818182,0.0181818181818182,1,1,1,FALSE,3917
69,102,"Paracentral_Lobule_L","Cerebelum_8_L",0.0181818181818182,0.0181818181818182,0,0,1,1,1,FALSE,6120
70,102,"Paracentral_Lobule_R","Cerebelum_8_L",0.0909090909090909,0.145454545454545,0.0545454545454545,0.0545454545454545,0.556268985477779,1,1,FALSE,1604
71,102,"Caudate_L","Cerebelum_8_L",0,0,0,0,1,1,1,FALSE,6145
72,102,"Caudate_R","Cerebelum_8_L",0,0,0,0,1,1,1,FALSE,6171
73,102,"Putamen_L","Cerebelum_8_L",0.0363636363636364,0.0181818181818182,-0.0181818181818182,0.0181818181818182,1,1,1,FALSE,3973
74,102,"Putamen_R","Cerebelum_8_L",0.0545454545454545,0.0363636363636364,-0.0181818181818182,0.0181818181818182,1,1,1,FALSE,3987
75,102,"Pallidum_L","Cerebelum_8_L",0,0,0,0,1,1,1,FALSE,6208
76,102,"Pallidum_R","Cerebelum_8_L",0,0.0181818181818182,0.0181818181818182,0.0181818181818182,1,1,1,FALSE,4005
77,102,"Thalamus_L","Cerebelum_8_L",0.0545454545454545,0.0363636363636364,-0.0181818181818182,0.0181818181818182,1,1,1,FALSE,4009
78,102,"Thalamus_R","Cerebelum_8_L",0.0909090909090909,0.0727272727272727,-0.0181818181818182,0.0181818181818182,1,1,1,FALSE,2808
79,102,"Heschl_L","Cerebelum_8_L",0,0,0,0,1,1,1,FALSE,6268
80,102,"Heschl_R","Cerebelum_8_L",0.0181818181818182,0,-0.0181818181818182,0.0181818181818182,1,1,1,FALSE,4024
81,102,"Temporal_Sup_L","Cerebelum_8_L",0.0363636363636364,0.0727272727272727,0.0363636363636364,0.0363636363636364,0.678654107617496,1,1,FALSE,2017
82,102,"Temporal_Sup_R","Cerebelum_8_L",0.0727272727272727,0.0545454545454545,-0.0181818181818182,0.0181818181818182,1,1,1,FALSE,4031
83,102,"Temporal_Pole_Sup_L","Cerebelum_8_L",0.0181818181818182,0,-0.0181818181818182,0.0181818181818182,1,1,1,FALSE,4035
84,102,"Temporal_Pole_Sup_R","Cerebelum_8_L",0.0909090909090909,0.0545454545454545,-0.0363636363636364,0.0363636363636364,0.716092464011574,1,1,FALSE,2126
85,102,"Temporal_Mid_L","Cerebelum_8_L",0,0.0363636363636364,0.0363636363636364,0.0363636363636364,0.495412844036697,1,1,FALSE,1462
86,102,"Temporal_Mid_R","Cerebelum_8_L",0,0.0545454545454545,0.0545454545454545,0.0545454545454545,0.243119266055046,1,1,FALSE,625
87,102,"Temporal_Pole_Mid_R","Cerebelum_8_L",0,0,0,0,1,1,1,FALSE,6377
88,102,"Temporal_Inf_L","Cerebelum_8_L",0.0181818181818182,0,-0.0181818181818182,0.0181818181818182,1,1,1,FALSE,4057
89,102,"Temporal_Inf_R","Cerebelum_8_L",0.0909090909090909,0.0363636363636364,-0.0545454545454545,0.0545454545454545,0.437644688330618,1,1,FALSE,1100
90,102,"Cerebelum_Crus1_L","Cerebelum_8_L",0.563636363636364,0.563636363636364,0,0,1,1,1,FALSE,6407
91,102,"Cerebelum_Crus1_R","Cerebelum_8_L",0.381818181818182,0.345454545454545,-0.0363636363636364,0.0363636363636364,0.843043483729933,1,1,FALSE,2394
92,102,"Cerebelum_Crus2_L","Cerebelum_8_L",0.363636363636364,0.254545454545455,-0.109090909090909,0.109090909090909,0.302253330032413,1,1,FALSE,751
93,102,"Cerebelum_Crus2_R","Cerebelum_8_L",0.236363636363636,0.272727272727273,0.0363636363636363,0.0363636363636363,0.827043599014482,1,1,FALSE,2362
94,102,"Cerebelum_3_L","Cerebelum_8_L",0,0.0181818181818182,0.0181818181818182,0.0181818181818182,1,1,1,FALSE,4083
95,102,"Cerebelum_3_R","Cerebelum_8_L",0.0363636363636364,0.0181818181818182,-0.0181818181818182,0.0181818181818182,1,1,1,FALSE,4089
96,102,"Cerebelum_4_5_L","Cerebelum_8_L",0.0727272727272727,0.127272727272727,0.0545454545454545,0.0545454545454545,0.526914472209385,1,1,FALSE,1547
97,102,"Cerebelum_4_5_R","Cerebelum_8_L",0.0909090909090909,0.0545454545454545,-0.0363636363636364,0.0363636363636364,0.716092464011574,1,1,FALSE,2130
98,102,"Cerebelum_6_L","Cerebelum_8_L",0.527272727272727,0.418181818181818,-0.109090909090909,0.109090909090909,0.339693692649987,1,1,FALSE,842
99,102,"Cerebelum_6_R","Cerebelum_8_L",0.381818181818182,0.509090909090909,0.127272727272727,0.127272727272727,0.249624334621585,1,1,FALSE,653
100,102,"Cerebelum_7b_L","Cerebelum_8_L",0.509090909090909,0.490909090909091,-0.0181818181818181,0.0181818181818181,1,1,1,FALSE,4216
101,102,"Cerebelum_7b_R","Cerebelum_8_L",0.327272727272727,0.254545454545455,-0.0727272727272728,0.0727272727272728,0.529223317330229,1,1,FALSE,1556
1,103,"Precentral_L","Cerebelum_8_R",0.109090909090909,0.0727272727272727,-0.0363636363636364,0.0363636363636364,0.741953348477847,1,1,FALSE,2137
2,103,"Precentral_R","Cerebelum_8_R",0.0181818181818182,0.0727272727272727,0.0545454545454545,0.0545454545454545,0.363371345279945,1,1,FALSE,892
3,103,"Frontal_Sup_L","Cerebelum_8_R",0.0545454545454545,0.0909090909090909,0.0363636363636364,0.0363636363636364,0.716092464011574,1,1,FALSE,2070
4,103,"Frontal_Sup_R","Cerebelum_8_R",0,0.0181818181818182,0.0181818181818182,0.0181818181818182,1,1,1,FALSE,2890
5,103,"Frontal_Sup_Orb_L","Cerebelum_8_R",0,0.0363636363636364,0.0363636363636364,0.0363636363636364,0.495412844036697,1,1,FALSE,1225
6,103,"Frontal_Sup_Orb_R","Cerebelum_8_R",0,0,0,0,1,1,1,FALSE,4418
7,103,"Frontal_Mid_L","Cerebelum_8_R",0.0363636363636364,0.0545454545454545,0.0181818181818182,0.0181818181818182,1,1,1,FALSE,2953
8,103,"Frontal_Mid_R","Cerebelum_8_R",0.0181818181818182,0.0181818181818182,0,0,1,1,1,FALSE,4501
9,103,"Frontal_Mid_Orb_L","Cerebelum_8_R",0,0.0181818181818182,0.0181818181818182,0.0181818181818182,1,1,1,FALSE,2995
10,103,"Frontal_Mid_Orb_R","Cerebelum_8_R",0,0,0,0,1,1,1,FALSE,4620
11,103,"Frontal_Inf_Oper_L","Cerebelum_8_R",0,0.0181818181818182,0.0181818181818182,0.0181818181818182,1,1,1,FALSE,3041
12,103,"Frontal_Inf_Oper_R","Cerebelum_8_R",0,0,0,0,1,1,1,FALSE,4701
13,103,"Frontal_Inf_Tri_L","Cerebelum_8_R",0,0.0181818181818182,0.0181818181818182,0.0181818181818182,1,1,1,FALSE,3094
14,103,"Frontal_Inf_Tri_R","Cerebelum_8_R",0,0,0,0,1,1,1,FALSE,4779
15,103,"Frontal_Inf_Orb_L","Cerebelum_8_R",0,0.0181818181818182,0.0181818181818182,0.0181818181818182,1,1,1,FALSE,3145
16,103,"Frontal_Inf_Orb_R","Cerebelum_8_R",0,0,0,0,1,1,1,FALSE,4842
17,103,"Rolandic_Oper_L","Cerebelum_8_R",0,0,0,0,1,1,1,FALSE,4880
18,103,"Rolandic_Oper_R","Cerebelum_8_R",0,0.0181818181818182,0.0181818181818182,0.0181818181818182,1,1,1,FALSE,3213
19,103,"Supp_Motor_Area_L","Cerebelum_8_R",0.0181818181818182,0.0545454545454545,0.0363636363636364,0.0363636363636364,0.618022807167967,1,1,FALSE,1747
20,103,"Supp_Motor_Area_R","Cerebelum_8_R",0.0727272727272727,0.2,0.127272727272727,0.127272727272727,0.0930885239100902,1,1,FALSE,193
21,103,"Olfactory_L","Cerebelum_8_R",0,0,0,0,1,1,1,FALSE,5012
22,103,"Olfactory_R","Cerebelum_8_R",0,0,0,0,1,1,1,FALSE,5054
23,103,"Frontal_Sup_Medial_L","Cerebelum_8_R",0.0181818181818182,0,-0.0181818181818182,0.0181818181818182,1,1,1,FALSE,3309
24,103,"Frontal_Sup_Medial_R","Cerebelum_8_R",0.0181818181818182,0.0181818181818182,0,0,1,1,1,FALSE,5113
25,103,"Frontal_Med_Orb_L","Cerebelum_8_R",0.0363636363636364,0,-0.0363636363636364,0.0363636363636364,0.495412844036697,1,1,FALSE,1318
26,103,"Frontal_Med_Orb_R","Cerebelum_8_R",0.0181818181818182,0.0181818181818182,0,0,1,1,1,FALSE,5180
27,103,"Rectus_L","Cerebelum_8_R",0.0363636363636364,0,-0.0363636363636364,0.0363636363636364,0.495412844036697,1,1,FALSE,1328
28,103,"Rectus_R","Cerebelum_8_R",0,0,0,0,1,1,1,FALSE,5257
29,103,"Insula_L","Cerebelum_8_R",0,0.0181818181818182,0.0181818181818182,0.0181818181818182,1,1,1,FALSE,3423
30,103,"Insula_R","Cerebelum_8_R",0,0,0,0,1,1,1,FALSE,5298
31,103,"Cingulum_Ant_L","Cerebelum_8_R",0,0,0,0,1,1,1,FALSE,5328
32,103,"Cingulum_Ant_R","Cerebelum_8_R",0,0,0,0,1,1,1,FALSE,5353
33,103,"Cingulum_Mid_L","Cerebelum_8_R",0.0181818181818182,0.0545454545454545,0.0363636363636364,0.0363636363636364,0.618022807167967,1,1,FALSE,1792
34,103,"Cingulum_Mid_R","Cerebelum_8_R",0.0363636363636364,0.0727272727272727,0.0363636363636364,0.0363636363636364,0.678654107617496,1,1,FALSE,1982
35,103,"Cingulum_Post_L","Cerebelum_8_R",0,0,0,0,1,1,1,FALSE,5453
36,103,"Cingulum_Post_R","Cerebelum_8_R",0,0.0545454545454545,0.0545454545454545,0.0545454545454545,0.243119266055046,1,1,FALSE,567
37,103,"Hippocampus_L","Cerebelum_8_R",0,0,0,0,1,1,1,FALSE,5499
38,103,"Hippocampus_R","Cerebelum_8_R",0.0363636363636364,0.0545454545454545,0.0181818181818182,0.0181818181818182,1,1,1,FALSE,3562
39,103,"ParaHippocampal_L","Cerebelum_8_R",0,0.0181818181818182,0.0181818181818182,0.0181818181818182,1,1,1,FALSE,3583
40,103,"ParaHippocampal_R","Cerebelum_8_R",0.0363636363636364,0,-0.0363636363636364,0.0363636363636364,0.495412844036697,1,1,FALSE,1367
41,103,"Amygdala_L","Cerebelum_8_R",0,0,0,0,1,1,1,FALSE,5579
42,103,"Amygdala_R","Cerebelum_8_R",0,0,0,0,1,1,1,FALSE,5602
43,103,"Calcarine_L","Cerebelum_8_R",0.0363636363636364,0.0181818181818182,-0.0181818181818182,0.0181818181818182,1,1,1,FALSE,3645
44,103,"Calcarine_R","Cerebelum_8_R",0.0363636363636364,0.0181818181818182,-0.0181818181818182,0.0181818181818182,1,1,1,FALSE,3657
45,103,"Cuneus_L","Cerebelum_8_R",0.0181818181818182,0,-0.0181818181818182,0.0181818181818182,1,1,1,FALSE,3673
46,103,"Cuneus_R","Cerebelum_8_R",0.0181818181818182,0.0363636363636364,0.0181818181818182,0.0181818181818182,1,1,1,FALSE,3683
47,103,"Lingual_L","Cerebelum_8_R",0.0181818181818182,0.0181818181818182,0,0,1,1,1,FALSE,5717
48,103,"Lingual_R","Cerebelum_8_R",0.109090909090909,0.0909090909090909,-0.0181818181818182,0.0181818181818182,1,1,1,FALSE,4167
49,103,"Occipital_Sup_L","Cerebelum_8_R",0.0545454545454545,0.0363636363636364,-0.0181818181818182,0.0181818181818182,1,1,1,FALSE,3712
50,103,"Occipital_Sup_R","Cerebelum_8_R",0,0,0,0,1,1,1,FALSE,5771
51,103,"Occipital_Mid_L","Cerebelum_8_R",0.0363636363636364,0.0727272727272727,0.0363636363636364,0.0363636363636364,0.678654107617496,1,1,FALSE,1997
52,103,"Occipital_Mid_R","Cerebelum_8_R",0,0.0181818181818182,0.0181818181818182,0.0181818181818182,1,1,1,FALSE,3742
53,103,"Occipital_Inf_L","Cerebelum_8_R",0.0181818181818182,0,-0.0181818181818182,0.0181818181818182,1,1,1,FALSE,3757
54,103,"Occipital_Inf_R","Cerebelum_8_R",0,0.0181818181818182,0.0181818181818182,0.0181818181818182,1,1,1,FALSE,3777
55,103,"Fusiform_L","Cerebelum_8_R",0.0181818181818182,0.0363636363636364,0.0181818181818182,0.0181818181818182,1,1,1,FALSE,3787
56,103,"Fusiform_R","Cerebelum_8_R",0.0181818181818182,0,-0.0181818181818182,0.0181818181818182,1,1,1,FALSE,3799
57,103,"Postcentral_L","Cerebelum_8_R",0.0181818181818182,0.0545454545454545,0.0363636363636364,0.0363636363636364,0.618022807167967,1,1,FALSE,1829
58,103,"Postcentral_R","Cerebelum_8_R",0,0.0545454545454545,0.0545454545454545,0.0545454545454545,0.243119266055046,1,1,FALSE,595
59,103,"Parietal_Sup_L","Cerebelum_8_R",0.0727272727272727,0.0727272727272727,0,0,1,1,1,FALSE,5910
60,103,"Parietal_Sup_R","Cerebelum_8_R",0.0545454545454545,0.0727272727272727,0.0181818181818182,0.0181818181818182,1,1,1,FALSE,3839
61,103,"Parietal_Inf_L","Cerebelum_8_R",0.0727272727272727,0.0363636363636364,-0.0363636363636364,0.0363636363636364,0.678654107617496,1,1,FALSE,2004
62,103,"Parietal_Inf_R","Cerebelum_8_R",0,0.0181818181818182,0.0181818181818182,0.0181818181818182,1,1,1,FALSE,3862
63,103,"SupraMarginal_L","Cerebelum_8_R",0,0.0181818181818182,0.0181818181818182,0.0181818181818182,1,1,1,FALSE,3872
64,103,"SupraMarginal_R","Cerebelum_8_R",0,0.0181818181818182,0.0181818181818182,0.0181818181818182,1,1,1,FALSE,3881
65,103,"Angular_L","Cerebelum_8_R",0,0,0,0,1,1,1,FALSE,6048
66,103,"Angular_R","Cerebelum_8_R",0,0.0181818181818182,0.0181818181818182,0.0181818181818182,1,1,1,FALSE,3898
67,103,"Precuneus_L","Cerebelum_8_R",0.109090909090909,0.163636363636364,0.0545454545454545,0.0545454545454545,0.579713536502793,1,1,FALSE,1670
68,103,"Precuneus_R","Cerebelum_8_R",0.109090909090909,0.163636363636364,0.0545454545454545,0.0545454545454545,0.579713536502793,1,1,FALSE,1671
69,103,"Paracentral_Lobule_L","Cerebelum_8_R",0,0.0363636363636364,0.0363636363636364,0.0363636363636364,0.495412844036697,1,1,FALSE,1441
70,103,"Paracentral_Lobule_R","Cerebelum_8_R",0.0909090909090909,0.127272727272727,0.0363636363636363,0.0363636363636363,0.761067915257265,1,1,FALSE,2222
71,103,"Caudate_L","Cerebelum_8_R",0,0,0,0,1,1,1,FALSE,6146
72,103,"Caudate_R","Cerebelum_8_R",0,0,0,0,1,1,1,FALSE,6172
73,103,"Putamen_L","Cerebelum_8_R",0,0.0181818181818182,0.0181818181818182,0.0181818181818182,1,1,1,FALSE,3974
74,103,"Putamen_R","Cerebelum_8_R",0,0,0,0,1,1,1,FALSE,6191
75,103,"Pallidum_L","Cerebelum_8_R",0,0,0,0,1,1,1,FALSE,6209
76,103,"Pallidum_R","Cerebelum_8_R",0,0,0,0,1,1,1,FALSE,6232
77,103,"Thalamus_L","Cerebelum_8_R",0,0,0,0,1,1,1,FALSE,6245
78,103,"Thalamus_R","Cerebelum_8_R",0.0545454545454545,0.0363636363636364,-0.0181818181818182,0.0181818181818182,1,1,1,FALSE,4012
79,103,"Heschl_L","Cerebelum_8_R",0,0,0,0,1,1,1,FALSE,6269
80,103,"Heschl_R","Cerebelum_8_R",0,0.0181818181818182,0.0181818181818182,0.0181818181818182,1,1,1,FALSE,4025
81,103,"Temporal_Sup_L","Cerebelum_8_R",0.0181818181818182,0.0181818181818182,0,0,1,1,1,FALSE,6306
82,103,"Temporal_Sup_R","Cerebelum_8_R",0,0.0181818181818182,0.0181818181818182,0.0181818181818182,1,1,1,FALSE,4032
83,103,"Temporal_Pole_Sup_L","Cerebelum_8_R",0.0181818181818182,0.0363636363636364,0.0181818181818182,0.0181818181818182,1,1,1,FALSE,4036
84,103,"Temporal_Pole_Sup_R","Cerebelum_8_R",0,0,0,0,1,1,1,FALSE,6343
85,103,"Temporal_Mid_L","Cerebelum_8_R",0,0.0363636363636364,0.0363636363636364,0.0363636363636364,0.495412844036697,1,1,FALSE,1463
86,103,"Temporal_Mid_R","Cerebelum_8_R",0,0,0,0,1,1,1,FALSE,6364
87,103,"Temporal_Pole_Mid_R","Cerebelum_8_R",0.0181818181818182,0,-0.0181818181818182,0.0181818181818182,1,1,1,FALSE,4055
88,103,"Temporal_Inf_L","Cerebelum_8_R",0.0181818181818182,0.0545454545454545,0.0363636363636364,0.0363636363636364,0.618022807167967,1,1,FALSE,1861
89,103,"Temporal_Inf_R","Cerebelum_8_R",0,0,0,0,1,1,1,FALSE,6399
90,103,"Cerebelum_Crus1_L","Cerebelum_8_R",0.218181818181818,0.327272727272727,0.109090909090909,0.109090909090909,0.284368293516084,1,1,FALSE,724
91,103,"Cerebelum_Crus1_R","Cerebelum_8_R",0.418181818181818,0.509090909090909,0.0909090909090909,0.0909090909090909,0.444563530981193,1,1,FALSE,1132
92,103,"Cerebelum_Crus2_L","Cerebelum_8_R",0.0727272727272727,0.145454545454545,0.0727272727272727,0.0727272727272727,0.359662012889472,1,1,FALSE,880
93,103,"Cerebelum_Crus2_R","Cerebelum_8_R",0.4,0.436363636363636,0.0363636363636363,0.0363636363636363,0.846856694634391,1,1,FALSE,2416
94,103,"Cerebelum_3_L","Cerebelum_8_R",0.0363636363636364,0.0181818181818182,-0.0181818181818182,0.0181818181818182,1,1,1,FALSE,4084
95,103,"Cerebelum_3_R","Cerebelum_8_R",0.0545454545454545,0.0363636363636364,-0.0181818181818182,0.0181818181818182,1,1,1,FALSE,4090
96,103,"Cerebelum_4_5_L","Cerebelum_8_R",0.127272727272727,0.0909090909090909,-0.0363636363636363,0.0363636363636363,0.761067915257265,1,1,FALSE,2230
97,103,"Cerebelum_4_5_R","Cerebelum_8_R",0.218181818181818,0.0727272727272727,-0.145454545454545,0.145454545454545,0.0558229326285744,1,1,FALSE,116
98,103,"Cerebelum_6_L","Cerebelum_8_R",0.127272727272727,0.254545454545455,0.127272727272727,0.127272727272727,0.144378341082457,1,1,FALSE,329
99,103,"Cerebelum_6_R","Cerebelum_8_R",0.4,0.381818181818182,-0.0181818181818182,0.0181818181818182,1,1,1,FALSE,2608
100,103,"Cerebelum_7b_L","Cerebelum_8_R",0.109090909090909,0.109090909090909,0,0,1,1,1,FALSE,6430
101,103,"Cerebelum_7b_R","Cerebelum_8_R",0.363636363636364,0.436363636363636,0.0727272727272727,0.0727272727272727,0.559557548581102,1,1,FALSE,1616
102,103,"Cerebelum_8_L","Cerebelum_8_R",0.418181818181818,0.454545454545455,0.0363636363636364,0.0363636363636364,0.847666976673362,1,1,FALSE,2424
1,104,"Precentral_L","Cerebelum_9_L",0.0181818181818182,0.0181818181818182,0,0,1,1,1,FALSE,4240
2,104,"Precentral_R","Cerebelum_9_L",0.0363636363636364,0.0727272727272727,0.0363636363636364,0.0363636363636364,0.678654107617496,1,1,FALSE,1936
3,104,"Frontal_Sup_L","Cerebelum_9_L",0.0181818181818182,0,-0.0181818181818182,0.0181818181818182,1,1,1,FALSE,2869
4,104,"Frontal_Sup_R","Cerebelum_9_L",0.0181818181818182,0,-0.0181818181818182,0.0181818181818182,1,1,1,FALSE,2891
5,104,"Frontal_Sup_Orb_L","Cerebelum_9_L",0,0,0,0,1,1,1,FALSE,4360
6,104,"Frontal_Sup_Orb_R","Cerebelum_9_L",0,0,0,0,1,1,1,FALSE,4419
7,104,"Frontal_Mid_L","Cerebelum_9_L",0,0,0,0,1,1,1,FALSE,4462
8,104,"Frontal_Mid_R","Cerebelum_9_L",0,0.0181818181818182,0.0181818181818182,0.0181818181818182,1,1,1,FALSE,2977
9,104,"Frontal_Mid_Orb_L","Cerebelum_9_L",0,0,0,0,1,1,1,FALSE,4560
10,104,"Frontal_Mid_Orb_R","Cerebelum_9_L",0,0,0,0,1,1,1,FALSE,4621
11,104,"Frontal_Inf_Oper_L","Cerebelum_9_L",0,0,0,0,1,1,1,FALSE,4661
12,104,"Frontal_Inf_Oper_R","Cerebelum_9_L",0,0.0181818181818182,0.0181818181818182,0.0181818181818182,1,1,1,FALSE,3069
13,104,"Frontal_Inf_Tri_L","Cerebelum_9_L",0,0,0,0,1,1,1,FALSE,4744
14,104,"Frontal_Inf_Tri_R","Cerebelum_9_L",0,0.0181818181818182,0.0181818181818182,0.0181818181818182,1,1,1,FALSE,3117
15,104,"Frontal_Inf_Orb_L","Cerebelum_9_L",0,0.0181818181818182,0.0181818181818182,0.0181818181818182,1,1,1,FALSE,3146
16,104,"Frontal_Inf_Orb_R","Cerebelum_9_L",0,0,0,0,1,1,1,FALSE,4843
17,104,"Rolandic_Oper_L","Cerebelum_9_L",0,0,0,0,1,1,1,FALSE,4881
18,104,"Rolandic_Oper_R","Cerebelum_9_L",0,0,0,0,1,1,1,FALSE,4922
19,104,"Supp_Motor_Area_L","Cerebelum_9_L",0,0,0,0,1,1,1,FALSE,4958
20,104,"Supp_Motor_Area_R","Cerebelum_9_L",0,0.0181818181818182,0.0181818181818182,0.0181818181818182,1,1,1,FALSE,3239
21,104,"Olfactory_L","Cerebelum_9_L",0,0.0181818181818182,0.0181818181818182,0.0181818181818182,1,1,1,FALSE,3264
22,104,"Olfactory_R","Cerebelum_9_L",0,0,0,0,1,1,1,FALSE,5055
23,104,"Frontal_Sup_Medial_L","Cerebelum_9_L",0.0181818181818182,0.0181818181818182,0,0,1,1,1,FALSE,5087
24,104,"Frontal_Sup_Medial_R","Cerebelum_9_L",0.0363636363636364,0,-0.0363636363636364,0.0363636363636364,0.495412844036697,1,1,FALSE,1309
25,104,"Frontal_Med_Orb_L","Cerebelum_9_L",0,0,0,0,1,1,1,FALSE,5147
26,104,"Frontal_Med_Orb_R","Cerebelum_9_L",0.0181818181818182,0.0363636363636364,0.0181818181818182,0.0181818181818182,1,1,1,FALSE,3361
27,104,"Rectus_L","Cerebelum_9_L",0,0.0181818181818182,0.0181818181818182,0.0181818181818182,1,1,1,FALSE,3382
28,104,"Rectus_R","Cerebelum_9_L",0,0.0181818181818182,0.0181818181818182,0.0181818181818182,1,1,1,FALSE,3404
29,104,"Insula_L","Cerebelum_9_L",0,0,0,0,1,1,1,FALSE,5280
30,104,"Insula_R","Cerebelum_9_L",0,0.0181818181818182,0.0181818181818182,0.0181818181818182,1,1,1,FALSE,3441
31,104,"Cingulum_Ant_L","Cerebelum_9_L",0,0,0,0,1,1,1,FALSE,5329
32,104,"Cingulum_Ant_R","Cerebelum_9_L",0,0,0,0,1,1,1,FALSE,5354
33,104,"Cingulum_Mid_L","Cerebelum_9_L",0,0,0,0,1,1,1,FALSE,5387
34,104,"Cingulum_Mid_R","Cerebelum_9_L",0.0363636363636364,0,-0.0363636363636364,0.0363636363636364,0.495412844036697,1,1,FALSE,1344
35,104,"Cingulum_Post_L","Cerebelum_9_L",0,0,0,0,1,1,1,FALSE,5454
36,104,"Cingulum_Post_R","Cerebelum_9_L",0,0.0181818181818182,0.0181818181818182,0.0181818181818182,1,1,1,FALSE,3542
37,104,"Hippocampus_L","Cerebelum_9_L",0.0181818181818182,0,-0.0181818181818182,0.0181818181818182,1,1,1,FALSE,3552
38,104,"Hippocampus_R","Cerebelum_9_L",0.0545454545454545,0.0545454545454545,0,0,1,1,1,FALSE,5510
39,104,"ParaHippocampal_L","Cerebelum_9_L",0,0.0181818181818182,0.0181818181818182,0.0181818181818182,1,1,1,FALSE,3584
40,104,"ParaHippocampal_R","Cerebelum_9_L",0.0181818181818182,0,-0.0181818181818182,0.0181818181818182,1,1,1,FALSE,3602
41,104,"Amygdala_L","Cerebelum_9_L",0,0,0,0,1,1,1,FALSE,5580
42,104,"Amygdala_R","Cerebelum_9_L",0.0181818181818182,0.0181818181818182,0,0,1,1,1,FALSE,5603
43,104,"Calcarine_L","Cerebelum_9_L",0.0363636363636364,0.0181818181818182,-0.0181818181818182,0.0181818181818182,1,1,1,FALSE,3646
44,104,"Calcarine_R","Cerebelum_9_L",0.0727272727272727,0.0181818181818182,-0.0545454545454545,0.0545454545454545,0.363371345279945,1,1,FALSE,945
45,104,"Cuneus_L","Cerebelum_9_L",0,0.0363636363636364,0.0363636363636364,0.0363636363636364,0.495412844036697,1,1,FALSE,1378
46,104,"Cuneus_R","Cerebelum_9_L",0,0.0181818181818182,0.0181818181818182,0.0181818181818182,1,1,1,FALSE,3684
47,104,"Lingual_L","Cerebelum_9_L",0.0363636363636364,0.0181818181818182,-0.0181818181818182,0.0181818181818182,1,1,1,FALSE,3695
48,104,"Lingual_R","Cerebelum_9_L",0.0909090909090909,0.127272727272727,0.0363636363636363,0.0363636363636363,0.761067915257265,1,1,FALSE,2217
49,104,"Occipital_Sup_L","Cerebelum_9_L",0.0545454545454545,0.0181818181818182,-0.0363636363636364,0.0363636363636364,0.618022807167967,1,1,FALSE,1815
50,104,"Occipital_Sup_R","Cerebelum_9_L",0.0181818181818182,0.0363636363636364,0.0181818181818182,0.0181818181818182,1,1,1,FALSE,3721
51,104,"Occipital_Mid_L","Cerebelum_9_L",0.0363636363636364,0.0909090909090909,0.0545454545454545,0.0545454545454545,0.437644688330618,1,1,FALSE,1085
52,104,"Occipital_Mid_R","Cerebelum_9_L",0.0363636363636364,0.0545454545454545,0.0181818181818182,0.0181818181818182,1,1,1,FALSE,3743
53,104,"Occipital_Inf_L","Cerebelum_9_L",0.0181818181818182,0.0363636363636364,0.0181818181818182,0.0181818181818182,1,1,1,FALSE,3758
54,104,"Occipital_Inf_R","Cerebelum_9_L",0,0,0,0,1,1,1,FALSE,5840
55,104,"Fusiform_L","Cerebelum_9_L",0.0181818181818182,0.0545454545454545,0.0363636363636364,0.0363636363636364,0.618022807167967,1,1,FALSE,1825
56,104,"Fusiform_R","Cerebelum_9_L",0.0363636363636364,0.0181818181818182,-0.0181818181818182,0.0181818181818182,1,1,1,FALSE,3800
57,104,"Postcentral_L","Cerebelum_9_L",0,0.0181818181818182,0.0181818181818182,0.0181818181818182,1,1,1,FALSE,3813
58,104,"Postcentral_R","Cerebelum_9_L",0,0.0181818181818182,0.0181818181818182,0.0181818181818182,1,1,1,FALSE,3824
59,104,"Parietal_Sup_L","Cerebelum_9_L",0.0363636363636364,0.0181818181818182,-0.0181818181818182,0.0181818181818182,1,1,1,FALSE,3831
60,104,"Parietal_Sup_R","Cerebelum_9_L",0.0545454545454545,0.0363636363636364,-0.0181818181818182,0.0181818181818182,1,1,1,FALSE,3840
61,104,"Parietal_Inf_L","Cerebelum_9_L",0,0,0,0,1,1,1,FALSE,5948
62,104,"Parietal_Inf_R","Cerebelum_9_L",0,0.0181818181818182,0.0181818181818182,0.0181818181818182,1,1,1,FALSE,3863
63,104,"SupraMarginal_L","Cerebelum_9_L",0,0,0,0,1,1,1,FALSE,5999
64,104,"SupraMarginal_R","Cerebelum_9_L",0,0,0,0,1,1,1,FALSE,6023
65,104,"Angular_L","Cerebelum_9_L",0,0,0,0,1,1,1,FALSE,6049
66,104,"Angular_R","Cerebelum_9_L",0,0.0181818181818182,0.0181818181818182,0.0181818181818182,1,1,1,FALSE,3899
67,104,"Precuneus_L","Cerebelum_9_L",0.0545454545454545,0.0181818181818182,-0.0363636363636364,0.0363636363636364,0.618022807167967,1,1,FALSE,1840
68,104,"Precuneus_R","Cerebelum_9_L",0.0727272727272727,0.0909090909090909,0.0181818181818182,0.0181818181818182,1,1,1,FALSE,2798
69,104,"Paracentral_Lobule_L","Cerebelum_9_L",0,0.0181818181818182,0.0181818181818182,0.0181818181818182,1,1,1,FALSE,3933
70,104,"Paracentral_Lobule_R","Cerebelum_9_L",0.0181818181818182,0.0363636363636364,0.0181818181818182,0.0181818181818182,1,1,1,FALSE,3939
71,104,"Caudate_L","Cerebelum_9_L",0.0181818181818182,0.0181818181818182,0,0,1,1,1,FALSE,6147
72,104,"Caudate_R","Cerebelum_9_L",0,0.0181818181818182,0.0181818181818182,0.0181818181818182,1,1,1,FALSE,3959
73,104,"Putamen_L","Cerebelum_9_L",0,0,0,0,1,1,1,FALSE,6181
74,104,"Putamen_R","Cerebelum_9_L",0,0.0181818181818182,0.0181818181818182,0.0181818181818182,1,1,1,FALSE,3988
75,104,"Pallidum_L","Cerebelum_9_L",0,0,0,0,1,1,1,FALSE,6210
76,104,"Pallidum_R","Cerebelum_9_L",0,0,0,0,1,1,1,FALSE,6233
77,104,"Thalamus_L","Cerebelum_9_L",0.0181818181818182,0,-0.0181818181818182,0.0181818181818182,1,1,1,FALSE,4010
78,104,"Thalamus_R","Cerebelum_9_L",0.0909090909090909,0.0363636363636364,-0.0545454545454545,0.0545454545454545,0.437644688330618,1,1,FALSE,1099
79,104,"Heschl_L","Cerebelum_9_L",0,0,0,0,1,1,1,FALSE,6270
80,104,"Heschl_R","Cerebelum_9_L",0,0,0,0,1,1,1,FALSE,6293
81,104,"Temporal_Sup_L","Cerebelum_9_L",0,0.0181818181818182,0.0181818181818182,0.0181818181818182,1,1,1,FALSE,4030
82,104,"Temporal_Sup_R","Cerebelum_9_L",0,0,0,0,1,1,1,FALSE,6322
83,104,"Temporal_Pole_Sup_L","Cerebelum_9_L",0,0,0,0,1,1,1,FALSE,6333
84,104,"Temporal_Pole_Sup_R","Cerebelum_9_L",0,0,0,0,1,1,1,FALSE,6344
85,104,"Temporal_Mid_L","Cerebelum_9_L",0,0,0,0,1,1,1,FALSE,6354
86,104,"Temporal_Mid_R","Cerebelum_9_L",0,0.0181818181818182,0.0181818181818182,0.0181818181818182,1,1,1,FALSE,4050
87,104,"Temporal_Pole_Mid_R","Cerebelum_9_L",0,0,0,0,1,1,1,FALSE,6378
88,104,"Temporal_Inf_L","Cerebelum_9_L",0.0181818181818182,0.0363636363636364,0.0181818181818182,0.0181818181818182,1,1,1,FALSE,4058
89,104,"Temporal_Inf_R","Cerebelum_9_L",0.0545454545454545,0.0545454545454545,0,0,1,1,1,FALSE,6400
90,104,"Cerebelum_Crus1_L","Cerebelum_9_L",0.2,0.218181818181818,0.0181818181818182,0.0181818181818182,1,1,1,FALSE,4211
91,104,"Cerebelum_Crus1_R","Cerebelum_9_L",0.218181818181818,0.218181818181818,0,0,1,1,1,FALSE,6410
92,104,"Cerebelum_Crus2_L","Cerebelum_9_L",0.0909090909090909,0.145454545454545,0.0545454545454545,0.0545454545454545,0.556268985477779,1,1,FALSE,1607
93,104,"Cerebelum_Crus2_R","Cerebelum_9_L",0.2,0.181818181818182,-0.0181818181818182,0.0181818181818182,1,1,1,FALSE,2607
94,104,"Cerebelum_3_L","Cerebelum_9_L",0.0181818181818182,0.0545454545454545,0.0363636363636364,0.0363636363636364,0.618022807167967,1,1,FALSE,1864
95,104,"Cerebelum_3_R","Cerebelum_9_L",0.0727272727272727,0.0545454545454545,-0.0181818181818182,0.0181818181818182,1,1,1,FALSE,4091
96,104,"Cerebelum_4_5_L","Cerebelum_9_L",0.0909090909090909,0.109090909090909,0.0181818181818182,0.0181818181818182,1,1,1,FALSE,4183
97,104,"Cerebelum_4_5_R","Cerebelum_9_L",0.181818181818182,0.0909090909090909,-0.0909090909090909,0.0909090909090909,0.266166492306464,1,1,FALSE,682
98,104,"Cerebelum_6_L","Cerebelum_9_L",0.127272727272727,0.145454545454545,0.0181818181818182,0.0181818181818182,1,1,1,FALSE,2819
99,104,"Cerebelum_6_R","Cerebelum_9_L",0.2,0.218181818181818,0.0181818181818182,0.0181818181818182,1,1,1,FALSE,4212
100,104,"Cerebelum_7b_L","Cerebelum_9_L",0.0727272727272727,0.0545454545454545,-0.0181818181818182,0.0181818181818182,1,1,1,FALSE,4107
101,104,"Cerebelum_7b_R","Cerebelum_9_L",0.0545454545454545,0.0727272727272727,0.0181818181818182,0.0181818181818182,1,1,1,FALSE,4112
102,104,"Cerebelum_8_L","Cerebelum_9_L",0.363636363636364,0.381818181818182,0.0181818181818182,0.0181818181818182,1,1,1,FALSE,2609
103,104,"Cerebelum_8_R","Cerebelum_9_L",0.690909090909091,0.709090909090909,0.0181818181818182,0.0181818181818182,1,1,1,FALSE,2821
1,105,"Precentral_L","Cerebelum_9_R",0,0,0,0,1,1,1,FALSE,4241
2,105,"Precentral_R","Cerebelum_9_R",0,0,0,0,1,1,1,FALSE,4268
3,105,"Frontal_Sup_L","Cerebelum_9_R",0,0,0,0,1,1,1,FALSE,4292
4,105,"Frontal_Sup_R","Cerebelum_9_R",0,0,0,0,1,1,1,FALSE,4314
5,105,"Frontal_Sup_Orb_L","Cerebelum_9_R",0,0,0,0,1,1,1,FALSE,4361
6,105,"Frontal_Sup_Orb_R","Cerebelum_9_R",0,0,0,0,1,1,1,FALSE,4420
7,105,"Frontal_Mid_L","Cerebelum_9_R",0,0,0,0,1,1,1,FALSE,4463
8,105,"Frontal_Mid_R","Cerebelum_9_R",0,0,0,0,1,1,1,FALSE,4502
9,105,"Frontal_Mid_Orb_L","Cerebelum_9_R",0,0,0,0,1,1,1,FALSE,4561
10,105,"Frontal_Mid_Orb_R","Cerebelum_9_R",0,0,0,0,1,1,1,FALSE,4622
11,105,"Frontal_Inf_Oper_L","Cerebelum_9_R",0,0,0,0,1,1,1,FALSE,4662
12,105,"Frontal_Inf_Oper_R","Cerebelum_9_R",0,0,0,0,1,1,1,FALSE,4702
13,105,"Frontal_Inf_Tri_L","Cerebelum_9_R",0,0,0,0,1,1,1,FALSE,4745
14,105,"Frontal_Inf_Tri_R","Cerebelum_9_R",0,0,0,0,1,1,1,FALSE,4780
15,105,"Frontal_Inf_Orb_L","Cerebelum_9_R",0,0,0,0,1,1,1,FALSE,4809
16,105,"Frontal_Inf_Orb_R","Cerebelum_9_R",0,0,0,0,1,1,1,FALSE,4844
17,105,"Rolandic_Oper_L","Cerebelum_9_R",0,0,0,0,1,1,1,FALSE,4882
18,105,"Rolandic_Oper_R","Cerebelum_9_R",0,0,0,0,1,1,1,FALSE,4923
19,105,"Supp_Motor_Area_L","Cerebelum_9_R",0,0,0,0,1,1,1,FALSE,4959
20,105,"Supp_Motor_Area_R","Cerebelum_9_R",0,0.0181818181818182,0.0181818181818182,0.0181818181818182,1,1,1,FALSE,3240
21,105,"Olfactory_L","Cerebelum_9_R",0,0,0,0,1,1,1,FALSE,5013
22,105,"Olfactory_R","Cerebelum_9_R",0,0,0,0,1,1,1,FALSE,5056
23,105,"Frontal_Sup_Medial_L","Cerebelum_9_R",0,0,0,0,1,1,1,FALSE,5088
24,105,"Frontal_Sup_Medial_R","Cerebelum_9_R",0,0,0,0,1,1,1,FALSE,5114
25,105,"Frontal_Med_Orb_L","Cerebelum_9_R",0,0,0,0,1,1,1,FALSE,5148
26,105,"Frontal_Med_Orb_R","Cerebelum_9_R",0,0.0181818181818182,0.0181818181818182,0.0181818181818182,1,1,1,FALSE,3362
27,105,"Rectus_L","Cerebelum_9_R",0,0,0,0,1,1,1,FALSE,5215
28,105,"Rectus_R","Cerebelum_9_R",0,0,0,0,1,1,1,FALSE,5258
29,105,"Insula_L","Cerebelum_9_R",0,0,0,0,1,1,1,FALSE,5281
30,105,"Insula_R","Cerebelum_9_R",0,0,0,0,1,1,1,FALSE,5299
31,105,"Cingulum_Ant_L","Cerebelum_9_R",0,0,0,0,1,1,1,FALSE,5330
32,105,"Cingulum_Ant_R","Cerebelum_9_R",0,0,0,0,1,1,1,FALSE,5355
33,105,"Cingulum_Mid_L","Cerebelum_9_R",0,0,0,0,1,1,1,FALSE,5388
34,105,"Cingulum_Mid_R","Cerebelum_9_R",0,0,0,0,1,1,1,FALSE,5404
35,105,"Cingulum_Post_L","Cerebelum_9_R",0,0,0,0,1,1,1,FALSE,5455
36,105,"Cingulum_Post_R","Cerebelum_9_R",0,0,0,0,1,1,1,FALSE,5484
37,105,"Hippocampus_L","Cerebelum_9_R",0,0,0,0,1,1,1,FALSE,5500
38,105,"Hippocampus_R","Cerebelum_9_R",0,0.0181818181818182,0.0181818181818182,0.0181818181818182,1,1,1,FALSE,3563
39,105,"ParaHippocampal_L","Cerebelum_9_R",0,0.0181818181818182,0.0181818181818182,0.0181818181818182,1,1,1,FALSE,3585
40,105,"ParaHippocampal_R","Cerebelum_9_R",0.0181818181818182,0,-0.0181818181818182,0.0181818181818182,1,1,1,FALSE,3603
41,105,"Amygdala_L","Cerebelum_9_R",0,0,0,0,1,1,1,FALSE,5581
42,105,"Amygdala_R","Cerebelum_9_R",0,0,0,0,1,1,1,FALSE,5604
43,105,"Calcarine_L","Cerebelum_9_R",0,0,0,0,1,1,1,FALSE,5632
44,105,"Calcarine_R","Cerebelum_9_R",0,0,0,0,1,1,1,FALSE,5655
45,105,"Cuneus_L","Cerebelum_9_R",0,0.0181818181818182,0.0181818181818182,0.0181818181818182,1,1,1,FALSE,3674
46,105,"Cuneus_R","Cerebelum_9_R",0,0.0181818181818182,0.0181818181818182,0.0181818181818182,1,1,1,FALSE,3685
47,105,"Lingual_L","Cerebelum_9_R",0,0,0,0,1,1,1,FALSE,5718
48,105,"Lingual_R","Cerebelum_9_R",0,0,0,0,1,1,1,FALSE,5732
49,105,"Occipital_Sup_L","Cerebelum_9_R",0,0,0,0,1,1,1,FALSE,5751
50,105,"Occipital_Sup_R","Cerebelum_9_R",0,0,0,0,1,1,1,FALSE,5772
51,105,"Occipital_Mid_L","Cerebelum_9_R",0,0.0181818181818182,0.0181818181818182,0.0181818181818182,1,1,1,FALSE,3732
52,105,"Occipital_Mid_R","Cerebelum_9_R",0,0,0,0,1,1,1,FALSE,5804
53,105,"Occipital_Inf_L","Cerebelum_9_R",0.0181818181818182,0,-0.0181818181818182,0.0181818181818182,1,1,1,FALSE,3759
54,105,"Occipital_Inf_R","Cerebelum_9_R",0,0,0,0,1,1,1,FALSE,5841
55,105,"Fusiform_L","Cerebelum_9_R",0,0,0,0,1,1,1,FALSE,5853
56,105,"Fusiform_R","Cerebelum_9_R",0,0.0181818181818182,0.0181818181818182,0.0181818181818182,1,1,1,FALSE,3801
57,105,"Postcentral_L","Cerebelum_9_R",0,0,0,0,1,1,1,FALSE,5880
58,105,"Postcentral_R","Cerebelum_9_R",0,0,0,0,1,1,1,FALSE,5893
59,105,"Parietal_Sup_L","Cerebelum_9_R",0,0,0,0,1,1,1,FALSE,5911
60,105,"Parietal_Sup_R","Cerebelum_9_R",0,0,0,0,1,1,1,FALSE,5930
61,105,"Parietal_Inf_L","Cerebelum_9_R",0,0,0,0,1,1,1,FALSE,5949
62,105,"Parietal_Inf_R","Cerebelum_9_R",0,0,0,0,1,1,1,FALSE,5976
63,105,"SupraMarginal_L","Cerebelum_9_R",0,0,0,0,1,1,1,FALSE,6000
64,105,"SupraMarginal_R","Cerebelum_9_R",0,0,0,0,1,1,1,FALSE,6024
65,105,"Angular_L","Cerebelum_9_R",0,0,0,0,1,1,1,FALSE,6050
66,105,"Angular_R","Cerebelum_9_R",0,0,0,0,1,1,1,FALSE,6078
67,105,"Precuneus_L","Cerebelum_9_R",0.0181818181818182,0,-0.0181818181818182,0.0181818181818182,1,1,1,FALSE,3907
68,105,"Precuneus_R","Cerebelum_9_R",0,0.0181818181818182,0.0181818181818182,0.0181818181818182,1,1,1,FALSE,3918
69,105,"Paracentral_Lobule_L","Cerebelum_9_R",0,0,0,0,1,1,1,FALSE,6121
70,105,"Paracentral_Lobule_R","Cerebelum_9_R",0,0.0181818181818182,0.0181818181818182,0.0181818181818182,1,1,1,FALSE,3940
71,105,"Caudate_L","Cerebelum_9_R",0,0,0,0,1,1,1,FALSE,6148
72,105,"Caudate_R","Cerebelum_9_R",0,0.0181818181818182,0.0181818181818182,0.0181818181818182,1,1,1,FALSE,3960
73,105,"Putamen_L","Cerebelum_9_R",0,0,0,0,1,1,1,FALSE,6182
74,105,"Putamen_R","Cerebelum_9_R",0,0,0,0,1,1,1,FALSE,6192
75,105,"Pallidum_L","Cerebelum_9_R",0,0,0,0,1,1,1,FALSE,6211
76,105,"Pallidum_R","Cerebelum_9_R",0,0,0,0,1,1,1,FALSE,6234
77,105,"Thalamus_L","Cerebelum_9_R",0,0,0,0,1,1,1,FALSE,6246
78,105,"Thalamus_R","Cerebelum_9_R",0,0,0,0,1,1,1,FALSE,6254
79,105,"Heschl_L","Cerebelum_9_R",0,0,0,0,1,1,1,FALSE,6271
80,105,"Heschl_R","Cerebelum_9_R",0,0,0,0,1,1,1,FALSE,6294
81,105,"Temporal_Sup_L","Cerebelum_9_R",0,0,0,0,1,1,1,FALSE,6307
82,105,"Temporal_Sup_R","Cerebelum_9_R",0,0,0,0,1,1,1,FALSE,6323
83,105,"Temporal_Pole_Sup_L","Cerebelum_9_R",0,0,0,0,1,1,1,FALSE,6334
84,105,"Temporal_Pole_Sup_R","Cerebelum_9_R",0,0,0,0,1,1,1,FALSE,6345
85,105,"Temporal_Mid_L","Cerebelum_9_R",0,0,0,0,1,1,1,FALSE,6355
86,105,"Temporal_Mid_R","Cerebelum_9_R",0,0,0,0,1,1,1,FALSE,6365
87,105,"Temporal_Pole_Mid_R","Cerebelum_9_R",0,0,0,0,1,1,1,FALSE,6379
88,105,"Temporal_Inf_L","Cerebelum_9_R",0,0.0181818181818182,0.0181818181818182,0.0181818181818182,1,1,1,FALSE,4059
89,105,"Temporal_Inf_R","Cerebelum_9_R",0,0.0181818181818182,0.0181818181818182,0.0181818181818182,1,1,1,FALSE,4066
90,105,"Cerebelum_Crus1_L","Cerebelum_9_R",0.0181818181818182,0.0545454545454545,0.0363636363636364,0.0363636363636364,0.618022807167967,1,1,FALSE,1862
91,105,"Cerebelum_Crus1_R","Cerebelum_9_R",0,0.145454545454545,0.145454545454545,0.145454545454545,0.00594361556627922,1,1,FALSE,16
92,105,"Cerebelum_Crus2_L","Cerebelum_9_R",0,0.0181818181818182,0.0181818181818182,0.0181818181818182,1,1,1,FALSE,4078
93,105,"Cerebelum_Crus2_R","Cerebelum_9_R",0.0363636363636364,0.0727272727272727,0.0363636363636364,0.0363636363636364,0.678654107617496,1,1,FALSE,2022
94,105,"Cerebelum_3_L","Cerebelum_9_R",0.0909090909090909,0.127272727272727,0.0363636363636363,0.0363636363636363,0.761067915257265,1,1,FALSE,2228
95,105,"Cerebelum_3_R","Cerebelum_9_R",0.0727272727272727,0.0181818181818182,-0.0545454545454545,0.0545454545454545,0.363371345279945,1,1,FALSE,967
96,105,"Cerebelum_4_5_L","Cerebelum_9_R",0,0.0181818181818182,0.0181818181818182,0.0181818181818182,1,1,1,FALSE,4098
97,105,"Cerebelum_4_5_R","Cerebelum_9_R",0.0727272727272727,0.0545454545454545,-0.0181818181818182,0.0181818181818182,1,1,1,FALSE,4102
98,105,"Cerebelum_6_L","Cerebelum_9_R",0.0181818181818182,0.0181818181818182,0,0,1,1,1,FALSE,6428
99,105,"Cerebelum_6_R","Cerebelum_9_R",0,0.0363636363636364,0.0363636363636364,0.0363636363636364,0.495412844036697,1,1,FALSE,1477
100,105,"Cerebelum_7b_L","Cerebelum_9_R",0.0181818181818182,0,-0.0181818181818182,0.0181818181818182,1,1,1,FALSE,4108
101,105,"Cerebelum_7b_R","Cerebelum_9_R",0,0.0181818181818182,0.0181818181818182,0.0181818181818182,1,1,1,FALSE,4113
102,105,"Cerebelum_8_L","Cerebelum_9_R",0.0363636363636364,0.0727272727272727,0.0363636363636364,0.0363636363636364,0.678654107617496,1,1,FALSE,2026
103,105,"Cerebelum_8_R","Cerebelum_9_R",0.4,0.381818181818182,-0.0181818181818182,0.0181818181818182,1,1,1,FALSE,2610
104,105,"Cerebelum_9_L","Cerebelum_9_R",0.472727272727273,0.654545454545455,0.181818181818182,0.181818181818182,0.0830904117548648,1,1,FALSE,179
1,106,"Precentral_L","Cerebelum_10_R",0,0,0,0,1,1,1,FALSE,4242
2,106,"Precentral_R","Cerebelum_10_R",0,0,0,0,1,1,1,FALSE,4269
3,106,"Frontal_Sup_L","Cerebelum_10_R",0,0,0,0,1,1,1,FALSE,4293
4,106,"Frontal_Sup_R","Cerebelum_10_R",0,0,0,0,1,1,1,FALSE,4315
5,106,"Frontal_Sup_Orb_L","Cerebelum_10_R",0,0,0,0,1,1,1,FALSE,4362
6,106,"Frontal_Sup_Orb_R","Cerebelum_10_R",0,0,0,0,1,1,1,FALSE,4421
7,106,"Frontal_Mid_L","Cerebelum_10_R",0,0,0,0,1,1,1,FALSE,4464
8,106,"Frontal_Mid_R","Cerebelum_10_R",0,0,0,0,1,1,1,FALSE,4503
9,106,"Frontal_Mid_Orb_L","Cerebelum_10_R",0,0,0,0,1,1,1,FALSE,4562
10,106,"Frontal_Mid_Orb_R","Cerebelum_10_R",0,0,0,0,1,1,1,FALSE,4623
11,106,"Frontal_Inf_Oper_L","Cerebelum_10_R",0,0.0181818181818182,0.0181818181818182,0.0181818181818182,1,1,1,FALSE,3042
12,106,"Frontal_Inf_Oper_R","Cerebelum_10_R",0,0,0,0,1,1,1,FALSE,4703
13,106,"Frontal_Inf_Tri_L","Cerebelum_10_R",0,0,0,0,1,1,1,FALSE,4746
14,106,"Frontal_Inf_Tri_R","Cerebelum_10_R",0,0,0,0,1,1,1,FALSE,4781
15,106,"Frontal_Inf_Orb_L","Cerebelum_10_R",0,0,0,0,1,1,1,FALSE,4810
16,106,"Frontal_Inf_Orb_R","Cerebelum_10_R",0,0,0,0,1,1,1,FALSE,4845
17,106,"Rolandic_Oper_L","Cerebelum_10_R",0,0,0,0,1,1,1,FALSE,4883
18,106,"Rolandic_Oper_R","Cerebelum_10_R",0,0,0,0,1,1,1,FALSE,4924
19,106,"Supp_Motor_Area_L","Cerebelum_10_R",0,0,0,0,1,1,1,FALSE,4960
20,106,"Supp_Motor_Area_R","Cerebelum_10_R",0,0,0,0,1,1,1,FALSE,4976
21,106,"Olfactory_L","Cerebelum_10_R",0,0,0,0,1,1,1,FALSE,5014
22,106,"Olfactory_R","Cerebelum_10_R",0,0,0,0,1,1,1,FALSE,5057
23,106,"Frontal_Sup_Medial_L","Cerebelum_10_R",0,0,0,0,1,1,1,FALSE,5089
24,106,"Frontal_Sup_Medial_R","Cerebelum_10_R",0,0,0,0,1,1,1,FALSE,5115
25,106,"Frontal_Med_Orb_L","Cerebelum_10_R",0,0,0,0,1,1,1,FALSE,5149
26,106,"Frontal_Med_Orb_R","Cerebelum_10_R",0,0,0,0,1,1,1,FALSE,5181
27,106,"Rectus_L","Cerebelum_10_R",0,0,0,0,1,1,1,FALSE,5216
28,106,"Rectus_R","Cerebelum_10_R",0,0,0,0,1,1,1,FALSE,5259
29,106,"Insula_L","Cerebelum_10_R",0,0,0,0,1,1,1,FALSE,5282
30,106,"Insula_R","Cerebelum_10_R",0,0,0,0,1,1,1,FALSE,5300
31,106,"Cingulum_Ant_L","Cerebelum_10_R",0,0,0,0,1,1,1,FALSE,5331
32,106,"Cingulum_Ant_R","Cerebelum_10_R",0,0,0,0,1,1,1,FALSE,5356
33,106,"Cingulum_Mid_L","Cerebelum_10_R",0,0,0,0,1,1,1,FALSE,5389
34,106,"Cingulum_Mid_R","Cerebelum_10_R",0,0,0,0,1,1,1,FALSE,5405
35,106,"Cingulum_Post_L","Cerebelum_10_R",0,0,0,0,1,1,1,FALSE,5456
36,106,"Cingulum_Post_R","Cerebelum_10_R",0,0,0,0,1,1,1,FALSE,5485
37,106,"Hippocampus_L","Cerebelum_10_R",0,0,0,0,1,1,1,FALSE,5501
38,106,"Hippocampus_R","Cerebelum_10_R",0,0,0,0,1,1,1,FALSE,5511
39,106,"ParaHippocampal_L","Cerebelum_10_R",0,0,0,0,1,1,1,FALSE,5526
40,106,"ParaHippocampal_R","Cerebelum_10_R",0.0363636363636364,0.0181818181818182,-0.0181818181818182,0.0181818181818182,1,1,1,FALSE,3604
41,106,"Amygdala_L","Cerebelum_10_R",0,0,0,0,1,1,1,FALSE,5582
42,106,"Amygdala_R","Cerebelum_10_R",0,0,0,0,1,1,1,FALSE,5605
43,106,"Calcarine_L","Cerebelum_10_R",0,0,0,0,1,1,1,FALSE,5633
44,106,"Calcarine_R","Cerebelum_10_R",0,0,0,0,1,1,1,FALSE,5656
45,106,"Cuneus_L","Cerebelum_10_R",0,0,0,0,1,1,1,FALSE,5678
46,106,"Cuneus_R","Cerebelum_10_R",0,0,0,0,1,1,1,FALSE,5697
47,106,"Lingual_L","Cerebelum_10_R",0,0,0,0,1,1,1,FALSE,5719
48,106,"Lingual_R","Cerebelum_10_R",0,0,0,0,1,1,1,FALSE,5733
49,106,"Occipital_Sup_L","Cerebelum_10_R",0,0,0,0,1,1,1,FALSE,5752
50,106,"Occipital_Sup_R","Cerebelum_10_R",0,0,0,0,1,1,1,FALSE,5773
51,106,"Occipital_Mid_L","Cerebelum_10_R",0,0,0,0,1,1,1,FALSE,5787
52,106,"Occipital_Mid_R","Cerebelum_10_R",0,0,0,0,1,1,1,FALSE,5805
53,106,"Occipital_Inf_L","Cerebelum_10_R",0,0,0,0,1,1,1,FALSE,5822
54,106,"Occipital_Inf_R","Cerebelum_10_R",0,0,0,0,1,1,1,FALSE,5842
55,106,"Fusiform_L","Cerebelum_10_R",0,0,0,0,1,1,1,FALSE,5854
56,106,"Fusiform_R","Cerebelum_10_R",0,0,0,0,1,1,1,FALSE,5868
57,106,"Postcentral_L","Cerebelum_10_R",0,0,0,0,1,1,1,FALSE,5881
58,106,"Postcentral_R","Cerebelum_10_R",0,0,0,0,1,1,1,FALSE,5894
59,106,"Parietal_Sup_L","Cerebelum_10_R",0,0,0,0,1,1,1,FALSE,5912
60,106,"Parietal_Sup_R","Cerebelum_10_R",0,0,0,0,1,1,1,FALSE,5931
61,106,"Parietal_Inf_L","Cerebelum_10_R",0,0,0,0,1,1,1,FALSE,5950
62,106,"Parietal_Inf_R","Cerebelum_10_R",0,0,0,0,1,1,1,FALSE,5977
63,106,"SupraMarginal_L","Cerebelum_10_R",0,0,0,0,1,1,1,FALSE,6001
64,106,"SupraMarginal_R","Cerebelum_10_R",0,0,0,0,1,1,1,FALSE,6025
65,106,"Angular_L","Cerebelum_10_R",0,0.0181818181818182,0.0181818181818182,0.0181818181818182,1,1,1,FALSE,3892
66,106,"Angular_R","Cerebelum_10_R",0,0,0,0,1,1,1,FALSE,6079
67,106,"Precuneus_L","Cerebelum_10_R",0,0,0,0,1,1,1,FALSE,6093
68,106,"Precuneus_R","Cerebelum_10_R",0,0,0,0,1,1,1,FALSE,6107
69,106,"Paracentral_Lobule_L","Cerebelum_10_R",0,0,0,0,1,1,1,FALSE,6122
70,106,"Paracentral_Lobule_R","Cerebelum_10_R",0,0,0,0,1,1,1,FALSE,6131
71,106,"Caudate_L","Cerebelum_10_R",0,0,0,0,1,1,1,FALSE,6149
72,106,"Caudate_R","Cerebelum_10_R",0,0,0,0,1,1,1,FALSE,6173
73,106,"Putamen_L","Cerebelum_10_R",0,0,0,0,1,1,1,FALSE,6183
74,106,"Putamen_R","Cerebelum_10_R",0,0,0,0,1,1,1,FALSE,6193
75,106,"Pallidum_L","Cerebelum_10_R",0,0,0,0,1,1,1,FALSE,6212
76,106,"Pallidum_R","Cerebelum_10_R",0,0,0,0,1,1,1,FALSE,6235
77,106,"Thalamus_L","Cerebelum_10_R",0,0,0,0,1,1,1,FALSE,6247
78,106,"Thalamus_R","Cerebelum_10_R",0,0,0,0,1,1,1,FALSE,6255
79,106,"Heschl_L","Cerebelum_10_R",0,0,0,0,1,1,1,FALSE,6272
80,106,"Heschl_R","Cerebelum_10_R",0,0,0,0,1,1,1,FALSE,6295
81,106,"Temporal_Sup_L","Cerebelum_10_R",0,0,0,0,1,1,1,FALSE,6308
82,106,"Temporal_Sup_R","Cerebelum_10_R",0,0,0,0,1,1,1,FALSE,6324
83,106,"Temporal_Pole_Sup_L","Cerebelum_10_R",0,0,0,0,1,1,1,FALSE,6335
84,106,"Temporal_Pole_Sup_R","Cerebelum_10_R",0,0.0181818181818182,0.0181818181818182,0.0181818181818182,1,1,1,FALSE,4043
85,106,"Temporal_Mid_L","Cerebelum_10_R",0,0,0,0,1,1,1,FALSE,6356
86,106,"Temporal_Mid_R","Cerebelum_10_R",0,0,0,0,1,1,1,FALSE,6366
87,106,"Temporal_Pole_Mid_R","Cerebelum_10_R",0,0,0,0,1,1,1,FALSE,6380
88,106,"Temporal_Inf_L","Cerebelum_10_R",0,0,0,0,1,1,1,FALSE,6392
89,106,"Temporal_Inf_R","Cerebelum_10_R",0,0,0,0,1,1,1,FALSE,6401
90,106,"Cerebelum_Crus1_L","Cerebelum_10_R",0,0,0,0,1,1,1,FALSE,6408
91,106,"Cerebelum_Crus1_R","Cerebelum_10_R",0.0181818181818182,0.0181818181818182,0,0,1,1,1,FALSE,6411
92,106,"Cerebelum_Crus2_L","Cerebelum_10_R",0.0181818181818182,0.0181818181818182,0,0,1,1,1,FALSE,6413
93,106,"Cerebelum_Crus2_R","Cerebelum_10_R",0.0181818181818182,0,-0.0181818181818182,0.0181818181818182,1,1,1,FALSE,4080
94,106,"Cerebelum_3_L","Cerebelum_10_R",0.0181818181818182,0.0545454545454545,0.0363636363636364,0.0363636363636364,0.618022807167967,1,1,FALSE,1865
95,106,"Cerebelum_3_R","Cerebelum_10_R",0.0181818181818182,0,-0.0181818181818182,0.0181818181818182,1,1,1,FALSE,4092
96,106,"Cerebelum_4_5_L","Cerebelum_10_R",0,0,0,0,1,1,1,FALSE,6424
97,106,"Cerebelum_4_5_R","Cerebelum_10_R",0.0363636363636364,0.0181818181818182,-0.0181818181818182,0.0181818181818182,1,1,1,FALSE,4103
98,106,"Cerebelum_6_L","Cerebelum_10_R",0,0.0181818181818182,0.0181818181818182,0.0181818181818182,1,1,1,FALSE,4104
99,106,"Cerebelum_6_R","Cerebelum_10_R",0,0.0181818181818182,0.0181818181818182,0.0181818181818182,1,1,1,FALSE,4106
100,106,"Cerebelum_7b_L","Cerebelum_10_R",0,0,0,0,1,1,1,FALSE,6431
101,106,"Cerebelum_7b_R","Cerebelum_10_R",0,0.0181818181818182,0.0181818181818182,0.0181818181818182,1,1,1,FALSE,4114
102,106,"Cerebelum_8_L","Cerebelum_10_R",0,0.0181818181818182,0.0181818181818182,0.0181818181818182,1,1,1,FALSE,4118
103,106,"Cerebelum_8_R","Cerebelum_10_R",0.0545454545454545,0.127272727272727,0.0727272727272727,0.0727272727272727,0.320308493049491,1,1,FALSE,803
104,106,"Cerebelum_9_L","Cerebelum_10_R",0.0545454545454545,0.163636363636364,0.109090909090909,0.109090909090909,0.123540893849592,1,1,FALSE,306
105,106,"Cerebelum_9_R","Cerebelum_10_R",0.0909090909090909,0.254545454545455,0.163636363636364,0.163636363636364,0.0416138904217009,1,1,FALSE,92
1,107,"Precentral_L","Vermis_1_2",0,0,0,0,1,1,1,FALSE,4243
2,107,"Precentral_R","Vermis_1_2",0,0,0,0,1,1,1,FALSE,4270
3,107,"Frontal_Sup_L","Vermis_1_2",0,0,0,0,1,1,1,FALSE,4294
4,107,"Frontal_Sup_R","Vermis_1_2",0,0,0,0,1,1,1,FALSE,4316
5,107,"Frontal_Sup_Orb_L","Vermis_1_2",0,0,0,0,1,1,1,FALSE,4363
6,107,"Frontal_Sup_Orb_R","Vermis_1_2",0,0,0,0,1,1,1,FALSE,4422
7,107,"Frontal_Mid_L","Vermis_1_2",0,0.0181818181818182,0.0181818181818182,0.0181818181818182,1,1,1,FALSE,2954
8,107,"Frontal_Mid_R","Vermis_1_2",0,0.0181818181818182,0.0181818181818182,0.0181818181818182,1,1,1,FALSE,2978
9,107,"Frontal_Mid_Orb_L","Vermis_1_2",0,0,0,0,1,1,1,FALSE,4563
10,107,"Frontal_Mid_Orb_R","Vermis_1_2",0,0,0,0,1,1,1,FALSE,4624
11,107,"Frontal_Inf_Oper_L","Vermis_1_2",0,0,0,0,1,1,1,FALSE,4663
12,107,"Frontal_Inf_Oper_R","Vermis_1_2",0,0,0,0,1,1,1,FALSE,4704
13,107,"Frontal_Inf_Tri_L","Vermis_1_2",0,0,0,0,1,1,1,FALSE,4747
14,107,"Frontal_Inf_Tri_R","Vermis_1_2",0,0,0,0,1,1,1,FALSE,4782
15,107,"Frontal_Inf_Orb_L","Vermis_1_2",0,0,0,0,1,1,1,FALSE,4811
16,107,"Frontal_Inf_Orb_R","Vermis_1_2",0,0,0,0,1,1,1,FALSE,4846
17,107,"Rolandic_Oper_L","Vermis_1_2",0,0,0,0,1,1,1,FALSE,4884
18,107,"Rolandic_Oper_R","Vermis_1_2",0,0,0,0,1,1,1,FALSE,4925
19,107,"Supp_Motor_Area_L","Vermis_1_2",0.0181818181818182,0,-0.0181818181818182,0.0181818181818182,1,1,1,FALSE,3231
20,107,"Supp_Motor_Area_R","Vermis_1_2",0,0,0,0,1,1,1,FALSE,4977
21,107,"Olfactory_L","Vermis_1_2",0,0.0181818181818182,0.0181818181818182,0.0181818181818182,1,1,1,FALSE,3265
22,107,"Olfactory_R","Vermis_1_2",0,0.0181818181818182,0.0181818181818182,0.0181818181818182,1,1,1,FALSE,3291
23,107,"Frontal_Sup_Medial_L","Vermis_1_2",0,0,0,0,1,1,1,FALSE,5090
24,107,"Frontal_Sup_Medial_R","Vermis_1_2",0,0,0,0,1,1,1,FALSE,5116
25,107,"Frontal_Med_Orb_L","Vermis_1_2",0,0,0,0,1,1,1,FALSE,5150
26,107,"Frontal_Med_Orb_R","Vermis_1_2",0,0,0,0,1,1,1,FALSE,5182
27,107,"Rectus_L","Vermis_1_2",0,0.0181818181818182,0.0181818181818182,0.0181818181818182,1,1,1,FALSE,3383
28,107,"Rectus_R","Vermis_1_2",0,0,0,0,1,1,1,FALSE,5260
29,107,"Insula_L","Vermis_1_2",0,0,0,0,1,1,1,FALSE,5283
30,107,"Insula_R","Vermis_1_2",0,0,0,0,1,1,1,FALSE,5301
31,107,"Cingulum_Ant_L","Vermis_1_2",0,0,0,0,1,1,1,FALSE,5332
32,107,"Cingulum_Ant_R","Vermis_1_2",0,0,0,0,1,1,1,FALSE,5357
33,107,"Cingulum_Mid_L","Vermis_1_2",0,0,0,0,1,1,1,FALSE,5390
34,107,"Cingulum_Mid_R","Vermis_1_2",0,0,0,0,1,1,1,FALSE,5406
35,107,"Cingulum_Post_L","Vermis_1_2",0,0,0,0,1,1,1,FALSE,5457
36,107,"Cingulum_Post_R","Vermis_1_2",0,0,0,0,1,1,1,FALSE,5486
37,107,"Hippocampus_L","Vermis_1_2",0,0.0181818181818182,0.0181818181818182,0.0181818181818182,1,1,1,FALSE,3553
38,107,"Hippocampus_R","Vermis_1_2",0.0181818181818182,0,-0.0181818181818182,0.0181818181818182,1,1,1,FALSE,3564
39,107,"ParaHippocampal_L","Vermis_1_2",0,0.0727272727272727,0.0727272727272727,0.0727272727272727,0.118151419017406,1,1,FALSE,261
40,107,"ParaHippocampal_R","Vermis_1_2",0.0545454545454545,0.109090909090909,0.0545454545454545,0.0545454545454545,0.488966435220834,1,1,FALSE,1177
41,107,"Amygdala_L","Vermis_1_2",0,0.0181818181818182,0.0181818181818182,0.0181818181818182,1,1,1,FALSE,3617
42,107,"Amygdala_R","Vermis_1_2",0.0181818181818182,0,-0.0181818181818182,0.0181818181818182,1,1,1,FALSE,3635
43,107,"Calcarine_L","Vermis_1_2",0,0,0,0,1,1,1,FALSE,5634
44,107,"Calcarine_R","Vermis_1_2",0,0,0,0,1,1,1,FALSE,5657
45,107,"Cuneus_L","Vermis_1_2",0,0,0,0,1,1,1,FALSE,5679
46,107,"Cuneus_R","Vermis_1_2",0,0,0,0,1,1,1,FALSE,5698
47,107,"Lingual_L","Vermis_1_2",0,0,0,0,1,1,1,FALSE,5720
48,107,"Lingual_R","Vermis_1_2",0,0.0181818181818182,0.0181818181818182,0.0181818181818182,1,1,1,FALSE,3703
49,107,"Occipital_Sup_L","Vermis_1_2",0,0,0,0,1,1,1,FALSE,5753
50,107,"Occipital_Sup_R","Vermis_1_2",0,0,0,0,1,1,1,FALSE,5774
51,107,"Occipital_Mid_L","Vermis_1_2",0,0,0,0,1,1,1,FALSE,5788
52,107,"Occipital_Mid_R","Vermis_1_2",0,0,0,0,1,1,1,FALSE,5806
53,107,"Occipital_Inf_L","Vermis_1_2",0,0,0,0,1,1,1,FALSE,5823
54,107,"Occipital_Inf_R","Vermis_1_2",0,0,0,0,1,1,1,FALSE,5843
55,107,"Fusiform_L","Vermis_1_2",0,0,0,0,1,1,1,FALSE,5855
56,107,"Fusiform_R","Vermis_1_2",0,0.0363636363636364,0.0363636363636364,0.0363636363636364,0.495412844036697,1,1,FALSE,1416
57,107,"Postcentral_L","Vermis_1_2",0,0,0,0,1,1,1,FALSE,5882
58,107,"Postcentral_R","Vermis_1_2",0,0,0,0,1,1,1,FALSE,5895
59,107,"Parietal_Sup_L","Vermis_1_2",0,0,0,0,1,1,1,FALSE,5913
60,107,"Parietal_Sup_R","Vermis_1_2",0,0,0,0,1,1,1,FALSE,5932
61,107,"Parietal_Inf_L","Vermis_1_2",0,0,0,0,1,1,1,FALSE,5951
62,107,"Parietal_Inf_R","Vermis_1_2",0,0,0,0,1,1,1,FALSE,5978
63,107,"SupraMarginal_L","Vermis_1_2",0,0,0,0,1,1,1,FALSE,6002
64,107,"SupraMarginal_R","Vermis_1_2",0,0,0,0,1,1,1,FALSE,6026
65,107,"Angular_L","Vermis_1_2",0,0,0,0,1,1,1,FALSE,6051
66,107,"Angular_R","Vermis_1_2",0,0,0,0,1,1,1,FALSE,6080
67,107,"Precuneus_L","Vermis_1_2",0,0,0,0,1,1,1,FALSE,6094
68,107,"Precuneus_R","Vermis_1_2",0,0,0,0,1,1,1,FALSE,6108
69,107,"Paracentral_Lobule_L","Vermis_1_2",0,0,0,0,1,1,1,FALSE,6123
70,107,"Paracentral_Lobule_R","Vermis_1_2",0,0,0,0,1,1,1,FALSE,6132
71,107,"Caudate_L","Vermis_1_2",0,0,0,0,1,1,1,FALSE,6150
72,107,"Caudate_R","Vermis_1_2",0.0181818181818182,0,-0.0181818181818182,0.0181818181818182,1,1,1,FALSE,3961
73,107,"Putamen_L","Vermis_1_2",0,0,0,0,1,1,1,FALSE,6184
74,107,"Putamen_R","Vermis_1_2",0,0,0,0,1,1,1,FALSE,6194
75,107,"Pallidum_L","Vermis_1_2",0,0,0,0,1,1,1,FALSE,6213
76,107,"Pallidum_R","Vermis_1_2",0,0,0,0,1,1,1,FALSE,6236
77,107,"Thalamus_L","Vermis_1_2",0,0,0,0,1,1,1,FALSE,6248
78,107,"Thalamus_R","Vermis_1_2",0,0,0,0,1,1,1,FALSE,6256
79,107,"Heschl_L","Vermis_1_2",0,0,0,0,1,1,1,FALSE,6273
80,107,"Heschl_R","Vermis_1_2",0,0,0,0,1,1,1,FALSE,6296
81,107,"Temporal_Sup_L","Vermis_1_2",0,0,0,0,1,1,1,FALSE,6309
82,107,"Temporal_Sup_R","Vermis_1_2",0,0,0,0,1,1,1,FALSE,6325
83,107,"Temporal_Pole_Sup_L","Vermis_1_2",0,0,0,0,1,1,1,FALSE,6336
84,107,"Temporal_Pole_Sup_R","Vermis_1_2",0.0181818181818182,0.0545454545454545,0.0363636363636364,0.0363636363636364,0.618022807167967,1,1,FALSE,1857
85,107,"Temporal_Mid_L","Vermis_1_2",0,0,0,0,1,1,1,FALSE,6357
86,107,"Temporal_Mid_R","Vermis_1_2",0,0,0,0,1,1,1,FALSE,6367
87,107,"Temporal_Pole_Mid_R","Vermis_1_2",0.0181818181818182,0.0181818181818182,0,0,1,1,1,FALSE,6381
88,107,"Temporal_Inf_L","Vermis_1_2",0,0,0,0,1,1,1,FALSE,6393
89,107,"Temporal_Inf_R","Vermis_1_2",0,0,0,0,1,1,1,FALSE,6402
90,107,"Cerebelum_Crus1_L","Vermis_1_2",0,0.0363636363636364,0.0363636363636364,0.0363636363636364,0.495412844036697,1,1,FALSE,1467
91,107,"Cerebelum_Crus1_R","Vermis_1_2",0,0.0363636363636364,0.0363636363636364,0.0363636363636364,0.495412844036697,1,1,FALSE,1468
92,107,"Cerebelum_Crus2_L","Vermis_1_2",0,0,0,0,1,1,1,FALSE,6414
93,107,"Cerebelum_Crus2_R","Vermis_1_2",0,0.0363636363636364,0.0363636363636364,0.0363636363636364,0.495412844036697,1,1,FALSE,1471
94,107,"Cerebelum_3_L","Vermis_1_2",0.127272727272727,0.127272727272727,0,0,1,1,1,FALSE,2558
95,107,"Cerebelum_3_R","Vermis_1_2",0.181818181818182,0.272727272727273,0.0909090909090909,0.0909090909090909,0.363032177614477,1,1,FALSE,887
96,107,"Cerebelum_4_5_L","Vermis_1_2",0,0.0727272727272727,0.0727272727272727,0.0727272727272727,0.118151419017406,1,1,FALSE,280
97,107,"Cerebelum_4_5_R","Vermis_1_2",0.109090909090909,0.236363636363636,0.127272727272727,0.127272727272727,0.128740272503646,1,1,FALSE,318
98,107,"Cerebelum_6_L","Vermis_1_2",0,0.0363636363636364,0.0363636363636364,0.0363636363636364,0.495412844036697,1,1,FALSE,1476
99,107,"Cerebelum_6_R","Vermis_1_2",0,0.0727272727272727,0.0727272727272727,0.0727272727272727,0.118151419017406,1,1,FALSE,281
100,107,"Cerebelum_7b_L","Vermis_1_2",0,0.0181818181818182,0.0181818181818182,0.0181818181818182,1,1,1,FALSE,4109
101,107,"Cerebelum_7b_R","Vermis_1_2",0,0.0363636363636364,0.0363636363636364,0.0363636363636364,0.495412844036697,1,1,FALSE,1479
102,107,"Cerebelum_8_L","Vermis_1_2",0,0.0181818181818182,0.0181818181818182,0.0181818181818182,1,1,1,FALSE,4119
103,107,"Cerebelum_8_R","Vermis_1_2",0,0.0181818181818182,0.0181818181818182,0.0181818181818182,1,1,1,FALSE,4121
104,107,"Cerebelum_9_L","Vermis_1_2",0,0.0363636363636364,0.0363636363636364,0.0363636363636364,0.495412844036697,1,1,FALSE,1481
105,107,"Cerebelum_9_R","Vermis_1_2",0.0181818181818182,0.0363636363636364,0.0181818181818182,0.0181818181818182,1,1,1,FALSE,4122
106,107,"Cerebelum_10_R","Vermis_1_2",0.0181818181818182,0.0181818181818182,0,0,1,1,1,FALSE,6437
1,108,"Precentral_L","Vermis_3",0,0,0,0,1,1,1,FALSE,4244
2,108,"Precentral_R","Vermis_3",0,0,0,0,1,1,1,FALSE,4271
3,108,"Frontal_Sup_L","Vermis_3",0,0.0181818181818182,0.0181818181818182,0.0181818181818182,1,1,1,FALSE,2870
4,108,"Frontal_Sup_R","Vermis_3",0,0.0181818181818182,0.0181818181818182,0.0181818181818182,1,1,1,FALSE,2892
5,108,"Frontal_Sup_Orb_L","Vermis_3",0,0,0,0,1,1,1,FALSE,4364
6,108,"Frontal_Sup_Orb_R","Vermis_3",0,0,0,0,1,1,1,FALSE,4423
7,108,"Frontal_Mid_L","Vermis_3",0,0,0,0,1,1,1,FALSE,4465
8,108,"Frontal_Mid_R","Vermis_3",0,0,0,0,1,1,1,FALSE,4504
9,108,"Frontal_Mid_Orb_L","Vermis_3",0,0,0,0,1,1,1,FALSE,4564
10,108,"Frontal_Mid_Orb_R","Vermis_3",0,0,0,0,1,1,1,FALSE,4625
11,108,"Frontal_Inf_Oper_L","Vermis_3",0,0,0,0,1,1,1,FALSE,4664
12,108,"Frontal_Inf_Oper_R","Vermis_3",0,0,0,0,1,1,1,FALSE,4705
13,108,"Frontal_Inf_Tri_L","Vermis_3",0,0,0,0,1,1,1,FALSE,4748
14,108,"Frontal_Inf_Tri_R","Vermis_3",0,0,0,0,1,1,1,FALSE,4783
15,108,"Frontal_Inf_Orb_L","Vermis_3",0,0.0181818181818182,0.0181818181818182,0.0181818181818182,1,1,1,FALSE,3147
16,108,"Frontal_Inf_Orb_R","Vermis_3",0,0,0,0,1,1,1,FALSE,4847
17,108,"Rolandic_Oper_L","Vermis_3",0,0,0,0,1,1,1,FALSE,4885
18,108,"Rolandic_Oper_R","Vermis_3",0,0,0,0,1,1,1,FALSE,4926
19,108,"Supp_Motor_Area_L","Vermis_3",0,0,0,0,1,1,1,FALSE,4961
20,108,"Supp_Motor_Area_R","Vermis_3",0,0.0363636363636364,0.0363636363636364,0.0363636363636364,0.495412844036697,1,1,FALSE,1292
21,108,"Olfactory_L","Vermis_3",0,0,0,0,1,1,1,FALSE,5015
22,108,"Olfactory_R","Vermis_3",0,0,0,0,1,1,1,FALSE,5058
23,108,"Frontal_Sup_Medial_L","Vermis_3",0,0,0,0,1,1,1,FALSE,5091
24,108,"Frontal_Sup_Medial_R","Vermis_3",0,0.0363636363636364,0.0363636363636364,0.0363636363636364,0.495412844036697,1,1,FALSE,1310
25,108,"Frontal_Med_Orb_L","Vermis_3",0,0,0,0,1,1,1,FALSE,5151
26,108,"Frontal_Med_Orb_R","Vermis_3",0,0,0,0,1,1,1,FALSE,5183
27,108,"Rectus_L","Vermis_3",0,0.0181818181818182,0.0181818181818182,0.0181818181818182,1,1,1,FALSE,3384
28,108,"Rectus_R","Vermis_3",0,0,0,0,1,1,1,FALSE,5261
29,108,"Insula_L","Vermis_3",0,0.0181818181818182,0.0181818181818182,0.0181818181818182,1,1,1,FALSE,3424
30,108,"Insula_R","Vermis_3",0,0,0,0,1,1,1,FALSE,5302
31,108,"Cingulum_Ant_L","Vermis_3",0,0,0,0,1,1,1,FALSE,5333
32,108,"Cingulum_Ant_R","Vermis_3",0,0,0,0,1,1,1,FALSE,5358
33,108,"Cingulum_Mid_L","Vermis_3",0,0.0181818181818182,0.0181818181818182,0.0181818181818182,1,1,1,FALSE,3493
34,108,"Cingulum_Mid_R","Vermis_3",0,0,0,0,1,1,1,FALSE,5407
35,108,"Cingulum_Post_L","Vermis_3",0,0,0,0,1,1,1,FALSE,5458
36,108,"Cingulum_Post_R","Vermis_3",0,0,0,0,1,1,1,FALSE,5487
37,108,"Hippocampus_L","Vermis_3",0.0363636363636364,0.0181818181818182,-0.0181818181818182,0.0181818181818182,1,1,1,FALSE,3554
38,108,"Hippocampus_R","Vermis_3",0.0363636363636364,0.0727272727272727,0.0363636363636364,0.0363636363636364,0.678654107617496,1,1,FALSE,1989
39,108,"ParaHippocampal_L","Vermis_3",0,0.0545454545454545,0.0545454545454545,0.0545454545454545,0.243119266055046,1,1,FALSE,570
40,108,"ParaHippocampal_R","Vermis_3",0.0727272727272727,0.109090909090909,0.0363636363636364,0.0363636363636364,0.741953348477847,1,1,FALSE,2169
41,108,"Amygdala_L","Vermis_3",0,0.0363636363636364,0.0363636363636364,0.0363636363636364,0.495412844036697,1,1,FALSE,1372
42,108,"Amygdala_R","Vermis_3",0,0,0,0,1,1,1,FALSE,5606
43,108,"Calcarine_L","Vermis_3",0,0,0,0,1,1,1,FALSE,5635
44,108,"Calcarine_R","Vermis_3",0,0,0,0,1,1,1,FALSE,5658
45,108,"Cuneus_L","Vermis_3",0,0,0,0,1,1,1,FALSE,5680
46,108,"Cuneus_R","Vermis_3",0,0,0,0,1,1,1,FALSE,5699
47,108,"Lingual_L","Vermis_3",0,0,0,0,1,1,1,FALSE,5721
48,108,"Lingual_R","Vermis_3",0.0181818181818182,0.0909090909090909,0.0727272727272727,0.0727272727272727,0.20572996411117,1,1,FALSE,454
49,108,"Occipital_Sup_L","Vermis_3",0,0,0,0,1,1,1,FALSE,5754
50,108,"Occipital_Sup_R","Vermis_3",0,0,0,0,1,1,1,FALSE,5775
51,108,"Occipital_Mid_L","Vermis_3",0,0.0181818181818182,0.0181818181818182,0.0181818181818182,1,1,1,FALSE,3733
52,108,"Occipital_Mid_R","Vermis_3",0,0,0,0,1,1,1,FALSE,5807
53,108,"Occipital_Inf_L","Vermis_3",0,0.0181818181818182,0.0181818181818182,0.0181818181818182,1,1,1,FALSE,3760
54,108,"Occipital_Inf_R","Vermis_3",0,0.0181818181818182,0.0181818181818182,0.0181818181818182,1,1,1,FALSE,3778
55,108,"Fusiform_L","Vermis_3",0.0181818181818182,0,-0.0181818181818182,0.0181818181818182,1,1,1,FALSE,3788
56,108,"Fusiform_R","Vermis_3",0,0.0727272727272727,0.0727272727272727,0.0727272727272727,0.118151419017406,1,1,FALSE,267
57,108,"Postcentral_L","Vermis_3",0,0,0,0,1,1,1,FALSE,5883
58,108,"Postcentral_R","Vermis_3",0,0,0,0,1,1,1,FALSE,5896
59,108,"Parietal_Sup_L","Vermis_3",0,0,0,0,1,1,1,FALSE,5914
60,108,"Parietal_Sup_R","Vermis_3",0,0,0,0,1,1,1,FALSE,5933
61,108,"Parietal_Inf_L","Vermis_3",0,0,0,0,1,1,1,FALSE,5952
62,108,"Parietal_Inf_R","Vermis_3",0,0,0,0,1,1,1,FALSE,5979
63,108,"SupraMarginal_L","Vermis_3",0,0,0,0,1,1,1,FALSE,6003
64,108,"SupraMarginal_R","Vermis_3",0,0,0,0,1,1,1,FALSE,6027
65,108,"Angular_L","Vermis_3",0,0,0,0,1,1,1,FALSE,6052
66,108,"Angular_R","Vermis_3",0,0,0,0,1,1,1,FALSE,6081
67,108,"Precuneus_L","Vermis_3",0,0,0,0,1,1,1,FALSE,6095
68,108,"Precuneus_R","Vermis_3",0,0.0545454545454545,0.0545454545454545,0.0545454545454545,0.243119266055046,1,1,FALSE,607
69,108,"Paracentral_Lobule_L","Vermis_3",0,0,0,0,1,1,1,FALSE,6124
70,108,"Paracentral_Lobule_R","Vermis_3",0,0.0363636363636364,0.0363636363636364,0.0363636363636364,0.495412844036697,1,1,FALSE,1444
71,108,"Caudate_L","Vermis_3",0,0,0,0,1,1,1,FALSE,6151
72,108,"Caudate_R","Vermis_3",0.0181818181818182,0,-0.0181818181818182,0.0181818181818182,1,1,1,FALSE,3962
73,108,"Putamen_L","Vermis_3",0,0.0181818181818182,0.0181818181818182,0.0181818181818182,1,1,1,FALSE,3975
74,108,"Putamen_R","Vermis_3",0,0,0,0,1,1,1,FALSE,6195
75,108,"Pallidum_L","Vermis_3",0,0.0181818181818182,0.0181818181818182,0.0181818181818182,1,1,1,FALSE,3993
76,108,"Pallidum_R","Vermis_3",0.0545454545454545,0,-0.0545454545454545,0.0545454545454545,0.243119266055046,1,1,FALSE,615
77,108,"Thalamus_L","Vermis_3",0,0,0,0,1,1,1,FALSE,6249
78,108,"Thalamus_R","Vermis_3",0.0909090909090909,0.145454545454545,0.0545454545454545,0.0545454545454545,0.556268985477779,1,1,FALSE,1605
79,108,"Heschl_L","Vermis_3",0,0,0,0,1,1,1,FALSE,6274
80,108,"Heschl_R","Vermis_3",0,0,0,0,1,1,1,FALSE,6297
81,108,"Temporal_Sup_L","Vermis_3",0,0,0,0,1,1,1,FALSE,6310
82,108,"Temporal_Sup_R","Vermis_3",0,0,0,0,1,1,1,FALSE,6326
83,108,"Temporal_Pole_Sup_L","Vermis_3",0.0181818181818182,0,-0.0181818181818182,0.0181818181818182,1,1,1,FALSE,4037
84,108,"Temporal_Pole_Sup_R","Vermis_3",0,0.0181818181818182,0.0181818181818182,0.0181818181818182,1,1,1,FALSE,4044
85,108,"Temporal_Mid_L","Vermis_3",0,0.0363636363636364,0.0363636363636364,0.0363636363636364,0.495412844036697,1,1,FALSE,1464
86,108,"Temporal_Mid_R","Vermis_3",0,0,0,0,1,1,1,FALSE,6368
87,108,"Temporal_Pole_Mid_R","Vermis_3",0,0,0,0,1,1,1,FALSE,6382
88,108,"Temporal_Inf_L","Vermis_3",0,0.0181818181818182,0.0181818181818182,0.0181818181818182,1,1,1,FALSE,4060
89,108,"Temporal_Inf_R","Vermis_3",0,0.0545454545454545,0.0545454545454545,0.0545454545454545,0.243119266055046,1,1,FALSE,626
90,108,"Cerebelum_Crus1_L","Vermis_3",0,0.0181818181818182,0.0181818181818182,0.0181818181818182,1,1,1,FALSE,4068
91,108,"Cerebelum_Crus1_R","Vermis_3",0.0181818181818182,0.0727272727272727,0.0545454545454545,0.0545454545454545,0.363371345279945,1,1,FALSE,965
92,108,"Cerebelum_Crus2_L","Vermis_3",0,0.0181818181818182,0.0181818181818182,0.0181818181818182,1,1,1,FALSE,4079
93,108,"Cerebelum_Crus2_R","Vermis_3",0.0363636363636364,0.0363636363636364,0,0,1,1,1,FALSE,6418
94,108,"Cerebelum_3_L","Vermis_3",0.145454545454545,0.181818181818182,0.0363636363636364,0.0363636363636364,0.797285714040811,1,1,FALSE,2292
95,108,"Cerebelum_3_R","Vermis_3",0.309090909090909,0.418181818181818,0.109090909090909,0.109090909090909,0.321711893607314,1,1,FALSE,810
96,108,"Cerebelum_4_5_L","Vermis_3",0.0727272727272727,0.236363636363636,0.163636363636364,0.163636363636364,0.0325649749493304,1,1,FALSE,82
97,108,"Cerebelum_4_5_R","Vermis_3",0.272727272727273,0.272727272727273,0,0,1,1,1,FALSE,6426
98,108,"Cerebelum_6_L","Vermis_3",0,0.0545454545454545,0.0545454545454545,0.0545454545454545,0.243119266055046,1,1,FALSE,627
99,108,"Cerebelum_6_R","Vermis_3",0,0.0727272727272727,0.0727272727272727,0.0727272727272727,0.118151419017406,1,1,FALSE,282
100,108,"Cerebelum_7b_L","Vermis_3",0,0,0,0,1,1,1,FALSE,6432
101,108,"Cerebelum_7b_R","Vermis_3",0.0181818181818182,0,-0.0181818181818182,0.0181818181818182,1,1,1,FALSE,4115
102,108,"Cerebelum_8_L","Vermis_3",0.0181818181818182,0.0363636363636364,0.0181818181818182,0.0181818181818182,1,1,1,FALSE,4120
103,108,"Cerebelum_8_R","Vermis_3",0.0181818181818182,0.0727272727272727,0.0545454545454545,0.0545454545454545,0.363371345279945,1,1,FALSE,969
104,108,"Cerebelum_9_L","Vermis_3",0.0545454545454545,0.0909090909090909,0.0363636363636364,0.0363636363636364,0.716092464011574,1,1,FALSE,2133
105,108,"Cerebelum_9_R","Vermis_3",0.0181818181818182,0.0727272727272727,0.0545454545454545,0.0545454545454545,0.363371345279945,1,1,FALSE,970
106,108,"Cerebelum_10_R","Vermis_3",0,0.0363636363636364,0.0363636363636364,0.0363636363636364,0.495412844036697,1,1,FALSE,1483
107,108,"Vermis_1_2","Vermis_3",0.109090909090909,0.127272727272727,0.0181818181818182,0.0181818181818182,1,1,1,FALSE,2533
1,109,"Precentral_L","Vermis_4_5",0.109090909090909,0.0909090909090909,-0.0181818181818182,0.0181818181818182,1,1,1,FALSE,4139
2,109,"Precentral_R","Vermis_4_5",0.0909090909090909,0.0909090909090909,0,0,1,1,1,FALSE,2614
3,109,"Frontal_Sup_L","Vermis_4_5",0.145454545454545,0.236363636363636,0.0909090909090909,0.0909090909090909,0.332035164028184,1,1,FALSE,821
4,109,"Frontal_Sup_R","Vermis_4_5",0.127272727272727,0.163636363636364,0.0363636363636364,0.0363636363636364,0.78764473423299,1,1,FALSE,2267
5,109,"Frontal_Sup_Orb_L","Vermis_4_5",0.0181818181818182,0,-0.0181818181818182,0.0181818181818182,1,1,1,FALSE,2913
6,109,"Frontal_Sup_Orb_R","Vermis_4_5",0,0.0181818181818182,0.0181818181818182,0.0181818181818182,1,1,1,FALSE,2935
7,109,"Frontal_Mid_L","Vermis_4_5",0.0545454545454545,0.0545454545454545,0,0,1,1,1,FALSE,4466
8,109,"Frontal_Mid_R","Vermis_4_5",0.0727272727272727,0.0181818181818182,-0.0545454545454545,0.0545454545454545,0.363371345279945,1,1,FALSE,905
9,109,"Frontal_Mid_Orb_L","Vermis_4_5",0,0,0,0,1,1,1,FALSE,4565
10,109,"Frontal_Mid_Orb_R","Vermis_4_5",0.0181818181818182,0,-0.0181818181818182,0.0181818181818182,1,1,1,FALSE,3019
11,109,"Frontal_Inf_Oper_L","Vermis_4_5",0.0181818181818182,0,-0.0181818181818182,0.0181818181818182,1,1,1,FALSE,3043
12,109,"Frontal_Inf_Oper_R","Vermis_4_5",0.0181818181818182,0,-0.0181818181818182,0.0181818181818182,1,1,1,FALSE,3070
13,109,"Frontal_Inf_Tri_L","Vermis_4_5",0.0181818181818182,0.0363636363636364,0.0181818181818182,0.0181818181818182,1,1,1,FALSE,3095
14,109,"Frontal_Inf_Tri_R","Vermis_4_5",0,0.0181818181818182,0.0181818181818182,0.0181818181818182,1,1,1,FALSE,3118
15,109,"Frontal_Inf_Orb_L","Vermis_4_5",0.0181818181818182,0.109090909090909,0.0909090909090909,0.0909090909090909,0.11296407442339,1,1,FALSE,215
16,109,"Frontal_Inf_Orb_R","Vermis_4_5",0.0181818181818182,0.0181818181818182,0,0,1,1,1,FALSE,4848
17,109,"Rolandic_Oper_L","Vermis_4_5",0,0.0181818181818182,0.0181818181818182,0.0181818181818182,1,1,1,FALSE,3193
18,109,"Rolandic_Oper_R","Vermis_4_5",0,0.0181818181818182,0.0181818181818182,0.0181818181818182,1,1,1,FALSE,3214
19,109,"Supp_Motor_Area_L","Vermis_4_5",0.109090909090909,0.0363636363636364,-0.0727272727272727,0.0727272727272727,0.270576022922045,1,1,FALSE,692
20,109,"Supp_Motor_Area_R","Vermis_4_5",0.218181818181818,0.290909090909091,0.0727272727272727,0.0727272727272727,0.511878601663095,1,1,FALSE,1500
21,109,"Olfactory_L","Vermis_4_5",0.0727272727272727,0.163636363636364,0.0909090909090909,0.0909090909090909,0.236782655021779,1,1,FALSE,503
22,109,"Olfactory_R","Vermis_4_5",0.0363636363636364,0.109090909090909,0.0727272727272727,0.0727272727272727,0.270576022922045,1,1,FALSE,694
23,109,"Frontal_Sup_Medial_L","Vermis_4_5",0.127272727272727,0.236363636363636,0.109090909090909,0.109090909090909,0.215866654585591,1,1,FALSE,471
24,109,"Frontal_Sup_Medial_R","Vermis_4_5",0.272727272727273,0.309090909090909,0.0363636363636364,0.0363636363636364,0.833958431423524,1,1,FALSE,2369
25,109,"Frontal_Med_Orb_L","Vermis_4_5",0.272727272727273,0.236363636363636,-0.0363636363636363,0.0363636363636363,0.827043599014482,1,1,FALSE,2356
26,109,"Frontal_Med_Orb_R","Vermis_4_5",0.381818181818182,0.309090909090909,-0.0727272727272728,0.0727272727272728,0.547790716156379,1,1,FALSE,1571
27,109,"Rectus_L","Vermis_4_5",0.181818181818182,0.0727272727272727,-0.109090909090909,0.109090909090909,0.150781180042215,1,1,FALSE,334
28,109,"Rectus_R","Vermis_4_5",0.0909090909090909,0.0545454545454545,-0.0363636363636364,0.0363636363636364,0.716092464011574,1,1,FALSE,2100
29,109,"Insula_L","Vermis_4_5",0.0181818181818182,0.0363636363636364,0.0181818181818182,0.0181818181818182,1,1,1,FALSE,3425
30,109,"Insula_R","Vermis_4_5",0.0545454545454545,0.0181818181818182,-0.0363636363636364,0.0363636363636364,0.618022807167967,1,1,FALSE,1784
31,109,"Cingulum_Ant_L","Vermis_4_5",0.0909090909090909,0.181818181818182,0.0909090909090909,0.0909090909090909,0.266166492306464,1,1,FALSE,675
32,109,"Cingulum_Ant_R","Vermis_4_5",0.181818181818182,0.127272727272727,-0.0545454545454546,0.0545454545454546,0.598884497995648,1,1,FALSE,1685
33,109,"Cingulum_Mid_L","Vermis_4_5",0.0545454545454545,0.0363636363636364,-0.0181818181818182,0.0181818181818182,1,1,1,FALSE,3494
34,109,"Cingulum_Mid_R","Vermis_4_5",0.254545454545455,0.272727272727273,0.0181818181818182,0.0181818181818182,1,1,1,FALSE,2734
35,109,"Cingulum_Post_L","Vermis_4_5",0.0727272727272727,0.0727272727272727,0,0,1,1,1,FALSE,5459
36,109,"Cingulum_Post_R","Vermis_4_5",0.254545454545455,0.290909090909091,0.0363636363636364,0.0363636363636364,0.830744723644625,1,1,FALSE,2364
37,109,"Hippocampus_L","Vermis_4_5",0.127272727272727,0.2,0.0727272727272728,0.0727272727272728,0.440163525159517,1,1,FALSE,1110
38,109,"Hippocampus_R","Vermis_4_5",0.545454545454545,0.545454545454545,0,0,1,1,1,FALSE,5512
39,109,"ParaHippocampal_L","Vermis_4_5",0.290909090909091,0.345454545454545,0.0545454545454546,0.0545454545454546,0.68256758948615,1,1,FALSE,2028
40,109,"ParaHippocampal_R","Vermis_4_5",0.254545454545455,0.290909090909091,0.0363636363636364,0.0363636363636364,0.830744723644625,1,1,FALSE,2365
41,109,"Amygdala_L","Vermis_4_5",0.0181818181818182,0.0181818181818182,0,0,1,1,1,FALSE,5583
42,109,"Amygdala_R","Vermis_4_5",0.127272727272727,0.2,0.0727272727272728,0.0727272727272728,0.440163525159517,1,1,FALSE,1111
43,109,"Calcarine_L","Vermis_4_5",0.381818181818182,0.309090909090909,-0.0727272727272728,0.0727272727272728,0.547790716156379,1,1,FALSE,1572
44,109,"Calcarine_R","Vermis_4_5",0.527272727272727,0.545454545454545,0.0181818181818182,0.0181818181818182,1,1,1,FALSE,2590
45,109,"Cuneus_L","Vermis_4_5",0.163636363636364,0.109090909090909,-0.0545454545454545,0.0545454545454545,0.579713536502793,1,1,FALSE,1665
46,109,"Cuneus_R","Vermis_4_5",0.454545454545455,0.381818181818182,-0.0727272727272727,0.0727272727272727,0.562226712944774,1,1,FALSE,1622
47,109,"Lingual_L","Vermis_4_5",0.290909090909091,0.290909090909091,0,0,1,1,1,FALSE,2650
48,109,"Lingual_R","Vermis_4_5",0.909090909090909,0.872727272727273,-0.0363636363636364,0.0363636363636364,0.761067915257266,1,1,FALSE,2237
49,109,"Occipital_Sup_L","Vermis_4_5",0.127272727272727,0.109090909090909,-0.0181818181818182,0.0181818181818182,1,1,1,FALSE,2528
50,109,"Occipital_Sup_R","Vermis_4_5",0.163636363636364,0.0727272727272727,-0.0909090909090909,0.0909090909090909,0.236782655021779,1,1,FALSE,508
51,109,"Occipital_Mid_L","Vermis_4_5",0.345454545454545,0.436363636363636,0.0909090909090909,0.0909090909090909,0.434640656361312,1,1,FALSE,1046
52,109,"Occipital_Mid_R","Vermis_4_5",0.0727272727272727,0.0727272727272727,0,0,1,1,1,FALSE,5808
53,109,"Occipital_Inf_L","Vermis_4_5",0.109090909090909,0.0727272727272727,-0.0363636363636364,0.0363636363636364,0.741953348477847,1,1,FALSE,2173
54,109,"Occipital_Inf_R","Vermis_4_5",0.0363636363636364,0.0545454545454545,0.0181818181818182,0.0181818181818182,1,1,1,FALSE,3779
55,109,"Fusiform_L","Vermis_4_5",0.218181818181818,0.254545454545455,0.0363636363636363,0.0363636363636363,0.822773070595087,1,1,FALSE,2344
56,109,"Fusiform_R","Vermis_4_5",0.327272727272727,0.418181818181818,0.0909090909090909,0.0909090909090909,0.430456970302363,1,1,FALSE,1043
57,109,"Postcentral_L","Vermis_4_5",0.0181818181818182,0.0909090909090909,0.0727272727272727,0.0727272727272727,0.20572996411117,1,1,FALSE,459
58,109,"Postcentral_R","Vermis_4_5",0.0727272727272727,0.0909090909090909,0.0181818181818182,0.0181818181818182,1,1,1,FALSE,2787
59,109,"Parietal_Sup_L","Vermis_4_5",0.109090909090909,0.0545454545454545,-0.0545454545454545,0.0545454545454545,0.488966435220834,1,1,FALSE,1182
60,109,"Parietal_Sup_R","Vermis_4_5",0.0727272727272727,0.0727272727272727,0,0,1,1,1,FALSE,5934
61,109,"Parietal_Inf_L","Vermis_4_5",0,0,0,0,1,1,1,FALSE,5953
62,109,"Parietal_Inf_R","Vermis_4_5",0.0181818181818182,0,-0.0181818181818182,0.0181818181818182,1,1,1,FALSE,3864
63,109,"SupraMarginal_L","Vermis_4_5",0,0.0181818181818182,0.0181818181818182,0.0181818181818182,1,1,1,FALSE,3873
64,109,"SupraMarginal_R","Vermis_4_5",0,0,0,0,1,1,1,FALSE,6028
65,109,"Angular_L","Vermis_4_5",0,0.0727272727272727,0.0727272727272727,0.0727272727272727,0.118151419017406,1,1,FALSE,272
66,109,"Angular_R","Vermis_4_5",0,0.0545454545454545,0.0545454545454545,0.0545454545454545,0.243119266055046,1,1,FALSE,604
67,109,"Precuneus_L","Vermis_4_5",0.327272727272727,0.254545454545455,-0.0727272727272728,0.0727272727272728,0.529223317330229,1,1,FALSE,1554
68,109,"Precuneus_R","Vermis_4_5",0.8,0.672727272727273,-0.127272727272727,0.127272727272727,0.193700866273564,1,1,FALSE,396
69,109,"Paracentral_Lobule_L","Vermis_4_5",0.0363636363636364,0.0545454545454545,0.0181818181818182,0.0181818181818182,1,1,1,FALSE,3934
70,109,"Paracentral_Lobule_R","Vermis_4_5",0.309090909090909,0.327272727272727,0.0181818181818182,0.0181818181818182,1,1,1,FALSE,2501
71,109,"Caudate_L","Vermis_4_5",0.0545454545454545,0.0909090909090909,0.0363636363636364,0.0363636363636364,0.716092464011574,1,1,FALSE,2122
72,109,"Caudate_R","Vermis_4_5",0.0727272727272727,0.0363636363636364,-0.0363636363636364,0.0363636363636364,0.678654107617496,1,1,FALSE,2011
73,109,"Putamen_L","Vermis_4_5",0.0363636363636364,0.0181818181818182,-0.0181818181818182,0.0181818181818182,1,1,1,FALSE,3976
74,109,"Putamen_R","Vermis_4_5",0.0181818181818182,0.0545454545454545,0.0363636363636364,0.0363636363636364,0.618022807167967,1,1,FALSE,1847
75,109,"Pallidum_L","Vermis_4_5",0.0181818181818182,0.0181818181818182,0,0,1,1,1,FALSE,6214
76,109,"Pallidum_R","Vermis_4_5",0,0,0,0,1,1,1,FALSE,6237
77,109,"Thalamus_L","Vermis_4_5",0.2,0.2,0,0,1,1,1,FALSE,2554
78,109,"Thalamus_R","Vermis_4_5",0.545454545454545,0.490909090909091,-0.0545454545454545,0.0545454545454545,0.702929061416946,1,1,FALSE,2064
79,109,"Heschl_L","Vermis_4_5",0.0181818181818182,0.0181818181818182,0,0,1,1,1,FALSE,6275
80,109,"Heschl_R","Vermis_4_5",0.0181818181818182,0.0545454545454545,0.0363636363636364,0.0363636363636364,0.618022807167967,1,1,FALSE,1855
81,109,"Temporal_Sup_L","Vermis_4_5",0.127272727272727,0.0727272727272727,-0.0545454545454545,0.0545454545454545,0.526914472209385,1,1,FALSE,1544
82,109,"Temporal_Sup_R","Vermis_4_5",0.0909090909090909,0.0909090909090909,0,0,1,1,1,FALSE,2660
83,109,"Temporal_Pole_Sup_L","Vermis_4_5",0.109090909090909,0.0363636363636364,-0.0727272727272727,0.0727272727272727,0.270576022922045,1,1,FALSE,712
84,109,"Temporal_Pole_Sup_R","Vermis_4_5",0.0727272727272727,0.109090909090909,0.0363636363636364,0.0363636363636364,0.741953348477847,1,1,FALSE,2186
85,109,"Temporal_Mid_L","Vermis_4_5",0.127272727272727,0.145454545454545,0.0181818181818182,0.0181818181818182,1,1,1,FALSE,2811
86,109,"Temporal_Mid_R","Vermis_4_5",0.0909090909090909,0.109090909090909,0.0181818181818182,0.0181818181818182,1,1,1,FALSE,4182
87,109,"Temporal_Pole_Mid_R","Vermis_4_5",0.0545454545454545,0.0545454545454545,0,0,1,1,1,FALSE,6383
88,109,"Temporal_Inf_L","Vermis_4_5",0.163636363636364,0.254545454545455,0.0909090909090909,0.0909090909090909,0.34855177578558,1,1,FALSE,852
89,109,"Temporal_Inf_R","Vermis_4_5",0.127272727272727,0.127272727272727,0,0,1,1,1,FALSE,2557
90,109,"Cerebelum_Crus1_L","Vermis_4_5",0.472727272727273,0.4,-0.0727272727272727,0.0727272727272727,0.564327553285816,1,1,FALSE,1625
91,109,"Cerebelum_Crus1_R","Vermis_4_5",0.527272727272727,0.472727272727273,-0.0545454545454545,0.0545454545454545,0.703115196090245,1,1,FALSE,2066
92,109,"Cerebelum_Crus2_L","Vermis_4_5",0.127272727272727,0.181818181818182,0.0545454545454546,0.0545454545454546,0.598884497995648,1,1,FALSE,1688
93,109,"Cerebelum_Crus2_R","Vermis_4_5",0.181818181818182,0.254545454545455,0.0727272727272727,0.0727272727272727,0.489151806446811,1,1,FALSE,1199
94,109,"Cerebelum_3_L","Vermis_4_5",0.0909090909090909,0.127272727272727,0.0363636363636363,0.0363636363636363,0.761067915257265,1,1,FALSE,2229
95,109,"Cerebelum_3_R","Vermis_4_5",0.0363636363636364,0.0909090909090909,0.0545454545454545,0.0545454545454545,0.437644688330618,1,1,FALSE,1101
96,109,"Cerebelum_4_5_L","Vermis_4_5",0.854545454545454,0.945454545454545,0.0909090909090909,0.0909090909090909,0.202247933529552,1,1,FALSE,410
97,109,"Cerebelum_4_5_R","Vermis_4_5",0.527272727272727,0.6,0.0727272727272728,0.0727272727272728,0.564327553285816,1,1,FALSE,1629
98,109,"Cerebelum_6_L","Vermis_4_5",0.490909090909091,0.509090909090909,0.0181818181818181,0.0181818181818181,1,1,1,FALSE,4215
99,109,"Cerebelum_6_R","Vermis_4_5",0.527272727272727,0.527272727272727,0,0,1,1,1,FALSE,6429
100,109,"Cerebelum_7b_L","Vermis_4_5",0,0.0181818181818182,0.0181818181818182,0.0181818181818182,1,1,1,FALSE,4110
101,109,"Cerebelum_7b_R","Vermis_4_5",0.0181818181818182,0.109090909090909,0.0909090909090909,0.0909090909090909,0.11296407442339,1,1,FALSE,226
102,109,"Cerebelum_8_L","Vermis_4_5",0.0909090909090909,0.163636363636364,0.0727272727272727,0.0727272727272727,0.391585309984995,1,1,FALSE,1000
103,109,"Cerebelum_8_R","Vermis_4_5",0.290909090909091,0.181818181818182,-0.109090909090909,0.109090909090909,0.261641887768875,1,1,FALSE,667
104,109,"Cerebelum_9_L","Vermis_4_5",0.127272727272727,0.0909090909090909,-0.0363636363636363,0.0363636363636363,0.761067915257265,1,1,FALSE,2232
105,109,"Cerebelum_9_R","Vermis_4_5",0.0363636363636364,0.0545454545454545,0.0181818181818182,0.0181818181818182,1,1,1,FALSE,4123
106,109,"Cerebelum_10_R","Vermis_4_5",0,0,0,0,1,1,1,FALSE,6438
107,109,"Vermis_1_2","Vermis_4_5",0,0.0727272727272727,0.0727272727272727,0.0727272727272727,0.118151419017406,1,1,FALSE,285
108,109,"Vermis_3","Vermis_4_5",0.2,0.2,0,0,1,1,1,FALSE,2559
1,110,"Precentral_L","Vermis_6",0.0727272727272727,0.109090909090909,0.0363636363636364,0.0363636363636364,0.741953348477847,1,1,FALSE,2138
2,110,"Precentral_R","Vermis_6",0.0727272727272727,0.163636363636364,0.0909090909090909,0.0909090909090909,0.236782655021779,1,1,FALSE,495
3,110,"Frontal_Sup_L","Vermis_6",0.0181818181818182,0.0545454545454545,0.0363636363636364,0.0363636363636364,0.618022807167967,1,1,FALSE,1711
4,110,"Frontal_Sup_R","Vermis_6",0.0363636363636364,0.0181818181818182,-0.0181818181818182,0.0181818181818182,1,1,1,FALSE,2893
5,110,"Frontal_Sup_Orb_L","Vermis_6",0,0,0,0,1,1,1,FALSE,4365
6,110,"Frontal_Sup_Orb_R","Vermis_6",0,0,0,0,1,1,1,FALSE,4424
7,110,"Frontal_Mid_L","Vermis_6",0.0727272727272727,0.0363636363636364,-0.0363636363636364,0.0363636363636364,0.678654107617496,1,1,FALSE,1945
8,110,"Frontal_Mid_R","Vermis_6",0.0181818181818182,0.0545454545454545,0.0363636363636364,0.0363636363636364,0.618022807167967,1,1,FALSE,1718
9,110,"Frontal_Mid_Orb_L","Vermis_6",0.0181818181818182,0.0363636363636364,0.0181818181818182,0.0181818181818182,1,1,1,FALSE,2996
10,110,"Frontal_Mid_Orb_R","Vermis_6",0,0,0,0,1,1,1,FALSE,4626
11,110,"Frontal_Inf_Oper_L","Vermis_6",0.0181818181818182,0.0181818181818182,0,0,1,1,1,FALSE,4665
12,110,"Frontal_Inf_Oper_R","Vermis_6",0,0.0181818181818182,0.0181818181818182,0.0181818181818182,1,1,1,FALSE,3071
13,110,"Frontal_Inf_Tri_L","Vermis_6",0.0363636363636364,0,-0.0363636363636364,0.0363636363636364,0.495412844036697,1,1,FALSE,1259
14,110,"Frontal_Inf_Tri_R","Vermis_6",0.0545454545454545,0.0181818181818182,-0.0363636363636364,0.0363636363636364,0.618022807167967,1,1,FALSE,1733
15,110,"Frontal_Inf_Orb_L","Vermis_6",0,0.0181818181818182,0.0181818181818182,0.0181818181818182,1,1,1,FALSE,3148
16,110,"Frontal_Inf_Orb_R","Vermis_6",0.0181818181818182,0,-0.0181818181818182,0.0181818181818182,1,1,1,FALSE,3176
17,110,"Rolandic_Oper_L","Vermis_6",0.0363636363636364,0.0363636363636364,0,0,1,1,1,FALSE,4886
18,110,"Rolandic_Oper_R","Vermis_6",0.0363636363636364,0.0363636363636364,0,0,1,1,1,FALSE,4927
19,110,"Supp_Motor_Area_L","Vermis_6",0.0181818181818182,0.0363636363636364,0.0181818181818182,0.0181818181818182,1,1,1,FALSE,3232
20,110,"Supp_Motor_Area_R","Vermis_6",0.290909090909091,0.327272727272727,0.0363636363636364,0.0363636363636364,0.836749046021449,1,1,FALSE,2374
21,110,"Olfactory_L","Vermis_6",0,0,0,0,1,1,1,FALSE,5016
22,110,"Olfactory_R","Vermis_6",0,0.0181818181818182,0.0181818181818182,0.0181818181818182,1,1,1,FALSE,3292
23,110,"Frontal_Sup_Medial_L","Vermis_6",0.0363636363636364,0.0181818181818182,-0.0181818181818182,0.0181818181818182,1,1,1,FALSE,3310
24,110,"Frontal_Sup_Medial_R","Vermis_6",0.0727272727272727,0.0545454545454545,-0.0181818181818182,0.0181818181818182,1,1,1,FALSE,3326
25,110,"Frontal_Med_Orb_L","Vermis_6",0.0363636363636364,0.0181818181818182,-0.0181818181818182,0.0181818181818182,1,1,1,FALSE,3343
26,110,"Frontal_Med_Orb_R","Vermis_6",0.0363636363636364,0.0181818181818182,-0.0181818181818182,0.0181818181818182,1,1,1,FALSE,3363
27,110,"Rectus_L","Vermis_6",0.0363636363636364,0.0181818181818182,-0.0181818181818182,0.0181818181818182,1,1,1,FALSE,3385
28,110,"Rectus_R","Vermis_6",0.0181818181818182,0.0181818181818182,0,0,1,1,1,FALSE,5262
29,110,"Insula_L","Vermis_6",0.0363636363636364,0.0545454545454545,0.0181818181818182,0.0181818181818182,1,1,1,FALSE,3426
30,110,"Insula_R","Vermis_6",0.0545454545454545,0.0727272727272727,0.0181818181818182,0.0181818181818182,1,1,1,FALSE,3442
31,110,"Cingulum_Ant_L","Vermis_6",0.0181818181818182,0,-0.0181818181818182,0.0181818181818182,1,1,1,FALSE,3465
32,110,"Cingulum_Ant_R","Vermis_6",0.0363636363636364,0.0545454545454545,0.0181818181818182,0.0181818181818182,1,1,1,FALSE,3478
33,110,"Cingulum_Mid_L","Vermis_6",0,0.0727272727272727,0.0727272727272727,0.0727272727272727,0.118151419017406,1,1,FALSE,256
34,110,"Cingulum_Mid_R","Vermis_6",0.127272727272727,0.2,0.0727272727272728,0.0727272727272728,0.440163525159517,1,1,FALSE,1108
35,110,"Cingulum_Post_L","Vermis_6",0,0,0,0,1,1,1,FALSE,5460
36,110,"Cingulum_Post_R","Vermis_6",0.0181818181818182,0.0727272727272727,0.0545454545454545,0.0545454545454545,0.363371345279945,1,1,FALSE,936
37,110,"Hippocampus_L","Vermis_6",0.0727272727272727,0.0727272727272727,0,0,1,1,1,FALSE,5502
38,110,"Hippocampus_R","Vermis_6",0.109090909090909,0.236363636363636,0.127272727272727,0.127272727272727,0.128740272503646,1,1,FALSE,314
39,110,"ParaHippocampal_L","Vermis_6",0.0363636363636364,0.0363636363636364,0,0,1,1,1,FALSE,5527
40,110,"ParaHippocampal_R","Vermis_6",0.0545454545454545,0.0363636363636364,-0.0181818181818182,0.0181818181818182,1,1,1,FALSE,3605
41,110,"Amygdala_L","Vermis_6",0,0.0363636363636364,0.0363636363636364,0.0363636363636364,0.495412844036697,1,1,FALSE,1373
42,110,"Amygdala_R","Vermis_6",0.0363636363636364,0.0545454545454545,0.0181818181818182,0.0181818181818182,1,1,1,FALSE,3636
43,110,"Calcarine_L","Vermis_6",0.254545454545455,0.254545454545455,0,0,1,1,1,FALSE,2546
44,110,"Calcarine_R","Vermis_6",0.2,0.290909090909091,0.0909090909090909,0.0909090909090909,0.375760828720635,1,1,FALSE,974
45,110,"Cuneus_L","Vermis_6",0.0363636363636364,0.127272727272727,0.0909090909090909,0.0909090909090909,0.16138081677265,1,1,FALSE,364
46,110,"Cuneus_R","Vermis_6",0.0545454545454545,0.109090909090909,0.0545454545454545,0.0545454545454545,0.488966435220834,1,1,FALSE,1179
47,110,"Lingual_L","Vermis_6",0.236363636363636,0.272727272727273,0.0363636363636363,0.0363636363636363,0.827043599014482,1,1,FALSE,2359
48,110,"Lingual_R","Vermis_6",0.527272727272727,0.654545454545455,0.127272727272727,0.127272727272727,0.244489387093407,1,1,FALSE,635
49,110,"Occipital_Sup_L","Vermis_6",0.0545454545454545,0.127272727272727,0.0727272727272727,0.0727272727272727,0.320308493049491,1,1,FALSE,793
50,110,"Occipital_Sup_R","Vermis_6",0.127272727272727,0.163636363636364,0.0363636363636364,0.0363636363636364,0.78764473423299,1,1,FALSE,2274
51,110,"Occipital_Mid_L","Vermis_6",0.0909090909090909,0.163636363636364,0.0727272727272727,0.0727272727272727,0.391585309984995,1,1,FALSE,994
52,110,"Occipital_Mid_R","Vermis_6",0.109090909090909,0.0909090909090909,-0.0181818181818182,0.0181818181818182,1,1,1,FALSE,4168
53,110,"Occipital_Inf_L","Vermis_6",0.0727272727272727,0.0363636363636364,-0.0363636363636364,0.0363636363636364,0.678654107617496,1,1,FALSE,1998
54,110,"Occipital_Inf_R","Vermis_6",0.0727272727272727,0.0545454545454545,-0.0181818181818182,0.0181818181818182,1,1,1,FALSE,3780
55,110,"Fusiform_L","Vermis_6",0.0727272727272727,0.109090909090909,0.0363636363636364,0.0363636363636364,0.741953348477847,1,1,FALSE,2175
56,110,"Fusiform_R","Vermis_6",0.163636363636364,0.181818181818182,0.0181818181818182,0.0181818181818182,1,1,1,FALSE,2781
57,110,"Postcentral_L","Vermis_6",0.109090909090909,0.109090909090909,0,0,1,1,1,FALSE,5884
58,110,"Postcentral_R","Vermis_6",0.145454545454545,0.2,0.0545454545454546,0.0545454545454546,0.614842856677542,1,1,FALSE,1698
59,110,"Parietal_Sup_L","Vermis_6",0,0.0363636363636364,0.0363636363636364,0.0363636363636364,0.495412844036697,1,1,FALSE,1425
60,110,"Parietal_Sup_R","Vermis_6",0,0.0545454545454545,0.0545454545454545,0.0545454545454545,0.243119266055046,1,1,FALSE,598
61,110,"Parietal_Inf_L","Vermis_6",0.0181818181818182,0,-0.0181818181818182,0.0181818181818182,1,1,1,FALSE,3852
62,110,"Parietal_Inf_R","Vermis_6",0,0.0181818181818182,0.0181818181818182,0.0181818181818182,1,1,1,FALSE,3865
63,110,"SupraMarginal_L","Vermis_6",0,0,0,0,1,1,1,FALSE,6004
64,110,"SupraMarginal_R","Vermis_6",0,0.0363636363636364,0.0363636363636364,0.0363636363636364,0.495412844036697,1,1,FALSE,1436
65,110,"Angular_L","Vermis_6",0,0,0,0,1,1,1,FALSE,6053
66,110,"Angular_R","Vermis_6",0,0.0181818181818182,0.0181818181818182,0.0181818181818182,1,1,1,FALSE,3900
67,110,"Precuneus_L","Vermis_6",0.0545454545454545,0.0727272727272727,0.0181818181818182,0.0181818181818182,1,1,1,FALSE,3908
68,110,"Precuneus_R","Vermis_6",0.0727272727272727,0.0545454545454545,-0.0181818181818182,0.0181818181818182,1,1,1,FALSE,3919
69,110,"Paracentral_Lobule_L","Vermis_6",0,0.0181818181818182,0.0181818181818182,0.0181818181818182,1,1,1,FALSE,3935
70,110,"Paracentral_Lobule_R","Vermis_6",0.0909090909090909,0.127272727272727,0.0363636363636363,0.0363636363636363,0.761067915257265,1,1,FALSE,2223
71,110,"Caudate_L","Vermis_6",0,0.0545454545454545,0.0545454545454545,0.0545454545454545,0.243119266055046,1,1,FALSE,610
72,110,"Caudate_R","Vermis_6",0,0.0181818181818182,0.0181818181818182,0.0181818181818182,1,1,1,FALSE,3963
73,110,"Putamen_L","Vermis_6",0.0545454545454545,0.0181818181818182,-0.0363636363636364,0.0363636363636364,0.618022807167967,1,1,FALSE,1846
74,110,"Putamen_R","Vermis_6",0,0.0545454545454545,0.0545454545454545,0.0545454545454545,0.243119266055046,1,1,FALSE,613
75,110,"Pallidum_L","Vermis_6",0,0.0181818181818182,0.0181818181818182,0.0181818181818182,1,1,1,FALSE,3994
76,110,"Pallidum_R","Vermis_6",0,0.0181818181818182,0.0181818181818182,0.0181818181818182,1,1,1,FALSE,4006
77,110,"Thalamus_L","Vermis_6",0.0545454545454545,0.2,0.145454545454545,0.145454545454545,0.0421832390876274,1,1,FALSE,96
78,110,"Thalamus_R","Vermis_6",0.127272727272727,0.218181818181818,0.0909090909090909,0.0909090909090909,0.313124011328227,1,1,FALSE,765
79,110,"Heschl_L","Vermis_6",0,0.0545454545454545,0.0545454545454545,0.0545454545454545,0.243119266055046,1,1,FALSE,619
80,110,"Heschl_R","Vermis_6",0.0363636363636364,0.0545454545454545,0.0181818181818182,0.0181818181818182,1,1,1,FALSE,4026
81,110,"Temporal_Sup_L","Vermis_6",0.145454545454545,0.0909090909090909,-0.0545454545454545,0.0545454545454545,0.556268985477779,1,1,FALSE,1606
82,110,"Temporal_Sup_R","Vermis_6",0.163636363636364,0.109090909090909,-0.0545454545454545,0.0545454545454545,0.579713536502793,1,1,FALSE,1673
83,110,"Temporal_Pole_Sup_L","Vermis_6",0.0181818181818182,0.0363636363636364,0.0181818181818182,0.0181818181818182,1,1,1,FALSE,4038
84,110,"Temporal_Pole_Sup_R","Vermis_6",0.0181818181818182,0.0545454545454545,0.0363636363636364,0.0363636363636364,0.618022807167967,1,1,FALSE,1858
85,110,"Temporal_Mid_L","Vermis_6",0.0181818181818182,0.0363636363636364,0.0181818181818182,0.0181818181818182,1,1,1,FALSE,4046
86,110,"Temporal_Mid_R","Vermis_6",0,0.0727272727272727,0.0727272727272727,0.0727272727272727,0.118151419017406,1,1,FALSE,279
87,110,"Temporal_Pole_Mid_R","Vermis_6",0,0,0,0,1,1,1,FALSE,6384
88,110,"Temporal_Inf_L","Vermis_6",0.0181818181818182,0.0181818181818182,0,0,1,1,1,FALSE,6394
89,110,"Temporal_Inf_R","Vermis_6",0.0727272727272727,0.0363636363636364,-0.0363636363636364,0.0363636363636364,0.678654107617496,1,1,FALSE,2020
90,110,"Cerebelum_Crus1_L","Vermis_6",0.4,0.472727272727273,0.0727272727272727,0.0727272727272727,0.564327553285816,1,1,FALSE,1626
91,110,"Cerebelum_Crus1_R","Vermis_6",0.472727272727273,0.381818181818182,-0.0909090909090909,0.0909090909090909,0.440903183249574,1,1,FALSE,1116
92,110,"Cerebelum_Crus2_L","Vermis_6",0.0909090909090909,0.0909090909090909,0,0,1,1,1,FALSE,2662
93,110,"Cerebelum_Crus2_R","Vermis_6",0.181818181818182,0.0545454545454545,-0.127272727272727,0.127272727272727,0.0732112222175095,1,1,FALSE,166
94,110,"Cerebelum_3_L","Vermis_6",0.0181818181818182,0.0181818181818182,0,0,1,1,1,FALSE,6422
95,110,"Cerebelum_3_R","Vermis_6",0.0363636363636364,0.0727272727272727,0.0363636363636364,0.0363636363636364,0.678654107617496,1,1,FALSE,2025
96,110,"Cerebelum_4_5_L","Vermis_6",0.218181818181818,0.290909090909091,0.0727272727272727,0.0727272727272727,0.511878601663095,1,1,FALSE,1503
97,110,"Cerebelum_4_5_R","Vermis_6",0.254545454545455,0.0909090909090909,-0.163636363636364,0.163636363636364,0.0416138904217009,1,1,FALSE,91
98,110,"Cerebelum_6_L","Vermis_6",0.636363636363636,0.745454545454545,0.109090909090909,0.109090909090909,0.302253330032413,1,1,FALSE,752
99,110,"Cerebelum_6_R","Vermis_6",0.818181818181818,0.8,-0.0181818181818182,0.0181818181818182,1,1,1,FALSE,2460
100,110,"Cerebelum_7b_L","Vermis_6",0.0181818181818182,0.0181818181818182,0,0,1,1,1,FALSE,6433
101,110,"Cerebelum_7b_R","Vermis_6",0.163636363636364,0.0727272727272727,-0.0909090909090909,0.0909090909090909,0.236782655021779,1,1,FALSE,513
102,110,"Cerebelum_8_L","Vermis_6",0.236363636363636,0.181818181818182,-0.0545454545454545,0.0545454545454545,0.639794696440987,1,1,FALSE,1889
103,110,"Cerebelum_8_R","Vermis_6",0.236363636363636,0.2,-0.0363636363636363,0.0363636363636363,0.817827202797741,1,1,FALSE,2335
104,110,"Cerebelum_9_L","Vermis_6",0.127272727272727,0.0909090909090909,-0.0363636363636363,0.0363636363636363,0.761067915257265,1,1,FALSE,2233
105,110,"Cerebelum_9_R","Vermis_6",0,0.0181818181818182,0.0181818181818182,0.0181818181818182,1,1,1,FALSE,4124
106,110,"Cerebelum_10_R","Vermis_6",0,0.0181818181818182,0.0181818181818182,0.0181818181818182,1,1,1,FALSE,4126
107,110,"Vermis_1_2","Vermis_6",0,0.0181818181818182,0.0181818181818182,0.0181818181818182,1,1,1,FALSE,4130
108,110,"Vermis_3","Vermis_6",0.0363636363636364,0.0727272727272727,0.0363636363636364,0.0363636363636364,0.678654107617496,1,1,FALSE,2027
109,110,"Vermis_4_5","Vermis_6",0.454545454545455,0.454545454545455,0,0,1,1,1,FALSE,6441
1,111,"Precentral_L","Vermis_7",0.0181818181818182,0.0181818181818182,0,0,1,1,1,FALSE,4245
2,111,"Precentral_R","Vermis_7",0,0.0181818181818182,0.0181818181818182,0.0181818181818182,1,1,1,FALSE,2846
3,111,"Frontal_Sup_L","Vermis_7",0,0,0,0,1,1,1,FALSE,4295
4,111,"Frontal_Sup_R","Vermis_7",0,0.0181818181818182,0.0181818181818182,0.0181818181818182,1,1,1,FALSE,2894
5,111,"Frontal_Sup_Orb_L","Vermis_7",0,0,0,0,1,1,1,FALSE,4366
6,111,"Frontal_Sup_Orb_R","Vermis_7",0,0,0,0,1,1,1,FALSE,4425
7,111,"Frontal_Mid_L","Vermis_7",0.0181818181818182,0,-0.0181818181818182,0.0181818181818182,1,1,1,FALSE,2955
8,111,"Frontal_Mid_R","Vermis_7",0,0,0,0,1,1,1,FALSE,4505
9,111,"Frontal_Mid_Orb_L","Vermis_7",0,0,0,0,1,1,1,FALSE,4566
10,111,"Frontal_Mid_Orb_R","Vermis_7",0,0.0181818181818182,0.0181818181818182,0.0181818181818182,1,1,1,FALSE,3020
11,111,"Frontal_Inf_Oper_L","Vermis_7",0,0,0,0,1,1,1,FALSE,4666
12,111,"Frontal_Inf_Oper_R","Vermis_7",0,0,0,0,1,1,1,FALSE,4706
13,111,"Frontal_Inf_Tri_L","Vermis_7",0,0,0,0,1,1,1,FALSE,4749
14,111,"Frontal_Inf_Tri_R","Vermis_7",0,0,0,0,1,1,1,FALSE,4784
15,111,"Frontal_Inf_Orb_L","Vermis_7",0,0,0,0,1,1,1,FALSE,4812
16,111,"Frontal_Inf_Orb_R","Vermis_7",0,0.0181818181818182,0.0181818181818182,0.0181818181818182,1,1,1,FALSE,3177
17,111,"Rolandic_Oper_L","Vermis_7",0,0,0,0,1,1,1,FALSE,4887
18,111,"Rolandic_Oper_R","Vermis_7",0.0181818181818182,0,-0.0181818181818182,0.0181818181818182,1,1,1,FALSE,3215
19,111,"Supp_Motor_Area_L","Vermis_7",0.0363636363636364,0,-0.0363636363636364,0.0363636363636364,0.495412844036697,1,1,FALSE,1288
20,111,"Supp_Motor_Area_R","Vermis_7",0.0363636363636364,0.0363636363636364,0,0,1,1,1,FALSE,4978
21,111,"Olfactory_L","Vermis_7",0,0,0,0,1,1,1,FALSE,5017
22,111,"Olfactory_R","Vermis_7",0,0,0,0,1,1,1,FALSE,5059
23,111,"Frontal_Sup_Medial_L","Vermis_7",0,0,0,0,1,1,1,FALSE,5092
24,111,"Frontal_Sup_Medial_R","Vermis_7",0,0,0,0,1,1,1,FALSE,5117
25,111,"Frontal_Med_Orb_L","Vermis_7",0,0,0,0,1,1,1,FALSE,5152
26,111,"Frontal_Med_Orb_R","Vermis_7",0,0,0,0,1,1,1,FALSE,5184
27,111,"Rectus_L","Vermis_7",0,0,0,0,1,1,1,FALSE,5217
28,111,"Rectus_R","Vermis_7",0,0,0,0,1,1,1,FALSE,5263
29,111,"Insula_L","Vermis_7",0,0,0,0,1,1,1,FALSE,5284
30,111,"Insula_R","Vermis_7",0.0181818181818182,0,-0.0181818181818182,0.0181818181818182,1,1,1,FALSE,3443
31,111,"Cingulum_Ant_L","Vermis_7",0,0,0,0,1,1,1,FALSE,5334
32,111,"Cingulum_Ant_R","Vermis_7",0,0,0,0,1,1,1,FALSE,5359
33,111,"Cingulum_Mid_L","Vermis_7",0,0,0,0,1,1,1,FALSE,5391
34,111,"Cingulum_Mid_R","Vermis_7",0.0181818181818182,0.0181818181818182,0,0,1,1,1,FALSE,5408
35,111,"Cingulum_Post_L","Vermis_7",0,0,0,0,1,1,1,FALSE,5461
36,111,"Cingulum_Post_R","Vermis_7",0,0,0,0,1,1,1,FALSE,5488
37,111,"Hippocampus_L","Vermis_7",0,0.0181818181818182,0.0181818181818182,0.0181818181818182,1,1,1,FALSE,3555
38,111,"Hippocampus_R","Vermis_7",0,0.0181818181818182,0.0181818181818182,0.0181818181818182,1,1,1,FALSE,3565
39,111,"ParaHippocampal_L","Vermis_7",0,0.0181818181818182,0.0181818181818182,0.0181818181818182,1,1,1,FALSE,3586
40,111,"ParaHippocampal_R","Vermis_7",0,0.0181818181818182,0.0181818181818182,0.0181818181818182,1,1,1,FALSE,3606
41,111,"Amygdala_L","Vermis_7",0,0,0,0,1,1,1,FALSE,5584
42,111,"Amygdala_R","Vermis_7",0.0181818181818182,0.0181818181818182,0,0,1,1,1,FALSE,5607
43,111,"Calcarine_L","Vermis_7",0.0181818181818182,0.0727272727272727,0.0545454545454545,0.0545454545454545,0.363371345279945,1,1,FALSE,944
44,111,"Calcarine_R","Vermis_7",0.0363636363636364,0.145454545454545,0.109090909090909,0.109090909090909,0.0932689555111464,1,1,FALSE,197
45,111,"Cuneus_L","Vermis_7",0.0363636363636364,0.0545454545454545,0.0181818181818182,0.0181818181818182,1,1,1,FALSE,3675
46,111,"Cuneus_R","Vermis_7",0.0181818181818182,0.0727272727272727,0.0545454545454545,0.0545454545454545,0.363371345279945,1,1,FALSE,948
47,111,"Lingual_L","Vermis_7",0.0363636363636364,0.109090909090909,0.0727272727272727,0.0727272727272727,0.270576022922045,1,1,FALSE,704
48,111,"Lingual_R","Vermis_7",0.127272727272727,0.236363636363636,0.109090909090909,0.109090909090909,0.215866654585591,1,1,FALSE,476
49,111,"Occipital_Sup_L","Vermis_7",0.0727272727272727,0.0363636363636364,-0.0363636363636364,0.0363636363636364,0.678654107617496,1,1,FALSE,1996
50,111,"Occipital_Sup_R","Vermis_7",0.0363636363636364,0.0545454545454545,0.0181818181818182,0.0181818181818182,1,1,1,FALSE,3722
51,111,"Occipital_Mid_L","Vermis_7",0.0181818181818182,0.109090909090909,0.0909090909090909,0.0909090909090909,0.11296407442339,1,1,FALSE,223
52,111,"Occipital_Mid_R","Vermis_7",0.0181818181818182,0.0363636363636364,0.0181818181818182,0.0181818181818182,1,1,1,FALSE,3744
53,111,"Occipital_Inf_L","Vermis_7",0,0.0181818181818182,0.0181818181818182,0.0181818181818182,1,1,1,FALSE,3761
54,111,"Occipital_Inf_R","Vermis_7",0,0.0363636363636364,0.0363636363636364,0.0363636363636364,0.495412844036697,1,1,FALSE,1410
55,111,"Fusiform_L","Vermis_7",0.0363636363636364,0.0545454545454545,0.0181818181818182,0.0181818181818182,1,1,1,FALSE,3789
56,111,"Fusiform_R","Vermis_7",0.0363636363636364,0.0909090909090909,0.0545454545454545,0.0545454545454545,0.437644688330618,1,1,FALSE,1091
57,111,"Postcentral_L","Vermis_7",0,0.0181818181818182,0.0181818181818182,0.0181818181818182,1,1,1,FALSE,3814
58,111,"Postcentral_R","Vermis_7",0.0181818181818182,0.0181818181818182,0,0,1,1,1,FALSE,5897
59,111,"Parietal_Sup_L","Vermis_7",0,0,0,0,1,1,1,FALSE,5915
60,111,"Parietal_Sup_R","Vermis_7",0,0.0363636363636364,0.0363636363636364,0.0363636363636364,0.495412844036697,1,1,FALSE,1429
61,111,"Parietal_Inf_L","Vermis_7",0,0,0,0,1,1,1,FALSE,5954
62,111,"Parietal_Inf_R","Vermis_7",0,0,0,0,1,1,1,FALSE,5980
63,111,"SupraMarginal_L","Vermis_7",0,0,0,0,1,1,1,FALSE,6005
64,111,"SupraMarginal_R","Vermis_7",0,0,0,0,1,1,1,FALSE,6029
65,111,"Angular_L","Vermis_7",0,0,0,0,1,1,1,FALSE,6054
66,111,"Angular_R","Vermis_7",0,0,0,0,1,1,1,FALSE,6082
67,111,"Precuneus_L","Vermis_7",0,0,0,0,1,1,1,FALSE,6096
68,111,"Precuneus_R","Vermis_7",0,0.0181818181818182,0.0181818181818182,0.0181818181818182,1,1,1,FALSE,3920
69,111,"Paracentral_Lobule_L","Vermis_7",0,0,0,0,1,1,1,FALSE,6125
70,111,"Paracentral_Lobule_R","Vermis_7",0,0,0,0,1,1,1,FALSE,6133
71,111,"Caudate_L","Vermis_7",0,0,0,0,1,1,1,FALSE,6152
72,111,"Caudate_R","Vermis_7",0,0,0,0,1,1,1,FALSE,6174
73,111,"Putamen_L","Vermis_7",0,0.0181818181818182,0.0181818181818182,0.0181818181818182,1,1,1,FALSE,3977
74,111,"Putamen_R","Vermis_7",0.0363636363636364,0,-0.0363636363636364,0.0363636363636364,0.495412844036697,1,1,FALSE,1452
75,111,"Pallidum_L","Vermis_7",0,0,0,0,1,1,1,FALSE,6215
76,111,"Pallidum_R","Vermis_7",0,0,0,0,1,1,1,FALSE,6238
77,111,"Thalamus_L","Vermis_7",0.0909090909090909,0.0545454545454545,-0.0363636363636364,0.0363636363636364,0.716092464011574,1,1,FALSE,2123
78,111,"Thalamus_R","Vermis_7",0.0363636363636364,0.0181818181818182,-0.0181818181818182,0.0181818181818182,1,1,1,FALSE,4013
79,111,"Heschl_L","Vermis_7",0,0,0,0,1,1,1,FALSE,6276
80,111,"Heschl_R","Vermis_7",0,0.0181818181818182,0.0181818181818182,0.0181818181818182,1,1,1,FALSE,4027
81,111,"Temporal_Sup_L","Vermis_7",0,0,0,0,1,1,1,FALSE,6311
82,111,"Temporal_Sup_R","Vermis_7",0.0181818181818182,0.0181818181818182,0,0,1,1,1,FALSE,6327
83,111,"Temporal_Pole_Sup_L","Vermis_7",0,0,0,0,1,1,1,FALSE,6337
84,111,"Temporal_Pole_Sup_R","Vermis_7",0,0,0,0,1,1,1,FALSE,6346
85,111,"Temporal_Mid_L","Vermis_7",0.0181818181818182,0.0181818181818182,0,0,1,1,1,FALSE,6358
86,111,"Temporal_Mid_R","Vermis_7",0,0.0181818181818182,0.0181818181818182,0.0181818181818182,1,1,1,FALSE,4051
87,111,"Temporal_Pole_Mid_R","Vermis_7",0,0,0,0,1,1,1,FALSE,6385
88,111,"Temporal_Inf_L","Vermis_7",0,0,0,0,1,1,1,FALSE,6395
89,111,"Temporal_Inf_R","Vermis_7",0,0,0,0,1,1,1,FALSE,6403
90,111,"Cerebelum_Crus1_L","Vermis_7",0.145454545454545,0.272727272727273,0.127272727272727,0.127272727272727,0.158610740575531,1,1,FALSE,345
91,111,"Cerebelum_Crus1_R","Vermis_7",0.145454545454545,0.2,0.0545454545454546,0.0545454545454546,0.614842856677542,1,1,FALSE,1699
92,111,"Cerebelum_Crus2_L","Vermis_7",0.0363636363636364,0.109090909090909,0.0727272727272727,0.0727272727272727,0.270576022922045,1,1,FALSE,714
93,111,"Cerebelum_Crus2_R","Vermis_7",0.0727272727272727,0.127272727272727,0.0545454545454545,0.0545454545454545,0.526914472209385,1,1,FALSE,1546
94,111,"Cerebelum_3_L","Vermis_7",0.0181818181818182,0.0363636363636364,0.0181818181818182,0.0181818181818182,1,1,1,FALSE,4085
95,111,"Cerebelum_3_R","Vermis_7",0,0.0181818181818182,0.0181818181818182,0.0181818181818182,1,1,1,FALSE,4093
96,111,"Cerebelum_4_5_L","Vermis_7",0.0727272727272727,0.145454545454545,0.0727272727272727,0.0727272727272727,0.359662012889472,1,1,FALSE,881
97,111,"Cerebelum_4_5_R","Vermis_7",0.0181818181818182,0.0181818181818182,0,0,1,1,1,FALSE,6427
98,111,"Cerebelum_6_L","Vermis_7",0.272727272727273,0.381818181818182,0.109090909090909,0.109090909090909,0.309644052483336,1,1,FALSE,757
99,111,"Cerebelum_6_R","Vermis_7",0.309090909090909,0.363636363636364,0.0545454545454546,0.0545454545454546,0.686800021626334,1,1,FALSE,2034
100,111,"Cerebelum_7b_L","Vermis_7",0,0.0545454545454545,0.0545454545454545,0.0545454545454545,0.243119266055046,1,1,FALSE,629
101,111,"Cerebelum_7b_R","Vermis_7",0.0181818181818182,0,-0.0181818181818182,0.0181818181818182,1,1,1,FALSE,4116
102,111,"Cerebelum_8_L","Vermis_7",0.0909090909090909,0.109090909090909,0.0181818181818182,0.0181818181818182,1,1,1,FALSE,4185
103,111,"Cerebelum_8_R","Vermis_7",0,0.0727272727272727,0.0727272727272727,0.0727272727272727,0.118151419017406,1,1,FALSE,284
104,111,"Cerebelum_9_L","Vermis_7",0.0363636363636364,0.0909090909090909,0.0545454545454545,0.0545454545454545,0.437644688330618,1,1,FALSE,1102
105,111,"Cerebelum_9_R","Vermis_7",0,0.0181818181818182,0.0181818181818182,0.0181818181818182,1,1,1,FALSE,4125
106,111,"Cerebelum_10_R","Vermis_7",0,0,0,0,1,1,1,FALSE,6439
107,111,"Vermis_1_2","Vermis_7",0,0.0181818181818182,0.0181818181818182,0.0181818181818182,1,1,1,FALSE,4131
108,111,"Vermis_3","Vermis_7",0,0.0363636363636364,0.0363636363636364,0.0363636363636364,0.495412844036697,1,1,FALSE,1484
109,111,"Vermis_4_5","Vermis_7",0.0909090909090909,0.0727272727272727,-0.0181818181818182,0.0181818181818182,1,1,1,FALSE,2822
110,111,"Vermis_6","Vermis_7",0.290909090909091,0.4,0.109090909090909,0.109090909090909,0.31610854037312,1,1,FALSE,769
1,112,"Precentral_L","Vermis_8",0,0,0,0,1,1,1,FALSE,4246
2,112,"Precentral_R","Vermis_8",0,0,0,0,1,1,1,FALSE,4272
3,112,"Frontal_Sup_L","Vermis_8",0,0,0,0,1,1,1,FALSE,4296
4,112,"Frontal_Sup_R","Vermis_8",0,0,0,0,1,1,1,FALSE,4317
5,112,"Frontal_Sup_Orb_L","Vermis_8",0,0,0,0,1,1,1,FALSE,4367
6,112,"Frontal_Sup_Orb_R","Vermis_8",0,0,0,0,1,1,1,FALSE,4426
7,112,"Frontal_Mid_L","Vermis_8",0,0,0,0,1,1,1,FALSE,4467
8,112,"Frontal_Mid_R","Vermis_8",0,0.0181818181818182,0.0181818181818182,0.0181818181818182,1,1,1,FALSE,2979
9,112,"Frontal_Mid_Orb_L","Vermis_8",0,0,0,0,1,1,1,FALSE,4567
10,112,"Frontal_Mid_Orb_R","Vermis_8",0,0,0,0,1,1,1,FALSE,4627
11,112,"Frontal_Inf_Oper_L","Vermis_8",0,0,0,0,1,1,1,FALSE,4667
12,112,"Frontal_Inf_Oper_R","Vermis_8",0,0,0,0,1,1,1,FALSE,4707
13,112,"Frontal_Inf_Tri_L","Vermis_8",0,0,0,0,1,1,1,FALSE,4750
14,112,"Frontal_Inf_Tri_R","Vermis_8",0,0,0,0,1,1,1,FALSE,4785
15,112,"Frontal_Inf_Orb_L","Vermis_8",0,0,0,0,1,1,1,FALSE,4813
16,112,"Frontal_Inf_Orb_R","Vermis_8",0.0181818181818182,0.0181818181818182,0,0,1,1,1,FALSE,4849
17,112,"Rolandic_Oper_L","Vermis_8",0,0,0,0,1,1,1,FALSE,4888
18,112,"Rolandic_Oper_R","Vermis_8",0,0,0,0,1,1,1,FALSE,4928
19,112,"Supp_Motor_Area_L","Vermis_8",0,0,0,0,1,1,1,FALSE,4962
20,112,"Supp_Motor_Area_R","Vermis_8",0,0.0181818181818182,0.0181818181818182,0.0181818181818182,1,1,1,FALSE,3241
21,112,"Olfactory_L","Vermis_8",0.0181818181818182,0,-0.0181818181818182,0.0181818181818182,1,1,1,FALSE,3266
22,112,"Olfactory_R","Vermis_8",0,0,0,0,1,1,1,FALSE,5060
23,112,"Frontal_Sup_Medial_L","Vermis_8",0.0181818181818182,0.0181818181818182,0,0,1,1,1,FALSE,5093
24,112,"Frontal_Sup_Medial_R","Vermis_8",0.0181818181818182,0.0181818181818182,0,0,1,1,1,FALSE,5118
25,112,"Frontal_Med_Orb_L","Vermis_8",0.0181818181818182,0,-0.0181818181818182,0.0181818181818182,1,1,1,FALSE,3344
26,112,"Frontal_Med_Orb_R","Vermis_8",0,0,0,0,1,1,1,FALSE,5185
27,112,"Rectus_L","Vermis_8",0,0.0181818181818182,0.0181818181818182,0.0181818181818182,1,1,1,FALSE,3386
28,112,"Rectus_R","Vermis_8",0,0.0181818181818182,0.0181818181818182,0.0181818181818182,1,1,1,FALSE,3405
29,112,"Insula_L","Vermis_8",0,0,0,0,1,1,1,FALSE,5285
30,112,"Insula_R","Vermis_8",0.0181818181818182,0,-0.0181818181818182,0.0181818181818182,1,1,1,FALSE,3444
31,112,"Cingulum_Ant_L","Vermis_8",0,0,0,0,1,1,1,FALSE,5335
32,112,"Cingulum_Ant_R","Vermis_8",0,0,0,0,1,1,1,FALSE,5360
33,112,"Cingulum_Mid_L","Vermis_8",0,0,0,0,1,1,1,FALSE,5392
34,112,"Cingulum_Mid_R","Vermis_8",0,0,0,0,1,1,1,FALSE,5409
35,112,"Cingulum_Post_L","Vermis_8",0,0,0,0,1,1,1,FALSE,5462
36,112,"Cingulum_Post_R","Vermis_8",0,0,0,0,1,1,1,FALSE,5489
37,112,"Hippocampus_L","Vermis_8",0.0181818181818182,0,-0.0181818181818182,0.0181818181818182,1,1,1,FALSE,3556
38,112,"Hippocampus_R","Vermis_8",0.0545454545454545,0.0363636363636364,-0.0181818181818182,0.0181818181818182,1,1,1,FALSE,3566
39,112,"ParaHippocampal_L","Vermis_8",0,0.0363636363636364,0.0363636363636364,0.0363636363636364,0.495412844036697,1,1,FALSE,1361
40,112,"ParaHippocampal_R","Vermis_8",0,0,0,0,1,1,1,FALSE,5551
41,112,"Amygdala_L","Vermis_8",0,0,0,0,1,1,1,FALSE,5585
42,112,"Amygdala_R","Vermis_8",0,0,0,0,1,1,1,FALSE,5608
43,112,"Calcarine_L","Vermis_8",0.0363636363636364,0.0363636363636364,0,0,1,1,1,FALSE,5636
44,112,"Calcarine_R","Vermis_8",0.0181818181818182,0.0363636363636364,0.0181818181818182,0.0181818181818182,1,1,1,FALSE,3658
45,112,"Cuneus_L","Vermis_8",0,0.0181818181818182,0.0181818181818182,0.0181818181818182,1,1,1,FALSE,3676
46,112,"Cuneus_R","Vermis_8",0,0,0,0,1,1,1,FALSE,5700
47,112,"Lingual_L","Vermis_8",0.0181818181818182,0.0181818181818182,0,0,1,1,1,FALSE,5722
48,112,"Lingual_R","Vermis_8",0.0363636363636364,0.0545454545454545,0.0181818181818182,0.0181818181818182,1,1,1,FALSE,3704
49,112,"Occipital_Sup_L","Vermis_8",0,0,0,0,1,1,1,FALSE,5755
50,112,"Occipital_Sup_R","Vermis_8",0,0,0,0,1,1,1,FALSE,5776
51,112,"Occipital_Mid_L","Vermis_8",0.0181818181818182,0.0181818181818182,0,0,1,1,1,FALSE,5789
52,112,"Occipital_Mid_R","Vermis_8",0,0,0,0,1,1,1,FALSE,5809
53,112,"Occipital_Inf_L","Vermis_8",0.0181818181818182,0,-0.0181818181818182,0.0181818181818182,1,1,1,FALSE,3762
54,112,"Occipital_Inf_R","Vermis_8",0,0,0,0,1,1,1,FALSE,5844
55,112,"Fusiform_L","Vermis_8",0,0,0,0,1,1,1,FALSE,5856
56,112,"Fusiform_R","Vermis_8",0,0.0181818181818182,0.0181818181818182,0.0181818181818182,1,1,1,FALSE,3802
57,112,"Postcentral_L","Vermis_8",0,0.0181818181818182,0.0181818181818182,0.0181818181818182,1,1,1,FALSE,3815
58,112,"Postcentral_R","Vermis_8",0,0.0181818181818182,0.0181818181818182,0.0181818181818182,1,1,1,FALSE,3825
59,112,"Parietal_Sup_L","Vermis_8",0,0,0,0,1,1,1,FALSE,5916
60,112,"Parietal_Sup_R","Vermis_8",0,0,0,0,1,1,1,FALSE,5935
61,112,"Parietal_Inf_L","Vermis_8",0,0,0,0,1,1,1,FALSE,5955
62,112,"Parietal_Inf_R","Vermis_8",0,0,0,0,1,1,1,FALSE,5981
63,112,"SupraMarginal_L","Vermis_8",0,0,0,0,1,1,1,FALSE,6006
64,112,"SupraMarginal_R","Vermis_8",0,0,0,0,1,1,1,FALSE,6030
65,112,"Angular_L","Vermis_8",0,0,0,0,1,1,1,FALSE,6055
66,112,"Angular_R","Vermis_8",0,0,0,0,1,1,1,FALSE,6083
67,112,"Precuneus_L","Vermis_8",0,0.0181818181818182,0.0181818181818182,0.0181818181818182,1,1,1,FALSE,3909
68,112,"Precuneus_R","Vermis_8",0.0181818181818182,0.0181818181818182,0,0,1,1,1,FALSE,6109
69,112,"Paracentral_Lobule_L","Vermis_8",0,0,0,0,1,1,1,FALSE,6126
70,112,"Paracentral_Lobule_R","Vermis_8",0.0181818181818182,0.0181818181818182,0,0,1,1,1,FALSE,6134
71,112,"Caudate_L","Vermis_8",0,0.0181818181818182,0.0181818181818182,0.0181818181818182,1,1,1,FALSE,3950
72,112,"Caudate_R","Vermis_8",0.0181818181818182,0,-0.0181818181818182,0.0181818181818182,1,1,1,FALSE,3964
73,112,"Putamen_L","Vermis_8",0,0,0,0,1,1,1,FALSE,6185
74,112,"Putamen_R","Vermis_8",0.0181818181818182,0.0181818181818182,0,0,1,1,1,FALSE,6196
75,112,"Pallidum_L","Vermis_8",0,0,0,0,1,1,1,FALSE,6216
76,112,"Pallidum_R","Vermis_8",0,0,0,0,1,1,1,FALSE,6239
77,112,"Thalamus_L","Vermis_8",0.0363636363636364,0,-0.0363636363636364,0.0363636363636364,0.495412844036697,1,1,FALSE,1455
78,112,"Thalamus_R","Vermis_8",0.0181818181818182,0.0181818181818182,0,0,1,1,1,FALSE,6257
79,112,"Heschl_L","Vermis_8",0,0,0,0,1,1,1,FALSE,6277
80,112,"Heschl_R","Vermis_8",0.0181818181818182,0,-0.0181818181818182,0.0181818181818182,1,1,1,FALSE,4028
81,112,"Temporal_Sup_L","Vermis_8",0,0,0,0,1,1,1,FALSE,6312
82,112,"Temporal_Sup_R","Vermis_8",0,0,0,0,1,1,1,FALSE,6328
83,112,"Temporal_Pole_Sup_L","Vermis_8",0,0,0,0,1,1,1,FALSE,6338
84,112,"Temporal_Pole_Sup_R","Vermis_8",0.0181818181818182,0,-0.0181818181818182,0.0181818181818182,1,1,1,FALSE,4045
85,112,"Temporal_Mid_L","Vermis_8",0.0181818181818182,0,-0.0181818181818182,0.0181818181818182,1,1,1,FALSE,4047
86,112,"Temporal_Mid_R","Vermis_8",0.0181818181818182,0,-0.0181818181818182,0.0181818181818182,1,1,1,FALSE,4052
87,112,"Temporal_Pole_Mid_R","Vermis_8",0.0181818181818182,0.0181818181818182,0,0,1,1,1,FALSE,6386
88,112,"Temporal_Inf_L","Vermis_8",0,0.0181818181818182,0.0181818181818182,0.0181818181818182,1,1,1,FALSE,4061
89,112,"Temporal_Inf_R","Vermis_8",0.0181818181818182,0,-0.0181818181818182,0.0181818181818182,1,1,1,FALSE,4067
90,112,"Cerebelum_Crus1_L","Vermis_8",0.0363636363636364,0.0727272727272727,0.0363636363636364,0.0363636363636364,0.678654107617496,1,1,FALSE,2021
91,112,"Cerebelum_Crus1_R","Vermis_8",0.0545454545454545,0.0545454545454545,0,0,1,1,1,FALSE,6412
92,112,"Cerebelum_Crus2_L","Vermis_8",0,0.0363636363636364,0.0363636363636364,0.0363636363636364,0.495412844036697,1,1,FALSE,1469
93,112,"Cerebelum_Crus2_R","Vermis_8",0.0181818181818182,0.0545454545454545,0.0363636363636364,0.0363636363636364,0.618022807167967,1,1,FALSE,1863
94,112,"Cerebelum_3_L","Vermis_8",0,0.0181818181818182,0.0181818181818182,0.0181818181818182,1,1,1,FALSE,4086
95,112,"Cerebelum_3_R","Vermis_8",0,0.0363636363636364,0.0363636363636364,0.0363636363636364,0.495412844036697,1,1,FALSE,1473
96,112,"Cerebelum_4_5_L","Vermis_8",0.0727272727272727,0.0545454545454545,-0.0181818181818182,0.0181818181818182,1,1,1,FALSE,4099
97,112,"Cerebelum_4_5_R","Vermis_8",0.0363636363636364,0.109090909090909,0.0727272727272727,0.0727272727272727,0.270576022922045,1,1,FALSE,715
98,112,"Cerebelum_6_L","Vermis_8",0.0545454545454545,0.0909090909090909,0.0363636363636364,0.0363636363636364,0.716092464011574,1,1,FALSE,2132
99,112,"Cerebelum_6_R","Vermis_8",0.127272727272727,0.145454545454545,0.0181818181818182,0.0181818181818182,1,1,1,FALSE,2820
100,112,"Cerebelum_7b_L","Vermis_8",0,0.0727272727272727,0.0727272727272727,0.0727272727272727,0.118151419017406,1,1,FALSE,283
101,112,"Cerebelum_7b_R","Vermis_8",0.0181818181818182,0,-0.0181818181818182,0.0181818181818182,1,1,1,FALSE,4117
102,112,"Cerebelum_8_L","Vermis_8",0.0909090909090909,0.145454545454545,0.0545454545454545,0.0545454545454545,0.556268985477779,1,1,FALSE,1608
103,112,"Cerebelum_8_R","Vermis_8",0.0545454545454545,0.163636363636364,0.109090909090909,0.109090909090909,0.123540893849592,1,1,FALSE,305
104,112,"Cerebelum_9_L","Vermis_8",0.0181818181818182,0.0545454545454545,0.0363636363636364,0.0363636363636364,0.618022807167967,1,1,FALSE,1867
105,112,"Cerebelum_9_R","Vermis_8",0,0.0363636363636364,0.0363636363636364,0.0363636363636364,0.495412844036697,1,1,FALSE,1482
106,112,"Cerebelum_10_R","Vermis_8",0,0.0181818181818182,0.0181818181818182,0.0181818181818182,1,1,1,FALSE,4127
107,112,"Vermis_1_2","Vermis_8",0,0.0181818181818182,0.0181818181818182,0.0181818181818182,1,1,1,FALSE,4132
108,112,"Vermis_3","Vermis_8",0,0.0545454545454545,0.0545454545454545,0.0545454545454545,0.243119266055046,1,1,FALSE,632
109,112,"Vermis_4_5","Vermis_8",0.109090909090909,0.0727272727272727,-0.0363636363636364,0.0363636363636364,0.741953348477847,1,1,FALSE,2189
110,112,"Vermis_6","Vermis_8",0.127272727272727,0.145454545454545,0.0181818181818182,0.0181818181818182,1,1,1,FALSE,2823
111,112,"Vermis_7","Vermis_8",0.0363636363636364,0.0545454545454545,0.0181818181818182,0.0181818181818182,1,1,1,FALSE,4136
1,113,"Precentral_L","Vermis_9",0,0,0,0,1,1,1,FALSE,4247
2,113,"Precentral_R","Vermis_9",0,0,0,0,1,1,1,FALSE,4273
3,113,"Frontal_Sup_L","Vermis_9",0,0,0,0,1,1,1,FALSE,4297
4,113,"Frontal_Sup_R","Vermis_9",0,0,0,0,1,1,1,FALSE,4318
5,113,"Frontal_Sup_Orb_L","Vermis_9",0,0,0,0,1,1,1,FALSE,4368
6,113,"Frontal_Sup_Orb_R","Vermis_9",0,0,0,0,1,1,1,FALSE,4427
7,113,"Frontal_Mid_L","Vermis_9",0,0,0,0,1,1,1,FALSE,4468
8,113,"Frontal_Mid_R","Vermis_9",0,0,0,0,1,1,1,FALSE,4506
9,113,"Frontal_Mid_Orb_L","Vermis_9",0,0,0,0,1,1,1,FALSE,4568
10,113,"Frontal_Mid_Orb_R","Vermis_9",0,0,0,0,1,1,1,FALSE,4628
11,113,"Frontal_Inf_Oper_L","Vermis_9",0,0,0,0,1,1,1,FALSE,4668
12,113,"Frontal_Inf_Oper_R","Vermis_9",0,0,0,0,1,1,1,FALSE,4708
13,113,"Frontal_Inf_Tri_L","Vermis_9",0,0,0,0,1,1,1,FALSE,4751
14,113,"Frontal_Inf_Tri_R","Vermis_9",0,0,0,0,1,1,1,FALSE,4786
15,113,"Frontal_Inf_Orb_L","Vermis_9",0,0,0,0,1,1,1,FALSE,4814
16,113,"Frontal_Inf_Orb_R","Vermis_9",0,0,0,0,1,1,1,FALSE,4850
17,113,"Rolandic_Oper_L","Vermis_9",0,0,0,0,1,1,1,FALSE,4889
18,113,"Rolandic_Oper_R","Vermis_9",0,0,0,0,1,1,1,FALSE,4929
19,113,"Supp_Motor_Area_L","Vermis_9",0,0,0,0,1,1,1,FALSE,4963
20,113,"Supp_Motor_Area_R","Vermis_9",0,0,0,0,1,1,1,FALSE,4979
21,113,"Olfactory_L","Vermis_9",0,0,0,0,1,1,1,FALSE,5018
22,113,"Olfactory_R","Vermis_9",0,0,0,0,1,1,1,FALSE,5061
23,113,"Frontal_Sup_Medial_L","Vermis_9",0,0,0,0,1,1,1,FALSE,5094
24,113,"Frontal_Sup_Medial_R","Vermis_9",0,0.0181818181818182,0.0181818181818182,0.0181818181818182,1,1,1,FALSE,3327
25,113,"Frontal_Med_Orb_L","Vermis_9",0,0,0,0,1,1,1,FALSE,5153
26,113,"Frontal_Med_Orb_R","Vermis_9",0,0,0,0,1,1,1,FALSE,5186
27,113,"Rectus_L","Vermis_9",0,0,0,0,1,1,1,FALSE,5218
28,113,"Rectus_R","Vermis_9",0,0,0,0,1,1,1,FALSE,5264
29,113,"Insula_L","Vermis_9",0,0,0,0,1,1,1,FALSE,5286
30,113,"Insula_R","Vermis_9",0,0,0,0,1,1,1,FALSE,5303
31,113,"Cingulum_Ant_L","Vermis_9",0,0,0,0,1,1,1,FALSE,5336
32,113,"Cingulum_Ant_R","Vermis_9",0,0,0,0,1,1,1,FALSE,5361
33,113,"Cingulum_Mid_L","Vermis_9",0,0,0,0,1,1,1,FALSE,5393
34,113,"Cingulum_Mid_R","Vermis_9",0,0,0,0,1,1,1,FALSE,5410
35,113,"Cingulum_Post_L","Vermis_9",0,0,0,0,1,1,1,FALSE,5463
36,113,"Cingulum_Post_R","Vermis_9",0.0181818181818182,0,-0.0181818181818182,0.0181818181818182,1,1,1,FALSE,3543
37,113,"Hippocampus_L","Vermis_9",0,0,0,0,1,1,1,FALSE,5503
38,113,"Hippocampus_R","Vermis_9",0,0,0,0,1,1,1,FALSE,5513
39,113,"ParaHippocampal_L","Vermis_9",0,0,0,0,1,1,1,FALSE,5528
40,113,"ParaHippocampal_R","Vermis_9",0,0,0,0,1,1,1,FALSE,5552
41,113,"Amygdala_L","Vermis_9",0,0,0,0,1,1,1,FALSE,5586
42,113,"Amygdala_R","Vermis_9",0,0,0,0,1,1,1,FALSE,5609
43,113,"Calcarine_L","Vermis_9",0,0,0,0,1,1,1,FALSE,5637
44,113,"Calcarine_R","Vermis_9",0,0,0,0,1,1,1,FALSE,5659
45,113,"Cuneus_L","Vermis_9",0,0,0,0,1,1,1,FALSE,5681
46,113,"Cuneus_R","Vermis_9",0,0,0,0,1,1,1,FALSE,5701
47,113,"Lingual_L","Vermis_9",0,0,0,0,1,1,1,FALSE,5723
48,113,"Lingual_R","Vermis_9",0,0,0,0,1,1,1,FALSE,5734
49,113,"Occipital_Sup_L","Vermis_9",0,0,0,0,1,1,1,FALSE,5756
50,113,"Occipital_Sup_R","Vermis_9",0,0,0,0,1,1,1,FALSE,5777
51,113,"Occipital_Mid_L","Vermis_9",0,0,0,0,1,1,1,FALSE,5790
52,113,"Occipital_Mid_R","Vermis_9",0,0,0,0,1,1,1,FALSE,5810
53,113,"Occipital_Inf_L","Vermis_9",0,0,0,0,1,1,1,FALSE,5824
54,113,"Occipital_Inf_R","Vermis_9",0,0,0,0,1,1,1,FALSE,5845
55,113,"Fusiform_L","Vermis_9",0,0,0,0,1,1,1,FALSE,5857
56,113,"Fusiform_R","Vermis_9",0,0,0,0,1,1,1,FALSE,5869
57,113,"Postcentral_L","Vermis_9",0,0.0181818181818182,0.0181818181818182,0.0181818181818182,1,1,1,FALSE,3816
58,113,"Postcentral_R","Vermis_9",0,0,0,0,1,1,1,FALSE,5898
59,113,"Parietal_Sup_L","Vermis_9",0,0,0,0,1,1,1,FALSE,5917
60,113,"Parietal_Sup_R","Vermis_9",0,0,0,0,1,1,1,FALSE,5936
61,113,"Parietal_Inf_L","Vermis_9",0,0,0,0,1,1,1,FALSE,5956
62,113,"Parietal_Inf_R","Vermis_9",0,0,0,0,1,1,1,FALSE,5982
63,113,"SupraMarginal_L","Vermis_9",0,0,0,0,1,1,1,FALSE,6007
64,113,"SupraMarginal_R","Vermis_9",0,0,0,0,1,1,1,FALSE,6031
65,113,"Angular_L","Vermis_9",0,0,0,0,1,1,1,FALSE,6056
66,113,"Angular_R","Vermis_9",0,0,0,0,1,1,1,FALSE,6084
67,113,"Precuneus_L","Vermis_9",0,0,0,0,1,1,1,FALSE,6097
68,113,"Precuneus_R","Vermis_9",0,0,0,0,1,1,1,FALSE,6110
69,113,"Paracentral_Lobule_L","Vermis_9",0,0.0181818181818182,0.0181818181818182,0.0181818181818182,1,1,1,FALSE,3936
70,113,"Paracentral_Lobule_R","Vermis_9",0,0.0181818181818182,0.0181818181818182,0.0181818181818182,1,1,1,FALSE,3941
71,113,"Caudate_L","Vermis_9",0,0,0,0,1,1,1,FALSE,6153
72,113,"Caudate_R","Vermis_9",0,0,0,0,1,1,1,FALSE,6175
73,113,"Putamen_L","Vermis_9",0,0,0,0,1,1,1,FALSE,6186
74,113,"Putamen_R","Vermis_9",0,0,0,0,1,1,1,FALSE,6197
75,113,"Pallidum_L","Vermis_9",0,0,0,0,1,1,1,FALSE,6217
76,113,"Pallidum_R","Vermis_9",0,0,0,0,1,1,1,FALSE,6240
77,113,"Thalamus_L","Vermis_9",0,0,0,0,1,1,1,FALSE,6250
78,113,"Thalamus_R","Vermis_9",0,0,0,0,1,1,1,FALSE,6258
79,113,"Heschl_L","Vermis_9",0,0,0,0,1,1,1,FALSE,6278
80,113,"Heschl_R","Vermis_9",0,0,0,0,1,1,1,FALSE,6298
81,113,"Temporal_Sup_L","Vermis_9",0,0,0,0,1,1,1,FALSE,6313
82,113,"Temporal_Sup_R","Vermis_9",0,0,0,0,1,1,1,FALSE,6329
83,113,"Temporal_Pole_Sup_L","Vermis_9",0,0.0181818181818182,0.0181818181818182,0.0181818181818182,1,1,1,FALSE,4039
84,113,"Temporal_Pole_Sup_R","Vermis_9",0,0,0,0,1,1,1,FALSE,6347
85,113,"Temporal_Mid_L","Vermis_9",0,0,0,0,1,1,1,FALSE,6359
86,113,"Temporal_Mid_R","Vermis_9",0,0,0,0,1,1,1,FALSE,6369
87,113,"Temporal_Pole_Mid_R","Vermis_9",0,0,0,0,1,1,1,FALSE,6387
88,113,"Temporal_Inf_L","Vermis_9",0,0.0181818181818182,0.0181818181818182,0.0181818181818182,1,1,1,FALSE,4062
89,113,"Temporal_Inf_R","Vermis_9",0,0,0,0,1,1,1,FALSE,6404
90,113,"Cerebelum_Crus1_L","Vermis_9",0,0,0,0,1,1,1,FALSE,6409
91,113,"Cerebelum_Crus1_R","Vermis_9",0,0.0181818181818182,0.0181818181818182,0.0181818181818182,1,1,1,FALSE,4072
92,113,"Cerebelum_Crus2_L","Vermis_9",0,0,0,0,1,1,1,FALSE,6415
93,113,"Cerebelum_Crus2_R","Vermis_9",0.0363636363636364,0.0181818181818182,-0.0181818181818182,0.0181818181818182,1,1,1,FALSE,4081
94,113,"Cerebelum_3_L","Vermis_9",0.0181818181818182,0.0363636363636364,0.0181818181818182,0.0181818181818182,1,1,1,FALSE,4087
95,113,"Cerebelum_3_R","Vermis_9",0.0181818181818182,0.0363636363636364,0.0181818181818182,0.0181818181818182,1,1,1,FALSE,4094
96,113,"Cerebelum_4_5_L","Vermis_9",0,0.0181818181818182,0.0181818181818182,0.0181818181818182,1,1,1,FALSE,4100
97,113,"Cerebelum_4_5_R","Vermis_9",0,0.0363636363636364,0.0363636363636364,0.0363636363636364,0.495412844036697,1,1,FALSE,1475
98,113,"Cerebelum_6_L","Vermis_9",0,0.0181818181818182,0.0181818181818182,0.0181818181818182,1,1,1,FALSE,4105
99,113,"Cerebelum_6_R","Vermis_9",0.0181818181818182,0.0545454545454545,0.0363636363636364,0.0363636363636364,0.618022807167967,1,1,FALSE,1866
100,113,"Cerebelum_7b_L","Vermis_9",0,0.0181818181818182,0.0181818181818182,0.0181818181818182,1,1,1,FALSE,4111
101,113,"Cerebelum_7b_R","Vermis_9",0,0,0,0,1,1,1,FALSE,6435
102,113,"Cerebelum_8_L","Vermis_9",0,0.0363636363636364,0.0363636363636364,0.0363636363636364,0.495412844036697,1,1,FALSE,1480
103,113,"Cerebelum_8_R","Vermis_9",0,0.0909090909090909,0.0909090909090909,0.0909090909090909,0.0568464374517706,1,1,FALSE,139
104,113,"Cerebelum_9_L","Vermis_9",0.0363636363636364,0.109090909090909,0.0727272727272727,0.0727272727272727,0.270576022922045,1,1,FALSE,716
105,113,"Cerebelum_9_R","Vermis_9",0.127272727272727,0.181818181818182,0.0545454545454546,0.0545454545454546,0.598884497995648,1,1,FALSE,1689
106,113,"Cerebelum_10_R","Vermis_9",0,0.0181818181818182,0.0181818181818182,0.0181818181818182,1,1,1,FALSE,4128
107,113,"Vermis_1_2","Vermis_9",0,0.0545454545454545,0.0545454545454545,0.0545454545454545,0.243119266055046,1,1,FALSE,631
108,113,"Vermis_3","Vermis_9",0.0363636363636364,0.0181818181818182,-0.0181818181818182,0.0181818181818182,1,1,1,FALSE,4134
109,113,"Vermis_4_5","Vermis_9",0.0181818181818182,0,-0.0181818181818182,0.0181818181818182,1,1,1,FALSE,4135
110,113,"Vermis_6","Vermis_9",0,0.0363636363636364,0.0363636363636364,0.0363636363636364,0.495412844036697,1,1,FALSE,1486
111,113,"Vermis_7","Vermis_9",0,0.0181818181818182,0.0181818181818182,0.0181818181818182,1,1,1,FALSE,4137
112,113,"Vermis_8","Vermis_9",0.0181818181818182,0.0727272727272727,0.0545454545454545,0.0545454545454545,0.363371345279945,1,1,FALSE,971
1,114,"Precentral_L","Vermis_10",0,0,0,0,1,1,1,FALSE,4248
2,114,"Precentral_R","Vermis_10",0,0,0,0,1,1,1,FALSE,4274
3,114,"Frontal_Sup_L","Vermis_10",0,0,0,0,1,1,1,FALSE,4298
4,114,"Frontal_Sup_R","Vermis_10",0,0,0,0,1,1,1,FALSE,4319
5,114,"Frontal_Sup_Orb_L","Vermis_10",0,0,0,0,1,1,1,FALSE,4369
6,114,"Frontal_Sup_Orb_R","Vermis_10",0,0,0,0,1,1,1,FALSE,4428
7,114,"Frontal_Mid_L","Vermis_10",0,0,0,0,1,1,1,FALSE,4469
8,114,"Frontal_Mid_R","Vermis_10",0,0,0,0,1,1,1,FALSE,4507
9,114,"Frontal_Mid_Orb_L","Vermis_10",0,0,0,0,1,1,1,FALSE,4569
10,114,"Frontal_Mid_Orb_R","Vermis_10",0,0,0,0,1,1,1,FALSE,4629
11,114,"Frontal_Inf_Oper_L","Vermis_10",0,0,0,0,1,1,1,FALSE,4669
12,114,"Frontal_Inf_Oper_R","Vermis_10",0,0,0,0,1,1,1,FALSE,4709
13,114,"Frontal_Inf_Tri_L","Vermis_10",0,0,0,0,1,1,1,FALSE,4752
14,114,"Frontal_Inf_Tri_R","Vermis_10",0.0181818181818182,0,-0.0181818181818182,0.0181818181818182,1,1,1,FALSE,3119
15,114,"Frontal_Inf_Orb_L","Vermis_10",0,0,0,0,1,1,1,FALSE,4815
16,114,"Frontal_Inf_Orb_R","Vermis_10",0,0,0,0,1,1,1,FALSE,4851
17,114,"Rolandic_Oper_L","Vermis_10",0,0,0,0,1,1,1,FALSE,4890
18,114,"Rolandic_Oper_R","Vermis_10",0,0,0,0,1,1,1,FALSE,4930
19,114,"Supp_Motor_Area_L","Vermis_10",0,0,0,0,1,1,1,FALSE,4964
20,114,"Supp_Motor_Area_R","Vermis_10",0,0,0,0,1,1,1,FALSE,4980
21,114,"Olfactory_L","Vermis_10",0,0,0,0,1,1,1,FALSE,5019
22,114,"Olfactory_R","Vermis_10",0,0,0,0,1,1,1,FALSE,5062
23,114,"Frontal_Sup_Medial_L","Vermis_10",0,0,0,0,1,1,1,FALSE,5095
24,114,"Frontal_Sup_Medial_R","Vermis_10",0,0,0,0,1,1,1,FALSE,5119
25,114,"Frontal_Med_Orb_L","Vermis_10",0,0,0,0,1,1,1,FALSE,5154
26,114,"Frontal_Med_Orb_R","Vermis_10",0,0,0,0,1,1,1,FALSE,5187
27,114,"Rectus_L","Vermis_10",0,0,0,0,1,1,1,FALSE,5219
28,114,"Rectus_R","Vermis_10",0,0,0,0,1,1,1,FALSE,5265
29,114,"Insula_L","Vermis_10",0,0,0,0,1,1,1,FALSE,5287
30,114,"Insula_R","Vermis_10",0,0,0,0,1,1,1,FALSE,5304
31,114,"Cingulum_Ant_L","Vermis_10",0,0,0,0,1,1,1,FALSE,5337
32,114,"Cingulum_Ant_R","Vermis_10",0,0,0,0,1,1,1,FALSE,5362
33,114,"Cingulum_Mid_L","Vermis_10",0,0,0,0,1,1,1,FALSE,5394
34,114,"Cingulum_Mid_R","Vermis_10",0,0,0,0,1,1,1,FALSE,5411
35,114,"Cingulum_Post_L","Vermis_10",0.0181818181818182,0,-0.0181818181818182,0.0181818181818182,1,1,1,FALSE,3520
36,114,"Cingulum_Post_R","Vermis_10",0,0,0,0,1,1,1,FALSE,5490
37,114,"Hippocampus_L","Vermis_10",0,0,0,0,1,1,1,FALSE,5504
38,114,"Hippocampus_R","Vermis_10",0,0.0181818181818182,0.0181818181818182,0.0181818181818182,1,1,1,FALSE,3567
39,114,"ParaHippocampal_L","Vermis_10",0,0,0,0,1,1,1,FALSE,5529
40,114,"ParaHippocampal_R","Vermis_10",0,0.0181818181818182,0.0181818181818182,0.0181818181818182,1,1,1,FALSE,3607
41,114,"Amygdala_L","Vermis_10",0,0,0,0,1,1,1,FALSE,5587
42,114,"Amygdala_R","Vermis_10",0.0181818181818182,0,-0.0181818181818182,0.0181818181818182,1,1,1,FALSE,3637
43,114,"Calcarine_L","Vermis_10",0,0,0,0,1,1,1,FALSE,5638
44,114,"Calcarine_R","Vermis_10",0,0,0,0,1,1,1,FALSE,5660
45,114,"Cuneus_L","Vermis_10",0,0,0,0,1,1,1,FALSE,5682
46,114,"Cuneus_R","Vermis_10",0,0,0,0,1,1,1,FALSE,5702
47,114,"Lingual_L","Vermis_10",0,0,0,0,1,1,1,FALSE,5724
48,114,"Lingual_R","Vermis_10",0,0.0181818181818182,0.0181818181818182,0.0181818181818182,1,1,1,FALSE,3705
49,114,"Occipital_Sup_L","Vermis_10",0,0,0,0,1,1,1,FALSE,5757
50,114,"Occipital_Sup_R","Vermis_10",0,0,0,0,1,1,1,FALSE,5778
51,114,"Occipital_Mid_L","Vermis_10",0,0,0,0,1,1,1,FALSE,5791
52,114,"Occipital_Mid_R","Vermis_10",0,0,0,0,1,1,1,FALSE,5811
53,114,"Occipital_Inf_L","Vermis_10",0,0,0,0,1,1,1,FALSE,5825
54,114,"Occipital_Inf_R","Vermis_10",0,0,0,0,1,1,1,FALSE,5846
55,114,"Fusiform_L","Vermis_10",0,0,0,0,1,1,1,FALSE,5858
56,114,"Fusiform_R","Vermis_10",0,0.0181818181818182,0.0181818181818182,0.0181818181818182,1,1,1,FALSE,3803
57,114,"Postcentral_L","Vermis_10",0,0,0,0,1,1,1,FALSE,5885
58,114,"Postcentral_R","Vermis_10",0,0.0363636363636364,0.0363636363636364,0.0363636363636364,0.495412844036697,1,1,FALSE,1421
59,114,"Parietal_Sup_L","Vermis_10",0,0,0,0,1,1,1,FALSE,5918
60,114,"Parietal_Sup_R","Vermis_10",0,0,0,0,1,1,1,FALSE,5937
61,114,"Parietal_Inf_L","Vermis_10",0,0,0,0,1,1,1,FALSE,5957
62,114,"Parietal_Inf_R","Vermis_10",0,0,0,0,1,1,1,FALSE,5983
63,114,"SupraMarginal_L","Vermis_10",0,0,0,0,1,1,1,FALSE,6008
64,114,"SupraMarginal_R","Vermis_10",0,0,0,0,1,1,1,FALSE,6032
65,114,"Angular_L","Vermis_10",0,0,0,0,1,1,1,FALSE,6057
66,114,"Angular_R","Vermis_10",0,0,0,0,1,1,1,FALSE,6085
67,114,"Precuneus_L","Vermis_10",0,0,0,0,1,1,1,FALSE,6098
68,114,"Precuneus_R","Vermis_10",0,0,0,0,1,1,1,FALSE,6111
69,114,"Paracentral_Lobule_L","Vermis_10",0,0,0,0,1,1,1,FALSE,6127
70,114,"Paracentral_Lobule_R","Vermis_10",0,0,0,0,1,1,1,FALSE,6135
71,114,"Caudate_L","Vermis_10",0,0,0,0,1,1,1,FALSE,6154
72,114,"Caudate_R","Vermis_10",0,0,0,0,1,1,1,FALSE,6176
73,114,"Putamen_L","Vermis_10",0,0,0,0,1,1,1,FALSE,6187
74,114,"Putamen_R","Vermis_10",0,0,0,0,1,1,1,FALSE,6198
75,114,"Pallidum_L","Vermis_10",0,0,0,0,1,1,1,FALSE,6218
76,114,"Pallidum_R","Vermis_10",0,0,0,0,1,1,1,FALSE,6241
77,114,"Thalamus_L","Vermis_10",0,0,0,0,1,1,1,FALSE,6251
78,114,"Thalamus_R","Vermis_10",0,0.0363636363636364,0.0363636363636364,0.0363636363636364,0.495412844036697,1,1,FALSE,1456
79,114,"Heschl_L","Vermis_10",0,0,0,0,1,1,1,FALSE,6279
80,114,"Heschl_R","Vermis_10",0,0,0,0,1,1,1,FALSE,6299
81,114,"Temporal_Sup_L","Vermis_10",0,0,0,0,1,1,1,FALSE,6314
82,114,"Temporal_Sup_R","Vermis_10",0,0,0,0,1,1,1,FALSE,6330
83,114,"Temporal_Pole_Sup_L","Vermis_10",0,0,0,0,1,1,1,FALSE,6339
84,114,"Temporal_Pole_Sup_R","Vermis_10",0,0,0,0,1,1,1,FALSE,6348
85,114,"Temporal_Mid_L","Vermis_10",0,0,0,0,1,1,1,FALSE,6360
86,114,"Temporal_Mid_R","Vermis_10",0,0,0,0,1,1,1,FALSE,6370
87,114,"Temporal_Pole_Mid_R","Vermis_10",0,0,0,0,1,1,1,FALSE,6388
88,114,"Temporal_Inf_L","Vermis_10",0,0,0,0,1,1,1,FALSE,6396
89,114,"Temporal_Inf_R","Vermis_10",0,0,0,0,1,1,1,FALSE,6405
90,114,"Cerebelum_Crus1_L","Vermis_10",0.0181818181818182,0,-0.0181818181818182,0.0181818181818182,1,1,1,FALSE,4069
91,114,"Cerebelum_Crus1_R","Vermis_10",0,0.0181818181818182,0.0181818181818182,0.0181818181818182,1,1,1,FALSE,4073
92,114,"Cerebelum_Crus2_L","Vermis_10",0,0,0,0,1,1,1,FALSE,6416
93,114,"Cerebelum_Crus2_R","Vermis_10",0.0181818181818182,0.0181818181818182,0,0,1,1,1,FALSE,6419
94,114,"Cerebelum_3_L","Vermis_10",0.0363636363636364,0.0727272727272727,0.0363636363636364,0.0363636363636364,0.678654107617496,1,1,FALSE,2024
95,114,"Cerebelum_3_R","Vermis_10",0.0545454545454545,0.0363636363636364,-0.0181818181818182,0.0181818181818182,1,1,1,FALSE,4095
96,114,"Cerebelum_4_5_L","Vermis_10",0,0.0363636363636364,0.0363636363636364,0.0363636363636364,0.495412844036697,1,1,FALSE,1474
97,114,"Cerebelum_4_5_R","Vermis_10",0.0545454545454545,0.0909090909090909,0.0363636363636364,0.0363636363636364,0.716092464011574,1,1,FALSE,2131
98,114,"Cerebelum_6_L","Vermis_10",0,0.0545454545454545,0.0545454545454545,0.0545454545454545,0.243119266055046,1,1,FALSE,628
99,114,"Cerebelum_6_R","Vermis_10",0,0.0363636363636364,0.0363636363636364,0.0363636363636364,0.495412844036697,1,1,FALSE,1478
100,114,"Cerebelum_7b_L","Vermis_10",0,0,0,0,1,1,1,FALSE,6434
101,114,"Cerebelum_7b_R","Vermis_10",0,0,0,0,1,1,1,FALSE,6436
102,114,"Cerebelum_8_L","Vermis_10",0,0.0545454545454545,0.0545454545454545,0.0545454545454545,0.243119266055046,1,1,FALSE,630
103,114,"Cerebelum_8_R","Vermis_10",0,0.0909090909090909,0.0909090909090909,0.0909090909090909,0.0568464374517706,1,1,FALSE,140
104,114,"Cerebelum_9_L","Vermis_10",0.0363636363636364,0.109090909090909,0.0727272727272727,0.0727272727272727,0.270576022922045,1,1,FALSE,717
105,114,"Cerebelum_9_R","Vermis_10",0.109090909090909,0.181818181818182,0.0727272727272727,0.0727272727272727,0.417989271601529,1,1,FALSE,1029
106,114,"Cerebelum_10_R","Vermis_10",0.0181818181818182,0.0363636363636364,0.0181818181818182,0.0181818181818182,1,1,1,FALSE,4129
107,114,"Vermis_1_2","Vermis_10",0.0181818181818182,0.0363636363636364,0.0181818181818182,0.0181818181818182,1,1,1,FALSE,4133
108,114,"Vermis_3","Vermis_10",0.0545454545454545,0.0545454545454545,0,0,1,1,1,FALSE,6440
109,114,"Vermis_4_5","Vermis_10",0,0.0363636363636364,0.0363636363636364,0.0363636363636364,0.495412844036697,1,1,FALSE,1485
110,114,"Vermis_6","Vermis_10",0,0.0545454545454545,0.0545454545454545,0.0545454545454545,0.243119266055046,1,1,FALSE,633
111,114,"Vermis_7","Vermis_10",0,0.0181818181818182,0.0181818181818182,0.0181818181818182,1,1,1,FALSE,4138
112,114,"Vermis_8","Vermis_10",0,0.0727272727272727,0.0727272727272727,0.0727272727272727,0.118151419017406,1,1,FALSE,286
113,114,"Vermis_9","Vermis_10",0.0909090909090909,0.127272727272727,0.0363636363636363,0.0363636363636363,0.761067915257265,1,1,FALSE,2234
